contentsid,원본_id,원본_title,원본_유형,원본_도로명,원본_지번,원본_위도,원본_경도,원본_전화,원본_tag,원본_naver_link,원본_사업자번호,원본_상권,match_status,match_step,match_message,match_distance_m,matched_site,matched_site_url,naver_map_url,naver_place_home_url,naver_place_id,naver_name,naver_category,naver_place_plus,naver_micro_reviews,naver_road_address,naver_jibun_address,naver_directions,naver_phone,naver_homepage,naver_lat,naver_lng,naver_hours,naver_hours_status,naver_hours_note,naver_hours_days_json,naver_hours_raw,naver_conveniences,naver_description,naver_ai_briefing,naver_insights_raw,naver_popular_menus,naver_peak_hours,naver_visitor_hours,naver_avg_pay,naver_menus,keywords,keywords_json,keywords_source_json,tried_queries,naver_wait_status,naver_news,naver_booking,naver_visitor_keywords,naver_info_sections
1,1,씨티오브드림즈 제주점,쇼핑,"제주 제주시 관덕로11길 17 1, 2층",,33.5146382,126.5251681,064-702-6189,,https://naver.me/FJbQOSMv,309-85-02431,칠성로,success,1_naver_link,naver_link place_id=547714079,0.5,naver_place,https://map.naver.com/p/entry/place/547714079,https://map.naver.com/p/entry/place/547714079,https://pcmap.place.naver.com/place/547714079/home,547714079,씨티오브드림즈 제주점,"쇼핑센터,할인매장",,,"제주 제주시 관덕로11길 17 1, 2층",제주 제주시 일도일동 1298-28,,064-702-6189,,33.5146425,126.5251671,10:30에 영업 시작,영업 전,,{},영업 전10:30에 영업 시작,남/녀 화장실 구분|대기공간|간편결제|주차,"복합쇼핑몰 씨티오브드림즈 제주점 입니다.
제주 쇼핑의 메카 칠성로에 위치한 쇼핑몰로 원더플레이스, 스노우피크, 마리떼프랑소와저버, 뉴에라, 헌터, 오클리, 멜본, 제시뉴욕, 리스트, 앤디앤카렌, 바쏘옴므, 웰메이드, 로엠, 아날도바시니, 더아이잗, 쉬즈미스, 비지트인뉴욕 등
영캐주얼에서 썬글라스, 여성복, 잡화까지 다양한 브랜드가 입점해 있습니다.",,,,,,,,"씨티오브드림즈 제주점|쇼핑센터,할인매장|제주 제주시 관덕로11길 17 1, 2층|제주 제주시 일도일동 1298-28|064-702-6189|10:30에 영업 시작|남/녀 화장실 구분|대기공간|간편결제|주차|친절해요|가성비가 좋아요|종류가 다양해요|품질이 좋아요|분위기가 편안해요|매장이 넓어요|시설이 깔끔해요|특색 있는 제품이 많아요|주차하기 편해요|비싼 만큼 가치있어요","[""씨티오브드림즈 제주점"", ""쇼핑센터,할인매장"", ""제주 제주시 관덕로11길 17 1, 2층"", ""제주 제주시 일도일동 1298-28"", ""064-702-6189"", ""10:30에 영업 시작"", ""남/녀 화장실 구분"", ""대기공간"", ""간편결제"", ""주차"", ""친절해요"", ""가성비가 좋아요"", ""종류가 다양해요"", ""품질이 좋아요"", ""분위기가 편안해요"", ""매장이 넓어요"", ""시설이 깔끔해요"", ""특색 있는 제품이 많아요"", ""주차하기 편해요"", ""비싼 만큼 가치있어요""]","{""name"": [""씨티오브드림즈 제주점""], ""category"": [""쇼핑센터,할인매장""], ""address"": [""제주 제주시 관덕로11길 17 1, 2층"", ""제주 제주시 일도일동 1298-28""], ""phone"": [""064-702-6189""], ""hours"": [""10:30에 영업 시작""], ""conveniences"": [""남/녀 화장실 구분"", ""대기공간"", ""간편결제"", ""주차""], ""visitor_keywords"": [""친절해요"", ""가성비가 좋아요"", ""종류가 다양해요"", ""품질이 좋아요"", ""분위기가 편안해요"", ""매장이 넓어요"", ""시설이 깔끔해요"", ""특색 있는 제품이 많아요"", ""주차하기 편해요"", ""비싼 만큼 가치있어요""]}",https://naver.me/FJbQOSMv,,,,"[{""keyword"": ""친절해요"", ""count"": ""27""}, {""keyword"": ""가성비가 좋아요"", ""count"": ""20""}, {""keyword"": ""종류가 다양해요"", ""count"": ""20""}, {""keyword"": ""품질이 좋아요"", ""count"": ""17""}, {""keyword"": ""분위기가 편안해요"", ""count"": ""16""}, {""keyword"": ""매장이 넓어요"", ""count"": ""16""}, {""keyword"": ""시설이 깔끔해요"", ""count"": ""11""}, {""keyword"": ""특색 있는 제품이 많아요"", ""count"": ""9""}, {""keyword"": ""주차하기 편해요"", ""count"": ""5""}, {""keyword"": ""비싼 만큼 가치있어요"", ""count"": ""5""}]","[{""title"": ""소개"", ""body"": ""복합쇼핑몰 씨티오브드림즈 제주점 입니다.\n제주 쇼핑의 메카 칠성로에 위치한 쇼핑몰로 원더플레이스, 스노우피크, 마리떼프랑소와저버, 뉴에라, 헌터, 오클리, 멜본, 제시뉴욕, 리스트, 앤디앤카렌, 바쏘옴므, 웰메이드, 로엠, 아날도바시니, 더아이잗, 쉬즈미스, 비지트인뉴욕 등\n영캐주얼에서 썬글라스, 여성복, 잡화까지 다양한 브랜드가 입점해 있습니다.""}, {""title"": ""대표 키워드"", ""body"": ""원더플레이스뉴에라스노우피크마리떼프랑소와저버씨티오브드림즈제주""}, {""title"": ""편의시설 및 서비스"", ""body"": ""남/녀 화장실 구분\n대기공간\n화장실 휠체어 이용가능\n출입구 휠체어 이용가능\n장애인 주차구역""}, {""title"": ""주차"", ""body"": ""주차가능\n유료\n최초 30분 1,000원\n추가 요금 10분당 500원, 최대 35,500원\n비버리힐 건물 지하1층에 주차장과 주차타워 있습니다!""}, {""title"": ""결제수단"", ""body"": ""지역화폐 (지류형)\n제로페이\n간편결제\n알고 계신 정보와 다른 정보가 있나요?\n사진으로 간단하게 제보해 주세요.\n정보 수정 제안하기\n이용약관고객센터리뷰운영정책신고센터\n네이버""}]"
2,2,아디다스제주,쇼핑,제주 제주시 중앙로7길 12,,33.5147446,126.5259409,064-759-3812,,https://naver.me/F3TZRpHT,616-81-68804,칠성로,success,1_naver_link,naver_link place_id=1744237175,1.3,naver_place,https://map.naver.com/p/entry/place/1744237175,https://map.naver.com/p/entry/place/1744237175,https://pcmap.place.naver.com/place/1744237175/home,1744237175,아디다스제주,스포츠용품,,,제주 제주시 중앙로7길 12,제주 제주시 일도일동 1300-5,,064-759-3812,,33.5147339,126.5259476,10:30에 영업 시작,영업 전,,{},영업 전10:30에 영업 시작,,"홈페이지
https://www.adidas.co.kr/
알고 계신 정보와 다른 정보가 있나요?
사진으로 간단하게 제보해 주세요.
정보 수정 제안하기
이용약관고객센터리뷰운영정책신고센터
네이버",,,,,,,,아디다스제주|스포츠용품|제주 제주시 중앙로7길 12|제주 제주시 일도일동 1300-5|064-759-3812|10:30에 영업 시작|친절해요|종류가 다양해요|가성비가 좋아요|품질이 좋아요|매장이 넓어요|시설이 깔끔해요|특색 있는 제품이 많아요|분위기가 편안해요|비싼 만큼 가치있어요|주차하기 편해요,"[""아디다스제주"", ""스포츠용품"", ""제주 제주시 중앙로7길 12"", ""제주 제주시 일도일동 1300-5"", ""064-759-3812"", ""10:30에 영업 시작"", ""친절해요"", ""종류가 다양해요"", ""가성비가 좋아요"", ""품질이 좋아요"", ""매장이 넓어요"", ""시설이 깔끔해요"", ""특색 있는 제품이 많아요"", ""분위기가 편안해요"", ""비싼 만큼 가치있어요"", ""주차하기 편해요""]","{""name"": [""아디다스제주""], ""category"": [""스포츠용품""], ""address"": [""제주 제주시 중앙로7길 12"", ""제주 제주시 일도일동 1300-5""], ""phone"": [""064-759-3812""], ""hours"": [""10:30에 영업 시작""], ""visitor_keywords"": [""친절해요"", ""종류가 다양해요"", ""가성비가 좋아요"", ""품질이 좋아요"", ""매장이 넓어요"", ""시설이 깔끔해요"", ""특색 있는 제품이 많아요"", ""분위기가 편안해요"", ""비싼 만큼 가치있어요"", ""주차하기 편해요""]}",https://naver.me/F3TZRpHT,,,,"[{""keyword"": ""친절해요"", ""count"": ""77""}, {""keyword"": ""종류가 다양해요"", ""count"": ""69""}, {""keyword"": ""가성비가 좋아요"", ""count"": ""60""}, {""keyword"": ""품질이 좋아요"", ""count"": ""51""}, {""keyword"": ""매장이 넓어요"", ""count"": ""36""}, {""keyword"": ""시설이 깔끔해요"", ""count"": ""19""}, {""keyword"": ""특색 있는 제품이 많아요"", ""count"": ""14""}, {""keyword"": ""분위기가 편안해요"", ""count"": ""13""}, {""keyword"": ""비싼 만큼 가치있어요"", ""count"": ""11""}, {""keyword"": ""주차하기 편해요"", ""count"": ""4""}]","[{""title"": ""대표 키워드"", ""body"": ""스포츠신발스포츠의류스포츠용품운동화운동복""}, {""title"": ""결제수단"", ""body"": ""제로페이""}, {""title"": ""SNS"", ""body"": ""홈페이지\nhttps://www.adidas.co.kr/\n알고 계신 정보와 다른 정보가 있나요?\n사진으로 간단하게 제보해 주세요.\n정보 수정 제안하기\n이용약관고객센터리뷰운영정책신고센터\n네이버""}]"
3,3,아디다스키즈 제주점,쇼핑,제주 제주시 중앙로7길 12,,33.5147446,126.5259409,064-757-3812,,https://naver.me/xVBynB4c,487-86-00496,칠성로,success,1_naver_link,naver_link place_id=1993975066,1.2,naver_place,https://map.naver.com/p/entry/place/1993975066,https://map.naver.com/p/entry/place/1993975066,https://pcmap.place.naver.com/place/1993975066/home,1993975066,아디다스키즈 제주점,스포츠용품,,,제주 제주시 중앙로7길 12,제주 제주시 일도일동 1300-5,,064-757-3812,,33.5147423,126.5259531,10:30에 영업 시작,영업 전,,{},영업 전10:30에 영업 시작,,"홈페이지
https://www.adidas.co.kr/
알고 계신 정보와 다른 정보가 있나요?
사진으로 간단하게 제보해 주세요.
정보 수정 제안하기
이용약관고객센터리뷰운영정책신고센터
네이버",,,,,,,,아디다스키즈 제주점|스포츠용품|제주 제주시 중앙로7길 12|제주 제주시 일도일동 1300-5|064-757-3812|10:30에 영업 시작|종류가 다양해요|친절해요|가성비가 좋아요|품질이 좋아요|시설이 깔끔해요|분위기가 편안해요|매장이 넓어요|비싼 만큼 가치있어요|특색 있는 제품이 많아요|A/S가 세심해요,"[""아디다스키즈 제주점"", ""스포츠용품"", ""제주 제주시 중앙로7길 12"", ""제주 제주시 일도일동 1300-5"", ""064-757-3812"", ""10:30에 영업 시작"", ""종류가 다양해요"", ""친절해요"", ""가성비가 좋아요"", ""품질이 좋아요"", ""시설이 깔끔해요"", ""분위기가 편안해요"", ""매장이 넓어요"", ""비싼 만큼 가치있어요"", ""특색 있는 제품이 많아요"", ""A/S가 세심해요""]","{""name"": [""아디다스키즈 제주점""], ""category"": [""스포츠용품""], ""address"": [""제주 제주시 중앙로7길 12"", ""제주 제주시 일도일동 1300-5""], ""phone"": [""064-757-3812""], ""hours"": [""10:30에 영업 시작""], ""visitor_keywords"": [""종류가 다양해요"", ""친절해요"", ""가성비가 좋아요"", ""품질이 좋아요"", ""시설이 깔끔해요"", ""분위기가 편안해요"", ""매장이 넓어요"", ""비싼 만큼 가치있어요"", ""특색 있는 제품이 많아요"", ""A/S가 세심해요""]}",https://naver.me/xVBynB4c,,,,"[{""keyword"": ""종류가 다양해요"", ""count"": ""56""}, {""keyword"": ""친절해요"", ""count"": ""52""}, {""keyword"": ""가성비가 좋아요"", ""count"": ""46""}, {""keyword"": ""품질이 좋아요"", ""count"": ""32""}, {""keyword"": ""시설이 깔끔해요"", ""count"": ""18""}, {""keyword"": ""분위기가 편안해요"", ""count"": ""17""}, {""keyword"": ""매장이 넓어요"", ""count"": ""16""}, {""keyword"": ""비싼 만큼 가치있어요"", ""count"": ""6""}, {""keyword"": ""특색 있는 제품이 많아요"", ""count"": ""5""}, {""keyword"": ""A/S가 세심해요"", ""count"": ""1""}]","[{""title"": ""대표 키워드"", ""body"": ""스포츠신발스포츠의류스포츠용품운동화운동복""}, {""title"": ""SNS"", ""body"": ""홈페이지\nhttps://www.adidas.co.kr/\n알고 계신 정보와 다른 정보가 있나요?\n사진으로 간단하게 제보해 주세요.\n정보 수정 제안하기\n이용약관고객센터리뷰운영정책신고센터\n네이버""}]"
4,4,노스페이스 제주중앙,쇼핑,제주 제주시 관덕로11길 3 1층 노스페이스,,33.5135932,126.5252096,064-724-4112,,https://naver.me/Gipr3HnA,616-81-76570,칠성로,success,1_naver_link,naver_link place_id=13425146,0.0,naver_place,https://map.naver.com/p/entry/place/13425146,https://map.naver.com/p/entry/place/13425146,https://pcmap.place.naver.com/place/13425146/home,13425146,노스페이스 제주중앙점,"등산,아웃도어",,,제주 제주시 관덕로11길 3 1층 노스페이스,제주 제주시 일도1동 1358-3,,064-724-4112,,33.5135932,126.5252096,11:00에 영업 시작,영업 전,,{},영업 전11:00에 영업 시작,간편결제,"Never Stop Exploring
노스페이스 제주중앙점에서 모험을 준비하세요.",,,,,,,,"노스페이스 제주중앙점|등산,아웃도어|제주 제주시 관덕로11길 3 1층 노스페이스|제주 제주시 일도1동 1358-3|064-724-4112|11:00에 영업 시작|간편결제|품질이 좋아요|친절해요|종류가 다양해요|가성비가 좋아요|매장이 넓어요|스타일 추천을 잘해줘요|독특한 디자인이 많아요|분위기가 편안해요|트렌디해요|A/S가 세심해요|노스페이스제주점|여행용숄더백|제주여행|클립챌린저|네이버클립","[""노스페이스 제주중앙점"", ""등산,아웃도어"", ""제주 제주시 관덕로11길 3 1층 노스페이스"", ""제주 제주시 일도1동 1358-3"", ""064-724-4112"", ""11:00에 영업 시작"", ""간편결제"", ""품질이 좋아요"", ""친절해요"", ""종류가 다양해요"", ""가성비가 좋아요"", ""매장이 넓어요"", ""스타일 추천을 잘해줘요"", ""독특한 디자인이 많아요"", ""분위기가 편안해요"", ""트렌디해요"", ""A/S가 세심해요"", ""노스페이스제주점"", ""여행용숄더백"", ""제주여행"", ""클립챌린저"", ""네이버클립""]","{""name"": [""노스페이스 제주중앙점""], ""category"": [""등산,아웃도어""], ""address"": [""제주 제주시 관덕로11길 3 1층 노스페이스"", ""제주 제주시 일도1동 1358-3""], ""phone"": [""064-724-4112""], ""hours"": [""11:00에 영업 시작""], ""conveniences"": [""간편결제""], ""visitor_keywords"": [""품질이 좋아요"", ""친절해요"", ""종류가 다양해요"", ""가성비가 좋아요"", ""매장이 넓어요"", ""스타일 추천을 잘해줘요"", ""독특한 디자인이 많아요"", ""분위기가 편안해요"", ""트렌디해요"", ""A/S가 세심해요""], ""hashtags"": [""노스페이스제주점"", ""여행용숄더백"", ""제주여행"", ""클립챌린저"", ""네이버클립""], ""body_hashtags"": [""노스페이스제주점"", ""여행용숄더백"", ""제주여행"", ""클립챌린저"", ""네이버클립""]}",https://naver.me/Gipr3HnA,,,,"[{""keyword"": ""품질이 좋아요"", ""count"": ""63""}, {""keyword"": ""친절해요"", ""count"": ""38""}, {""keyword"": ""종류가 다양해요"", ""count"": ""29""}, {""keyword"": ""가성비가 좋아요"", ""count"": ""14""}, {""keyword"": ""매장이 넓어요"", ""count"": ""13""}, {""keyword"": ""스타일 추천을 잘해줘요"", ""count"": ""10""}, {""keyword"": ""독특한 디자인이 많아요"", ""count"": ""9""}, {""keyword"": ""분위기가 편안해요"", ""count"": ""9""}, {""keyword"": ""트렌디해요"", ""count"": ""3""}, {""keyword"": ""A/S가 세심해요"", ""count"": ""2""}]","[{""title"": ""소개"", ""body"": ""Never Stop Exploring\n노스페이스 제주중앙점에서 모험을 준비하세요.""}, {""title"": ""대표 키워드"", ""body"": ""등산용품레저용품아웃도어키즈의류화이트라벨""}, {""title"": ""주차"", ""body"": ""주차 불가\n인근 주차장 이용 : 칠성상가 제1 공영 주차장, 북수구 공영주차장, 해월주차빌딩 등""}, {""title"": ""결제수단"", ""body"": ""지역화폐 (지류형)\n간편결제""}, {""title"": ""SNS"", ""body"": ""홈페이지\nhttp://www.thenorthfacekorea.co.kr/\n알고 계신 정보와 다른 정보가 있나요?\n사진으로 간단하게 제보해 주세요.\n정보 수정 제안하기\n이용약관고객센터리뷰운영정책신고센터\n네이버""}]"
5,5,하이드로겐 제주점,쇼핑,,,33.5149916,126.5259067,,,https://naver.me/G8sbKr3V,754-52-00668,칠성로,success,1_naver_link,naver_link place_id=1173218865,,naver_place,https://map.naver.com/p/entry/place/1173218865,https://map.naver.com/p/entry/place/1173218865,https://pcmap.place.naver.com/place/1173218865/home,1173218865,,,,,,,,,,,,,,,{},,,,,,,,,,,,[],{},https://naver.me/G8sbKr3V,,,,,
6,6,K2 제주MS,쇼핑,제주 제주시 중앙로 35,,33.5151568,126.5249158,064-759-8611,,https://naver.me/xG0XlXpS,324-11-00412,칠성로,success,1_naver_link,naver_link place_id=13393329,1.2,naver_place,https://map.naver.com/p/entry/place/13393329,https://map.naver.com/p/entry/place/13393329,https://pcmap.place.naver.com/place/13393329/home,13393329,K2 제주MS,"등산,아웃도어",,,제주 제주시 중앙로 35,제주 제주시 일도일동 1298-23,,064-759-8611,,33.5151675,126.5249178,,,,{},,,"홈페이지
http://www.k2outdoor.co.kr/
알고 계신 정보와 다른 정보가 있나요?
사진으로 간단하게 제보해 주세요.
정보 수정 제안하기
이용약관고객센터리뷰운영정책신고센터
네이버",,,,,,,,"K2 제주MS|등산,아웃도어|제주 제주시 중앙로 35|제주 제주시 일도일동 1298-23|064-759-8611|친절해요|품질이 좋아요|종류가 다양해요|매장이 넓어요|가성비가 좋아요|분위기가 편안해요|A/S가 세심해요|주차하기 편해요|독특한 디자인이 많아요|스타일 추천을 잘해줘요","[""K2 제주MS"", ""등산,아웃도어"", ""제주 제주시 중앙로 35"", ""제주 제주시 일도일동 1298-23"", ""064-759-8611"", ""친절해요"", ""품질이 좋아요"", ""종류가 다양해요"", ""매장이 넓어요"", ""가성비가 좋아요"", ""분위기가 편안해요"", ""A/S가 세심해요"", ""주차하기 편해요"", ""독특한 디자인이 많아요"", ""스타일 추천을 잘해줘요""]","{""name"": [""K2 제주MS""], ""category"": [""등산,아웃도어""], ""address"": [""제주 제주시 중앙로 35"", ""제주 제주시 일도일동 1298-23""], ""phone"": [""064-759-8611""], ""visitor_keywords"": [""친절해요"", ""품질이 좋아요"", ""종류가 다양해요"", ""매장이 넓어요"", ""가성비가 좋아요"", ""분위기가 편안해요"", ""A/S가 세심해요"", ""주차하기 편해요"", ""독특한 디자인이 많아요"", ""스타일 추천을 잘해줘요""]}",https://naver.me/xG0XlXpS,,,,"[{""keyword"": ""친절해요"", ""count"": ""25""}, {""keyword"": ""품질이 좋아요"", ""count"": ""25""}, {""keyword"": ""종류가 다양해요"", ""count"": ""12""}, {""keyword"": ""매장이 넓어요"", ""count"": ""8""}, {""keyword"": ""가성비가 좋아요"", ""count"": ""6""}, {""keyword"": ""분위기가 편안해요"", ""count"": ""5""}, {""keyword"": ""A/S가 세심해요"", ""count"": ""4""}, {""keyword"": ""주차하기 편해요"", ""count"": ""4""}, {""keyword"": ""독특한 디자인이 많아요"", ""count"": ""2""}, {""keyword"": ""스타일 추천을 잘해줘요"", ""count"": ""2""}]","[{""title"": ""대표 키워드"", ""body"": ""등산화등산복등산용품캠핑용품워킹화""}, {""title"": ""SNS"", ""body"": ""홈페이지\nhttp://www.k2outdoor.co.kr/\n알고 계신 정보와 다른 정보가 있나요?\n사진으로 간단하게 제보해 주세요.\n정보 수정 제안하기\n이용약관고객센터리뷰운영정책신고센터\n네이버""}]"
7,7,노르디스크 제주점,쇼핑,제주 제주시 중앙로 40,,33.5147459,126.5244965,064-702-1901,,https://naver.me/xdMiv5SS,686-22-01770,칠성로,success,1_naver_link,naver_link place_id=1073797039,7.9,naver_place,https://map.naver.com/p/entry/place/1073797039,https://map.naver.com/p/entry/place/1073797039,https://pcmap.place.naver.com/place/1073797039/home,1073797039,노르디스크 제주점,캐주얼웨어,,,제주 제주시 중앙로 40,제주 제주시 일도일동 1280-6,,064-702-1901,,33.5148003,126.5245513,목 휴무,오늘 휴무,,"{""목"": {""open"": ""휴무""}}",오늘 휴무 | 09/10 휴무 | 09/10 휴무 | 목(9/10) | 휴무 | 금(9/11) | 휴무 | 토(9/12) | 휴무 | 일(9/13) | 휴무 | 월(9/14) | 휴무 | 화(9/15) | 휴무 | 수(9/16) | 휴무 | 접기,,"dks****
24.11.181번째 방문영수증
11/18 방문시 여자 직원분 너무 불친절하셨어요. 남자 사장님께서 친절하셔서 그 기억으로 갔는데 여자 직원분 참 기분 나쁘게 응대하시더라구요. 손님이 있던 말던 사적인 통화도 편하게 하시고ㅎ 표정, 말투, 공기에서 느껴지는 불친절함.. 옷을 고르고 입어보고 고민하는 동안 참 불편했고, 더 구매하고싶었는데 당장 필요한 것만 샀어요. 며칠뒤에 (11/21) 다시 방문하니 친절한 다른 여자 직원분이 계셔서 기분 좋게 더 구매했습니다 :)
품질이 좋아요",,,,,,,,노르디스크 제주점|캐주얼웨어|제주 제주시 중앙로 40|제주 제주시 일도일동 1280-6|064-702-1901|목 휴무|제주글램핑|제주업체|노르디스크제주점|일도일동업체|일도일동|업체후기|업체추천|캐주얼웨어...|제주도글램핑|제주시글램핑|제주도캠핑장|제주도추천가볼만한곳|제주도숙소|제주도글램핑장,"[""노르디스크 제주점"", ""캐주얼웨어"", ""제주 제주시 중앙로 40"", ""제주 제주시 일도일동 1280-6"", ""064-702-1901"", ""목 휴무"", ""제주글램핑"", ""제주업체"", ""노르디스크제주점"", ""일도일동업체"", ""일도일동"", ""업체후기"", ""업체추천"", ""캐주얼웨어..."", ""제주도글램핑"", ""제주시글램핑"", ""제주도캠핑장"", ""제주도추천가볼만한곳"", ""제주도숙소"", ""제주도글램핑장""]","{""name"": [""노르디스크 제주점""], ""category"": [""캐주얼웨어""], ""address"": [""제주 제주시 중앙로 40"", ""제주 제주시 일도일동 1280-6""], ""phone"": [""064-702-1901""], ""hours"": [""목 휴무""], ""hashtags"": [""제주글램핑"", ""제주업체"", ""노르디스크제주점"", ""일도일동업체"", ""일도일동"", ""업체후기"", ""업체추천"", ""캐주얼웨어..."", ""제주도글램핑"", ""제주시글램핑"", ""제주도캠핑장"", ""제주도추천가볼만한곳"", ""제주도숙소"", ""제주도글램핑장""], ""body_hashtags"": [""제주글램핑"", ""제주업체"", ""노르디스크제주점"", ""일도일동업체"", ""일도일동"", ""업체후기"", ""업체추천"", ""캐주얼웨어..."", ""제주도글램핑"", ""제주시글램핑"", ""제주도캠핑장"", ""제주도추천가볼만한곳"", ""제주도숙소"", ""제주도글램핑장""]}",https://naver.me/xdMiv5SS,,,,,"[{""title"": ""방문자 리뷰3"", ""body"": ""dks****\n24.11.181번째 방문영수증\n11/18 방문시 여자 직원분 너무 불친절하셨어요. 남자 사장님께서 친절하셔서 그 기억으로 갔는데 여자 직원분 참 기분 나쁘게 응대하시더라구요. 손님이 있던 말던 사적인 통화도 편하게 하시고ㅎ 표정, 말투, 공기에서 느껴지는 불친절함.. 옷을 고르고 입어보고 고민하는 동안 참 불편했고, 더 구매하고싶었는데 당장 필요한 것만 샀어요. 며칠뒤에 (11/21) 다시 방문하니 친절한 다른 여자 직원분이 계셔서 기분 좋게 더 구매했습니다 :)\n품질이 좋아요""}, {""title"": ""블로그 리뷰3"", ""body"": ""러러비\n-\n노르디스크 제주점 제주특별자치도 캐주얼웨어 가봤는데 와.. 스타일이 달라지네\n요즘 캐주얼웨어 찾기 진짜 힘들지 않아요? 다양한 브랜드가 있지만, 내가 원하는 스타일과 품질을 동시에 만족시키는 건 정말 어려운 것 같아요. 저도 한동안은 그냥 대충 넘겼거든요. 하지만 막상 제대로 찾아보니까 다르더라고요. 내가 좋아하는 스타일을 찾는 게 이렇게 즐거운 일인지 몰랐어요. 그래서 오늘은 제가 직접 가본 노르디스크 제주점 이야기해볼게요. 문을 열고 들어서니 노르디스크 제주점은 제주특별자치도 제주시 일도일동에 위치해 있어요. 도보 5분 거리에 있어서 접근성이 좋고, 주변 경치도 한몫하더라고요. 문을 열자마자 산뜻한 공기와 함께 캐주얼웨어 특유의 편안한 느낌이 확 느껴졌어요. 매장이 넓고 쾌적한 분위기라서 쇼핑하기 딱 좋았어요. 조명도 아늑하게 비추고 있어서 자연스럽게 제품에 시선이 가더라고요. 진짜 제주특별자치도 캐주얼웨어를 찾는다면 이곳이 제격이라고 생각해요. 다양한 스타일의 의류가 진열되어 있고, 어떤 아이템을 선택할지 고민하게 만드는 매력이 있더라고요. 직접 경험해보니 근데 진짜 놀란 건 이게 아니에요. 매장에 있는 직원분들이 정말 친절했어요. 내가 원하는 스타일이나 사이즈에 대해 물어보니까, 세심하게 추천해주셨거든요. 스스로 고르는 재미도 있지만, 전문가의 도움을 받으니 더 쉽게 결정할 수 있었어요. 특히, 제주특별자치도 캐주얼웨어의 특징인 기능성과 스타일이 잘 조화를 이루고 있어서 실용성도 놓치지 않더라고요. 옷을 입어보니 착용감도 정말 좋고, 디자인도 세련돼서 만족스러웠어요. 이곳에서 쇼핑을 하다 보니 시간이 어떻게 가는지 모를 정도로 즐거웠어요. 다시 갈 이유 가격대는 생각보다 합리적이더라고요. 고급스러운 디자인인 줄 알았는데, 착한 가격에 퀄리티 높은 제품을 살 수 있었어요. 제주특별자치도 캐주얼웨어의 매력이 가격에만 있는 게 아니라는 걸 다시 한 번 느꼈어요. 운영시간도 편리해서 늦은 시간에도 방문할 수 있는 점이 좋았어요. 제주에 놀러 갔을 때, 친구와 함께 다시 가고 싶다는 생각이 많이 들더라고요. 이곳은 단순한 쇼핑을 넘어, 새로운 스타일을 발견하는 즐거움을 주는 공간이었어요. 지금 이 글 여기까지 읽고 계시다면 이미 제주특별자치도 캐주얼웨어에 관심 있으신 거잖아요. 노르디스크 제주점에서 직접 경험해보면 분명 마음에 드는 아이템을 찾을 수 있을 거예요. 제주 여행 중 꼭 들러보세요. #제주글램핑 #제주업체 #노르디스크제주점 #제주시 #일도일동업체 #제주 #일도일동 #업체후기 #업체추천 #캐주얼웨어...\n6.10.수\n2026년 6월 10일 수요일\n이미지 수\n4\n다다\nDADADA\n노르디스크 우븐 버킷햇 _ 캠핑 오름 올레길 걷기 좋은 가벼운 모자 추천 내돈내산\n노르디스크 우븐 버킷햇 이번 유채꽃 걷기대회에 참가하면서 모자가 필요해 여러 매장을 다니면서 모자를 찾아봤는데 그 중 아웃도어 감성과 스타일을 동시에 만족시키는 노르디스크 우븐 버킷햇을 사용해 보았다. 이 제품은 단순한 패션 아이템이 아니라, 기능성과 디자인을 동시에 잡은 실용적인 모자였다. 캠핑이나 등산을 즐기는 사람들에게 특히 잘 어울릴 것 같아 추천해 보고자 한다. 색상: Jade(G3) 치수: 61(57, 59, 61) 가격: 69,000원 노르디스크 패키지부터 깔끔한 디자인이 돋보였다. 친환경 종이를 사용했다고 명시되어 있어 지속 가능성을 고려한 브랜드 철학도 엿볼 수 있었다. 디자인 & 착용감 이 제품은 기본적인 버킷햇 형태를 유지하면서도 아웃도어 감성을 강조한 디자인으로 완성되어 있었다. 전면에는 노르디스크의 대표적인 북극곰 로고가 자수로 새겨져 있어 브랜드 정체성이 확실하게 드러났다. 후면에는 노르디스크 로고와 함께 스트링 조절 장치가 있어 머리 크기에 맞춰 사이즈를 조절할 수 있었다. 턱끈도 있어서 덕분에 바람이 많이 부는 환경에서도 안정적으로 착용할 수 있었다. 착용감도 상당히 만족스러웠다. 가벼운 무게 덕분에 오랜 시간 착용해도 부담이 없었고, 통기성이 좋아서 더운 날에도 쾌적한 느낌을 유지할 수 있었다. 일반적인 버킷햇보다 깊이가 살짝 깊어 머리를 감싸주는 느낌이 안정적이었다. 세탁은 손세탁만 가능하다고 나와있다. 가격 할인이 없어서 아쉬웠는데 양말을 넣어 주셔서 아쉬움을 덜었다. 활용성 이 제품은 단순한 패션 아이템이 아니라 실용성까지 갖춘 제품이었다. ✔ 야외활동에 적합: 캠핑, 등산, 여행 등 다양한 환경에서 활용할 수 있었다. ✔ 햇빛 차단 효과: 챙이 넓고 깊어 얼굴을 효과적으로 가릴 수 있었다. ✔ 생활 방수 기능: 가벼운 비가 내리는 날에도 어느 정도 방수가 되어 불편함 없이 사용할 수 있었다. ✔ 사이즈 조절 가능: 뒤쪽 스트링을 이용해 원하는 핏으로 조절할 수 있었다. 이러한 특징 덕분에 일상에서도 부담 없이 착용할 수 있었고, 캠핑이나 등산 같은 야외활동에서도 활용도가 높았다. 총평 ✔ 장점 가볍고 편안한 착용감 브랜드 로고가 돋보이는 감각적인 디자인 사이즈 조절이 가능해 누구나 착용 가능 통기성이 좋아 장시간 착용에도 쾌적함 유지 ✔ 아쉬운 점 가격이 다소 높은 편(69,000원) 색상 선택의 폭이 넓지 않음 ✔ 추천 대상 캠핑, 등산, 트레킹 등 야외활동을 즐기는 사람 실용적이면서도 감각적인 버킷햇을 찾는 사람 데일리룩과...\n25.3.25.화\n2025년 3월 25일 화요일\n이미지 수\n12\n정보통\n정보통신\n제주도 글램핑은 여기로 / 노르디스크 제주점 위치 시설 안내\n️ 노르디스크 제주점 도로명주소: 제주 제주시 중앙로 40 ⏰ 영업시간: 정보 없음 정보: 노르디스크는 1901년 부터 현재까지 유럽은 물론 일본과 한국까지 진출한 덴마크 프리미엄 캠핑 어패럴 브랜드 입니다. 우리는 Nature is Luxury 라는 정신으로 고객이 고품질의 지속 가능한 노르디스크 제품을 통해서 자연 또는 일상에서 휴식과 즐거움을 경험해 보시기를 바랍니다. 당신은 노르디스크를 구매하는 것이 아닙니다. 자연 속에서 마법 같은 순간을 얻는 것입니다. ️ 편의 사항: 상품 등록된 메뉴가 없습니다. 방문자 후기 품질이 좋아요 : 3명의 리뷰어가 평가했습니다! 친절해요 : 2명의 리뷰어가 평가했습니다! A/S가 세심해요 : 1명의 리뷰어가 평가했습니다! 독특한 디자인이 많아요 : 1명의 리뷰어가 평가했습니다! 선물하기 좋아요 : 1명의 리뷰어가 평가했습니다! #제주도글램핑 #제주시글램핑 #제주도캠핑장 #제주도추천가볼만한곳 #제주도숙소 #제주도글램핑장\n24.12.30.월\n2024년 12월 30일 월요일\n이미지 수\n5\n로딩중\n알고 계신 정보와 다른 정보가 있나요?\n사진으로 간단하게 제보해 주세요.\n정보 수정 제안하기\n이용약관고객센터리뷰운영정책신고센터\n네이버""}]"
8,8,MLB 제주점,쇼핑,제주특별자치도 제주시 관덕로11길 18,,33.5147249,126.5256669,064-702-4466,,nmap://place?lat=33.515323261&lng=126.52513438209999&name=MLB%20%EC%A0%9C%EC%A3%BC%EC%A0%90&appname=stan.ai.kr,616-13-56667,칠성로,success,4_coord_close_auto,좌표 35m ≤ 80m,35.0,naver_place,https://map.naver.com/p/entry/place/31015451,https://map.naver.com/p/entry/place/31015451,https://pcmap.place.naver.com/place/31015451/home,31015451,MLB 제주점,스포츠용품,,,제주 제주시 중앙로7길 9,제주 제주시 일도일동 1299-8,,064-702-4466,,33.515037,126.5257147,10:00에 영업 시작,영업 전,,{},영업 전10:00에 영업 시작,,"지역화폐 (지류형)
지역화폐 (카드형)
제로페이
알고 계신 정보와 다른 정보가 있나요?
사진으로 간단하게 제보해 주세요.
정보 수정 제안하기
이용약관고객센터리뷰운영정책신고센터
네이버",,,,,,,,MLB 제주점|스포츠용품|제주 제주시 중앙로7길 9|제주 제주시 일도일동 1299-8|064-702-4466|10:00에 영업 시작|종류가 다양해요|친절해요|품질이 좋아요|매장이 넓어요|시설이 깔끔해요|비싼 만큼 가치있어요|특색 있는 제품이 많아요|가성비가 좋아요|분위기가 편안해요|트렌디해요,"[""MLB 제주점"", ""스포츠용품"", ""제주 제주시 중앙로7길 9"", ""제주 제주시 일도일동 1299-8"", ""064-702-4466"", ""10:00에 영업 시작"", ""종류가 다양해요"", ""친절해요"", ""품질이 좋아요"", ""매장이 넓어요"", ""시설이 깔끔해요"", ""비싼 만큼 가치있어요"", ""특색 있는 제품이 많아요"", ""가성비가 좋아요"", ""분위기가 편안해요"", ""트렌디해요""]","{""name"": [""MLB 제주점""], ""category"": [""스포츠용품""], ""address"": [""제주 제주시 중앙로7길 9"", ""제주 제주시 일도일동 1299-8""], ""phone"": [""064-702-4466""], ""hours"": [""10:00에 영업 시작""], ""visitor_keywords"": [""종류가 다양해요"", ""친절해요"", ""품질이 좋아요"", ""매장이 넓어요"", ""시설이 깔끔해요"", ""비싼 만큼 가치있어요"", ""특색 있는 제품이 많아요"", ""가성비가 좋아요"", ""분위기가 편안해요"", ""트렌디해요""]}",MLB 제주점 | 제주시 MLB 제주점 | MLB 제주점 쇼핑 | 제주시 MLB 제주점 쇼핑,,,,"[{""keyword"": ""종류가 다양해요"", ""count"": ""19""}, {""keyword"": ""친절해요"", ""count"": ""16""}, {""keyword"": ""품질이 좋아요"", ""count"": ""12""}, {""keyword"": ""매장이 넓어요"", ""count"": ""10""}, {""keyword"": ""시설이 깔끔해요"", ""count"": ""9""}, {""keyword"": ""비싼 만큼 가치있어요"", ""count"": ""7""}, {""keyword"": ""특색 있는 제품이 많아요"", ""count"": ""6""}, {""keyword"": ""가성비가 좋아요"", ""count"": ""5""}, {""keyword"": ""분위기가 편안해요"", ""count"": ""4""}, {""keyword"": ""트렌디해요"", ""count"": ""3""}]","[{""title"": ""대표 키워드"", ""body"": ""스포츠용품""}, {""title"": ""결제수단"", ""body"": ""지역화폐 (지류형)\n지역화폐 (카드형)\n제로페이\n알고 계신 정보와 다른 정보가 있나요?\n사진으로 간단하게 제보해 주세요.\n정보 수정 제안하기\n이용약관고객센터리뷰운영정책신고센터\n네이버""}]"
9,9,아식스 구제주점,쇼핑,제주 제주시 중앙로7길 9 1층,,33.5150208,126.5257022,0507-1458-2463,,https://naver.me/F1ajjmaC,697-25-02182,칠성로,success,1_naver_link,naver_link place_id=2023598297,0.7,naver_place,https://map.naver.com/p/entry/place/2023598297,https://map.naver.com/p/entry/place/2023598297,https://pcmap.place.naver.com/place/2023598297/home,2023598297,아식스 구제주점,스포츠용품,,,제주 제주시 중앙로7길 9 1층,제주 제주시 일도1동 1299-8,,,,33.5150147,126.5257003,10:00에 영업 시작,영업 전,,{},영업 전10:00에 영업 시작,주차,"지역화폐 (지류형)
지역화폐 (카드형)
지역화폐 (모바일형)
제로페이
알고 계신 정보와 다른 정보가 있나요?
사진으로 간단하게 제보해 주세요.
정보 수정 제안하기
이용약관고객센터리뷰운영정책신고센터
네이버",,,,,,,,아식스 구제주점|스포츠용품|제주 제주시 중앙로7길 9 1층|제주 제주시 일도1동 1299-8|10:00에 영업 시작|주차|안내|방문 키워드 통계 그래프 예시입니다.|현재 4명 참여|10명 이상 참여하면|방문 키워드 통계가 공개됩니다!|최신순|bbo****|팔로우|별점|종류가 다양해요|가성비가 좋아요|친절해요|매장이 넓어요|분위기가 편안해요|반응 남기기|방문일|8.4.화|2026년 8월 4일 화요일,"[""아식스 구제주점"", ""스포츠용품"", ""제주 제주시 중앙로7길 9 1층"", ""제주 제주시 일도1동 1299-8"", ""10:00에 영업 시작"", ""주차"", ""안내"", ""방문 키워드 통계 그래프 예시입니다."", ""현재 4명 참여"", ""10명 이상 참여하면"", ""방문 키워드 통계가 공개됩니다!"", ""최신순"", ""bbo****"", ""팔로우"", ""별점"", ""종류가 다양해요"", ""가성비가 좋아요"", ""친절해요"", ""매장이 넓어요"", ""분위기가 편안해요"", ""반응 남기기"", ""방문일"", ""8.4.화"", ""2026년 8월 4일 화요일""]","{""name"": [""아식스 구제주점""], ""category"": [""스포츠용품""], ""address"": [""제주 제주시 중앙로7길 9 1층"", ""제주 제주시 일도1동 1299-8""], ""hours"": [""10:00에 영업 시작""], ""conveniences"": [""주차""], ""visitor_keywords"": [""안내"", ""방문 키워드 통계 그래프 예시입니다."", ""현재 4명 참여"", ""10명 이상 참여하면"", ""방문 키워드 통계가 공개됩니다!"", ""최신순"", ""bbo****"", ""팔로우"", ""별점"", ""종류가 다양해요"", ""가성비가 좋아요"", ""친절해요"", ""매장이 넓어요"", ""분위기가 편안해요"", ""반응 남기기"", ""방문일"", ""8.4.화"", ""2026년 8월 4일 화요일""]}",https://naver.me/F1ajjmaC,,,,"[""안내"", ""방문 키워드 통계 그래프 예시입니다."", ""현재 4명 참여"", ""10명 이상 참여하면"", ""방문 키워드 통계가 공개됩니다!"", ""최신순"", ""bbo****"", ""팔로우"", ""별점"", ""점"", ""종류가 다양해요"", ""가성비가 좋아요"", ""친절해요"", ""매장이 넓어요"", ""분위기가 편안해요"", ""반응 남기기"", ""방문일"", ""8.4.화"", ""2026년 8월 4일 화요일""]","[{""title"": ""대표 키워드"", ""body"": ""러닝화체대입시스포츠""}, {""title"": ""주차"", ""body"": ""주차가능\n무료\n매장 뒷편 4대 주차 가능합니다.""}, {""title"": ""결제수단"", ""body"": ""지역화폐 (지류형)\n지역화폐 (카드형)\n지역화폐 (모바일형)\n제로페이\n알고 계신 정보와 다른 정보가 있나요?\n사진으로 간단하게 제보해 주세요.\n정보 수정 제안하기\n이용약관고객센터리뷰운영정책신고센터\n네이버""}]"
10,10,다이나핏 구제주점,쇼핑,제주 제주시 관덕로11길 24 1층,,33.5152427,126.5256912,064-723-1374,,https://naver.me/IIDZObyr,616-86-22496,칠성로,success,1_naver_link,naver_link place_id=938362017,0.4,naver_place,https://map.naver.com/p/entry/place/938362017,https://map.naver.com/p/entry/place/938362017,https://pcmap.place.naver.com/place/938362017/home,938362017,다이나핏 구제주점,스포츠의류,,,제주 제주시 관덕로11길 24 1층,제주 제주시 일도일동 1299-1,,064-723-1374,,33.5152403,126.5256881,11:00에 영업 시작,영업 전,,{},영업 전11:00에 영업 시작,,"안내
29회23명 참여
""친절해요""
이 키워드를 선택한 인원
18
""품질이 좋아요""
이 키워드를 선택한 인원
16
""종류가 다양해요""
이 키워드를 선택한 인원
11
""스타일 추천을 잘해줘요""
이 키워드를 선택한 인원
5
""독특한 디자인이 많아요""
이 키워드를 선택한 인원
4
더보기",,,,,,,,다이나핏 구제주점|스포츠의류|제주 제주시 관덕로11길 24 1층|제주 제주시 일도일동 1299-1|064-723-1374|11:00에 영업 시작|친절해요|품질이 좋아요|종류가 다양해요|스타일 추천을 잘해줘요|독특한 디자인이 많아요|분위기가 편안해요|가성비가 좋아요|주차하기 편해요|사이즈가 다양해요|A/S가 세심해요,"[""다이나핏 구제주점"", ""스포츠의류"", ""제주 제주시 관덕로11길 24 1층"", ""제주 제주시 일도일동 1299-1"", ""064-723-1374"", ""11:00에 영업 시작"", ""친절해요"", ""품질이 좋아요"", ""종류가 다양해요"", ""스타일 추천을 잘해줘요"", ""독특한 디자인이 많아요"", ""분위기가 편안해요"", ""가성비가 좋아요"", ""주차하기 편해요"", ""사이즈가 다양해요"", ""A/S가 세심해요""]","{""name"": [""다이나핏 구제주점""], ""category"": [""스포츠의류""], ""address"": [""제주 제주시 관덕로11길 24 1층"", ""제주 제주시 일도일동 1299-1""], ""phone"": [""064-723-1374""], ""hours"": [""11:00에 영업 시작""], ""visitor_keywords"": [""친절해요"", ""품질이 좋아요"", ""종류가 다양해요"", ""스타일 추천을 잘해줘요"", ""독특한 디자인이 많아요"", ""분위기가 편안해요"", ""가성비가 좋아요"", ""주차하기 편해요"", ""사이즈가 다양해요"", ""A/S가 세심해요""]}",https://naver.me/IIDZObyr,,,,"[{""keyword"": ""친절해요"", ""count"": ""18""}, {""keyword"": ""품질이 좋아요"", ""count"": ""16""}, {""keyword"": ""종류가 다양해요"", ""count"": ""11""}, {""keyword"": ""스타일 추천을 잘해줘요"", ""count"": ""5""}, {""keyword"": ""독특한 디자인이 많아요"", ""count"": ""4""}, {""keyword"": ""분위기가 편안해요"", ""count"": ""3""}, {""keyword"": ""가성비가 좋아요"", ""count"": ""3""}, {""keyword"": ""주차하기 편해요"", ""count"": ""2""}, {""keyword"": ""사이즈가 다양해요"", ""count"": ""2""}, {""keyword"": ""A/S가 세심해요"", ""count"": ""1""}]","[{""title"": ""이런 점이 좋았어요"", ""body"": ""안내\n29회23명 참여\n\""친절해요\""\n이 키워드를 선택한 인원\n18\n\""품질이 좋아요\""\n이 키워드를 선택한 인원\n16\n\""종류가 다양해요\""\n이 키워드를 선택한 인원\n11\n\""스타일 추천을 잘해줘요\""\n이 키워드를 선택한 인원\n5\n\""독특한 디자인이 많아요\""\n이 키워드를 선택한 인원\n4\n더보기""}, {""title"": ""사진·영상 리뷰"", ""body"": """"}, {""title"": ""리뷰26"", ""body"": ""안내\n사진/영상 리뷰만\n최신순\n리뷰 제공 기준\n리뷰 클렌징 시스템 작동중입니다\n워킹맘7612\n리뷰 1,473사진 39팔로워 2\n팔로우\n굿\n품질이 좋아요\n가성비가 좋아요\n종류가 다양해요\n독특한 디자인이 많아요\n친절해요\n반응 남기기\n방문일\n24.4.14.일\n2024년 4월 14일 일요일\n2번째 방문\n인증 수단\n영수증\ncjy****\n리뷰 616사진 1팔로워 2\n팔로우\n굿\n품질이 좋아요\n가성비가 좋아요\n종류가 다양해요\n독특한 디자인이 많아요\n반응 남기기\n방문일\n24.8.16.금\n2024년 8월 16일 금요일\n1번째 방문\n인증 수단\n영수증\nlee****\n리뷰 398사진 3\n팔로우\nㆍ\n주차하기 편해요\n반응 남기기\n방문일\n24.7.18.목\n2024년 7월 18일 목요일\n1번째 방문\n인증 수단\n영수증\n어여님\n리뷰 815사진 363팔로워 14\n팔로우\n시원하게 소재가 좋아요\n품질이 좋아요\n종류가 다양해요\n사이즈가 다양해요\n친절해요\n스타일 추천을 잘해줘요\n반응 남기기\n방문일\n24.4.14.일\n2024년 4월 14일 일요일\n2번째 방문\n인증 수단\n영수증\n한성규938\n리뷰 323\n팔로우\n친절해요\n품질이 좋아요\n반응 남기기\n방문일\n24.4.6.토\n2024년 4월 6일 토요일\n1번째 방문\n인증 수단\n영수증\n워킹맘7612\n리뷰 1,473사진 39팔로워 2\n팔로우\n장\n품질이 좋아요\n가성비가 좋아요\n종류가 다양해요\n독특한 디자인이 많아요\nA/S가 세심해요\n반응 남기기\n방문일\n24.3.18.월\n2024년 3월 18일 월요일\n1번째 방문\n인증 수단\n영수증\n달달꿀고구마\n리뷰 250사진 266팔로워 19테마 3\n팔로우\n직원분 친절해요~\n부담없이둘러볼수있어요\n친절해요\n반응 남기기\n방문일\n24.2.17.토\n2024년 2월 17일 토요일\n1번째 방문\n인증 수단\n결제내역\n하햐핳\n리뷰 550사진 609팔로워 27\n팔로우\n예뻐요 !!\n품질이 좋아요\n종류가 다양해요\n친절해요\n반응 남기기\n방문일\n23.10.11.수\n2023년 10월 11일 수요일\n1번째 방문\n인증 수단\n영수증\n다소니84\n리뷰 1,374사진 6\n팔로우\n굿\n스타일 추천을 잘해줘요\n친절해요\n반응 남기기\n방문일\n23.8.12.토\n2023년 8월 12일 토요일\n1번째 방문\n인증 수단\n영수증\n홅홅홅\n리뷰 658\n팔로우\n.\n반응 남기기\n방문일\n23.1.29.일\n2023년 1월 29일 일요일\n1번째 방문\n인증 수단\n영수증\n펼쳐서 더보기""}, {""title"": ""키워드·별점 리뷰44"", ""body"": ""행복한하루멋진인생\n리뷰 963사진 2팔로워 1\n팔로우\n품질이 좋아요\n종류가 다양해요\n주차하기 편해요\n반응 남기기\n방문일\n24.9.3.화\n2024년 9월 3일 화요일\n1번째 방문\n인증 수단\n영수증\n사랑해79\n리뷰 190사진 74팔로워 1\n팔로우\n품질이 좋아요\n종류가 다양해요\n친절해요\n반응 남기기\n방문일\n24.5.1.수\n2024년 5월 1일 수요일\n1번째 방문\n인증 수단\n영수증\n촉새904\n리뷰 1,220사진 5\n팔로우\n품질이 좋아요\n종류가 다양해요\n친절해요\n분위기가 편안해요\n스타일 추천을 잘해줘요\n반응 남기기\n방문일\n24.4.14.일\n2024년 4월 14일 일요일\n2번째 방문\n인증 수단\n영수증\n풋풋아오리\n리뷰 255\n팔로우\n품질이 좋아요\n반응 남기기\n방문일\n24.4.6.토\n2024년 4월 6일 토요일\n1번째 방문\n인증 수단\n영수증\n요식업강자\n리뷰 228사진 1\n팔로우\n품질이 좋아요\n반응 남기기\n방문일\n24.4.6.토\n2024년 4월 6일 토요일\n1번째 방문\n인증 수단\n영수증\n지연6087\n리뷰 239사진 1\n팔로우\n분위기가 편안해요\n반응 남기기\n방문일\n24.4.6.토\n2024년 4월 6일 토요일\n1번째 방문\n인증 수단\n영수증\n어여님\n리뷰 815사진 363팔로워 14\n팔로우\n품질이 좋아요\n사이즈가 다양해요\n트렌디해요\n고급스러워요\n친절해요\n반응 남기기\n방문일\n24.3.18.월\n2024년 3월 18일 월요일\n1번째 방문\n인증 수단\n영수증\n나이스123\n리뷰 2,828사진 88\n팔로우\n친절해요\n반응 남기기\n방문일\n23.10.29.일\n2023년 10월 29일 일요일\n5번째 방문\n인증 수단\n영수증\n촉새904\n리뷰 1,220사진 5\n팔로우\n품질이 좋아요\n종류가 다양해요\n독특한 디자인이 많아요\n친절해요\n반응 남기기\n방문일\n23.10.3.화\n2023년 10월 3일 화요일\n1번째 방문\n인증 수단\n영수증\n쌍둥이맘43\n리뷰 448사진 99\n팔로우\n친절해요\n반응 남기기\n방문일\n23.8.5.토\n2023년 8월 5일 토요일\n1번째 방문\n인증 수단\n영수증\n펼쳐서 더보기\n이용약관고객센터리뷰운영정책신고센터\n네이버""}]"
11,11,가넷옴므,쇼핑,제주 제주시 칠성로길 28,,33.514279,126.5257054,064-721-2545,,https://naver.me/xNn8no5k,616-27-29075,칠성로,success,1_naver_link,naver_link place_id=1721424685,1.6,naver_place,https://map.naver.com/p/entry/place/1721424685,https://map.naver.com/p/entry/place/1721424685,https://pcmap.place.naver.com/place/1721424685/home,1721424685,가넷옴므,남성의류,,,제주 제주시 칠성로길 28,제주 제주시 일도일동 1344,,064-721-2545,,33.514265,126.5257089,10:30에 영업 시작,영업 전,,{},영업 전10:30에 영업 시작,,"지오송지오에서 가넷옴므로 새롭게 바뀌었습니다. 기존 고객들을 위해
사이즈는 유지하고
디자인은 다양하고
가격은 합리적으로
알고 계신 정보와 다른 정보가 있나요?
사진으로 간단하게 제보해 주세요.
정보 수정 제안하기
이용약관고객센터리뷰운영정책신고센터
네이버",,,,,,,,가넷옴므|남성의류|제주 제주시 칠성로길 28|제주 제주시 일도일동 1344|064-721-2545|10:30에 영업 시작|안내|방문 키워드 통계 그래프 예시입니다.|현재 9명 참여|10명 이상 참여하면|방문 키워드 통계가 공개됩니다!|최신순|jms****|팔로우|사장님이 친절하시고 가격이 좋습니다|품질이 좋아요|가성비가 좋아요|종류가 다양해요|독특한 디자인이 많아요|A/S가 세심해요|반응 남기기|방문일|24.10.4.금|2024년 10월 4일 금요일|1번째 방문,"[""가넷옴므"", ""남성의류"", ""제주 제주시 칠성로길 28"", ""제주 제주시 일도일동 1344"", ""064-721-2545"", ""10:30에 영업 시작"", ""안내"", ""방문 키워드 통계 그래프 예시입니다."", ""현재 9명 참여"", ""10명 이상 참여하면"", ""방문 키워드 통계가 공개됩니다!"", ""최신순"", ""jms****"", ""팔로우"", ""사장님이 친절하시고 가격이 좋습니다"", ""품질이 좋아요"", ""가성비가 좋아요"", ""종류가 다양해요"", ""독특한 디자인이 많아요"", ""A/S가 세심해요"", ""반응 남기기"", ""방문일"", ""24.10.4.금"", ""2024년 10월 4일 금요일"", ""1번째 방문""]","{""name"": [""가넷옴므""], ""category"": [""남성의류""], ""address"": [""제주 제주시 칠성로길 28"", ""제주 제주시 일도일동 1344""], ""phone"": [""064-721-2545""], ""hours"": [""10:30에 영업 시작""], ""visitor_keywords"": [""안내"", ""방문 키워드 통계 그래프 예시입니다."", ""현재 9명 참여"", ""10명 이상 참여하면"", ""방문 키워드 통계가 공개됩니다!"", ""최신순"", ""jms****"", ""팔로우"", ""사장님이 친절하시고 가격이 좋습니다"", ""품질이 좋아요"", ""가성비가 좋아요"", ""종류가 다양해요"", ""독특한 디자인이 많아요"", ""A/S가 세심해요"", ""반응 남기기"", ""방문일"", ""24.10.4.금"", ""2024년 10월 4일 금요일"", ""1번째 방문""]}",https://naver.me/xNn8no5k,,"[""가넷옴므\n알림지오송지오에서 가넷옴므로\n지오송지오에서 가넷옴므로 새롭게 바뀌었습니다.\n기존 고객들을 위해\n사이즈는 유지하고\n디자인은 다양하고\n가격은 합리적으로ᆢ\n더보기\n기간\n2022.09.24. ~ 2022.12.31.\n좋아요\n2022.09.24.\n2022년 9월 24일""]",,"[""안내"", ""방문 키워드 통계 그래프 예시입니다."", ""현재 9명 참여"", ""10명 이상 참여하면"", ""방문 키워드 통계가 공개됩니다!"", ""최신순"", ""jms****"", ""팔로우"", ""사장님이 친절하시고 가격이 좋습니다"", ""품질이 좋아요"", ""가성비가 좋아요"", ""종류가 다양해요"", ""독특한 디자인이 많아요"", ""A/S가 세심해요"", ""반응 남기기"", ""방문일"", ""24.10.4.금"", ""2024년 10월 4일 금요일"", ""1번째 방문""]","[{""title"": ""소개"", ""body"": ""지오송지오에서 가넷옴므로 새롭게 바뀌었습니다. 기존 고객들을 위해\n사이즈는 유지하고\n디자인은 다양하고\n가격은 합리적으로\n알고 계신 정보와 다른 정보가 있나요?\n사진으로 간단하게 제보해 주세요.\n정보 수정 제안하기\n이용약관고객센터리뷰운영정책신고센터\n네이버""}]"
12,12,게스 제주점,쇼핑,제주 제주시 중앙로 39,,33.5147904,126.5249116,064-724-6300,,https://naver.me/5EnwYPCY,616-24-24195,칠성로,success,1_naver_link,naver_link place_id=16687217,4.4,naver_place,https://map.naver.com/p/entry/place/16687217,https://map.naver.com/p/entry/place/16687217,https://pcmap.place.naver.com/place/16687217/home,16687217,게스 제주점,캐주얼웨어,,,제주 제주시 중앙로 39,제주 제주시 일도일동 1280-3,,064-724-6300,,33.5147964,126.5248649,,,,{},,,,,,,,,,,게스 제주점|캐주얼웨어|제주 제주시 중앙로 39|제주 제주시 일도일동 1280-3|064-724-6300|품질이 좋아요|친절해요|종류가 다양해요|가성비가 좋아요|스타일 추천을 잘해줘요|분위기가 편안해요|A/S가 세심해요|맞춤 제작을 잘해요|독특한 디자인이 많아요|고급스러워요,"[""게스 제주점"", ""캐주얼웨어"", ""제주 제주시 중앙로 39"", ""제주 제주시 일도일동 1280-3"", ""064-724-6300"", ""품질이 좋아요"", ""친절해요"", ""종류가 다양해요"", ""가성비가 좋아요"", ""스타일 추천을 잘해줘요"", ""분위기가 편안해요"", ""A/S가 세심해요"", ""맞춤 제작을 잘해요"", ""독특한 디자인이 많아요"", ""고급스러워요""]","{""name"": [""게스 제주점""], ""category"": [""캐주얼웨어""], ""address"": [""제주 제주시 중앙로 39"", ""제주 제주시 일도일동 1280-3""], ""phone"": [""064-724-6300""], ""visitor_keywords"": [""품질이 좋아요"", ""친절해요"", ""종류가 다양해요"", ""가성비가 좋아요"", ""스타일 추천을 잘해줘요"", ""분위기가 편안해요"", ""A/S가 세심해요"", ""맞춤 제작을 잘해요"", ""독특한 디자인이 많아요"", ""고급스러워요""]}",https://naver.me/5EnwYPCY,,,,"[{""keyword"": ""품질이 좋아요"", ""count"": ""15""}, {""keyword"": ""친절해요"", ""count"": ""14""}, {""keyword"": ""종류가 다양해요"", ""count"": ""12""}, {""keyword"": ""가성비가 좋아요"", ""count"": ""6""}, {""keyword"": ""스타일 추천을 잘해줘요"", ""count"": ""6""}, {""keyword"": ""분위기가 편안해요"", ""count"": ""3""}, {""keyword"": ""A/S가 세심해요"", ""count"": ""2""}, {""keyword"": ""맞춤 제작을 잘해요"", ""count"": ""1""}, {""keyword"": ""독특한 디자인이 많아요"", ""count"": ""1""}, {""keyword"": ""고급스러워요"", ""count"": ""1""}]","[{""title"": ""결제수단"", ""body"": ""제로페이\n알고 계신 정보와 다른 정보가 있나요?\n사진으로 간단하게 제보해 주세요.\n정보 수정 제안하기\n이용약관고객센터리뷰운영정책신고센터\n네이버""}]"
13,13,나이키칠성로점,쇼핑,제주 제주시 칠성로길 26,,33.5142563,126.5255643,064-702-2131,,https://naver.me/5Qi3ZUGx,616-20-73475,칠성로,success,1_naver_link,naver_link place_id=32150460,3.7,naver_place,https://map.naver.com/p/entry/place/32150460,https://map.naver.com/p/entry/place/32150460,https://pcmap.place.naver.com/place/32150460/home,32150460,나이키칠성로점,스포츠용품,,,제주 제주시 칠성로길 26,제주 제주시 일도일동 1361,,064-702-2131,,33.51425,126.5255249,10:00에 영업 시작,영업 전,,{},영업 전10:00에 영업 시작,,,,,,,,,,나이키칠성로점|스포츠용품|제주 제주시 칠성로길 26|제주 제주시 일도일동 1361|064-702-2131|10:00에 영업 시작|종류가 다양해요|품질이 좋아요|친절해요|가성비가 좋아요|시설이 깔끔해요|비싼 만큼 가치있어요|매장이 넓어요|특색 있는 제품이 많아요|분위기가 편안해요|트렌디해요,"[""나이키칠성로점"", ""스포츠용품"", ""제주 제주시 칠성로길 26"", ""제주 제주시 일도일동 1361"", ""064-702-2131"", ""10:00에 영업 시작"", ""종류가 다양해요"", ""품질이 좋아요"", ""친절해요"", ""가성비가 좋아요"", ""시설이 깔끔해요"", ""비싼 만큼 가치있어요"", ""매장이 넓어요"", ""특색 있는 제품이 많아요"", ""분위기가 편안해요"", ""트렌디해요""]","{""name"": [""나이키칠성로점""], ""category"": [""스포츠용품""], ""address"": [""제주 제주시 칠성로길 26"", ""제주 제주시 일도일동 1361""], ""phone"": [""064-702-2131""], ""hours"": [""10:00에 영업 시작""], ""visitor_keywords"": [""종류가 다양해요"", ""품질이 좋아요"", ""친절해요"", ""가성비가 좋아요"", ""시설이 깔끔해요"", ""비싼 만큼 가치있어요"", ""매장이 넓어요"", ""특색 있는 제품이 많아요"", ""분위기가 편안해요"", ""트렌디해요""]}",https://naver.me/5Qi3ZUGx,,,,"[{""keyword"": ""종류가 다양해요"", ""count"": ""84""}, {""keyword"": ""품질이 좋아요"", ""count"": ""76""}, {""keyword"": ""친절해요"", ""count"": ""69""}, {""keyword"": ""가성비가 좋아요"", ""count"": ""54""}, {""keyword"": ""시설이 깔끔해요"", ""count"": ""39""}, {""keyword"": ""비싼 만큼 가치있어요"", ""count"": ""34""}, {""keyword"": ""매장이 넓어요"", ""count"": ""31""}, {""keyword"": ""특색 있는 제품이 많아요"", ""count"": ""21""}, {""keyword"": ""분위기가 편안해요"", ""count"": ""13""}, {""keyword"": ""트렌디해요"", ""count"": ""8""}]","[{""title"": ""결제수단"", ""body"": ""제로페이\n알고 계신 정보와 다른 정보가 있나요?\n사진으로 간단하게 제보해 주세요.\n정보 수정 제안하기\n이용약관고객센터리뷰운영정책신고센터\n네이버""}]"
14,14,내셔널지오그래픽 제주점,쇼핑,제주 제주시 중앙로 37,,33.5150088,126.524881,064-755-8996,,https://naver.me/xmBLIPpS,322-85-02619,칠성로,success,1_naver_link,naver_link place_id=97720184,3.6,naver_place,https://map.naver.com/p/entry/place/97720184,https://map.naver.com/p/entry/place/97720184,https://pcmap.place.naver.com/place/97720184/home,97720184,내셔널지오그래픽 제주점,"등산,아웃도어",,,제주 제주시 중앙로 37,제주 제주시 일도일동 1298-14,,064-755-8996,,33.514978,126.5248679,,,,{},,,"홈페이지
http://www.nstationmall.com
알고 계신 정보와 다른 정보가 있나요?
사진으로 간단하게 제보해 주세요.
정보 수정 제안하기
이용약관고객센터리뷰운영정책신고센터
네이버",,,,,,,,"내셔널지오그래픽 제주점|등산,아웃도어|제주 제주시 중앙로 37|제주 제주시 일도일동 1298-14|064-755-8996|품질이 좋아요|친절해요|종류가 다양해요|매장이 넓어요|가성비가 좋아요|독특한 디자인이 많아요|스타일 추천을 잘해줘요|A/S가 세심해요|분위기가 편안해요|주차하기 편해요","[""내셔널지오그래픽 제주점"", ""등산,아웃도어"", ""제주 제주시 중앙로 37"", ""제주 제주시 일도일동 1298-14"", ""064-755-8996"", ""품질이 좋아요"", ""친절해요"", ""종류가 다양해요"", ""매장이 넓어요"", ""가성비가 좋아요"", ""독특한 디자인이 많아요"", ""스타일 추천을 잘해줘요"", ""A/S가 세심해요"", ""분위기가 편안해요"", ""주차하기 편해요""]","{""name"": [""내셔널지오그래픽 제주점""], ""category"": [""등산,아웃도어""], ""address"": [""제주 제주시 중앙로 37"", ""제주 제주시 일도일동 1298-14""], ""phone"": [""064-755-8996""], ""visitor_keywords"": [""품질이 좋아요"", ""친절해요"", ""종류가 다양해요"", ""매장이 넓어요"", ""가성비가 좋아요"", ""독특한 디자인이 많아요"", ""스타일 추천을 잘해줘요"", ""A/S가 세심해요"", ""분위기가 편안해요"", ""주차하기 편해요""]}",https://naver.me/xmBLIPpS,,,,"[{""keyword"": ""품질이 좋아요"", ""count"": ""53""}, {""keyword"": ""친절해요"", ""count"": ""35""}, {""keyword"": ""종류가 다양해요"", ""count"": ""34""}, {""keyword"": ""매장이 넓어요"", ""count"": ""21""}, {""keyword"": ""가성비가 좋아요"", ""count"": ""10""}, {""keyword"": ""독특한 디자인이 많아요"", ""count"": ""9""}, {""keyword"": ""스타일 추천을 잘해줘요"", ""count"": ""5""}, {""keyword"": ""A/S가 세심해요"", ""count"": ""4""}, {""keyword"": ""분위기가 편안해요"", ""count"": ""4""}, {""keyword"": ""주차하기 편해요"", ""count"": ""2""}]","[{""title"": ""대표 키워드"", ""body"": ""내셔널지오그래픽내셔널지오그래픽어패럴내셔널지오그래픽매장""}, {""title"": ""결제수단"", ""body"": ""제로페이""}, {""title"": ""SNS"", ""body"": ""홈페이지\nhttp://www.nstationmall.com\n알고 계신 정보와 다른 정보가 있나요?\n사진으로 간단하게 제보해 주세요.\n정보 수정 제안하기\n이용약관고객센터리뷰운영정책신고센터\n네이버""}]"
15,15,내셔널지오그래픽키즈 제주점,쇼핑,제주 제주시 관덕로11길 9,,33.5139635,126.5253535,064-723-5599,,https://naver.me/5ZSRQ7C1,232-05-02861,칠성로,success,1_naver_link,naver_link place_id=1636818959,1.7,naver_place,https://map.naver.com/p/entry/place/1636818959,https://map.naver.com/p/entry/place/1636818959,https://pcmap.place.naver.com/place/1636818959/home,1636818959,내셔널지오그래픽키즈 제주점,유아동복,,,제주 제주시 관덕로11길 9,제주 제주시 일도일동 1359-4,,064-723-5599,,33.5139535,126.5253401,10:30에 영업 시작,영업 전,,{},영업 전10:30에 영업 시작,,"홈페이지
http://www.nstationmall.com
알고 계신 정보와 다른 정보가 있나요?
사진으로 간단하게 제보해 주세요.
정보 수정 제안하기
이용약관고객센터리뷰운영정책신고센터
네이버",,,,,,,,내셔널지오그래픽키즈 제주점|유아동복|제주 제주시 관덕로11길 9|제주 제주시 일도일동 1359-4|064-723-5599|10:30에 영업 시작|품질이 좋아요|친절해요|종류가 다양해요|가성비가 좋아요|스타일 추천을 잘해줘요|독특한 디자인이 많아요|분위기가 편안해요|A/S가 세심해요|시설이 깔끔해요|고급스러워요,"[""내셔널지오그래픽키즈 제주점"", ""유아동복"", ""제주 제주시 관덕로11길 9"", ""제주 제주시 일도일동 1359-4"", ""064-723-5599"", ""10:30에 영업 시작"", ""품질이 좋아요"", ""친절해요"", ""종류가 다양해요"", ""가성비가 좋아요"", ""스타일 추천을 잘해줘요"", ""독특한 디자인이 많아요"", ""분위기가 편안해요"", ""A/S가 세심해요"", ""시설이 깔끔해요"", ""고급스러워요""]","{""name"": [""내셔널지오그래픽키즈 제주점""], ""category"": [""유아동복""], ""address"": [""제주 제주시 관덕로11길 9"", ""제주 제주시 일도일동 1359-4""], ""phone"": [""064-723-5599""], ""hours"": [""10:30에 영업 시작""], ""visitor_keywords"": [""품질이 좋아요"", ""친절해요"", ""종류가 다양해요"", ""가성비가 좋아요"", ""스타일 추천을 잘해줘요"", ""독특한 디자인이 많아요"", ""분위기가 편안해요"", ""A/S가 세심해요"", ""시설이 깔끔해요"", ""고급스러워요""]}",https://naver.me/5ZSRQ7C1,,,,"[{""keyword"": ""품질이 좋아요"", ""count"": ""14""}, {""keyword"": ""친절해요"", ""count"": ""10""}, {""keyword"": ""종류가 다양해요"", ""count"": ""8""}, {""keyword"": ""가성비가 좋아요"", ""count"": ""5""}, {""keyword"": ""스타일 추천을 잘해줘요"", ""count"": ""4""}, {""keyword"": ""독특한 디자인이 많아요"", ""count"": ""3""}, {""keyword"": ""분위기가 편안해요"", ""count"": ""2""}, {""keyword"": ""A/S가 세심해요"", ""count"": ""1""}, {""keyword"": ""시설이 깔끔해요"", ""count"": ""1""}, {""keyword"": ""고급스러워요"", ""count"": ""1""}]","[{""title"": ""대표 키워드"", ""body"": ""내셔널지오그래픽키즈내셔널지오그래픽내셔널지오그래픽키즈매장""}, {""title"": ""결제수단"", ""body"": ""제로페이""}, {""title"": ""SNS"", ""body"": ""홈페이지\nhttp://www.nstationmall.com\n알고 계신 정보와 다른 정보가 있나요?\n사진으로 간단하게 제보해 주세요.\n정보 수정 제안하기\n이용약관고객센터리뷰운영정책신고센터\n네이버""}]"
16,16,뉴발란스 제주점,쇼핑,제주 제주시 관덕로11길 16,,33.5144875,126.5256196,064-722-7226,,https://naver.me/xLWt8JGp,616-86-12611,칠성로,success,1_naver_link,naver_link place_id=13393126,2.1,naver_place,https://map.naver.com/p/entry/place/13393126,https://map.naver.com/p/entry/place/13393126,https://pcmap.place.naver.com/place/13393126/home,13393126,뉴발란스 제주점,신발,,,제주 제주시 관덕로11길 16,제주 제주시 일도일동 1301-1,,064-722-7226,,33.5144717,126.5256065,10:00에 영업 시작,영업 전,,{},영업 전10:00에 영업 시작,,"홈페이지
http://www.nbkorea.com/
알고 계신 정보와 다른 정보가 있나요?
사진으로 간단하게 제보해 주세요.
정보 수정 제안하기
이용약관고객센터리뷰운영정책신고센터
네이버",,,,,,,,뉴발란스 제주점|신발|제주 제주시 관덕로11길 16|제주 제주시 일도일동 1301-1|064-722-7226|10:00에 영업 시작|친절해요|품질이 좋아요|종류가 다양해요|매장이 넓어요|가성비가 좋아요|스타일 추천을 잘해줘요|분위기가 편안해요|독특한 디자인이 많아요|A/S가 세심해요|사이즈가 다양해요,"[""뉴발란스 제주점"", ""신발"", ""제주 제주시 관덕로11길 16"", ""제주 제주시 일도일동 1301-1"", ""064-722-7226"", ""10:00에 영업 시작"", ""친절해요"", ""품질이 좋아요"", ""종류가 다양해요"", ""매장이 넓어요"", ""가성비가 좋아요"", ""스타일 추천을 잘해줘요"", ""분위기가 편안해요"", ""독특한 디자인이 많아요"", ""A/S가 세심해요"", ""사이즈가 다양해요""]","{""name"": [""뉴발란스 제주점""], ""category"": [""신발""], ""address"": [""제주 제주시 관덕로11길 16"", ""제주 제주시 일도일동 1301-1""], ""phone"": [""064-722-7226""], ""hours"": [""10:00에 영업 시작""], ""visitor_keywords"": [""친절해요"", ""품질이 좋아요"", ""종류가 다양해요"", ""매장이 넓어요"", ""가성비가 좋아요"", ""스타일 추천을 잘해줘요"", ""분위기가 편안해요"", ""독특한 디자인이 많아요"", ""A/S가 세심해요"", ""사이즈가 다양해요""]}",https://naver.me/xLWt8JGp,,,,"[{""keyword"": ""친절해요"", ""count"": ""192""}, {""keyword"": ""품질이 좋아요"", ""count"": ""175""}, {""keyword"": ""종류가 다양해요"", ""count"": ""123""}, {""keyword"": ""매장이 넓어요"", ""count"": ""108""}, {""keyword"": ""가성비가 좋아요"", ""count"": ""45""}, {""keyword"": ""스타일 추천을 잘해줘요"", ""count"": ""39""}, {""keyword"": ""분위기가 편안해요"", ""count"": ""37""}, {""keyword"": ""독특한 디자인이 많아요"", ""count"": ""29""}, {""keyword"": ""A/S가 세심해요"", ""count"": ""16""}, {""keyword"": ""사이즈가 다양해요"", ""count"": ""7""}]","[{""title"": ""대표 키워드"", ""body"": ""운동화러닝화워킹화""}, {""title"": ""SNS"", ""body"": ""홈페이지\nhttp://www.nbkorea.com/\n알고 계신 정보와 다른 정보가 있나요?\n사진으로 간단하게 제보해 주세요.\n정보 수정 제안하기\n이용약관고객센터리뷰운영정책신고센터\n네이버""}]"
17,17,뉴발란스키즈 제주점,쇼핑,제주 제주시 관덕로11길 24 1층,,33.5152427,126.5256912,064-753-4565,,https://naver.me/F8uYYxya,616-27-02061,칠성로,success,1_naver_link,naver_link place_id=2067800271,0.4,naver_place,https://map.naver.com/p/entry/place/2067800271,https://map.naver.com/p/entry/place/2067800271,https://pcmap.place.naver.com/place/2067800271/home,2067800271,뉴발란스키즈 제주점,유아동복,,,제주 제주시 관덕로11길 24 1층,제주 제주시 일도일동 1299-1,,064-753-4565,,33.5152403,126.5256881,10:30에 영업 시작,영업 전,,{},영업 전10:30에 영업 시작,단체 이용 가능|예약|간편결제|주차,"뉴발란스키즈 제주점 입니다.
매장 전화번호 : 064-753-4565
문의사항은 위번호로 연락부탁드립니다",,,,,,,,뉴발란스키즈 제주점|유아동복|제주 제주시 관덕로11길 24 1층|제주 제주시 일도일동 1299-1|064-753-4565|10:30에 영업 시작|단체 이용 가능|간편결제|주차|안내|방문 키워드 통계 그래프 예시입니다.|현재 6명 참여|10명 이상 참여하면|방문 키워드 통계가 공개됩니다!|최신순|홍스012|팔로우|좋아요|친절해요|품질이 좋아요|반응 남기기|방문일|2.1.일|2026년 2월 1일 일요일|2번째 방문|인증 수단|영수증|YANG HC,"[""뉴발란스키즈 제주점"", ""유아동복"", ""제주 제주시 관덕로11길 24 1층"", ""제주 제주시 일도일동 1299-1"", ""064-753-4565"", ""10:30에 영업 시작"", ""단체 이용 가능"", ""간편결제"", ""주차"", ""안내"", ""방문 키워드 통계 그래프 예시입니다."", ""현재 6명 참여"", ""10명 이상 참여하면"", ""방문 키워드 통계가 공개됩니다!"", ""최신순"", ""홍스012"", ""팔로우"", ""좋아요"", ""친절해요"", ""품질이 좋아요"", ""반응 남기기"", ""방문일"", ""2.1.일"", ""2026년 2월 1일 일요일"", ""2번째 방문"", ""인증 수단"", ""영수증"", ""YANG HC""]","{""name"": [""뉴발란스키즈 제주점""], ""category"": [""유아동복""], ""address"": [""제주 제주시 관덕로11길 24 1층"", ""제주 제주시 일도일동 1299-1""], ""phone"": [""064-753-4565""], ""hours"": [""10:30에 영업 시작""], ""conveniences"": [""단체 이용 가능"", ""간편결제"", ""주차""], ""visitor_keywords"": [""안내"", ""방문 키워드 통계 그래프 예시입니다."", ""현재 6명 참여"", ""10명 이상 참여하면"", ""방문 키워드 통계가 공개됩니다!"", ""최신순"", ""홍스012"", ""팔로우"", ""좋아요"", ""친절해요"", ""품질이 좋아요"", ""반응 남기기"", ""방문일"", ""2.1.일"", ""2026년 2월 1일 일요일"", ""2번째 방문"", ""인증 수단"", ""영수증"", ""YANG HC""]}",https://naver.me/F8uYYxya,,,,"[""안내"", ""방문 키워드 통계 그래프 예시입니다."", ""현재 6명 참여"", ""10명 이상 참여하면"", ""방문 키워드 통계가 공개됩니다!"", ""최신순"", ""홍스012"", ""팔로우"", ""좋아요"", ""친절해요"", ""품질이 좋아요"", ""반응 남기기"", ""방문일"", ""2.1.일"", ""2026년 2월 1일 일요일"", ""2번째 방문"", ""인증 수단"", ""영수증"", ""YANG HC""]","[{""title"": ""소개"", ""body"": ""뉴발란스키즈 제주점 입니다.\n매장 전화번호 : 064-753-4565\n문의사항은 위번호로 연락부탁드립니다""}, {""title"": ""대표 키워드"", ""body"": ""뉴발란스키즈제주뉴발란스키즈뉴발란스키즈제주아동복스포츠""}, {""title"": ""편의시설 및 서비스"", ""body"": ""단체 이용 가능\n예약\n출입구 휠체어 이용가능""}, {""title"": ""주차"", ""body"": ""주차가능\n유료\n최초 10분 500원\n추가 요금 1440분당 500원, 최대 20,000원\n제주 제주시 일도1동 1219-3 , 10분당 5001일최대요금 20,000""}, {""title"": ""결제수단"", ""body"": ""지역화폐 (지류형)\n지역화폐 (카드형)\n지역화폐 (모바일형)\n제로페이\n간편결제\n알고 계신 정보와 다른 정보가 있나요?\n사진으로 간단하게 제보해 주세요.\n정보 수정 제안하기\n이용약관고객센터리뷰운영정책신고센터\n네이버""}]"
18,18,뉴에라제주점,쇼핑,제주 제주시 관덕로11길 17,,33.5146534,126.5251708,070-4220-5950,,https://naver.me/GScBc7Za,411-85-22031,칠성로,success,1_naver_link,naver_link place_id=387173338,1.4,naver_place,https://map.naver.com/p/entry/place/387173338,https://map.naver.com/p/entry/place/387173338,https://pcmap.place.naver.com/place/387173338/home,387173338,뉴에라제주점,패션,,,제주 제주시 관덕로11길 17,제주 제주시 일도1동 1298-28,,070-4220-5950,,33.5146662,126.5251721,,,,{},,,,,,,,,,,뉴에라제주점|패션|제주 제주시 관덕로11길 17|제주 제주시 일도1동 1298-28|070-4220-5950|품질이 좋아요|친절해요|종류가 다양해요|독특한 디자인이 많아요|가성비가 좋아요|매장이 넓어요|스타일 추천을 잘해줘요|분위기가 편안해요|A/S가 세심해요|주차하기 편해요,"[""뉴에라제주점"", ""패션"", ""제주 제주시 관덕로11길 17"", ""제주 제주시 일도1동 1298-28"", ""070-4220-5950"", ""품질이 좋아요"", ""친절해요"", ""종류가 다양해요"", ""독특한 디자인이 많아요"", ""가성비가 좋아요"", ""매장이 넓어요"", ""스타일 추천을 잘해줘요"", ""분위기가 편안해요"", ""A/S가 세심해요"", ""주차하기 편해요""]","{""name"": [""뉴에라제주점""], ""category"": [""패션""], ""address"": [""제주 제주시 관덕로11길 17"", ""제주 제주시 일도1동 1298-28""], ""phone"": [""070-4220-5950""], ""visitor_keywords"": [""품질이 좋아요"", ""친절해요"", ""종류가 다양해요"", ""독특한 디자인이 많아요"", ""가성비가 좋아요"", ""매장이 넓어요"", ""스타일 추천을 잘해줘요"", ""분위기가 편안해요"", ""A/S가 세심해요"", ""주차하기 편해요""]}",https://naver.me/GScBc7Za,,,,"[{""keyword"": ""품질이 좋아요"", ""count"": ""47""}, {""keyword"": ""친절해요"", ""count"": ""43""}, {""keyword"": ""종류가 다양해요"", ""count"": ""36""}, {""keyword"": ""독특한 디자인이 많아요"", ""count"": ""18""}, {""keyword"": ""가성비가 좋아요"", ""count"": ""15""}, {""keyword"": ""매장이 넓어요"", ""count"": ""15""}, {""keyword"": ""스타일 추천을 잘해줘요"", ""count"": ""15""}, {""keyword"": ""분위기가 편안해요"", ""count"": ""11""}, {""keyword"": ""A/S가 세심해요"", ""count"": ""5""}, {""keyword"": ""주차하기 편해요"", ""count"": ""4""}]","[{""title"": ""결제수단"", ""body"": ""제로페이\n알고 계신 정보와 다른 정보가 있나요?\n사진으로 간단하게 제보해 주세요.\n정보 수정 제안하기\n이용약관고객센터리뷰운영정책신고센터\n네이버""}]"
19,19,다몰문화 협동조합,기타,제주 제주시 칠성로길 8 2층,,33.513545,126.5238978,,,https://naver.me/GWifhgAY,578-81-02742,칠성로,success,1_naver_link,naver_link place_id=1271035395,1.6,naver_place,https://map.naver.com/p/entry/place/1271035395,https://map.naver.com/p/entry/place/1271035395,https://pcmap.place.naver.com/place/1271035395/home,1271035395,다몰문화 협동조합,복합문화공간,,,제주 제주시 칠성로길 8 2층,제주 제주시 일도일동 1416-2,제주우체국 옆 칠성로 아케이드 1가 중간에 있습니다.,,,33.5135332,126.5238885,10:00 - 22:00,운영 전,,"{""매일"": {""open"": ""10:00 - 22:00""}}",운영 전 | 10:00에 운영 시작 | 10시 0분에 운영 시작 | 매일 | 10:00 - 22:00 | 접기,단체 이용 가능|무선 인터넷|예약|남/녀 화장실 구분|대기공간|주차,"1. 우쿨렐레 교육
2. 원도심소풍 플리마켓 운영
3. 푸아올레나 우쿨렐레 앙상블 운영
4. 우쿨렐레 대여 및 음향 대여
5. 소규모 공연기획",,,,,,,12주 주법완성|입문 4회,다몰문화 협동조합|복합문화공간|제주 제주시 칠성로길 8 2층|제주 제주시 일도일동 1416-2|10:00 - 22:00|12주 주법완성|입문 4회|단체 이용 가능|무선 인터넷|남/녀 화장실 구분|대기공간|주차,"[""다몰문화 협동조합"", ""복합문화공간"", ""제주 제주시 칠성로길 8 2층"", ""제주 제주시 일도일동 1416-2"", ""10:00 - 22:00"", ""12주 주법완성"", ""입문 4회"", ""단체 이용 가능"", ""무선 인터넷"", ""남/녀 화장실 구분"", ""대기공간"", ""주차""]","{""name"": [""다몰문화 협동조합""], ""category"": [""복합문화공간""], ""address"": [""제주 제주시 칠성로길 8 2층"", ""제주 제주시 일도일동 1416-2""], ""hours"": [""10:00 - 22:00""], ""menus"": [""12주 주법완성"", ""입문 4회""], ""conveniences"": [""단체 이용 가능"", ""무선 인터넷"", ""남/녀 화장실 구분"", ""대기공간"", ""주차""]}",https://naver.me/GWifhgAY,,"[""다몰문화 협동조합 활동일지\n블로그\n블로그RNR 열렬하게\n밴드 하이볼 단독 콘서트에 게스트로 출연하였습니다. 락 공연에 우쿨렐레 공연이 잠깐의 휴식을 더하곤 합니다.\n공감\n5일 전\n5일 전"", ""다몰문화 협동조합 활동일지\n블로그\n동영상\n블로그2026년 야크마을 밤산책\n2026년 8월 한 달 동안 매주 금토일에 버스킹을 기획하고 진행했습니다. 이번에는 가수 출연 섭외를 맡았고요. 총 8팀의 가수들이 나와서 버스킹을 진행했습니다. 한 달 동안 모두 수고하셨습니다.\n공감\n5일 전\n5일 전"", ""다몰문화 협동조합 활동일지\n블로그\n블로그야크마을 밤산책 단독 공연\n야크마을 밤산책 공연 1시간 동안 쉬지 않고 즐겁게 했습니다.\n공감\n5일 전\n5일 전""]",,,"[{""title"": ""소개"", ""body"": ""1. 우쿨렐레 교육\n2. 원도심소풍 플리마켓 운영\n3. 푸아올레나 우쿨렐레 앙상블 운영\n4. 우쿨렐레 대여 및 음향 대여\n5. 소규모 공연기획""}, {""title"": ""대표 키워드"", ""body"": ""우쿨렐레제주우쿨렐레제주버스킹우쿨렐레개인레슨제주우쿨렐레학원""}, {""title"": ""편의시설 및 서비스"", ""body"": ""단체 이용 가능\n무선 인터넷\n예약\n남/녀 화장실 구분\n대기공간""}, {""title"": ""주차"", ""body"": ""주차가능\n유료\n최초 30분 무료\n추가 요금 15분당 500원, 최대 10,000원\n칠성상가 제2 공영 주차장""}, {""title"": ""결제수단"", ""body"": ""지역화폐 (지류형)\n알고 계신 정보와 다른 정보가 있나요?\n사진으로 간단하게 제보해 주세요.\n정보 수정 제안하기\n이용약관고객센터리뷰운영정책신고센터\n네이버""}]"
20,20,레노마 골프 제주,쇼핑,제주 제주시 관덕로11길 12,,33.5140487,126.5255529,064-724-1456,,https://naver.me/xAAd6aKV,616-16-99667,칠성로,success,1_naver_link,naver_link place_id=1832553740,0.5,naver_place,https://map.naver.com/p/entry/place/1832553740,https://map.naver.com/p/entry/place/1832553740,https://pcmap.place.naver.com/place/1832553740/home,1832553740,레노마 골프 제주,골프웨어,,,제주 제주시 관덕로11길 12,제주 제주시 일도1동 1360,,064-724-1456,,33.5140443,126.5255521,,,,{},,,"레노마골프골프웨어여성골프웨어남성골프웨어퍼포먼스골프웨어
알고 계신 정보와 다른 정보가 있나요?
사진으로 간단하게 제보해 주세요.
정보 수정 제안하기
이용약관고객센터리뷰운영정책신고센터
네이버",,,,,,,,레노마 골프 제주|골프웨어|제주 제주시 관덕로11길 12|제주 제주시 일도1동 1360|064-724-1456|품질이 좋아요|친절해요|주차하기 편해요|종류가 다양해요|A/S가 세심해요|독특한 디자인이 많아요|분위기가 편안해요|매장이 넓어요|스타일 추천을 잘해줘요,"[""레노마 골프 제주"", ""골프웨어"", ""제주 제주시 관덕로11길 12"", ""제주 제주시 일도1동 1360"", ""064-724-1456"", ""품질이 좋아요"", ""친절해요"", ""주차하기 편해요"", ""종류가 다양해요"", ""A/S가 세심해요"", ""독특한 디자인이 많아요"", ""분위기가 편안해요"", ""매장이 넓어요"", ""스타일 추천을 잘해줘요""]","{""name"": [""레노마 골프 제주""], ""category"": [""골프웨어""], ""address"": [""제주 제주시 관덕로11길 12"", ""제주 제주시 일도1동 1360""], ""phone"": [""064-724-1456""], ""visitor_keywords"": [""품질이 좋아요"", ""친절해요"", ""주차하기 편해요"", ""종류가 다양해요"", ""A/S가 세심해요"", ""독특한 디자인이 많아요"", ""분위기가 편안해요"", ""매장이 넓어요"", ""스타일 추천을 잘해줘요""]}",https://naver.me/xAAd6aKV,,,,"[{""keyword"": ""품질이 좋아요"", ""count"": ""6""}, {""keyword"": ""친절해요"", ""count"": ""5""}, {""keyword"": ""주차하기 편해요"", ""count"": ""2""}, {""keyword"": ""종류가 다양해요"", ""count"": ""2""}, {""keyword"": ""A/S가 세심해요"", ""count"": ""1""}, {""keyword"": ""독특한 디자인이 많아요"", ""count"": ""1""}, {""keyword"": ""분위기가 편안해요"", ""count"": ""1""}, {""keyword"": ""매장이 넓어요"", ""count"": ""1""}, {""keyword"": ""스타일 추천을 잘해줘요"", ""count"": ""1""}]","[{""title"": ""대표 키워드"", ""body"": ""레노마골프골프웨어여성골프웨어남성골프웨어퍼포먼스골프웨어\n알고 계신 정보와 다른 정보가 있나요?\n사진으로 간단하게 제보해 주세요.\n정보 수정 제안하기\n이용약관고객센터리뷰운영정책신고센터\n네이버""}]"
21,21,더제이드호텔앤카페,"카페, 디저트",제주 제주시 관덕로15길 7-1 더제이드 호텔,,33.5139079,126.526657,064-717-7000,,https://naver.me/xbARbvoA,410-85-52978,칠성로,success,1_naver_link,naver_link place_id=1492287245,2.2,naver_place,https://map.naver.com/p/entry/place/1492287245,https://map.naver.com/p/entry/place/1492287245,https://pcmap.place.naver.com/place/1492287245/home,1492287245,더제이드호텔앤카페,호텔,,좋은 접근성과 아름다운 음료 디자인의 조화,제주 제주시 관덕로15길 7-1 더제이드 호텔,제주 제주시 일도일동 1331-1,"* 이마트, 탑동(도보 5분), 동문시장(도보 2분), 칠성로 위치 | * 공항인근(차량 10분)",064-717-7000,http://Thejade.kr,33.5139013,126.5266797,,,,{},,,"루프탑 무료이용, 바베큐 (이용료 별도) 선예약후 이용가능
[루프탑 이용 시 외부 주류, 음료는 반입 금지입니다.
루프탑 내에서 주류, 음료 판매합니다. ]

최대인원 초과 불가

부대시설: 까페(더 제이드 카페&펍)
24시간 이용가능","사용자 리뷰에 기반해 정리한 정보는 다음과 같습니다. |  | 객실 정보: 객실 내부에 TV, 화장대, 행거, 냉장고, 접이식 테이블, 전기포트, 물병, 헤어드라이기 등이 구비되어 있습니다. 냉난방 설비와 에어컨이 잘 작동해 쾌적한 온도를 유지합니다. 기본 어매니티로 샴푸, 린스, 바디워시가 제공됩니다. | 조말랭 | +5 | 위치 및 접근성: 더제이드호텔앤카페는 제주 시내에 위치하여 시내 접근이 용이합니다. 주차가 용이합니다. | 조말랭 | +4",,,,,,,더제이드호텔앤카페|호텔|제주 제주시 관덕로15길 7-1 더제이드 호텔|제주 제주시 일도일동 1331-1|064-717-7000|좋은 접근성과 아름다운 음료 디자인의 조화|깨끗해요|친절해요|침구가 좋아요|조용히 쉬기 좋아요|화장실이 잘 되어있어요|대중교통이 편해요|냉난방이 잘돼요|인테리어가 멋져요|주차하기 편해요|가성비가 좋아요|제주더제이드호텔|동문시장호텔|제주공항근처숙소|탑동해안광장|제주가성비호텔|제주시내숙소|루프탑바베큐|럭셔리커플룸,"[""더제이드호텔앤카페"", ""호텔"", ""제주 제주시 관덕로15길 7-1 더제이드 호텔"", ""제주 제주시 일도일동 1331-1"", ""064-717-7000"", ""좋은 접근성과 아름다운 음료 디자인의 조화"", ""깨끗해요"", ""친절해요"", ""침구가 좋아요"", ""조용히 쉬기 좋아요"", ""화장실이 잘 되어있어요"", ""대중교통이 편해요"", ""냉난방이 잘돼요"", ""인테리어가 멋져요"", ""주차하기 편해요"", ""가성비가 좋아요"", ""제주더제이드호텔"", ""동문시장호텔"", ""제주공항근처숙소"", ""탑동해안광장"", ""제주가성비호텔"", ""제주시내숙소"", ""루프탑바베큐"", ""럭셔리커플룸""]","{""name"": [""더제이드호텔앤카페""], ""category"": [""호텔""], ""address"": [""제주 제주시 관덕로15길 7-1 더제이드 호텔"", ""제주 제주시 일도일동 1331-1""], ""phone"": [""064-717-7000""], ""slogan"": [""좋은 접근성과 아름다운 음료 디자인의 조화""], ""visitor_keywords"": [""깨끗해요"", ""친절해요"", ""침구가 좋아요"", ""조용히 쉬기 좋아요"", ""화장실이 잘 되어있어요"", ""대중교통이 편해요"", ""냉난방이 잘돼요"", ""인테리어가 멋져요"", ""주차하기 편해요"", ""가성비가 좋아요""], ""hashtags"": [""제주더제이드호텔"", ""동문시장호텔"", ""제주공항근처숙소"", ""탑동해안광장"", ""제주가성비호텔"", ""제주시내숙소"", ""루프탑바베큐"", ""럭셔리커플룸""], ""body_hashtags"": [""제주더제이드호텔"", ""동문시장호텔"", ""제주공항근처숙소"", ""탑동해안광장"", ""제주가성비호텔"", ""제주시내숙소"", ""루프탑바베큐"", ""럭셔리커플룸""]}",https://naver.me/xbARbvoA,,"[""더제이드호텔앤카페\n알림12월 럭셔리 예약 이벤트\n추운 겨울, 옥림장 더제이드 뱅쇼와 함께, 즐겁고 따뜻한 시간 보내기를 기원 합니다.\n12월 한달간 럭셔리 커플룸 숙박하시는 분께, 뱅쇼 2잔을 드리는 뱅쇼 이벤트를 진행 합니다. 제주산 감귤과 최고급 계피를 넣어, 달달하고 맛있는 옥림장 더제이드 뱅쇼... 룸서비스도 가능합니다.\n좋아요\n2022.11.30.\n2022년 11월 30일""]",,"[{""keyword"": ""깨끗해요"", ""count"": ""125""}, {""keyword"": ""친절해요"", ""count"": ""122""}, {""keyword"": ""침구가 좋아요"", ""count"": ""75""}, {""keyword"": ""조용히 쉬기 좋아요"", ""count"": ""72""}, {""keyword"": ""화장실이 잘 되어있어요"", ""count"": ""63""}, {""keyword"": ""대중교통이 편해요"", ""count"": ""56""}, {""keyword"": ""냉난방이 잘돼요"", ""count"": ""53""}, {""keyword"": ""인테리어가 멋져요"", ""count"": ""44""}, {""keyword"": ""주차하기 편해요"", ""count"": ""15""}, {""keyword"": ""가성비가 좋아요"", ""count"": ""13""}]","[{""title"": ""소개"", ""body"": ""루프탑 무료이용, 바베큐 (이용료 별도) 선예약후 이용가능\n[루프탑 이용 시 외부 주류, 음료는 반입 금지입니다.\n루프탑 내에서 주류, 음료 판매합니다. ]\n\n최대인원 초과 불가\n\n부대시설: 까페(더 제이드 카페&펍)\n24시간 이용가능""}, {""title"": ""여행사 리뷰"", ""body"": ""호텔스컴바인\n8.5/10\n트립어드바이저\n4.2/5\n부킹닷컴\n8.4/10""}, {""title"": ""이용시간"", ""body"": ""체크인 16:00\n16시 0분\n체크아웃 11:00\n11시 0분""}, {""title"": ""호텔 시설 정보"", ""body"": ""와이파이\n주차\n세탁 시설\n세탁 서비스\n바/라운지\n비즈니스\n금연실\n인터넷\n무료 와이파이\n전 구역 와이파이 사용 가능\n인터넷\n교통\n무료 주차\n편의서비스\n프런트 24시간 운영\n세탁 서비스\n보관함 이용 가능\n웰빙·액티비티\n자전거 대여\n식사·음료\n바/라운지\n비즈니스\n비즈니스 센터\n일반시설\n엘리베이터\n세탁 시설\n지정 흡연 구역\n엘리베이터로 위층 이동 가능\n소화기\n객실시설\n에어컨\n금연 객실 이용 가능\n헤어드라이어\n냉장고\n평면 TV\n케이블 또는 위성 TV\n스트리밍 서비스\n샴푸\n타월\n가족용 객실\n난방 시설\n전용 욕실\n화장실 휴지\n쓰레기통\n슬리퍼""}, {""title"": ""SNS"", ""body"": ""홈페이지\nhttp://Thejade.kr\n알고 계신 정보와 다른 정보가 있나요?\n사진으로 간단하게 제보해 주세요.\n정보 수정 제안하기\n이용약관고객센터리뷰운영정책신고센터\n네이버""}]"
22,22,데무,쇼핑,제주 제주시 칠성로길 15,,33.5140279,126.5244194,064-726-3379,,https://naver.me/F3TixYbj,616-06-36270,칠성로,success,1_naver_link,naver_link place_id=16686979,3.1,naver_place,https://map.naver.com/p/entry/place/16686979,https://map.naver.com/p/entry/place/16686979,https://pcmap.place.naver.com/place/16686979/home,16686979,데무,패션,,,제주 제주시 칠성로길 15,제주 제주시 일도1동 1388-1,,064-726-3379,,33.5140257,126.5243863,휴무,휴무,,{},정보 수정,,,,,,,,,,데무|패션|제주 제주시 칠성로길 15|제주 제주시 일도1동 1388-1|064-726-3379|휴무,"[""데무"", ""패션"", ""제주 제주시 칠성로길 15"", ""제주 제주시 일도1동 1388-1"", ""064-726-3379"", ""휴무""]","{""name"": [""데무""], ""category"": [""패션""], ""address"": [""제주 제주시 칠성로길 15"", ""제주 제주시 일도1동 1388-1""], ""phone"": [""064-726-3379""], ""hours"": [""휴무""]}",https://naver.me/F3TixYbj,,,,,"[{""title"": ""결제수단"", ""body"": ""제로페이\n알고 계신 정보와 다른 정보가 있나요?\n사진으로 간단하게 제보해 주세요.\n정보 수정 제안하기\n이용약관고객센터리뷰운영정책신고센터\n네이버""}]"
23,23,데미안,쇼핑,제주 제주시 칠성로길 18 1층(일도일동),,33.5140251,126.5249562,0507-1399-3639,,https://naver.me/G8hNpMnQ,616-13-32438,칠성로,success,1_naver_link,naver_link place_id=1293100199,0.2,naver_place,https://map.naver.com/p/entry/place/1293100199,https://map.naver.com/p/entry/place/1293100199,https://pcmap.place.naver.com/place/1293100199/home,1293100199,데미안,"의류,패션",,,제주 제주시 칠성로길 18 1층(일도일동),제주 제주시 일도일동 1369-1 1층(),,0507-1399-3639,,33.5140233,126.5249548,10:00 - 20:00,운영 전,,"{""매일"": {""open"": ""10:00 - 20:00""}}",운영 전 | 10:00에 운영 시작 | 10시 0분에 운영 시작 | 매일 | 10:00 - 20:00 | 접기,,"지역화폐 (지류형)
지역화폐 (카드형)
지역화폐 (모바일형)
제로페이
알고 계신 정보와 다른 정보가 있나요?
사진으로 간단하게 제보해 주세요.
정보 수정 제안하기
이용약관고객센터리뷰운영정책신고센터
네이버",,,,,,,,"데미안|의류,패션|제주 제주시 칠성로길 18 1층(일도일동)|제주 제주시 일도일동 1369-1 1층()|0507-1399-3639|10:00 - 20:00","[""데미안"", ""의류,패션"", ""제주 제주시 칠성로길 18 1층(일도일동)"", ""제주 제주시 일도일동 1369-1 1층()"", ""0507-1399-3639"", ""10:00 - 20:00""]","{""name"": [""데미안""], ""category"": [""의류,패션""], ""address"": [""제주 제주시 칠성로길 18 1층(일도일동)"", ""제주 제주시 일도일동 1369-1 1층()""], ""phone"": [""0507-1399-3639""], ""hours"": [""10:00 - 20:00""]}",https://naver.me/G8hNpMnQ,,,,,"[{""title"": ""대표 키워드"", ""body"": ""숙녀복""}, {""title"": ""결제수단"", ""body"": ""지역화폐 (지류형)\n지역화폐 (카드형)\n지역화폐 (모바일형)\n제로페이\n알고 계신 정보와 다른 정보가 있나요?\n사진으로 간단하게 제보해 주세요.\n정보 수정 제안하기\n이용약관고객센터리뷰운영정책신고센터\n네이버""}]"
24,24,데코,쇼핑,제주 제주시 중앙로 40 1층 1호,,33.5147459,126.5244965,064-702-0300,,https://naver.me/xLsLz0rd,406-05-62359,칠성로,success,1_naver_link,naver_link place_id=1211201084,10.9,naver_place,https://map.naver.com/p/entry/place/1211201084,https://map.naver.com/p/entry/place/1211201084,https://pcmap.place.naver.com/place/1211201084/home,1211201084,데코,여성의류,,,제주 제주시 중앙로 40 1층 1호,제주 제주시 일도1동 1280-6,,064-702-0300,,33.514662,126.5245574,11:00에 영업 시작,영업 전,,{},영업 전11:00에 영업 시작,,"안내
사진/영상 리뷰만
최신순
리뷰 제공 기준
리뷰 클렌징 시스템 작동중입니다
아임27277
리뷰 26사진 21
팔로우
매장이 넓고 깔끔하길래 지나가다가 들렀는데 넘 예쁘네요ㅠ 사장님도 친절하시고 앞으로 자주 갈게요~~
친절해요
매장이 넓어요
시설이 깔끔해요
품질이 좋아요
고급스러워요
반응 남기기
방문일
3.21.토
2026년 3월 21일 토요일
1번째 방문
인증 수단
영수증
ngd****
리뷰 11사진 9
팔로우
와이프 옷 선물했는데 옷이 이쁘다고 좋아하네요 감사합니다
품질이 좋아요
고급스러워요
친절해요
매장이 넓어요
분위기가 편안해요
반응 남기기
방문일
3.25.수
2026년 3월 25일 수요일
1번째 방문
인증 수단
영수증
min****
리뷰 40사진 31
팔로우
봄 옷 사러 갔는데 너무 친절하셔서 옷 쇼핑 잘했어요 옷도 고급져요
매장이 넓어요
친절해요
스타일 추천을 잘해줘요
고급스러워요
비싼 만큼 가치있어요
반응 남기기
방문일
3.14.토
2026년 3월 14일 토요일
1번째 방문
인증 수단
영수증
tkd****
리뷰 725사진 3팔로워 26
팔로우
세련되고 다양한데......가격이......넘......애효....
품질이 좋아요
종류가 다양해요
스타일 추천을 잘해줘요
반응 남기기
방문일
23.11.12.일
2023년 11월 12일 일요일
1번째 방문
인증 수단
영수증
이용약관고객센터리뷰운영정책신고센터
네이버",,,,,,,,데코|여성의류|제주 제주시 중앙로 40 1층 1호|제주 제주시 일도1동 1280-6|064-702-0300|11:00에 영업 시작|안내|방문 키워드 통계 그래프 예시입니다.|현재 4명 참여|10명 이상 참여하면|방문 키워드 통계가 공개됩니다!|최신순|아임27277|팔로우|친절해요|매장이 넓어요|시설이 깔끔해요|품질이 좋아요|고급스러워요|반응 남기기|방문일|3.21.토|2026년 3월 21일 토요일|1번째 방문|인증 수단,"[""데코"", ""여성의류"", ""제주 제주시 중앙로 40 1층 1호"", ""제주 제주시 일도1동 1280-6"", ""064-702-0300"", ""11:00에 영업 시작"", ""안내"", ""방문 키워드 통계 그래프 예시입니다."", ""현재 4명 참여"", ""10명 이상 참여하면"", ""방문 키워드 통계가 공개됩니다!"", ""최신순"", ""아임27277"", ""팔로우"", ""친절해요"", ""매장이 넓어요"", ""시설이 깔끔해요"", ""품질이 좋아요"", ""고급스러워요"", ""반응 남기기"", ""방문일"", ""3.21.토"", ""2026년 3월 21일 토요일"", ""1번째 방문"", ""인증 수단""]","{""name"": [""데코""], ""category"": [""여성의류""], ""address"": [""제주 제주시 중앙로 40 1층 1호"", ""제주 제주시 일도1동 1280-6""], ""phone"": [""064-702-0300""], ""hours"": [""11:00에 영업 시작""], ""visitor_keywords"": [""안내"", ""방문 키워드 통계 그래프 예시입니다."", ""현재 4명 참여"", ""10명 이상 참여하면"", ""방문 키워드 통계가 공개됩니다!"", ""최신순"", ""아임27277"", ""팔로우"", ""친절해요"", ""매장이 넓어요"", ""시설이 깔끔해요"", ""품질이 좋아요"", ""고급스러워요"", ""반응 남기기"", ""방문일"", ""3.21.토"", ""2026년 3월 21일 토요일"", ""1번째 방문"", ""인증 수단""]}",https://naver.me/xLsLz0rd,,,,"[""안내"", ""방문 키워드 통계 그래프 예시입니다."", ""현재 4명 참여"", ""10명 이상 참여하면"", ""방문 키워드 통계가 공개됩니다!"", ""최신순"", ""아임27277"", ""팔로우"", ""친절해요"", ""매장이 넓어요"", ""시설이 깔끔해요"", ""품질이 좋아요"", ""고급스러워요"", ""반응 남기기"", ""방문일"", ""3.21.토"", ""2026년 3월 21일 토요일"", ""1번째 방문"", ""인증 수단""]","[{""title"": ""이런 점이 좋았어요"", ""body"": ""안내\n방문 키워드 통계 그래프 예시입니다.\n현재 4명 참여\n10명 이상 참여하면\n방문 키워드 통계가 공개됩니다!""}, {""title"": ""사진·영상 리뷰"", ""body"": """"}, {""title"": ""리뷰4"", ""body"": ""안내\n사진/영상 리뷰만\n최신순\n리뷰 제공 기준\n리뷰 클렌징 시스템 작동중입니다\n아임27277\n리뷰 26사진 21\n팔로우\n매장이 넓고 깔끔하길래 지나가다가 들렀는데 넘 예쁘네요ㅠ 사장님도 친절하시고 앞으로 자주 갈게요~~\n친절해요\n매장이 넓어요\n시설이 깔끔해요\n품질이 좋아요\n고급스러워요\n반응 남기기\n방문일\n3.21.토\n2026년 3월 21일 토요일\n1번째 방문\n인증 수단\n영수증\nngd****\n리뷰 11사진 9\n팔로우\n와이프 옷 선물했는데 옷이 이쁘다고 좋아하네요 감사합니다\n품질이 좋아요\n고급스러워요\n친절해요\n매장이 넓어요\n분위기가 편안해요\n반응 남기기\n방문일\n3.25.수\n2026년 3월 25일 수요일\n1번째 방문\n인증 수단\n영수증\nmin****\n리뷰 40사진 31\n팔로우\n봄 옷 사러 갔는데 너무 친절하셔서 옷 쇼핑 잘했어요 옷도 고급져요\n매장이 넓어요\n친절해요\n스타일 추천을 잘해줘요\n고급스러워요\n비싼 만큼 가치있어요\n반응 남기기\n방문일\n3.14.토\n2026년 3월 14일 토요일\n1번째 방문\n인증 수단\n영수증\ntkd****\n리뷰 725사진 3팔로워 26\n팔로우\n세련되고 다양한데......가격이......넘......애효....\n품질이 좋아요\n종류가 다양해요\n스타일 추천을 잘해줘요\n반응 남기기\n방문일\n23.11.12.일\n2023년 11월 12일 일요일\n1번째 방문\n인증 수단\n영수증\n이용약관고객센터리뷰운영정책신고센터\n네이버""}]"
25,25,디스커버리 제주점,쇼핑,제주 제주시 관덕로11길 24,,33.5152427,126.5256912,064-756-5224,,https://naver.me/565p5hRw,616-01-97059,칠성로,success,1_naver_link,naver_link place_id=1866934836,0.4,naver_place,https://map.naver.com/p/entry/place/1866934836,https://map.naver.com/p/entry/place/1866934836,https://pcmap.place.naver.com/place/1866934836/home,1866934836,디스커버리 제주점,"등산,아웃도어",,,제주 제주시 관덕로11길 24,제주 제주시 일도일동 1299-1,,064-756-5224,,33.5152402,126.525688,,,,{},,,"지역화폐 (지류형)
지역화폐 (카드형)
알고 계신 정보와 다른 정보가 있나요?
사진으로 간단하게 제보해 주세요.
정보 수정 제안하기
이용약관고객센터리뷰운영정책신고센터
네이버",,,,,,,,"디스커버리 제주점|등산,아웃도어|제주 제주시 관덕로11길 24|제주 제주시 일도일동 1299-1|064-756-5224|품질이 좋아요|친절해요|종류가 다양해요|매장이 넓어요|분위기가 편안해요|독특한 디자인이 많아요|가성비가 좋아요|스타일 추천을 잘해줘요|트렌디해요","[""디스커버리 제주점"", ""등산,아웃도어"", ""제주 제주시 관덕로11길 24"", ""제주 제주시 일도일동 1299-1"", ""064-756-5224"", ""품질이 좋아요"", ""친절해요"", ""종류가 다양해요"", ""매장이 넓어요"", ""분위기가 편안해요"", ""독특한 디자인이 많아요"", ""가성비가 좋아요"", ""스타일 추천을 잘해줘요"", ""트렌디해요""]","{""name"": [""디스커버리 제주점""], ""category"": [""등산,아웃도어""], ""address"": [""제주 제주시 관덕로11길 24"", ""제주 제주시 일도일동 1299-1""], ""phone"": [""064-756-5224""], ""visitor_keywords"": [""품질이 좋아요"", ""친절해요"", ""종류가 다양해요"", ""매장이 넓어요"", ""분위기가 편안해요"", ""독특한 디자인이 많아요"", ""가성비가 좋아요"", ""스타일 추천을 잘해줘요"", ""트렌디해요""]}",https://naver.me/565p5hRw,,,,"[{""keyword"": ""품질이 좋아요"", ""count"": ""30""}, {""keyword"": ""친절해요"", ""count"": ""27""}, {""keyword"": ""종류가 다양해요"", ""count"": ""16""}, {""keyword"": ""매장이 넓어요"", ""count"": ""14""}, {""keyword"": ""분위기가 편안해요"", ""count"": ""5""}, {""keyword"": ""독특한 디자인이 많아요"", ""count"": ""4""}, {""keyword"": ""가성비가 좋아요"", ""count"": ""4""}, {""keyword"": ""스타일 추천을 잘해줘요"", ""count"": ""3""}, {""keyword"": ""트렌디해요"", ""count"": ""1""}]","[{""title"": ""결제수단"", ""body"": ""지역화폐 (지류형)\n지역화폐 (카드형)\n알고 계신 정보와 다른 정보가 있나요?\n사진으로 간단하게 제보해 주세요.\n정보 수정 제안하기\n이용약관고객센터리뷰운영정책신고센터\n네이버""}]"
26,26,아이더 제주점,쇼핑,제주 제주시 중앙로 49 1층,,33.5138238,126.5248859,0507-1407-5994,,https://naver.me/GtURzXzG,395-86-02778,칠성로,success,1_naver_link,naver_link place_id=1627607895,5.6,naver_place,https://map.naver.com/p/entry/place/1627607895,https://map.naver.com/p/entry/place/1627607895,https://pcmap.place.naver.com/place/1627607895/home,1627607895,아이더 제주점,"등산,아웃도어",,,제주 제주시 중앙로 49 1층,제주 제주시 일도일동 1368-1,,,,33.5138299,126.5248264,10:30에 영업 시작,영업 전,,{},영업 전10:30에 영업 시작,단체 이용 가능|주차,"안녕하세요 ㅎㅎ 아이더 제주점 입니다 :)
제주도 유일한 상설 복합 매장입니다 .
1층 정상 ( 신상 ) 제품 2층 상설 ( 이월 ) 제품 으로 다양하게 준비되어 있습니다 ㅎㅎ
단체건 문의 환영입니다 : ) 가격 할인 또한 추가적으로 가능합니다 ㅎㅎ

많은 문의 부탁드립니다 ^^",,,,,,,,"아이더 제주점|등산,아웃도어|제주 제주시 중앙로 49 1층|제주 제주시 일도일동 1368-1|10:30에 영업 시작|단체 이용 가능|주차|품질이 좋아요|친절해요|가성비가 좋아요|종류가 다양해요|독특한 디자인이 많아요|스타일 추천을 잘해줘요|분위기가 편안해요|주차하기 편해요|사이즈가 다양해요|트렌디해요","[""아이더 제주점"", ""등산,아웃도어"", ""제주 제주시 중앙로 49 1층"", ""제주 제주시 일도일동 1368-1"", ""10:30에 영업 시작"", ""단체 이용 가능"", ""주차"", ""품질이 좋아요"", ""친절해요"", ""가성비가 좋아요"", ""종류가 다양해요"", ""독특한 디자인이 많아요"", ""스타일 추천을 잘해줘요"", ""분위기가 편안해요"", ""주차하기 편해요"", ""사이즈가 다양해요"", ""트렌디해요""]","{""name"": [""아이더 제주점""], ""category"": [""등산,아웃도어""], ""address"": [""제주 제주시 중앙로 49 1층"", ""제주 제주시 일도일동 1368-1""], ""hours"": [""10:30에 영업 시작""], ""conveniences"": [""단체 이용 가능"", ""주차""], ""visitor_keywords"": [""품질이 좋아요"", ""친절해요"", ""가성비가 좋아요"", ""종류가 다양해요"", ""독특한 디자인이 많아요"", ""스타일 추천을 잘해줘요"", ""분위기가 편안해요"", ""주차하기 편해요"", ""사이즈가 다양해요"", ""트렌디해요""]}",https://naver.me/GtURzXzG,,"[""아이더 제주점\nEVENT신규회원가입 프로모션 진행중입니다\n신규가입하시는 고객님들 10%우대,마일리지 5%적립\n가입당월 1회 100만원 한도 할인쿠폰(정상상품)\n신규1월고객님들 구매시 마일리지 10,000점 지급\n더보기\n기간\n2024.02.01. ~ 2024.02.29.\n좋아요\n2024.02.01.\n2024년 2월 1일""]",,"[{""keyword"": ""품질이 좋아요"", ""count"": ""14""}, {""keyword"": ""친절해요"", ""count"": ""10""}, {""keyword"": ""가성비가 좋아요"", ""count"": ""5""}, {""keyword"": ""종류가 다양해요"", ""count"": ""4""}, {""keyword"": ""독특한 디자인이 많아요"", ""count"": ""2""}, {""keyword"": ""스타일 추천을 잘해줘요"", ""count"": ""2""}, {""keyword"": ""분위기가 편안해요"", ""count"": ""1""}, {""keyword"": ""주차하기 편해요"", ""count"": ""1""}, {""keyword"": ""사이즈가 다양해요"", ""count"": ""1""}, {""keyword"": ""트렌디해요"", ""count"": ""1""}]","[{""title"": ""소개"", ""body"": ""안녕하세요 ㅎㅎ 아이더 제주점 입니다 :)\n제주도 유일한 상설 복합 매장입니다 .\n1층 정상 ( 신상 ) 제품 2층 상설 ( 이월 ) 제품 으로 다양하게 준비되어 있습니다 ㅎㅎ\n단체건 문의 환영입니다 : ) 가격 할인 또한 추가적으로 가능합니다 ㅎㅎ\n\n많은 문의 부탁드립니다 ^^""}, {""title"": ""대표 키워드"", ""body"": ""등산아웃도어단체복칠성로중앙로""}, {""title"": ""편의시설 및 서비스"", ""body"": ""단체 이용 가능\n출입구 휠체어 이용가능""}, {""title"": ""주차"", ""body"": ""주차가능\n무료\n저희 매장 앞에 3대 정도는 주차가능하시고 아니시면 근처 탑동광장쪽이나 근처 공용주차장시설을 이용하셔야 합니다""}, {""title"": ""결제수단"", ""body"": ""제로페이\n알고 계신 정보와 다른 정보가 있나요?\n사진으로 간단하게 제보해 주세요.\n정보 수정 제안하기\n이용약관고객센터리뷰운영정책신고센터\n네이버""}]"
27,27,루스트플레이스 칠성로점,음식점,제주 제주시 중앙로7길 3 명전빌딩2층,,33.5149987,126.5253102,064-752-9008,,https://naver.me/xRhO0ct2,888-79-00046,칠성로,success,1_naver_link,naver_link place_id=38232952,3.0,naver_place,https://map.naver.com/p/entry/place/38232952,https://map.naver.com/p/entry/place/38232952,https://pcmap.place.naver.com/place/38232952/home,38232952,루스트플레이스 칠성로점,패밀리레스토랑,,,제주 제주시 중앙로7길 3 명전빌딩2층,제주 제주시 일도1동 1298-27,제주시 일도1동 1298-6 (랜드로바2F) | 칠성로 스타일도시(비버리힐스) 북쪽 맞은편에 있습니다.,064-752-9008,,33.5149959,126.5253429,월 11:00 - 21:00,영업 전,20:00 라스트오더 | 가게사정에따라 오더마감 시간이 변동될수있습니다,"{""목"": {""open"": ""11:00 - 21:00""}, ""금"": {""open"": ""11:00 - 21:00""}, ""토"": {""open"": ""11:00 - 21:00""}, ""일"": {""open"": ""11:00 - 21:00""}, ""월"": {""open"": ""11:00 - 21:00""}, ""화"": {""open"": ""11:00 - 21:00""}, ""수"": {""open"": ""11:00 - 21:00""}}",영업 전 | 11:00에 영업 시작 | 11시 0분에 영업 시작 | 목 | 11:00 - 21:00 | 20:00 라스트오더 | 금 | 11:00 - 21:00 | 20:00 라스트오더 | 토 | 11:00 - 21:00 | 20:00 라스트오더 | 일 | 11:00 - 21:00 | 20:00 라스트오더 | 월 | 11:00 - 21:00 | 20:00 라스트오더 | 화 | 11:00 - 21:00 | 20:00 라스트오더 | 수 | 11:00 - 21:00 | 20:00 라스트오더 | 09/25 추석 휴무 | - 가게사정에따라 오더마감 시간이 변동될수있습니다 | 접기,예약|단체 이용 가능|무선 인터넷|남/녀 화장실 구분|포장|배달|유아의자,제주도만의 특성화된 경양식 레스토랑 루스트플레이스 칠성로점입니다.,"사용자 리뷰를 요약해 드립니다. |  | 루스트플레이스 칠성로점은 편안한 분위기에서 다양한 메뉴를 즐길 수 있는 레스토랑입니다. | 딸기쥬냥 | BBQ와 고르곤졸라 피자 등 메뉴가 신선하고 맛있으며, 가성비가 좋아 가족이나 친구들과 함께 방문하기 좋습니다. | krkim8042 | +1 | 사장님과 직원들이 친절하여 기분 좋은 식사를 할 수 있으며, 양도 푸짐해 만족도가 높습니다. | 소시맘마미아 | +2",,,,,,"까르보나라|제주 흑돼지 돈가스|패션후르츠에이드|자몽에이드|애플망고에이드|블루레몬에이드|쏘맥|생맥주|커스텀세트2|커스텀세트1|패밀리세트|엄빠세트|콰트로피자|페퍼로니|석쇠불고기피자|등갈비BBQ|치킨찹스테이크|비프찹스테이크|수제함박스테이크|제주산생등심두배돈가스|제주산생등심치즈돈가스|우삼겹덮밥|크림카레라이스|카레라이스|쭈삼덮밥|해산물볶음밥|치킨찹스테이크파스타(라구,까르보,로제|비프스테이크파스타(라구,까르보.로제)|시그니쳐로제파스타|크림짬뽕파스타|바질크림파스타|나폴리탄 파스타|마늘쫑우삼겹알리오올리오파스타|알리 오올리오파스타|국물봉골레파스타|루짬뽕파스타|빠네|라구파스타|오리엔탈 치킨 샐러드|트러플오일 머쉬룸 샐러드","루스트플레이스 칠성로점|패밀리레스토랑|제주 제주시 중앙로7길 3 명전빌딩2층|제주 제주시 일도1동 1298-27|064-752-9008|월 11:00 - 21:00|까르보나라|제주 흑돼지 돈가스|패션후르츠에이드|자몽에이드|애플망고에이드|블루레몬에이드|쏘맥|생맥주|커스텀세트2|커스텀세트1|패밀리세트|엄빠세트|콰트로피자|페퍼로니|석쇠불고기피자|등갈비BBQ|치킨찹스테이크|비프찹스테이크|수제함박스테이크|제주산생등심두배돈가스|제주산생등심치즈돈가스|우삼겹덮밥|크림카레라이스|카레라이스|쭈삼덮밥|해산물볶음밥|치킨찹스테이크파스타(라구,까르보,로제|비프스테이크파스타(라구,까르보.로제)|시그니쳐로제파스타|크림짬뽕파스타|바질크림파스타|나폴리탄 파스타|마늘쫑우삼겹알리오올리오파스타|알리 오올리오파스타|국물봉골레파스타|루짬뽕파스타|빠네|라구파스타|오리엔탈 치킨 샐러드|트러플오일 머쉬룸 샐러드|단체 이용 가능|무선 인터넷|남/녀 화장실 구분|포장|배달|유아의자|음식이 맛있어요|가성비가 좋아요|매장이 넓어요|친절해요|양이 많아요|단체모임 하기 좋아요|재료가 신선해요|인테리어가 멋져요|특별한 메뉴가 있어요|매장이 청결해요","[""루스트플레이스 칠성로점"", ""패밀리레스토랑"", ""제주 제주시 중앙로7길 3 명전빌딩2층"", ""제주 제주시 일도1동 1298-27"", ""064-752-9008"", ""월 11:00 - 21:00"", ""까르보나라"", ""제주 흑돼지 돈가스"", ""패션후르츠에이드"", ""자몽에이드"", ""애플망고에이드"", ""블루레몬에이드"", ""쏘맥"", ""생맥주"", ""커스텀세트2"", ""커스텀세트1"", ""패밀리세트"", ""엄빠세트"", ""콰트로피자"", ""페퍼로니"", ""석쇠불고기피자"", ""등갈비BBQ"", ""치킨찹스테이크"", ""비프찹스테이크"", ""수제함박스테이크"", ""제주산생등심두배돈가스"", ""제주산생등심치즈돈가스"", ""우삼겹덮밥"", ""크림카레라이스"", ""카레라이스"", ""쭈삼덮밥"", ""해산물볶음밥"", ""치킨찹스테이크파스타(라구,까르보,로제"", ""비프스테이크파스타(라구,까르보.로제)"", ""시그니쳐로제파스타"", ""크림짬뽕파스타"", ""바질크림파스타"", ""나폴리탄 파스타"", ""마늘쫑우삼겹알리오올리오파스타"", ""알리 오올리오파스타"", ""국물봉골레파스타"", ""루짬뽕파스타"", ""빠네"", ""라구파스타"", ""오리엔탈 치킨 샐러드"", ""트러플오일 머쉬룸 샐러드"", ""단체 이용 가능"", ""무선 인터넷"", ""남/녀 화장실 구분"", ""포장"", ""배달"", ""유아의자"", ""음식이 맛있어요"", ""가성비가 좋아요"", ""매장이 넓어요"", ""친절해요"", ""양이 많아요"", ""단체모임 하기 좋아요"", ""재료가 신선해요"", ""인테리어가 멋져요"", ""특별한 메뉴가 있어요"", ""매장이 청결해요""]","{""name"": [""루스트플레이스 칠성로점""], ""category"": [""패밀리레스토랑""], ""address"": [""제주 제주시 중앙로7길 3 명전빌딩2층"", ""제주 제주시 일도1동 1298-27""], ""phone"": [""064-752-9008""], ""hours"": [""월 11:00 - 21:00""], ""menus"": [""까르보나라"", ""제주 흑돼지 돈가스"", ""패션후르츠에이드"", ""자몽에이드"", ""애플망고에이드"", ""블루레몬에이드"", ""쏘맥"", ""생맥주"", ""커스텀세트2"", ""커스텀세트1"", ""패밀리세트"", ""엄빠세트"", ""콰트로피자"", ""페퍼로니"", ""석쇠불고기피자"", ""등갈비BBQ"", ""치킨찹스테이크"", ""비프찹스테이크"", ""수제함박스테이크"", ""제주산생등심두배돈가스"", ""제주산생등심치즈돈가스"", ""우삼겹덮밥"", ""크림카레라이스"", ""카레라이스"", ""쭈삼덮밥"", ""해산물볶음밥"", ""치킨찹스테이크파스타(라구,까르보,로제"", ""비프스테이크파스타(라구,까르보.로제)"", ""시그니쳐로제파스타"", ""크림짬뽕파스타"", ""바질크림파스타"", ""나폴리탄 파스타"", ""마늘쫑우삼겹알리오올리오파스타"", ""알리 오올리오파스타"", ""국물봉골레파스타"", ""루짬뽕파스타"", ""빠네"", ""라구파스타"", ""오리엔탈 치킨 샐러드"", ""트러플오일 머쉬룸 샐러드""], ""conveniences"": [""단체 이용 가능"", ""무선 인터넷"", ""남/녀 화장실 구분"", ""포장"", ""배달"", ""유아의자""], ""visitor_keywords"": [""음식이 맛있어요"", ""가성비가 좋아요"", ""매장이 넓어요"", ""친절해요"", ""양이 많아요"", ""단체모임 하기 좋아요"", ""재료가 신선해요"", ""인테리어가 멋져요"", ""특별한 메뉴가 있어요"", ""매장이 청결해요""]}",https://naver.me/xRhO0ct2,,,,"[{""keyword"": ""음식이 맛있어요"", ""count"": ""138""}, {""keyword"": ""가성비가 좋아요"", ""count"": ""120""}, {""keyword"": ""매장이 넓어요"", ""count"": ""103""}, {""keyword"": ""친절해요"", ""count"": ""74""}, {""keyword"": ""양이 많아요"", ""count"": ""45""}, {""keyword"": ""단체모임 하기 좋아요"", ""count"": ""34""}, {""keyword"": ""재료가 신선해요"", ""count"": ""32""}, {""keyword"": ""인테리어가 멋져요"", ""count"": ""30""}, {""keyword"": ""특별한 메뉴가 있어요"", ""count"": ""26""}, {""keyword"": ""매장이 청결해요"", ""count"": ""23""}]","[{""title"": ""소개"", ""body"": ""제주도만의 특성화된 경양식 레스토랑 루스트플레이스 칠성로점입니다.""}, {""title"": ""편의시설 및 서비스"", ""body"": ""예약\n단체 이용 가능\n무선 인터넷\n남/녀 화장실 구분\n포장\n배달\n유아의자""}, {""title"": ""주차"", ""body"": ""주차 불가""}, {""title"": ""결제수단"", ""body"": ""제로페이\n알고 계신 정보와 다른 정보가 있나요?\n사진으로 간단하게 제보해 주세요.\n정보 수정 제안하기\n이용약관고객센터리뷰운영정책신고센터\n네이버""}]"
28,28,르꼬끄스포르티브 칠성로점,쇼핑,제주 제주시 중앙로7길 9 1층,,33.5150208,126.5257022,0507-1464-1429,,https://naver.me/FetNsaZ5,107-31-65953,칠성로,success,1_naver_link,naver_link place_id=1327505807,7.0,naver_place,https://map.naver.com/p/entry/place/1327505807,https://map.naver.com/p/entry/place/1327505807,https://pcmap.place.naver.com/place/1327505807/home,1327505807,르꼬끄스포르티브 칠성로점,스포츠용품,,,제주 제주시 중앙로7길 9 1층,제주 제주시 일도일동 1299-8,,,,33.5149596,126.5257206,10:30에 영업 시작,영업 전,,{},영업 전10:30에 영업 시작,배달|반려동물 동반|단체 이용 가능|무선 인터넷|예약|포장|주차,"지역화폐 (지류형)
지역화폐 (카드형)
제로페이
알고 계신 정보와 다른 정보가 있나요?
사진으로 간단하게 제보해 주세요.
정보 수정 제안하기
이용약관고객센터리뷰운영정책신고센터
네이버",,,,,,,,르꼬끄스포르티브 칠성로점|스포츠용품|제주 제주시 중앙로7길 9 1층|제주 제주시 일도일동 1299-8|10:30에 영업 시작|배달|반려동물 동반|단체 이용 가능|무선 인터넷|포장|주차|안내|방문 키워드 통계 그래프 예시입니다.|현재 2명 참여|10명 이상 참여하면|방문 키워드 통계가 공개됩니다!|최신순|코코 맘맘|팔로우|종류가 다양해요|친절해요|분위기가 편안해요|반응 남기기|방문일|25.6.11.수|2025년 6월 11일 수요일|1번째 방문|인증 수단|영수증|수호천사239,"[""르꼬끄스포르티브 칠성로점"", ""스포츠용품"", ""제주 제주시 중앙로7길 9 1층"", ""제주 제주시 일도일동 1299-8"", ""10:30에 영업 시작"", ""배달"", ""반려동물 동반"", ""단체 이용 가능"", ""무선 인터넷"", ""포장"", ""주차"", ""안내"", ""방문 키워드 통계 그래프 예시입니다."", ""현재 2명 참여"", ""10명 이상 참여하면"", ""방문 키워드 통계가 공개됩니다!"", ""최신순"", ""코코 맘맘"", ""팔로우"", ""종류가 다양해요"", ""친절해요"", ""분위기가 편안해요"", ""반응 남기기"", ""방문일"", ""25.6.11.수"", ""2025년 6월 11일 수요일"", ""1번째 방문"", ""인증 수단"", ""영수증"", ""수호천사239""]","{""name"": [""르꼬끄스포르티브 칠성로점""], ""category"": [""스포츠용품""], ""address"": [""제주 제주시 중앙로7길 9 1층"", ""제주 제주시 일도일동 1299-8""], ""hours"": [""10:30에 영업 시작""], ""conveniences"": [""배달"", ""반려동물 동반"", ""단체 이용 가능"", ""무선 인터넷"", ""포장"", ""주차""], ""visitor_keywords"": [""안내"", ""방문 키워드 통계 그래프 예시입니다."", ""현재 2명 참여"", ""10명 이상 참여하면"", ""방문 키워드 통계가 공개됩니다!"", ""최신순"", ""코코 맘맘"", ""팔로우"", ""종류가 다양해요"", ""친절해요"", ""분위기가 편안해요"", ""반응 남기기"", ""방문일"", ""25.6.11.수"", ""2025년 6월 11일 수요일"", ""1번째 방문"", ""인증 수단"", ""영수증"", ""수호천사239""]}",https://naver.me/FetNsaZ5,,,,"[""안내"", ""방문 키워드 통계 그래프 예시입니다."", ""현재 2명 참여"", ""10명 이상 참여하면"", ""방문 키워드 통계가 공개됩니다!"", ""최신순"", ""코코 맘맘"", ""팔로우"", ""종류가 다양해요"", ""친절해요"", ""분위기가 편안해요"", ""반응 남기기"", ""방문일"", ""25.6.11.수"", ""2025년 6월 11일 수요일"", ""1번째 방문"", ""인증 수단"", ""영수증"", ""수호천사239""]","[{""title"": ""대표 키워드"", ""body"": ""제주테니스화제주테니스르꼬끄테니스""}, {""title"": ""편의시설 및 서비스"", ""body"": ""배달\n단체 이용 가능\n무선 인터넷\n예약\n포장""}, {""title"": ""반려동물 동반"", ""body"": ""반려동물 동반 가능""}, {""title"": ""주차"", ""body"": ""주차가능\n무료\n매장 입구 동쪽(르꼬끄와 CNN어패럴 사이)에 지하주차장 입구가 있습니다.""}, {""title"": ""결제수단"", ""body"": ""지역화폐 (지류형)\n지역화폐 (카드형)\n제로페이\n알고 계신 정보와 다른 정보가 있나요?\n사진으로 간단하게 제보해 주세요.\n정보 수정 제안하기\n이용약관고객센터리뷰운영정책신고센터\n네이버""}]"
29,29,리바이스 구제주점,쇼핑,제주 제주시 중앙로7길 1,,33.5150369,126.5250514,,,https://naver.me/FfB8Q729,220-20-00766,칠성로,success,1_naver_link,naver_link place_id=1149546965,9.8,naver_place,https://map.naver.com/p/entry/place/1149546965,https://map.naver.com/p/entry/place/1149546965,https://pcmap.place.naver.com/place/1149546965/home,1149546965,리바이스 구제주점,캐주얼웨어,,,제주 제주시 중앙로7길 1,제주 제주시 일도일동 1298-13,,,,33.5149493,126.5250622,,,,{},,,"안내
17회16명 참여
""품질이 좋아요""
이 키워드를 선택한 인원
13
""종류가 다양해요""
이 키워드를 선택한 인원
9
""스타일 추천을 잘해줘요""
이 키워드를 선택한 인원
6
""친절해요""
이 키워드를 선택한 인원
5
""가성비가 좋아요""
이 키워드를 선택한 인원
5
더보기",,,,,,,,리바이스 구제주점|캐주얼웨어|제주 제주시 중앙로7길 1|제주 제주시 일도일동 1298-13|품질이 좋아요|종류가 다양해요|스타일 추천을 잘해줘요|친절해요|가성비가 좋아요|독특한 디자인이 많아요|분위기가 편안해요|매장이 넓어요|시설이 깔끔해요|사이즈가 다양해요,"[""리바이스 구제주점"", ""캐주얼웨어"", ""제주 제주시 중앙로7길 1"", ""제주 제주시 일도일동 1298-13"", ""품질이 좋아요"", ""종류가 다양해요"", ""스타일 추천을 잘해줘요"", ""친절해요"", ""가성비가 좋아요"", ""독특한 디자인이 많아요"", ""분위기가 편안해요"", ""매장이 넓어요"", ""시설이 깔끔해요"", ""사이즈가 다양해요""]","{""name"": [""리바이스 구제주점""], ""category"": [""캐주얼웨어""], ""address"": [""제주 제주시 중앙로7길 1"", ""제주 제주시 일도일동 1298-13""], ""visitor_keywords"": [""품질이 좋아요"", ""종류가 다양해요"", ""스타일 추천을 잘해줘요"", ""친절해요"", ""가성비가 좋아요"", ""독특한 디자인이 많아요"", ""분위기가 편안해요"", ""매장이 넓어요"", ""시설이 깔끔해요"", ""사이즈가 다양해요""]}",https://naver.me/FfB8Q729,,,,"[{""keyword"": ""품질이 좋아요"", ""count"": ""13""}, {""keyword"": ""종류가 다양해요"", ""count"": ""9""}, {""keyword"": ""스타일 추천을 잘해줘요"", ""count"": ""6""}, {""keyword"": ""친절해요"", ""count"": ""5""}, {""keyword"": ""가성비가 좋아요"", ""count"": ""5""}, {""keyword"": ""독특한 디자인이 많아요"", ""count"": ""3""}, {""keyword"": ""분위기가 편안해요"", ""count"": ""2""}, {""keyword"": ""매장이 넓어요"", ""count"": ""2""}, {""keyword"": ""시설이 깔끔해요"", ""count"": ""1""}, {""keyword"": ""사이즈가 다양해요"", ""count"": ""1""}]","[{""title"": ""이런 점이 좋았어요"", ""body"": ""안내\n17회16명 참여\n\""품질이 좋아요\""\n이 키워드를 선택한 인원\n13\n\""종류가 다양해요\""\n이 키워드를 선택한 인원\n9\n\""스타일 추천을 잘해줘요\""\n이 키워드를 선택한 인원\n6\n\""친절해요\""\n이 키워드를 선택한 인원\n5\n\""가성비가 좋아요\""\n이 키워드를 선택한 인원\n5\n더보기""}, {""title"": ""사진·영상 리뷰"", ""body"": """"}, {""title"": ""리뷰24"", ""body"": ""안내\n사진/영상 리뷰만\n최신순\n리뷰 제공 기준\n리뷰 클렌징 시스템 작동중입니다\n민이근이엄마\n리뷰 2,028사진 1,675\n팔로우\n좋아요\n품질이 좋아요\n종류가 다양해요\n독특한 디자인이 많아요\n매장이 넓어요\n스타일 추천을 잘해줘요\n반응 남기기\n방문일\n3.12.목\n2026년 3월 12일 목요일\n1번째 방문\n인증 수단\n영수증\n술푸데기햇살씨\n리뷰 2,536사진 5,712팔로워 47\n팔로우\n30퍼 세일중이라 제품 구매하기 좋아요~\n품질이 좋아요\n가성비가 좋아요\n분위기가 편안해요\n친절해요\n반응 남기기\n방문일\n25.12.25.목\n2025년 12월 25일 목요일\n1번째 방문\n인증 수단\n영수증\nhanhea0613\n리뷰 264사진 6\n팔로우\n청바지는 리바이스~~~\n가성비가 좋아요\n반응 남기기\n방문일\n25.10.24.금\n2025년 10월 24일 금요일\n1번째 방문\n인증 수단\n결제내역\n율리마미47\n리뷰 22사진 32\n팔로우\n상품도 이쁘고 매장 직원분도 친절해요\n친절해요\n품질이 좋아요\n종류가 다양해요\n반응 남기기\n방문일\n24.10.18.금\n2024년 10월 18일 금요일\n1번째 방문\n인증 수단\n결제내역\nlove jj16\n리뷰 651사진 1,880팔로워 31\n팔로우\n바람막이자켓을찾아\n이리저리 돌다가 리바이스에갔는데\n리바이스는당연 그런옷은없고.\n구경하기도 너무조용해서불편.\n티를두개나샀는데 허접한 종이가방에담아주는\n직원님....ㅋㅋㅋㅋ 얇고 무늬없는종이가방이라\n집에오다 비가왔는데 다젖음.🤣🤣🤣\n티셔츠사는손님은 안좋아하시나봐요?!\n살다살다이런 리뷰는처음이네요.\n개인적으로 리바이스옷좋아하는데 여기는다시오고싶지않음 ㅋㅋㅋㅋ\n더보기\n반응 남기기\n방문일\n24.6.22.토\n2024년 6월 22일 토요일\n1번째 방문\n인증 수단\n영수증\n까탈스러운 입맛\n리뷰 1,031사진 1,075팔로워 13테마 1\n팔로우\n아주 이쁜 연청 잘샀어요~~~\n품질이 좋아요\n반응 남기기\n방문일\n24.6.13.목\n2024년 6월 13일 목요일\n1번째 방문\n인증 수단\n영수증\n887294\n리뷰 330사진 279\n팔로우\n세일해서 잘샀어요.\n가성비가 좋아요\n종류가 다양해요\n독특한 디자인이 많아요\n반응 남기기\n방문일\n24.5.8.수\n2024년 5월 8일 수요일\n1번째 방문\n인증 수단\n영수증\n꼬정37\n리뷰 237사진 367\n팔로우\n어제 구입 후 마음에 들어 같은 디자인 컬러만 다르게 또 구매했어요.\n친절해요\n스타일 추천을 잘해줘요\n품질이 좋아요\n종류가 다양해요\n사이즈가 다양해요\n반응 남기기\n방문일\n24.5.2.목\n2024년 5월 2일 목요일\n2번째 방문\n인증 수단\n영수증\n꼬정37\n리뷰 237사진 367\n팔로우\n원하는 제품 다양하게 입어볼수있게 친절하게 도와주시고 스타일 추천도 잘해주셔서 더 기분좋게 구매할 수 있었습니다.\n품질이 좋아요\n가성비가 좋아요\n종류가 다양해요\n친절해요\n스타일 추천을 잘해줘요\n반응 남기기\n방문일\n24.5.1.수\n2024년 5월 1일 수요일\n1번째 방문\n인증 수단\n영수증\nkim****\n리뷰 1,581사진 1,024\n팔로우\n남편이 직원때문에 화났습니다 ㅠㅠ\n반응 남기기\n방문일\n23.10.27.금\n2023년 10월 27일 금요일\n1번째 방문\n인증 수단\n결제내역\n펼쳐서 더보기""}, {""title"": ""키워드·별점 리뷰11"", ""body"": ""어쩐지좋은일이생길것같은저녁\n리뷰 433사진 33팔로워 3\n팔로우\n품질이 좋아요\n종류가 다양해요\n시설이 깔끔해요\n반응 남기기\n방문일\n25.1.9.목\n2025년 1월 9일 목요일\n1번째 방문\n인증 수단\n영수증\nDelsan\n리뷰 483사진 37\n팔로우\n품질이 좋아요\n반응 남기기\n방문일\n24.7.25.목\n2024년 7월 25일 목요일\n1번째 방문\n인증 수단\n영수증\n앙겔로스56\n리뷰 1,326사진 105\n팔로우\n품질이 좋아요\n가성비가 좋아요\n종류가 다양해요\n반응 남기기\n방문일\n24.1.16.화\n2024년 1월 16일 화요일\n1번째 방문\n인증 수단\n영수증\ntem****\n리뷰 383사진 25\n팔로우\n독특한 디자인이 많아요\n반응 남기기\n방문일\n23.9.27.수\n2023년 9월 27일 수요일\n2번째 방문\n인증 수단\n영수증\n사무엘짱\n리뷰 589사진 47\n팔로우\n품질이 좋아요\n스타일 추천을 잘해줘요\n반응 남기기\n방문일\n23.9.3.일\n2023년 9월 3일 일요일\n1번째 방문\n인증 수단\n영수증\nrla****\n리뷰 611사진 25\n팔로우\n종류가 다양해요\n반응 남기기\n방문일\n23.1.18.수\n2023년 1월 18일 수요일\n1번째 방문\n인증 수단\n영수증\n사탕별55\n리뷰 2,137사진 874\n팔로우\n별점\n4\n점\n반응 남기기\n방문일\n21.9.18.토\n2021년 9월 18일 토요일\n1번째 방문\n인증 수단\n영수증\nzxcv3336\n리뷰 259사진 20\n팔로우\n별점\n5\n점\n반응 남기기\n방문일\n21.6.7.월\n2021년 6월 7일 월요일\n1번째 방문\n인증 수단\n영수증\n탑동사람\n리뷰 754사진 18\n팔로우\n별점\n5\n점\n반응 남기기\n방문일\n21.5.29.토\n2021년 5월 29일 토요일\n1번째 방문\n인증 수단\n영수증\njinsun740809\n리뷰 370\n팔로우\n별점\n3\n점\n반응 남기기\n방문일\n21.5.5.수\n2021년 5월 5일 수요일\n1번째 방문\n인증 수단\n영수증\n펼쳐서 더보기\n이용약관고객센터리뷰운영정책신고센터\n네이버""}]"
30,30,리복 제주점,쇼핑,제주 제주시 관덕로11길 4-1 리복,,33.5135161,126.5256784,0507-1402-3135,,https://naver.me/GagTeJEl,650-18-01212,칠성로,success,1_naver_link,naver_link place_id=1011823031,0.7,naver_place,https://map.naver.com/p/entry/place/1011823031,https://map.naver.com/p/entry/place/1011823031,https://pcmap.place.naver.com/place/1011823031/home,1011823031,리복 제주점,스포츠용품,,,제주 제주시 관덕로11길 4-1 리복,제주 제주시 일도일동 1465-3,금강제화 혹은 스타벅스 건물 안으로 20미터 정도 들어오시면 있습니다!앞에는 폴더 옆에는 abc마트가 있습니다.,0507-1402-3135,,33.513514,126.525671,월 11:00 - 21:00,영업 전,,"{""목"": {""open"": ""11:00 - 21:00""}, ""금"": {""open"": ""11:00 - 21:00""}, ""토"": {""open"": ""11:00 - 21:00""}, ""일"": {""open"": ""11:00 - 21:00""}, ""월"": {""open"": ""11:00 - 21:00""}, ""화"": {""open"": ""11:00 - 21:00""}, ""수"": {""open"": ""11:00 - 21:00""}}",영업 전 | 11:00에 영업 시작 | 11시 0분에 영업 시작 | 목 | 11:00 - 21:00 | 금 | 11:00 - 21:00 | 토 | 11:00 - 21:00 | 일 | 11:00 - 21:00 | 월 | 11:00 - 21:00 | 화 | 11:00 - 21:00 | 수 | 11:00 - 21:00 | 접기,무선 인터넷|단체 이용 가능|대기공간|유아의자|예약|간편결제|주차,제주 칠성로 입구 부근 금강제화 로부터 30M 정도 가량 들어오시면 위치해있습니다! 앞에는 폴더 매장이 있구요 바로옆에는 ABC마트와 노스페이스가 있습니다.,,,,,,,트리니티|나노x5|클럽c 빈티지,리복 제주점|스포츠용품|제주 제주시 관덕로11길 4-1 리복|제주 제주시 일도일동 1465-3|0507-1402-3135|월 11:00 - 21:00|트리니티|나노x5|클럽c 빈티지|무선 인터넷|단체 이용 가능|대기공간|유아의자|간편결제|주차|친절해요|품질이 좋아요|종류가 다양해요|매장이 넓어요|시설이 깔끔해요|특색 있는 제품이 많아요|가성비가 좋아요|분위기가 편안해요,"[""리복 제주점"", ""스포츠용품"", ""제주 제주시 관덕로11길 4-1 리복"", ""제주 제주시 일도일동 1465-3"", ""0507-1402-3135"", ""월 11:00 - 21:00"", ""트리니티"", ""나노x5"", ""클럽c 빈티지"", ""무선 인터넷"", ""단체 이용 가능"", ""대기공간"", ""유아의자"", ""간편결제"", ""주차"", ""친절해요"", ""품질이 좋아요"", ""종류가 다양해요"", ""매장이 넓어요"", ""시설이 깔끔해요"", ""특색 있는 제품이 많아요"", ""가성비가 좋아요"", ""분위기가 편안해요""]","{""name"": [""리복 제주점""], ""category"": [""스포츠용품""], ""address"": [""제주 제주시 관덕로11길 4-1 리복"", ""제주 제주시 일도일동 1465-3""], ""phone"": [""0507-1402-3135""], ""hours"": [""월 11:00 - 21:00""], ""menus"": [""트리니티"", ""나노x5"", ""클럽c 빈티지""], ""conveniences"": [""무선 인터넷"", ""단체 이용 가능"", ""대기공간"", ""유아의자"", ""간편결제"", ""주차""], ""visitor_keywords"": [""친절해요"", ""품질이 좋아요"", ""종류가 다양해요"", ""매장이 넓어요"", ""시설이 깔끔해요"", ""특색 있는 제품이 많아요"", ""가성비가 좋아요"", ""분위기가 편안해요""]}",https://naver.me/GagTeJEl,,,,"[{""keyword"": ""친절해요"", ""count"": ""9""}, {""keyword"": ""품질이 좋아요"", ""count"": ""5""}, {""keyword"": ""종류가 다양해요"", ""count"": ""5""}, {""keyword"": ""매장이 넓어요"", ""count"": ""4""}, {""keyword"": ""시설이 깔끔해요"", ""count"": ""3""}, {""keyword"": ""특색 있는 제품이 많아요"", ""count"": ""3""}, {""keyword"": ""가성비가 좋아요"", ""count"": ""2""}, {""keyword"": ""분위기가 편안해요"", ""count"": ""1""}]","[{""title"": ""소개"", ""body"": ""제주 칠성로 입구 부근 금강제화 로부터 30M 정도 가량 들어오시면 위치해있습니다! 앞에는 폴더 매장이 있구요 바로옆에는 ABC마트와 노스페이스가 있습니다.""}, {""title"": ""대표 키워드"", ""body"": ""스포츠의류신발운동화바람막이패딩""}, {""title"": ""편의시설 및 서비스"", ""body"": ""무선 인터넷\n단체 이용 가능\n대기공간\n유아의자\n예약""}, {""title"": ""주차"", ""body"": ""주차가능\n유료\n최초 30분 무료\n추가 요금 60분당 2,000원, 최대 2,000원\n인근 공영주차장 주차 가능합니다. 해바라기 혹은 마트로주차장 치시고 오시면 편하게 오실수있어요!""}, {""title"": ""결제수단"", ""body"": ""지역화폐 (지류형)\n지역화폐 (카드형)\n지역화폐 (모바일형)\n제로페이\n간편결제\n알고 계신 정보와 다른 정보가 있나요?\n사진으로 간단하게 제보해 주세요.\n정보 수정 제안하기\n이용약관고객센터리뷰운영정책신고센터\n네이버""}]"
31,31,명동의류제주점,쇼핑,제주 제주시 관덕로13길 1,,33.5133567,126.5257071,064-751-5601,,https://naver.me/5GcGkgq5,802-23-00555,칠성로,success,1_naver_link,naver_link place_id=527022341,7.7,naver_place,https://map.naver.com/p/entry/place/527022341,https://map.naver.com/p/entry/place/527022341,https://pcmap.place.naver.com/place/527022341/home,527022341,명동의류 제주점,보세의류,,,제주 제주시 관덕로13길 1,제주 제주시 일도일동 1464-2,,064-751-5601,,33.5132938,126.5257408,,,,{},,,,,,,,,,,명동의류 제주점|보세의류|제주 제주시 관덕로13길 1|제주 제주시 일도일동 1464-2|064-751-5601|가성비가 좋아요|종류가 다양해요|친절해요|매장이 넓어요|품질이 좋아요|독특한 디자인이 많아요|분위기가 편안해요|스타일 추천을 잘해줘요|사이즈가 다양해요|주차하기 편해요,"[""명동의류 제주점"", ""보세의류"", ""제주 제주시 관덕로13길 1"", ""제주 제주시 일도일동 1464-2"", ""064-751-5601"", ""가성비가 좋아요"", ""종류가 다양해요"", ""친절해요"", ""매장이 넓어요"", ""품질이 좋아요"", ""독특한 디자인이 많아요"", ""분위기가 편안해요"", ""스타일 추천을 잘해줘요"", ""사이즈가 다양해요"", ""주차하기 편해요""]","{""name"": [""명동의류 제주점""], ""category"": [""보세의류""], ""address"": [""제주 제주시 관덕로13길 1"", ""제주 제주시 일도일동 1464-2""], ""phone"": [""064-751-5601""], ""visitor_keywords"": [""가성비가 좋아요"", ""종류가 다양해요"", ""친절해요"", ""매장이 넓어요"", ""품질이 좋아요"", ""독특한 디자인이 많아요"", ""분위기가 편안해요"", ""스타일 추천을 잘해줘요"", ""사이즈가 다양해요"", ""주차하기 편해요""]}",https://naver.me/5GcGkgq5,,,,"[{""keyword"": ""가성비가 좋아요"", ""count"": ""154""}, {""keyword"": ""종류가 다양해요"", ""count"": ""92""}, {""keyword"": ""친절해요"", ""count"": ""58""}, {""keyword"": ""매장이 넓어요"", ""count"": ""58""}, {""keyword"": ""품질이 좋아요"", ""count"": ""49""}, {""keyword"": ""독특한 디자인이 많아요"", ""count"": ""24""}, {""keyword"": ""분위기가 편안해요"", ""count"": ""13""}, {""keyword"": ""스타일 추천을 잘해줘요"", ""count"": ""6""}, {""keyword"": ""사이즈가 다양해요"", ""count"": ""5""}, {""keyword"": ""주차하기 편해요"", ""count"": ""4""}]","[{""title"": ""결제수단"", ""body"": ""제로페이\n알고 계신 정보와 다른 정보가 있나요?\n사진으로 간단하게 제보해 주세요.\n정보 수정 제안하기\n이용약관고객센터리뷰운영정책신고센터\n네이버""}]"
32,32,모라도 제주대리점,쇼핑,제주 제주시 중앙로 40,,33.5147459,126.5244965,064-753-0501,,https://naver.me/5tfr3AuU,616-07-55371,칠성로,success,1_naver_link,naver_link place_id=1798215278,6.1,naver_place,https://map.naver.com/p/entry/place/1798215278,https://map.naver.com/p/entry/place/1798215278,https://pcmap.place.naver.com/place/1798215278/home,1798215278,모라도 제주대리점,정장,,,제주 제주시 중앙로 40,제주 제주시 일도일동 1280-6,,064-753-0501,,33.5147367,126.5245619,,,,{},,,,,,,,,,,모라도 제주대리점|정장|제주 제주시 중앙로 40|제주 제주시 일도일동 1280-6|064-753-0501|안내|방문 키워드 통계 그래프 예시입니다.|현재 3명 참여|10명 이상 참여하면|방문 키워드 통계가 공개됩니다!|최신순|펭귄95|팔로우|친절하셔서 좋아요|품질이 좋아요|가성비가 좋아요|친절해요|반응 남기기|방문일|23.2.8.수|2023년 2월 8일 수요일|1번째 방문|인증 수단|영수증,"[""모라도 제주대리점"", ""정장"", ""제주 제주시 중앙로 40"", ""제주 제주시 일도일동 1280-6"", ""064-753-0501"", ""안내"", ""방문 키워드 통계 그래프 예시입니다."", ""현재 3명 참여"", ""10명 이상 참여하면"", ""방문 키워드 통계가 공개됩니다!"", ""최신순"", ""펭귄95"", ""팔로우"", ""친절하셔서 좋아요"", ""품질이 좋아요"", ""가성비가 좋아요"", ""친절해요"", ""반응 남기기"", ""방문일"", ""23.2.8.수"", ""2023년 2월 8일 수요일"", ""1번째 방문"", ""인증 수단"", ""영수증""]","{""name"": [""모라도 제주대리점""], ""category"": [""정장""], ""address"": [""제주 제주시 중앙로 40"", ""제주 제주시 일도일동 1280-6""], ""phone"": [""064-753-0501""], ""visitor_keywords"": [""안내"", ""방문 키워드 통계 그래프 예시입니다."", ""현재 3명 참여"", ""10명 이상 참여하면"", ""방문 키워드 통계가 공개됩니다!"", ""최신순"", ""펭귄95"", ""팔로우"", ""친절하셔서 좋아요"", ""품질이 좋아요"", ""가성비가 좋아요"", ""친절해요"", ""반응 남기기"", ""방문일"", ""23.2.8.수"", ""2023년 2월 8일 수요일"", ""1번째 방문"", ""인증 수단"", ""영수증""]}",https://naver.me/5tfr3AuU,,,,"[""안내"", ""방문 키워드 통계 그래프 예시입니다."", ""현재 3명 참여"", ""10명 이상 참여하면"", ""방문 키워드 통계가 공개됩니다!"", ""최신순"", ""펭귄95"", ""팔로우"", ""친절하셔서 좋아요"", ""품질이 좋아요"", ""가성비가 좋아요"", ""친절해요"", ""반응 남기기"", ""방문일"", ""23.2.8.수"", ""2023년 2월 8일 수요일"", ""1번째 방문"", ""인증 수단"", ""영수증""]","[{""title"": ""결제수단"", ""body"": ""제로페이\n알고 계신 정보와 다른 정보가 있나요?\n사진으로 간단하게 제보해 주세요.\n정보 수정 제안하기\n이용약관고객센터리뷰운영정책신고센터\n네이버""}]"
33,33,탑동치킨호프,음식점,제주 제주시 중앙로 21-1 탑동치킨호프,,33.5163027,126.5249168,,,https://naver.me/GipGWb4t,616-26-12636,칠성로,success,1_naver_link,naver_link place_id=1129607971,1.6,naver_place,https://map.naver.com/p/entry/place/1129607971,https://map.naver.com/p/entry/place/1129607971,https://pcmap.place.naver.com/place/1129607971/home,1129607971,탑동치킨호프,"맥주,호프",,,제주 제주시 중앙로 21-1 탑동치킨호프,제주 제주시 건입동 1419-1,,,,33.5162885,126.5249153,,,,{},,포장|무선 인터넷|단체 이용 가능|예약,신선한 제주산 닭을 사용하고 있습니다,,,,,,,"치킨 , 세트메뉴|마른안주|안주|후라이드치킨|주류","탑동치킨호프|맥주,호프|제주 제주시 중앙로 21-1 탑동치킨호프|제주 제주시 건입동 1419-1|치킨 , 세트메뉴|마른안주|안주|후라이드치킨|주류|포장|무선 인터넷|단체 이용 가능|음식이 맛있어요|친절해요|가성비가 좋아요|대화하기 좋아요|단체모임 하기 좋아요|기본 안주가 좋아요|특별한 메뉴가 있어요|술이 다양해요|혼술하기 좋아요|오래 머무르기 좋아요","[""탑동치킨호프"", ""맥주,호프"", ""제주 제주시 중앙로 21-1 탑동치킨호프"", ""제주 제주시 건입동 1419-1"", ""치킨 , 세트메뉴"", ""마른안주"", ""안주"", ""후라이드치킨"", ""주류"", ""포장"", ""무선 인터넷"", ""단체 이용 가능"", ""음식이 맛있어요"", ""친절해요"", ""가성비가 좋아요"", ""대화하기 좋아요"", ""단체모임 하기 좋아요"", ""기본 안주가 좋아요"", ""특별한 메뉴가 있어요"", ""술이 다양해요"", ""혼술하기 좋아요"", ""오래 머무르기 좋아요""]","{""name"": [""탑동치킨호프""], ""category"": [""맥주,호프""], ""address"": [""제주 제주시 중앙로 21-1 탑동치킨호프"", ""제주 제주시 건입동 1419-1""], ""menus"": [""치킨 , 세트메뉴"", ""마른안주"", ""안주"", ""후라이드치킨"", ""주류""], ""conveniences"": [""포장"", ""무선 인터넷"", ""단체 이용 가능""], ""visitor_keywords"": [""음식이 맛있어요"", ""친절해요"", ""가성비가 좋아요"", ""대화하기 좋아요"", ""단체모임 하기 좋아요"", ""기본 안주가 좋아요"", ""특별한 메뉴가 있어요"", ""술이 다양해요"", ""혼술하기 좋아요"", ""오래 머무르기 좋아요""]}",https://naver.me/GipGWb4t,,,,"[{""keyword"": ""음식이 맛있어요"", ""count"": ""44""}, {""keyword"": ""친절해요"", ""count"": ""23""}, {""keyword"": ""가성비가 좋아요"", ""count"": ""23""}, {""keyword"": ""대화하기 좋아요"", ""count"": ""14""}, {""keyword"": ""단체모임 하기 좋아요"", ""count"": ""14""}, {""keyword"": ""기본 안주가 좋아요"", ""count"": ""11""}, {""keyword"": ""특별한 메뉴가 있어요"", ""count"": ""5""}, {""keyword"": ""술이 다양해요"", ""count"": ""4""}, {""keyword"": ""혼술하기 좋아요"", ""count"": ""4""}, {""keyword"": ""오래 머무르기 좋아요"", ""count"": ""4""}]","[{""title"": ""소개"", ""body"": ""신선한 제주산 닭을 사용하고 있습니다""}, {""title"": ""편의시설 및 서비스"", ""body"": ""포장\n무선 인터넷\n단체 이용 가능\n예약\n알고 계신 정보와 다른 정보가 있나요?\n사진으로 간단하게 제보해 주세요.\n정보 수정 제안하기\n이용약관고객센터리뷰운영정책신고센터\n네이버""}]"
34,34,무크,쇼핑,제주 제주시 칠성로길 32-1 무크,,33.5143713,126.5261709,064-757-1230,,https://naver.me/FnVoWVrU,616-24-90981,칠성로,success,1_naver_link,naver_link place_id=16685815,11.4,naver_place,https://map.naver.com/p/entry/place/16685815,https://map.naver.com/p/entry/place/16685815,https://pcmap.place.naver.com/place/16685815/home,16685815,무크,신발,,,제주 제주시 칠성로길 32-1 무크,제주 제주시 일도1동 1338,,064-757-1230,,33.5143096,126.5262694,,,,{},,,,,,,,,,,무크|신발|제주 제주시 칠성로길 32-1 무크|제주 제주시 일도1동 1338|064-757-1230|친절해요|품질이 좋아요|종류가 다양해요|가성비가 좋아요|독특한 디자인이 많아요|스타일 추천을 잘해줘요|A/S가 세심해요|매장이 넓어요,"[""무크"", ""신발"", ""제주 제주시 칠성로길 32-1 무크"", ""제주 제주시 일도1동 1338"", ""064-757-1230"", ""친절해요"", ""품질이 좋아요"", ""종류가 다양해요"", ""가성비가 좋아요"", ""독특한 디자인이 많아요"", ""스타일 추천을 잘해줘요"", ""A/S가 세심해요"", ""매장이 넓어요""]","{""name"": [""무크""], ""category"": [""신발""], ""address"": [""제주 제주시 칠성로길 32-1 무크"", ""제주 제주시 일도1동 1338""], ""phone"": [""064-757-1230""], ""visitor_keywords"": [""친절해요"", ""품질이 좋아요"", ""종류가 다양해요"", ""가성비가 좋아요"", ""독특한 디자인이 많아요"", ""스타일 추천을 잘해줘요"", ""A/S가 세심해요"", ""매장이 넓어요""]}",https://naver.me/FnVoWVrU,,,,"[{""keyword"": ""친절해요"", ""count"": ""7""}, {""keyword"": ""품질이 좋아요"", ""count"": ""6""}, {""keyword"": ""종류가 다양해요"", ""count"": ""6""}, {""keyword"": ""가성비가 좋아요"", ""count"": ""3""}, {""keyword"": ""독특한 디자인이 많아요"", ""count"": ""2""}, {""keyword"": ""스타일 추천을 잘해줘요"", ""count"": ""2""}, {""keyword"": ""A/S가 세심해요"", ""count"": ""1""}, {""keyword"": ""매장이 넓어요"", ""count"": ""1""}]","[{""title"": ""결제수단"", ""body"": ""제로페이\n알고 계신 정보와 다른 정보가 있나요?\n사진으로 간단하게 제보해 주세요.\n정보 수정 제안하기\n이용약관고객센터리뷰운영정책신고센터\n네이버""}]"
35,35,베네통,쇼핑,제주 제주시 칠성로길 32-1,,33.5143445,126.5262878,064-753-6114,,https://naver.me/5T0Quqgq,616-22-70337,칠성로,success,1_naver_link,naver_link place_id=16687020,8.1,naver_place,https://map.naver.com/p/entry/place/16687020,https://map.naver.com/p/entry/place/16687020,https://pcmap.place.naver.com/place/16687020/home,16687020,베네통,패션,,,제주 제주시 칠성로길 32-1,제주 제주시 일도1동 1338,,064-753-6114,,33.5142721,126.5262818,,,,{},,,,,,,,,,,베네통|패션|제주 제주시 칠성로길 32-1|제주 제주시 일도1동 1338|064-753-6114|안내|방문 키워드 통계 그래프 예시입니다.|현재 2명 참여|10명 이상 참여하면|방문 키워드 통계가 공개됩니다!|최신순|하사키72|팔로우|베네통 개인적으로 좋아하는 브랜드|주차는 칠성로입구에있으니세우고와야함|종류는 적당히있는데 수선도해주고친절하심|친절해요|스타일 추천을 잘해줘요|분위기가 편안해요|반응 남기기|방문일|23.4.28.금|2023년 4월 28일 금요일|1번째 방문,"[""베네통"", ""패션"", ""제주 제주시 칠성로길 32-1"", ""제주 제주시 일도1동 1338"", ""064-753-6114"", ""안내"", ""방문 키워드 통계 그래프 예시입니다."", ""현재 2명 참여"", ""10명 이상 참여하면"", ""방문 키워드 통계가 공개됩니다!"", ""최신순"", ""하사키72"", ""팔로우"", ""베네통 개인적으로 좋아하는 브랜드"", ""주차는 칠성로입구에있으니세우고와야함"", ""종류는 적당히있는데 수선도해주고친절하심"", ""친절해요"", ""스타일 추천을 잘해줘요"", ""분위기가 편안해요"", ""반응 남기기"", ""방문일"", ""23.4.28.금"", ""2023년 4월 28일 금요일"", ""1번째 방문""]","{""name"": [""베네통""], ""category"": [""패션""], ""address"": [""제주 제주시 칠성로길 32-1"", ""제주 제주시 일도1동 1338""], ""phone"": [""064-753-6114""], ""visitor_keywords"": [""안내"", ""방문 키워드 통계 그래프 예시입니다."", ""현재 2명 참여"", ""10명 이상 참여하면"", ""방문 키워드 통계가 공개됩니다!"", ""최신순"", ""하사키72"", ""팔로우"", ""베네통 개인적으로 좋아하는 브랜드"", ""주차는 칠성로입구에있으니세우고와야함"", ""종류는 적당히있는데 수선도해주고친절하심"", ""친절해요"", ""스타일 추천을 잘해줘요"", ""분위기가 편안해요"", ""반응 남기기"", ""방문일"", ""23.4.28.금"", ""2023년 4월 28일 금요일"", ""1번째 방문""]}",https://naver.me/5T0Quqgq,,,,"[""안내"", ""방문 키워드 통계 그래프 예시입니다."", ""현재 2명 참여"", ""10명 이상 참여하면"", ""방문 키워드 통계가 공개됩니다!"", ""최신순"", ""하사키72"", ""팔로우"", ""베네통 개인적으로 좋아하는 브랜드"", ""주차는 칠성로입구에있으니세우고와야함"", ""종류는 적당히있는데 수선도해주고친절하심"", ""친절해요"", ""스타일 추천을 잘해줘요"", ""분위기가 편안해요"", ""반응 남기기"", ""방문일"", ""23.4.28.금"", ""2023년 4월 28일 금요일"", ""1번째 방문""]","[{""title"": ""결제수단"", ""body"": ""제로페이\n알고 계신 정보와 다른 정보가 있나요?\n사진으로 간단하게 제보해 주세요.\n정보 수정 제안하기\n이용약관고객센터리뷰운영정책신고센터\n네이버""}]"
36,36,베스띠벨리 구제주점,쇼핑,제주 제주시 중앙로 41,,33.5144851,126.5248502,064-727-0355,,https://naver.me/GJZ5BC3a,616-21-55886,칠성로,success,1_naver_link,naver_link place_id=38486282,1.2,naver_place,https://map.naver.com/p/entry/place/38486282,https://map.naver.com/p/entry/place/38486282,https://pcmap.place.naver.com/place/38486282/home,38486282,베스띠벨리 구제주점,정장,,,제주 제주시 중앙로 41,제주 제주시 일도일동 1280-15,,064-727-0355,,33.5144935,126.5248429,,,,{},,,"홈페이지
https://www.shinwon.com/kor/m31_collection_2.php?brand=BESTI%20BELLI
인스타그램
인스타그램
스마트스토어
스마트스토어
알고 계신 정보와 다른 정보가 있나요?
사진으로 간단하게 제보해 주세요.
정보 수정 제안하기
이용약관고객센터리뷰운영정책신고센터
네이버",,,,,,,,베스띠벨리 구제주점|정장|제주 제주시 중앙로 41|제주 제주시 일도일동 1280-15|064-727-0355|안내|방문 키워드 통계 그래프 예시입니다.|현재 5명 참여|10명 이상 참여하면|방문 키워드 통계가 공개됩니다!|최신순|수가227|팔로우|친절해요|스타일 추천을 잘해줘요|품질이 좋아요|독특한 디자인이 많아요|종류가 다양해요|반응 남기기|방문일|23.6.2.금|2023년 6월 2일 금요일|3번째 방문|인증 수단,"[""베스띠벨리 구제주점"", ""정장"", ""제주 제주시 중앙로 41"", ""제주 제주시 일도일동 1280-15"", ""064-727-0355"", ""안내"", ""방문 키워드 통계 그래프 예시입니다."", ""현재 5명 참여"", ""10명 이상 참여하면"", ""방문 키워드 통계가 공개됩니다!"", ""최신순"", ""수가227"", ""팔로우"", ""친절해요"", ""스타일 추천을 잘해줘요"", ""품질이 좋아요"", ""독특한 디자인이 많아요"", ""종류가 다양해요"", ""반응 남기기"", ""방문일"", ""23.6.2.금"", ""2023년 6월 2일 금요일"", ""3번째 방문"", ""인증 수단""]","{""name"": [""베스띠벨리 구제주점""], ""category"": [""정장""], ""address"": [""제주 제주시 중앙로 41"", ""제주 제주시 일도일동 1280-15""], ""phone"": [""064-727-0355""], ""visitor_keywords"": [""안내"", ""방문 키워드 통계 그래프 예시입니다."", ""현재 5명 참여"", ""10명 이상 참여하면"", ""방문 키워드 통계가 공개됩니다!"", ""최신순"", ""수가227"", ""팔로우"", ""친절해요"", ""스타일 추천을 잘해줘요"", ""품질이 좋아요"", ""독특한 디자인이 많아요"", ""종류가 다양해요"", ""반응 남기기"", ""방문일"", ""23.6.2.금"", ""2023년 6월 2일 금요일"", ""3번째 방문"", ""인증 수단""]}",https://naver.me/GJZ5BC3a,,,,"[""안내"", ""방문 키워드 통계 그래프 예시입니다."", ""현재 5명 참여"", ""10명 이상 참여하면"", ""방문 키워드 통계가 공개됩니다!"", ""최신순"", ""수가227"", ""팔로우"", ""친절해요"", ""스타일 추천을 잘해줘요"", ""품질이 좋아요"", ""독특한 디자인이 많아요"", ""종류가 다양해요"", ""반응 남기기"", ""방문일"", ""23.6.2.금"", ""2023년 6월 2일 금요일"", ""3번째 방문"", ""인증 수단""]","[{""title"": ""대표 키워드"", ""body"": ""여성의류여성정장여성원피스여성자켓여성블라우스""}, {""title"": ""SNS"", ""body"": ""홈페이지\nhttps://www.shinwon.com/kor/m31_collection_2.php?brand=BESTI%20BELLI\n인스타그램\n인스타그램\n스마트스토어\n스마트스토어\n알고 계신 정보와 다른 정보가 있나요?\n사진으로 간단하게 제보해 주세요.\n정보 수정 제안하기\n이용약관고객센터리뷰운영정책신고센터\n네이버""}]"
37,37,봉쥬르 무슈,쇼핑,제주 제주시 칠성로길 29,,33.5144852,126.5259056,0507-1419-0529,,https://naver.me/FXnkairc,634-03-00838,칠성로,success,1_naver_link,naver_link place_id=646006536,0.8,naver_place,https://map.naver.com/p/entry/place/646006536,https://map.naver.com/p/entry/place/646006536,https://pcmap.place.naver.com/place/646006536/home,646006536,봉쥬르 무슈,보세의류,,,제주 제주시 칠성로길 29,제주 제주시 일도일동 1301-5,,,,33.5144784,126.5259082,12:00에 영업 시작,영업 전,,{},영업 전12:00에 영업 시작,,"인스타그램
http://www.instagram.com/monsieu__r
알고 계신 정보와 다른 정보가 있나요?
사진으로 간단하게 제보해 주세요.
정보 수정 제안하기
이용약관고객센터리뷰운영정책신고센터
네이버",,,,,,,,봉쥬르 무슈|보세의류|제주 제주시 칠성로길 29|제주 제주시 일도일동 1301-5|12:00에 영업 시작|안내|방문 키워드 통계 그래프 예시입니다.|현재 8명 참여|10명 이상 참여하면|방문 키워드 통계가 공개됩니다!|4.25개 평점(13명 참여)|최신순|복짜1125|팔로우|파바보단 뚜레|종류가 다양해요|품질이 좋아요|매장이 넓어요|반응 남기기|방문일|22.12.7.수|2022년 12월 7일 수요일|1번째 방문,"[""봉쥬르 무슈"", ""보세의류"", ""제주 제주시 칠성로길 29"", ""제주 제주시 일도일동 1301-5"", ""12:00에 영업 시작"", ""안내"", ""방문 키워드 통계 그래프 예시입니다."", ""현재 8명 참여"", ""10명 이상 참여하면"", ""방문 키워드 통계가 공개됩니다!"", ""4.25개 평점(13명 참여)"", ""최신순"", ""복짜1125"", ""팔로우"", ""파바보단 뚜레"", ""종류가 다양해요"", ""품질이 좋아요"", ""매장이 넓어요"", ""반응 남기기"", ""방문일"", ""22.12.7.수"", ""2022년 12월 7일 수요일"", ""1번째 방문""]","{""name"": [""봉쥬르 무슈""], ""category"": [""보세의류""], ""address"": [""제주 제주시 칠성로길 29"", ""제주 제주시 일도일동 1301-5""], ""hours"": [""12:00에 영업 시작""], ""visitor_keywords"": [""안내"", ""방문 키워드 통계 그래프 예시입니다."", ""현재 8명 참여"", ""10명 이상 참여하면"", ""방문 키워드 통계가 공개됩니다!"", ""4.25개 평점(13명 참여)"", ""최신순"", ""복짜1125"", ""팔로우"", ""파바보단 뚜레"", ""종류가 다양해요"", ""품질이 좋아요"", ""매장이 넓어요"", ""반응 남기기"", ""방문일"", ""22.12.7.수"", ""2022년 12월 7일 수요일"", ""1번째 방문""]}",https://naver.me/FXnkairc,,,,"[""안내"", ""방문 키워드 통계 그래프 예시입니다."", ""현재 8명 참여"", ""10명 이상 참여하면"", ""방문 키워드 통계가 공개됩니다!"", ""4.25개 평점(13명 참여)"", ""최신순"", ""복짜1125"", ""팔로우"", ""파바보단 뚜레"", ""종류가 다양해요"", ""품질이 좋아요"", ""매장이 넓어요"", ""반응 남기기"", ""방문일"", ""22.12.7.수"", ""2022년 12월 7일 수요일"", ""1번째 방문""]","[{""title"": ""대표 키워드"", ""body"": ""제주옷가게제주도옷가게제주남자옷가게제주도남자옷가게제주시옷가게""}, {""title"": ""SNS"", ""body"": ""인스타그램\nhttp://www.instagram.com/monsieu__r\n알고 계신 정보와 다른 정보가 있나요?\n사진으로 간단하게 제보해 주세요.\n정보 수정 제안하기\n이용약관고객센터리뷰운영정책신고센터\n네이버""}]"
38,38,블랙야크 제주점,쇼핑,제주 제주시 관덕로11길 27-1 블랙야크 제주점,,33.5156672,126.5254223,064-726-1811,,https://naver.me/GNRslIST,822-07-01451,칠성로,success,1_naver_link,naver_link place_id=13393096,5.2,naver_place,https://map.naver.com/p/entry/place/13393096,https://map.naver.com/p/entry/place/13393096,https://pcmap.place.naver.com/place/13393096/home,13393096,블랙야크 제주점,"등산,아웃도어",,,제주 제주시 관덕로11길 27-1 블랙야크 제주점,제주 제주시 일도일동 1277-23,,064-726-1811,,33.5156222,126.5254386,10:00에 영업 시작,영업 전,,{},영업 전10:00에 영업 시작,포장,"홈페이지
http://www.blackyak.com/
알고 계신 정보와 다른 정보가 있나요?
사진으로 간단하게 제보해 주세요.
정보 수정 제안하기
이용약관고객센터리뷰운영정책신고센터
네이버",,,,,,,,"블랙야크 제주점|등산,아웃도어|제주 제주시 관덕로11길 27-1 블랙야크 제주점|제주 제주시 일도일동 1277-23|064-726-1811|10:00에 영업 시작|포장|품질이 좋아요|친절해요|종류가 다양해요|매장이 넓어요|분위기가 편안해요|스타일 추천을 잘해줘요|가성비가 좋아요|A/S가 세심해요|독특한 디자인이 많아요|비싼 만큼 가치있어요","[""블랙야크 제주점"", ""등산,아웃도어"", ""제주 제주시 관덕로11길 27-1 블랙야크 제주점"", ""제주 제주시 일도일동 1277-23"", ""064-726-1811"", ""10:00에 영업 시작"", ""포장"", ""품질이 좋아요"", ""친절해요"", ""종류가 다양해요"", ""매장이 넓어요"", ""분위기가 편안해요"", ""스타일 추천을 잘해줘요"", ""가성비가 좋아요"", ""A/S가 세심해요"", ""독특한 디자인이 많아요"", ""비싼 만큼 가치있어요""]","{""name"": [""블랙야크 제주점""], ""category"": [""등산,아웃도어""], ""address"": [""제주 제주시 관덕로11길 27-1 블랙야크 제주점"", ""제주 제주시 일도일동 1277-23""], ""phone"": [""064-726-1811""], ""hours"": [""10:00에 영업 시작""], ""conveniences"": [""포장""], ""visitor_keywords"": [""품질이 좋아요"", ""친절해요"", ""종류가 다양해요"", ""매장이 넓어요"", ""분위기가 편안해요"", ""스타일 추천을 잘해줘요"", ""가성비가 좋아요"", ""A/S가 세심해요"", ""독특한 디자인이 많아요"", ""비싼 만큼 가치있어요""]}",https://naver.me/GNRslIST,,,,"[{""keyword"": ""품질이 좋아요"", ""count"": ""31""}, {""keyword"": ""친절해요"", ""count"": ""23""}, {""keyword"": ""종류가 다양해요"", ""count"": ""10""}, {""keyword"": ""매장이 넓어요"", ""count"": ""8""}, {""keyword"": ""분위기가 편안해요"", ""count"": ""7""}, {""keyword"": ""스타일 추천을 잘해줘요"", ""count"": ""6""}, {""keyword"": ""가성비가 좋아요"", ""count"": ""4""}, {""keyword"": ""A/S가 세심해요"", ""count"": ""2""}, {""keyword"": ""독특한 디자인이 많아요"", ""count"": ""2""}, {""keyword"": ""비싼 만큼 가치있어요"", ""count"": ""2""}]","[{""title"": ""대표 키워드"", ""body"": ""아웃도어등산복등산화bcc캠핑""}, {""title"": ""편의시설 및 서비스"", ""body"": ""포장""}, {""title"": ""SNS"", ""body"": ""홈페이지\nhttp://www.blackyak.com/\n알고 계신 정보와 다른 정보가 있나요?\n사진으로 간단하게 제보해 주세요.\n정보 수정 제안하기\n이용약관고객센터리뷰운영정책신고센터\n네이버""}]"
39,39,vivid,쇼핑,제주 제주시 중앙로 47,,33.5140007,126.524846,,,https://naver.me/xVGd00iI,428-36-00570,칠성로,success,1_naver_link,naver_link place_id=1726706743,6.0,naver_place,https://map.naver.com/p/entry/place/1726706743,https://map.naver.com/p/entry/place/1726706743,https://pcmap.place.naver.com/place/1726706743/home,1726706743,vivid,여성의류,,,제주 제주시 중앙로 47,제주 제주시 일도일동 1370,,,,33.513955,126.5248124,,,,{},정보 수정,,"hyo****
22.10.221번째 방문영수증
굿
친절해요
벤마마
22.9.291번째 방문영수증
굿
가성비가 좋아요
귀여운토끼74
22.8.251번째 방문영수증
좋아요
로딩중
알고 계신 정보와 다른 정보가 있나요?
사진으로 간단하게 제보해 주세요.
정보 수정 제안하기
이용약관고객센터리뷰운영정책신고센터
네이버",,,,,,,,vivid|여성의류|제주 제주시 중앙로 47|제주 제주시 일도일동 1370,"[""vivid"", ""여성의류"", ""제주 제주시 중앙로 47"", ""제주 제주시 일도일동 1370""]","{""name"": [""vivid""], ""category"": [""여성의류""], ""address"": [""제주 제주시 중앙로 47"", ""제주 제주시 일도일동 1370""]}",https://naver.me/xVGd00iI,,,,,"[{""title"": ""클립"", ""body"": ""산지청과\n클립 올리고\n네이버페이\n포인트 바로 적립""}, {""title"": ""방문자 리뷰4"", ""body"": ""hyo****\n22.10.221번째 방문영수증\n굿\n친절해요\n벤마마\n22.9.291번째 방문영수증\n굿\n가성비가 좋아요\n귀여운토끼74\n22.8.251번째 방문영수증\n좋아요\n로딩중\n알고 계신 정보와 다른 정보가 있나요?\n사진으로 간단하게 제보해 주세요.\n정보 수정 제안하기\n이용약관고객센터리뷰운영정책신고센터\n네이버""}]"
40,40,빈폴 제주점,쇼핑,제주 제주시 관덕로11길 15 (일도일동) 빈폴 제주점,,33.5144061,126.5253215,064-753-1828,,https://naver.me/GfC8difZ,616-25-99960,칠성로,success,1_naver_link,naver_link place_id=11771748,1.3,naver_place,https://map.naver.com/p/entry/place/11771748,https://map.naver.com/p/entry/place/11771748,https://pcmap.place.naver.com/place/11771748/home,11771748,빈폴 제주점,캐주얼웨어,,,제주 제주시 관덕로11길 15 (일도일동) 빈폴 제주점,제주 제주시 일도일동 1296-2 빈폴 제주점,,064-753-1828,http://www.ssfshop.com/Beanpole,33.514411,126.5253086,10:00 - 21:00,영업 전,,"{""매일"": {""open"": ""10:00 - 21:00""}}",영업 전 | 10:00에 영업 시작 | 10시 0분에 영업 시작 | 매일 | 10:00 - 21:00 | 접기,예약,"홈페이지
http://www.ssfshop.com/Beanpole
알고 계신 정보와 다른 정보가 있나요?
사진으로 간단하게 제보해 주세요.
정보 수정 제안하기
이용약관고객센터리뷰운영정책신고센터
네이버",,,,,,,,빈폴 제주점|캐주얼웨어|제주 제주시 관덕로11길 15 (일도일동) 빈폴 제주점|제주 제주시 일도일동 1296-2 빈폴 제주점|064-753-1828|10:00 - 21:00|품질이 좋아요|친절해요|매장이 넓어요|종류가 다양해요|분위기가 편안해요|A/S가 세심해요|스타일 추천을 잘해줘요|독특한 디자인이 많아요|고급스러워요|가성비가 좋아요,"[""빈폴 제주점"", ""캐주얼웨어"", ""제주 제주시 관덕로11길 15 (일도일동) 빈폴 제주점"", ""제주 제주시 일도일동 1296-2 빈폴 제주점"", ""064-753-1828"", ""10:00 - 21:00"", ""품질이 좋아요"", ""친절해요"", ""매장이 넓어요"", ""종류가 다양해요"", ""분위기가 편안해요"", ""A/S가 세심해요"", ""스타일 추천을 잘해줘요"", ""독특한 디자인이 많아요"", ""고급스러워요"", ""가성비가 좋아요""]","{""name"": [""빈폴 제주점""], ""category"": [""캐주얼웨어""], ""address"": [""제주 제주시 관덕로11길 15 (일도일동) 빈폴 제주점"", ""제주 제주시 일도일동 1296-2 빈폴 제주점""], ""phone"": [""064-753-1828""], ""hours"": [""10:00 - 21:00""], ""visitor_keywords"": [""품질이 좋아요"", ""친절해요"", ""매장이 넓어요"", ""종류가 다양해요"", ""분위기가 편안해요"", ""A/S가 세심해요"", ""스타일 추천을 잘해줘요"", ""독특한 디자인이 많아요"", ""고급스러워요"", ""가성비가 좋아요""]}",https://naver.me/GfC8difZ,,,,"[{""keyword"": ""품질이 좋아요"", ""count"": ""18""}, {""keyword"": ""친절해요"", ""count"": ""17""}, {""keyword"": ""매장이 넓어요"", ""count"": ""8""}, {""keyword"": ""종류가 다양해요"", ""count"": ""7""}, {""keyword"": ""분위기가 편안해요"", ""count"": ""6""}, {""keyword"": ""A/S가 세심해요"", ""count"": ""4""}, {""keyword"": ""스타일 추천을 잘해줘요"", ""count"": ""4""}, {""keyword"": ""독특한 디자인이 많아요"", ""count"": ""2""}, {""keyword"": ""고급스러워요"", ""count"": ""2""}, {""keyword"": ""가성비가 좋아요"", ""count"": ""2""}]","[{""title"": ""대표 키워드"", ""body"": ""삼성물산패션빈폴종합점빈폴BEANPOLE""}, {""title"": ""편의시설 및 서비스"", ""body"": ""예약""}, {""title"": ""결제수단"", ""body"": ""제로페이""}, {""title"": ""SNS"", ""body"": ""홈페이지\nhttp://www.ssfshop.com/Beanpole\n알고 계신 정보와 다른 정보가 있나요?\n사진으로 간단하게 제보해 주세요.\n정보 수정 제안하기\n이용약관고객센터리뷰운영정책신고센터\n네이버""}]"
41,41,나들가게 코사마트 제일편의점,기타,제주 제주시 관덕로15길 4,,33.5136169,126.5269763,064-722-3303,,https://naver.me/FGEw3kIY,616-15-27598,칠성로,success,1_naver_link,naver_link place_id=30991654,11.0,naver_place,https://map.naver.com/p/entry/place/30991654,https://map.naver.com/p/entry/place/30991654,https://pcmap.place.naver.com/place/30991654/home,30991654,나들가게 코사마트 제일편의점,"슈퍼,마트",,,제주 제주시 관덕로15길 4,제주 제주시 일도일동 1477-2,,064-722-3303,,33.5135186,126.5269602,,,,{},,,"홈페이지
http://www.nadle.kr/
알고 계신 정보와 다른 정보가 있나요?
사진으로 간단하게 제보해 주세요.
정보 수정 제안하기
이용약관고객센터리뷰운영정책신고센터
네이버",,,,,,,,"나들가게 코사마트 제일편의점|슈퍼,마트|제주 제주시 관덕로15길 4|제주 제주시 일도일동 1477-2|064-722-3303|친절해요|상품이 다양해요|매장이 청결해요|신상품이 많아요|할인/적립을 잘 챙겨줘요|과채가 신선해요|즉석조리 식품이 맛있어요|고기 질이 좋아요|주차하기 편해요|매장이 넓어요","[""나들가게 코사마트 제일편의점"", ""슈퍼,마트"", ""제주 제주시 관덕로15길 4"", ""제주 제주시 일도일동 1477-2"", ""064-722-3303"", ""친절해요"", ""상품이 다양해요"", ""매장이 청결해요"", ""신상품이 많아요"", ""할인/적립을 잘 챙겨줘요"", ""과채가 신선해요"", ""즉석조리 식품이 맛있어요"", ""고기 질이 좋아요"", ""주차하기 편해요"", ""매장이 넓어요""]","{""name"": [""나들가게 코사마트 제일편의점""], ""category"": [""슈퍼,마트""], ""address"": [""제주 제주시 관덕로15길 4"", ""제주 제주시 일도일동 1477-2""], ""phone"": [""064-722-3303""], ""visitor_keywords"": [""친절해요"", ""상품이 다양해요"", ""매장이 청결해요"", ""신상품이 많아요"", ""할인/적립을 잘 챙겨줘요"", ""과채가 신선해요"", ""즉석조리 식품이 맛있어요"", ""고기 질이 좋아요"", ""주차하기 편해요"", ""매장이 넓어요""]}",https://naver.me/FGEw3kIY,,,,"[{""keyword"": ""친절해요"", ""count"": ""133""}, {""keyword"": ""상품이 다양해요"", ""count"": ""19""}, {""keyword"": ""매장이 청결해요"", ""count"": ""6""}, {""keyword"": ""신상품이 많아요"", ""count"": ""3""}, {""keyword"": ""할인/적립을 잘 챙겨줘요"", ""count"": ""1""}, {""keyword"": ""과채가 신선해요"", ""count"": ""1""}, {""keyword"": ""즉석조리 식품이 맛있어요"", ""count"": ""1""}, {""keyword"": ""고기 질이 좋아요"", ""count"": ""1""}, {""keyword"": ""주차하기 편해요"", ""count"": ""1""}, {""keyword"": ""매장이 넓어요"", ""count"": ""1""}]","[{""title"": ""대표 키워드"", ""body"": ""슈퍼마켓나들가게""}, {""title"": ""결제수단"", ""body"": ""제로페이""}, {""title"": ""SNS"", ""body"": ""홈페이지\nhttp://www.nadle.kr/\n알고 계신 정보와 다른 정보가 있나요?\n사진으로 간단하게 제보해 주세요.\n정보 수정 제안하기\n이용약관고객센터리뷰운영정책신고센터\n네이버""}]"
42,42,제이엔제이,쇼핑,제주 제주시 칠성로길 36 1층 J.N.JAY,,33.5143005,126.5265277,0507-1309-8712,,https://naver.me/xnOrpskx,616-15-54381,칠성로,success,1_naver_link,naver_link place_id=2029801684,2.7,naver_place,https://map.naver.com/p/entry/place/2029801684,https://map.naver.com/p/entry/place/2029801684,https://pcmap.place.naver.com/place/2029801684/home,2029801684,제이엔제이,수제화,,,제주 제주시 칠성로길 36 1층 J.N.JAY,제주 제주시 일도일동 1336-2,,0507-1309-8712,,33.5143227,126.5265386,11:00 - 20:00,영업 전,,"{""매일"": {""open"": ""11:00 - 20:00""}}",영업 전 | 11:00에 영업 시작 | 11시 0분에 영업 시작 | 매일 | 11:00 - 20:00 | 접기,,여성 수제화 입니다.,,,,,,,,제이엔제이|수제화|제주 제주시 칠성로길 36 1층 J.N.JAY|제주 제주시 일도일동 1336-2|0507-1309-8712|11:00 - 20:00,"[""제이엔제이"", ""수제화"", ""제주 제주시 칠성로길 36 1층 J.N.JAY"", ""제주 제주시 일도일동 1336-2"", ""0507-1309-8712"", ""11:00 - 20:00""]","{""name"": [""제이엔제이""], ""category"": [""수제화""], ""address"": [""제주 제주시 칠성로길 36 1층 J.N.JAY"", ""제주 제주시 일도일동 1336-2""], ""phone"": [""0507-1309-8712""], ""hours"": [""11:00 - 20:00""]}",https://naver.me/xnOrpskx,,"[""제이엔제이\nNEW송치 조리샌들\n굽2~4cm주문가능합니다.\n좋아요\n2026.07.13.\n2026년 7월 13일"", ""제이엔제이\n알림보석장식 조리샌들\n굽2~4cm 주문가능합니다.\n좋아요\n2026.07.13.\n2026년 7월 13일"", ""제이엔제이\nNEW심플한 발목스트랩 샌들\n굽이 2~9cm 가능해요.\n좋아요\n2026.05.20.\n2026년 5월 20일""]",,,"[{""title"": ""소개"", ""body"": ""여성 수제화 입니다.""}, {""title"": ""결제수단"", ""body"": ""지역화폐 (모바일형)\n지역화폐 (지류형)\n지역화폐 (카드형)\n제로페이\n알고 계신 정보와 다른 정보가 있나요?\n사진으로 간단하게 제보해 주세요.\n정보 수정 제안하기\n이용약관고객센터리뷰운영정책신고센터\n네이버""}]"
43,43,쉐르담 제주점,쇼핑,제주 제주시 관덕로13길 8,,33.5136605,126.5260247,064-758-0580,,https://naver.me/F1a6NQbH,616-13-86157,칠성로,success,1_naver_link,naver_link place_id=1489588357,0.7,naver_place,https://map.naver.com/p/entry/place/1489588357,https://map.naver.com/p/entry/place/1489588357,https://pcmap.place.naver.com/place/1489588357/home,1489588357,쉐르담 제주점,여성의류,,,제주 제주시 관덕로13길 8,제주 제주시 일도일동 1354-1,,064-758-0580,,33.5136588,126.5260169,,,,{},,,,,,,,,,,쉐르담 제주점|여성의류|제주 제주시 관덕로13길 8|제주 제주시 일도일동 1354-1|064-758-0580|안내|방문 키워드 통계 그래프 예시입니다.|현재 3명 참여|10명 이상 참여하면|방문 키워드 통계가 공개됩니다!|최신순|까궁이44|팔로우|매장이 넓어요|스타일 추천을 잘해줘요|분위기가 편안해요|반응 남기기|방문일|22.10.15.토|2022년 10월 15일 토요일|1번째 방문|인증 수단|영수증,"[""쉐르담 제주점"", ""여성의류"", ""제주 제주시 관덕로13길 8"", ""제주 제주시 일도일동 1354-1"", ""064-758-0580"", ""안내"", ""방문 키워드 통계 그래프 예시입니다."", ""현재 3명 참여"", ""10명 이상 참여하면"", ""방문 키워드 통계가 공개됩니다!"", ""최신순"", ""까궁이44"", ""팔로우"", ""매장이 넓어요"", ""스타일 추천을 잘해줘요"", ""분위기가 편안해요"", ""반응 남기기"", ""방문일"", ""22.10.15.토"", ""2022년 10월 15일 토요일"", ""1번째 방문"", ""인증 수단"", ""영수증""]","{""name"": [""쉐르담 제주점""], ""category"": [""여성의류""], ""address"": [""제주 제주시 관덕로13길 8"", ""제주 제주시 일도일동 1354-1""], ""phone"": [""064-758-0580""], ""visitor_keywords"": [""안내"", ""방문 키워드 통계 그래프 예시입니다."", ""현재 3명 참여"", ""10명 이상 참여하면"", ""방문 키워드 통계가 공개됩니다!"", ""최신순"", ""까궁이44"", ""팔로우"", ""매장이 넓어요"", ""스타일 추천을 잘해줘요"", ""분위기가 편안해요"", ""반응 남기기"", ""방문일"", ""22.10.15.토"", ""2022년 10월 15일 토요일"", ""1번째 방문"", ""인증 수단"", ""영수증""]}",https://naver.me/F1a6NQbH,,,,"[""안내"", ""방문 키워드 통계 그래프 예시입니다."", ""현재 3명 참여"", ""10명 이상 참여하면"", ""방문 키워드 통계가 공개됩니다!"", ""최신순"", ""까궁이44"", ""팔로우"", ""굿"", ""매장이 넓어요"", ""스타일 추천을 잘해줘요"", ""분위기가 편안해요"", ""반응 남기기"", ""방문일"", ""22.10.15.토"", ""2022년 10월 15일 토요일"", ""1번째 방문"", ""인증 수단"", ""영수증""]","[{""title"": ""결제수단"", ""body"": ""제로페이\n알고 계신 정보와 다른 정보가 있나요?\n사진으로 간단하게 제보해 주세요.\n정보 수정 제안하기\n이용약관고객센터리뷰운영정책신고센터\n네이버""}]"
44,44,슈마커 제주칠성점,쇼핑,"제주 제주시 관덕로 55 1층, 슈마커",,33.5133488,126.5252434,070-8848-2809,,https://naver.me/FzSjoA1v,604-15-97790,칠성로,success,1_naver_link,naver_link place_id=1195950657,6.2,naver_place,https://map.naver.com/p/entry/place/1195950657,https://map.naver.com/p/entry/place/1195950657,https://pcmap.place.naver.com/place/1195950657/home,1195950657,슈마커 제주칠성점,신발,,,"제주 제주시 관덕로 55 1층, 슈마커",제주 제주시 일도일동 1461-1,,070-8848-2809,,33.5132963,126.5252653,11:00에 영업 시작,영업 전,,{},영업 전11:00에 영업 시작,,,,,,,,,,"슈마커 제주칠성점|신발|제주 제주시 관덕로 55 1층, 슈마커|제주 제주시 일도일동 1461-1|070-8848-2809|11:00에 영업 시작|친절해요|종류가 다양해요|품질이 좋아요|가성비가 좋아요|매장이 넓어요|스타일 추천을 잘해줘요|분위기가 편안해요|독특한 디자인이 많아요|주차하기 편해요|A/S가 세심해요","[""슈마커 제주칠성점"", ""신발"", ""제주 제주시 관덕로 55 1층, 슈마커"", ""제주 제주시 일도일동 1461-1"", ""070-8848-2809"", ""11:00에 영업 시작"", ""친절해요"", ""종류가 다양해요"", ""품질이 좋아요"", ""가성비가 좋아요"", ""매장이 넓어요"", ""스타일 추천을 잘해줘요"", ""분위기가 편안해요"", ""독특한 디자인이 많아요"", ""주차하기 편해요"", ""A/S가 세심해요""]","{""name"": [""슈마커 제주칠성점""], ""category"": [""신발""], ""address"": [""제주 제주시 관덕로 55 1층, 슈마커"", ""제주 제주시 일도일동 1461-1""], ""phone"": [""070-8848-2809""], ""hours"": [""11:00에 영업 시작""], ""visitor_keywords"": [""친절해요"", ""종류가 다양해요"", ""품질이 좋아요"", ""가성비가 좋아요"", ""매장이 넓어요"", ""스타일 추천을 잘해줘요"", ""분위기가 편안해요"", ""독특한 디자인이 많아요"", ""주차하기 편해요"", ""A/S가 세심해요""]}",https://naver.me/FzSjoA1v,,,,"[{""keyword"": ""친절해요"", ""count"": ""47""}, {""keyword"": ""종류가 다양해요"", ""count"": ""46""}, {""keyword"": ""품질이 좋아요"", ""count"": ""40""}, {""keyword"": ""가성비가 좋아요"", ""count"": ""37""}, {""keyword"": ""매장이 넓어요"", ""count"": ""19""}, {""keyword"": ""스타일 추천을 잘해줘요"", ""count"": ""13""}, {""keyword"": ""분위기가 편안해요"", ""count"": ""10""}, {""keyword"": ""독특한 디자인이 많아요"", ""count"": ""9""}, {""keyword"": ""주차하기 편해요"", ""count"": ""5""}, {""keyword"": ""A/S가 세심해요"", ""count"": ""3""}]","[{""title"": ""대표 키워드"", ""body"": ""나이키아식스뉴발란스크록스신발""}, {""title"": ""결제수단"", ""body"": ""제로페이\n알고 계신 정보와 다른 정보가 있나요?\n사진으로 간단하게 제보해 주세요.\n정보 수정 제안하기\n이용약관고객센터리뷰운영정책신고센터\n네이버""}]"
45,45,신마라본색칠성점,음식점,제주 제주시 관덕로13길 14,,33.5142382,126.5261107,0507-1307-1618,,https://naver.me/GbAJk91o,528-06-02338,칠성로,success,1_naver_link,naver_link place_id=1145971386,1.0,naver_place,https://map.naver.com/p/entry/place/1145971386,https://map.naver.com/p/entry/place/1145971386,https://pcmap.place.naver.com/place/1145971386/home,1145971386,신마라본색칠성점,중식당,,,제주 제주시 관덕로13길 14,제주 제주시 일도일동 1340-1,"위치 : 제주특별자치도 제주시 관덕로13길 14 1층(일도일동) | 제주 칠성로 쇼핑거리 골목, | 신해바라기분식 건너편에 위치해있습니다!",0507-1307-1618,,33.5142349,126.5261011,10:30 - 22:00,영업 전,,"{""매일"": {""open"": ""10:30 - 22:00""}}",영업 전 | 10:30에 영업 시작 | 10시 30분에 영업 시작 | 매일 | 10:30 - 22:00 | 접기,주차|배달|무선 인터넷,"맛,정성,서비스, 청결 단 하나도 놓치지 않는[ 辛마라본색 칠성점 ]

신선한 재료들만 모여있는 셀프바에서 직접 골라 먹는 마라탕과 마라샹궈
* 셀프바가 어려우신 분들을 위해 기본구성 마라탕,마라샹궈가 있습니다! 맵기단계만 고르면 끝!

신마라본색만의 꿔바로우와 마라새우, 볶음밥, 미니전도 준비되어 있습니다~!

새롭게 오픈한 깨끗하고 넓은 매장에서 맛있는 마라탕 즐겨보세요!!
주방이 훤히 보이는 오픈식 주방이라 청결은 걱정 NO!

1. 위생과 청결을 먼저 생각하겠습니다!
2. 엄선된 재료로만 요리하겠습니다!
3. 만족스러운 맛과 서비스를 약속드리겠습니다!
접기",,,,,,,마라탕|마라새우|마라샹궈|꿔바로우|미니전,신마라본색칠성점|중식당|제주 제주시 관덕로13길 14|제주 제주시 일도일동 1340-1|0507-1307-1618|10:30 - 22:00|마라탕|마라새우|마라샹궈|꿔바로우|미니전|주차|배달|무선 인터넷|음식이 맛있어요|재료가 신선해요|친절해요|매장이 청결해요|매장이 넓어요|혼밥하기 좋아요|양이 많아요|특별한 메뉴가 있어요|가성비가 좋아요|인테리어가 멋져요,"[""신마라본색칠성점"", ""중식당"", ""제주 제주시 관덕로13길 14"", ""제주 제주시 일도일동 1340-1"", ""0507-1307-1618"", ""10:30 - 22:00"", ""마라탕"", ""마라새우"", ""마라샹궈"", ""꿔바로우"", ""미니전"", ""주차"", ""배달"", ""무선 인터넷"", ""음식이 맛있어요"", ""재료가 신선해요"", ""친절해요"", ""매장이 청결해요"", ""매장이 넓어요"", ""혼밥하기 좋아요"", ""양이 많아요"", ""특별한 메뉴가 있어요"", ""가성비가 좋아요"", ""인테리어가 멋져요""]","{""name"": [""신마라본색칠성점""], ""category"": [""중식당""], ""address"": [""제주 제주시 관덕로13길 14"", ""제주 제주시 일도일동 1340-1""], ""phone"": [""0507-1307-1618""], ""hours"": [""10:30 - 22:00""], ""menus"": [""마라탕"", ""마라새우"", ""마라샹궈"", ""꿔바로우"", ""미니전""], ""conveniences"": [""주차"", ""배달"", ""무선 인터넷""], ""visitor_keywords"": [""음식이 맛있어요"", ""재료가 신선해요"", ""친절해요"", ""매장이 청결해요"", ""매장이 넓어요"", ""혼밥하기 좋아요"", ""양이 많아요"", ""특별한 메뉴가 있어요"", ""가성비가 좋아요"", ""인테리어가 멋져요""]}",https://naver.me/GbAJk91o,,,,"[{""keyword"": ""음식이 맛있어요"", ""count"": ""66""}, {""keyword"": ""재료가 신선해요"", ""count"": ""30""}, {""keyword"": ""친절해요"", ""count"": ""24""}, {""keyword"": ""매장이 청결해요"", ""count"": ""23""}, {""keyword"": ""매장이 넓어요"", ""count"": ""21""}, {""keyword"": ""혼밥하기 좋아요"", ""count"": ""19""}, {""keyword"": ""양이 많아요"", ""count"": ""17""}, {""keyword"": ""특별한 메뉴가 있어요"", ""count"": ""14""}, {""keyword"": ""가성비가 좋아요"", ""count"": ""11""}, {""keyword"": ""인테리어가 멋져요"", ""count"": ""3""}]","[{""title"": ""소개"", ""body"": ""맛,정성,서비스, 청결 단 하나도 놓치지 않는[ 辛마라본색 칠성점 ]\n\n신선한 재료들만 모여있는 셀프바에서 직접 골라 먹는 마라탕과 마라샹궈\n* 셀프바가 어려우신 분들을 위해 기본구성 마라탕,마라샹궈가 있습니다! 맵기단계만 고르면 끝!\n\n신마라본색만의 꿔바로우와 마라새우, 볶음밥, 미니전도 준비되어 있습니다~!\n\n새롭게 오픈한 깨끗하고 넓은 매장에서 맛있는 마라탕 즐겨보세요!!\n주방이 훤히 보이는 오픈식 주방이라 청결은 걱정 NO!\n\n1. 위생과 청결을 먼저 생각하겠습니다!\n2. 엄선된 재료로만 요리하겠습니다!\n3. 만족스러운 맛과 서비스를 약속드리겠습니다!\n접기""}, {""title"": ""편의시설 및 서비스"", ""body"": ""배달\n무선 인터넷""}, {""title"": ""주차"", ""body"": ""주차가능""}, {""title"": ""결제수단"", ""body"": ""지역화폐 (지류형)\n지역화폐 (카드형)\n지역화폐 (모바일형)\n제로페이\n알고 계신 정보와 다른 정보가 있나요?\n사진으로 간단하게 제보해 주세요.\n정보 수정 제안하기\n이용약관고객센터리뷰운영정책신고센터\n네이버""}]"
46,46,신상마켓,쇼핑,제주 제주시 일도일동 관덕로11길 11,,33.5141335,126.5253739,,,https://naver.me/GbAgXT8g,306-06-50924,칠성로,success,1_naver_link,naver_link place_id=1205075333,128.4,naver_place,https://map.naver.com/p/entry/place/1205075333,https://map.naver.com/p/entry/place/1205075333,https://pcmap.place.naver.com/place/1205075333/home,1205075333,신상마켓,패션,,,제주 제주시 일도일동 관덕로11길 11,제주 제주시 일도일동 1427-5,,,,33.5131588,126.524632,,,,{},정보 수정,,,,,,,,,,신상마켓|패션|제주 제주시 일도일동 관덕로11길 11|제주 제주시 일도일동 1427-5,"[""신상마켓"", ""패션"", ""제주 제주시 일도일동 관덕로11길 11"", ""제주 제주시 일도일동 1427-5""]","{""name"": [""신상마켓""], ""category"": [""패션""], ""address"": [""제주 제주시 일도일동 관덕로11길 11"", ""제주 제주시 일도일동 1427-5""]}",https://naver.me/GbAgXT8g,,,,,"[{""title"": ""결제수단"", ""body"": ""제로페이\n알고 계신 정보와 다른 정보가 있나요?\n사진으로 간단하게 제보해 주세요.\n정보 수정 제안하기\n이용약관고객센터리뷰운영정책신고센터\n네이버""}]"
47,47,싱싱과일,"카페, 디저트",제주 제주시 관덕로11길 16,,33.5144875,126.5256196,,,https://naver.me/GnR0fHBd,421-95-00197,칠성로,success,1_naver_link,naver_link place_id=1973921512,7.8,naver_place,https://map.naver.com/p/entry/place/1973921512,https://map.naver.com/p/entry/place/1973921512,https://pcmap.place.naver.com/place/1973921512/home,1973921512,싱싱과일,과일,,,제주 제주시 관덕로11길 16,제주 제주시 일도일동 1301-1,,,,33.5144273,126.5255769,,,,{},,,리뷰 815사진 317팔로워 7,,,,,,,,싱싱과일|과일|제주 제주시 관덕로11길 16|제주 제주시 일도일동 1301-1|친절해요|과일이 맛있어요|신선해요|제철 과일이 빨리 나와요|가격이 합리적이에요|상품이 다양해요|원산지 표시가 명확해요|주차하기 편해요|포장이 깔끔해요|매장이 청결해요,"[""싱싱과일"", ""과일"", ""제주 제주시 관덕로11길 16"", ""제주 제주시 일도일동 1301-1"", ""친절해요"", ""과일이 맛있어요"", ""신선해요"", ""제철 과일이 빨리 나와요"", ""가격이 합리적이에요"", ""상품이 다양해요"", ""원산지 표시가 명확해요"", ""주차하기 편해요"", ""포장이 깔끔해요"", ""매장이 청결해요""]","{""name"": [""싱싱과일""], ""category"": [""과일""], ""address"": [""제주 제주시 관덕로11길 16"", ""제주 제주시 일도일동 1301-1""], ""visitor_keywords"": [""친절해요"", ""과일이 맛있어요"", ""신선해요"", ""제철 과일이 빨리 나와요"", ""가격이 합리적이에요"", ""상품이 다양해요"", ""원산지 표시가 명확해요"", ""주차하기 편해요"", ""포장이 깔끔해요"", ""매장이 청결해요""]}",https://naver.me/GnR0fHBd,,,,"[{""keyword"": ""친절해요"", ""count"": ""20""}, {""keyword"": ""과일이 맛있어요"", ""count"": ""18""}, {""keyword"": ""신선해요"", ""count"": ""16""}, {""keyword"": ""제철 과일이 빨리 나와요"", ""count"": ""6""}, {""keyword"": ""가격이 합리적이에요"", ""count"": ""6""}, {""keyword"": ""상품이 다양해요"", ""count"": ""6""}, {""keyword"": ""원산지 표시가 명확해요"", ""count"": ""3""}, {""keyword"": ""주차하기 편해요"", ""count"": ""3""}, {""keyword"": ""포장이 깔끔해요"", ""count"": ""1""}, {""keyword"": ""매장이 청결해요"", ""count"": ""1""}]","[{""title"": ""이런 점이 좋았어요"", ""body"": ""안내\n50회46명 참여\n\""친절해요\""\n이 키워드를 선택한 인원\n20\n\""과일이 맛있어요\""\n이 키워드를 선택한 인원\n18\n\""신선해요\""\n이 키워드를 선택한 인원\n16\n\""제철 과일이 빨리 나와요\""\n이 키워드를 선택한 인원\n6\n\""가격이 합리적이에요\""\n이 키워드를 선택한 인원\n6\n더보기""}, {""title"": ""사진·영상 리뷰"", ""body"": """"}, {""title"": ""리뷰25"", ""body"": ""안내\n사진/영상 리뷰만\n최신순\n리뷰 제공 기준\n리뷰 클렌징 시스템 작동중입니다\n오귀염둥\n리뷰 585사진 736팔로워 38\n팔로우\n별점\n5\n점\n친절하고 가격도 좋아서\n오일장 가면 여기서 사요\n고구마부터 시작해\n채소 과일 골고루 다 좋습니다\n고유가지원금 사용 가능!\n더보기\n신선해요\n과일이 맛있어요\n친절해요\n반응 남기기\n방문일\n6.1.월\n2026년 6월 1일 월요일\n1번째 방문\n인증 수단\n영수증\noro****\n리뷰 813사진 839팔로워 29\n팔로우\n별점\n5\n점\n친절하고 맛있어요^^\n과일이 맛있어요\n친절해요\n반응 남기기\n방문일\n5.22.금\n2026년 5월 22일 금요일\n1번째 방문\n인증 수단\n영수증\nAbc333\n리뷰 584\n팔로우\n굿\n반응 남기기\n방문일\n25.12.21.일\n2025년 12월 21일 일요일\n1번째 방문\n인증 수단\n결제내역\neli****\n리뷰 2,945사진 1,325팔로워 4\n팔로우\n이런날 딱\n신선해요\n반응 남기기\n방문일\n25.10.3.금\n2025년 10월 3일 금요일\n1번째 방문\n인증 수단\n영수증\nCobaltb\n리뷰 1,684사진 3,756팔로워 2\n팔로우\n수박 당도가 아쉽네요.\n주차하기 편해요\n반응 남기기\n방문일\n25.7.16.수\n2025년 7월 16일 수요일\n1번째 방문\n인증 수단\n영수증\n딸아들독립준비하기\n리뷰 169사진 107\n팔로우\n길거리 찐 옥수수 맛집🙃🙃\n친절해요\n반응 남기기\n방문일\n24.11.17.일\n2024년 11월 17일 일요일\n1번째 방문\n인증 수단\n영수증\nsina91\n리뷰 1,209사진 13\n팔로우\n굿굿\n과일이 맛있어요\n친절해요\n반응 남기기\n방문일\n24.5.24.금\n2024년 5월 24일 금요일\n1번째 방문\n인증 수단\n영수증\nniceseon\n리뷰 192\n팔로우\n고구마튀김 맛있어요\n친절해요\n반응 남기기\n방문일\n24.4.5.금\n2024년 4월 5일 금요일\n2번째 방문\n인증 수단\n결제내역\nniceseon\n리뷰 192\n팔로우\n고구마튀김 맛있어요\n가격이 합리적이에요\n반응 남기기\n방문일\n24.3.31.일\n2024년 3월 31일 일요일\n1번째 방문\n인증 수단\n결제내역\n주말이다\n리뷰 520사진 22\n팔로우\n맛있어요\n신선해요\n반응 남기기\n방문일\n23.12.9.토\n2023년 12월 9일 토요일\n1번째 방문\n인증 수단\n영수증\n펼쳐서 더보기""}, {""title"": ""키워드·별점 리뷰31"", ""body"": ""하랑할모니\n리뷰 1,137사진 347\n팔로우\n별점\n3.5\n점\n주차하기 편해요\n반응 남기기\n방문일\n5.30.토\n2026년 5월 30일 토요일\n1번째 방문\n인증 수단\n영수증\n여행932\n리뷰 557사진 19팔로워 3\n팔로우\n제철 과일이 빨리 나와요\n반응 남기기\n방문일\n25.2.21.금\n2025년 2월 21일 금요일\n1번째 방문\n인증 수단\n영수증\n띠띠유\n리뷰 1,957사진 375팔로워 50\n팔로우\n신선해요\n반응 남기기\n방문일\n25.1.22.수\n2025년 1월 22일 수요일\n1번째 방문\n인증 수단\n영수증\n안쏘1\n리뷰 877사진 330팔로워 15\n팔로우\n상품이 다양해요\n반응 남기기\n방문일\n24.11.4.월\n2024년 11월 4일 월요일\n1번째 방문\n인증 수단\n영수증\n골드골드골드\n리뷰 659사진 42\n팔로우\n신선해요\n반응 남기기\n방문일\n24.5.9.목\n2024년 5월 9일 목요일\n1번째 방문\n인증 수단\n영수증\n닉네임 소개\n리뷰 815사진 317팔로워 7\n팔로우\n친절해요\n과일이 맛있어요\n반응 남기기\n방문일\n24.5.6.월\n2024년 5월 6일 월요일\n1번째 방문\n인증 수단\n결제내역\n빈센트40\n리뷰 2,950사진 48팔로워 2\n팔로우\n신선해요\n반응 남기기\n방문일\n24.4.12.금\n2024년 4월 12일 금요일\n1번째 방문\n인증 수단\n결제내역\nhappyjoy67\n리뷰 539사진 37\n팔로우\n원산지 표시가 명확해요\n반응 남기기\n방문일\n24.3.24.일\n2024년 3월 24일 일요일\n1번째 방문\n인증 수단\n영수증\nlim****\n리뷰 463\n팔로우\n신선해요\n반응 남기기\n방문일\n23.10.16.월\n2023년 10월 16일 월요일\n2번째 방문\n인증 수단\n영수증\nlim****\n리뷰 463\n팔로우\n과일이 맛있어요\n반응 남기기\n방문일\n23.9.28.목\n2023년 9월 28일 목요일\n1번째 방문\n인증 수단\n영수증\n펼쳐서 더보기\n이용약관고객센터리뷰운영정책신고센터\n네이버""}]"
48,48,아르무아루즈,쇼핑,제주 제주시 관덕로11길 18,,33.5147249,126.5256669,,,https://naver.me/xaTT6mUh,616-27-77413,칠성로,success,1_naver_link,naver_link place_id=2142169804,10.0,naver_place,https://map.naver.com/p/entry/place/2142169804,https://map.naver.com/p/entry/place/2142169804,https://pcmap.place.naver.com/place/2142169804/home,2142169804,아르무아루즈,여성의류,,,제주 제주시 관덕로11길 18,제주 제주시 일도일동 1300-23,,,,33.5148148,126.5256754,,,,{},정보 수정,,,,,,,,,,아르무아루즈|여성의류|제주 제주시 관덕로11길 18|제주 제주시 일도일동 1300-23,"[""아르무아루즈"", ""여성의류"", ""제주 제주시 관덕로11길 18"", ""제주 제주시 일도일동 1300-23""]","{""name"": [""아르무아루즈""], ""category"": [""여성의류""], ""address"": [""제주 제주시 관덕로11길 18"", ""제주 제주시 일도일동 1300-23""]}",https://naver.me/xaTT6mUh,,,,,
49,49,아주반점,음식점,제주특별자치도 제주시 관덕로13길 8-2,,33.5136114,126.5261672,064-722-5161,,https://naver.me/5huvOE8J,408-22-55598,칠성로,success,1_naver_link,naver_link place_id=11858994,9.2,naver_place,https://map.naver.com/p/entry/place/11858994,https://map.naver.com/p/entry/place/11858994,https://pcmap.place.naver.com/place/11858994/home,11858994,아주반점,중식당,,,제주 제주시 관덕로13길 4,제주 제주시 일도일동 1475-1,중앙로 조일 약국 골목에 위치.,064-722-5161,http://ajufood.ejeju.net/,33.5136908,126.5261385,10:30 - 20:30,영업 전,,"{""매일"": {""open"": ""10:30 - 20:30""}}",영업 전 | 10:30에 영업 시작 | 10시 30분에 영업 시작 | 매일 | 10:30 - 20:30 | 접기,단체 이용 가능|배달,"홈페이지
http://ajufood.ejeju.net/
알고 계신 정보와 다른 정보가 있나요?
사진으로 간단하게 제보해 주세요.
정보 수정 제안하기
이용약관고객센터리뷰운영정책신고센터
네이버","사용자 리뷰를 바탕으로 주요 특징을 요약했습니다. |  | 아주반점은 제주에서 유명한 중화요리 맛집으로, 간짜장과 삼선짬뽕이 특히 인기 메뉴입니다. | 시꾸라미 | 간짜장은 얇게 썬 양파와 다진 고기가 듬뿍 들어가 있으며, 삼선짬뽕은 해물이 풍부하고 불맛 가득한 국물이 일품입니다. | 시꾸라미 | 테이블마다 키오스크로 편리하게 주문 가능하며, 탕수육과 함께 즐기면 더욱 좋습니다. | 시꾸라미",,,,,,자장면|삼선짬뽕,아주반점|중식당|제주 제주시 관덕로13길 4|제주 제주시 일도일동 1475-1|064-722-5161|10:30 - 20:30|자장면|삼선짬뽕|단체 이용 가능|배달|음식이 맛있어요|친절해요|가성비가 좋아요|재료가 신선해요|양이 많아요|혼밥하기 좋아요|특별한 메뉴가 있어요|매장이 넓어요|단체모임 하기 좋아요|매장이 청결해요,"[""아주반점"", ""중식당"", ""제주 제주시 관덕로13길 4"", ""제주 제주시 일도일동 1475-1"", ""064-722-5161"", ""10:30 - 20:30"", ""자장면"", ""삼선짬뽕"", ""단체 이용 가능"", ""배달"", ""음식이 맛있어요"", ""친절해요"", ""가성비가 좋아요"", ""재료가 신선해요"", ""양이 많아요"", ""혼밥하기 좋아요"", ""특별한 메뉴가 있어요"", ""매장이 넓어요"", ""단체모임 하기 좋아요"", ""매장이 청결해요""]","{""name"": [""아주반점""], ""category"": [""중식당""], ""address"": [""제주 제주시 관덕로13길 4"", ""제주 제주시 일도일동 1475-1""], ""phone"": [""064-722-5161""], ""hours"": [""10:30 - 20:30""], ""menus"": [""자장면"", ""삼선짬뽕""], ""conveniences"": [""단체 이용 가능"", ""배달""], ""visitor_keywords"": [""음식이 맛있어요"", ""친절해요"", ""가성비가 좋아요"", ""재료가 신선해요"", ""양이 많아요"", ""혼밥하기 좋아요"", ""특별한 메뉴가 있어요"", ""매장이 넓어요"", ""단체모임 하기 좋아요"", ""매장이 청결해요""]}",https://naver.me/5huvOE8J,,,,"[{""keyword"": ""음식이 맛있어요"", ""count"": ""147""}, {""keyword"": ""친절해요"", ""count"": ""59""}, {""keyword"": ""가성비가 좋아요"", ""count"": ""43""}, {""keyword"": ""재료가 신선해요"", ""count"": ""31""}, {""keyword"": ""양이 많아요"", ""count"": ""31""}, {""keyword"": ""혼밥하기 좋아요"", ""count"": ""27""}, {""keyword"": ""특별한 메뉴가 있어요"", ""count"": ""24""}, {""keyword"": ""매장이 넓어요"", ""count"": ""20""}, {""keyword"": ""단체모임 하기 좋아요"", ""count"": ""18""}, {""keyword"": ""매장이 청결해요"", ""count"": ""17""}]","[{""title"": ""편의시설 및 서비스"", ""body"": ""단체 이용 가능\n배달""}, {""title"": ""결제수단"", ""body"": ""제로페이""}, {""title"": ""SNS"", ""body"": ""홈페이지\nhttp://ajufood.ejeju.net/\n알고 계신 정보와 다른 정보가 있나요?\n사진으로 간단하게 제보해 주세요.\n정보 수정 제안하기\n이용약관고객센터리뷰운영정책신고센터\n네이버""}]"
50,50,아하복장사,쇼핑,제주 제주시 칠성로길 39,,33.5143952,126.527077,064-755-2212,,https://naver.me/5OQz6YbM,616-08-37521,칠성로,success,1_naver_link,naver_link place_id=1122616277,1.0,naver_place,https://map.naver.com/p/entry/place/1122616277,https://map.naver.com/p/entry/place/1122616277,https://pcmap.place.naver.com/place/1122616277/home,1122616277,아하복장사,남성정장,,,제주 제주시 칠성로길 39,제주 제주시 일도일동 1319-5,,064-755-2212,,33.5144038,126.5270725,,,,{},정보 수정,,"제주문수리 홈닥터
제주 문수리 064-724-1230
제주 문수리 [제주유리문수리]
문에서 덜커덕 소리가나요 칠성통 오륙도갈비집에 문수리를 갔다가 근처 옷수선가게 출입문에서 덜커덕소리가 난다고 해서 수리를 해드렸습니다. 힌지함을 열어보지 않인도 상태가 짐작될 정도로 오래된 힌지입니다. 유리문을 분리하고 힌지를 확인해보니 2002년 생산 날자가 희미하게 보입니다. 20년이상을 교체하지 않고 사용하셨넉요 박스를 걷어내고 깨끗이 청소후 요즘힌지함보다 높이가 깊어 몰탈시멘트로 높이를 맞추고 새 힌지함을 넣고 고정을 합니다. 소리가 났던 원인은 하단H바에 하롯드를 잡아주는 브라켓이 너트로 고정되어있는데 한개는 풀려없어지고 하개는 반쯤풀려 움직일때마다 문짝이 반동으로 덜커덕 거렸던 거였습니다. 사이즈가 맞는 너트를 찾아 안푸리게 고정하고 하롯드를 조립후 문짝을 설치하였습니다 작동시켜보니 소음없이 부드럽게 작동됩니다. 이것으로 제주현관문수리 포스팅을 마무리 하겠습니다. #제주문수리 #제주유리문수리 #제주강화도어수리 #제주상가출입문수리 #제주현관유리문수리 #제주유리문힌지교체 064-724-1230
25.8.8.금
2025년 8월 8일 금요일
이미지 수
8
알고 계신 정보와 다른 정보가 있나요?
사진으로 간단하게 제보해 주세요.
정보 수정 제안하기
이용약관고객센터리뷰운영정책신고센터
네이버",,,,,,,,아하복장사|남성정장|제주 제주시 칠성로길 39|제주 제주시 일도일동 1319-5|064-755-2212|제주문수리|제주유리문수리|제주강화도어수리|제주상가출입문수리|제주현관유리문수리|제주유리문힌지교체,"[""아하복장사"", ""남성정장"", ""제주 제주시 칠성로길 39"", ""제주 제주시 일도일동 1319-5"", ""064-755-2212"", ""제주문수리"", ""제주유리문수리"", ""제주강화도어수리"", ""제주상가출입문수리"", ""제주현관유리문수리"", ""제주유리문힌지교체""]","{""name"": [""아하복장사""], ""category"": [""남성정장""], ""address"": [""제주 제주시 칠성로길 39"", ""제주 제주시 일도일동 1319-5""], ""phone"": [""064-755-2212""], ""hashtags"": [""제주문수리"", ""제주유리문수리"", ""제주강화도어수리"", ""제주상가출입문수리"", ""제주현관유리문수리"", ""제주유리문힌지교체""], ""body_hashtags"": [""제주문수리"", ""제주유리문수리"", ""제주강화도어수리"", ""제주상가출입문수리"", ""제주현관유리문수리"", ""제주유리문힌지교체""]}",https://naver.me/5OQz6YbM,,,,,"[{""title"": ""블로그 리뷰1"", ""body"": ""제주문수리 홈닥터\n제주 문수리 064-724-1230\n제주 문수리 [제주유리문수리]\n문에서 덜커덕 소리가나요 칠성통 오륙도갈비집에 문수리를 갔다가 근처 옷수선가게 출입문에서 덜커덕소리가 난다고 해서 수리를 해드렸습니다. 힌지함을 열어보지 않인도 상태가 짐작될 정도로 오래된 힌지입니다. 유리문을 분리하고 힌지를 확인해보니 2002년 생산 날자가 희미하게 보입니다. 20년이상을 교체하지 않고 사용하셨넉요 박스를 걷어내고 깨끗이 청소후 요즘힌지함보다 높이가 깊어 몰탈시멘트로 높이를 맞추고 새 힌지함을 넣고 고정을 합니다. 소리가 났던 원인은 하단H바에 하롯드를 잡아주는 브라켓이 너트로 고정되어있는데 한개는 풀려없어지고 하개는 반쯤풀려 움직일때마다 문짝이 반동으로 덜커덕 거렸던 거였습니다. 사이즈가 맞는 너트를 찾아 안푸리게 고정하고 하롯드를 조립후 문짝을 설치하였습니다 작동시켜보니 소음없이 부드럽게 작동됩니다. 이것으로 제주현관문수리 포스팅을 마무리 하겠습니다. #제주문수리 #제주유리문수리 #제주강화도어수리 #제주상가출입문수리 #제주현관유리문수리 #제주유리문힌지교체 064-724-1230\n25.8.8.금\n2025년 8월 8일 금요일\n이미지 수\n8\n알고 계신 정보와 다른 정보가 있나요?\n사진으로 간단하게 제보해 주세요.\n정보 수정 제안하기\n이용약관고객센터리뷰운영정책신고센터\n네이버""}]"
51,51,양씨네 제주전복칼국수 본점,음식점,제주 제주시 관덕로13길 10-1 1층,,33.5137946,126.5260396,064-721-1588,,https://naver.me/FdCx5qZw,223-09-23365,칠성로,success,1_naver_link,naver_link place_id=1497347671,12.9,naver_place,https://map.naver.com/p/entry/place/1497347671,https://map.naver.com/p/entry/place/1497347671,https://pcmap.place.naver.com/place/1497347671/home,1497347671,양씨네 제주전복칼국수 본점,"칼국수,만두",,진한 국물의 전복칼국수 한 그릇,제주 제주시 관덕로13길 10-1 1층,제주 제주시 일도일동 1350-1,,064-721-1588,https://blog.naver.com/jeju-jeonbok,33.5139107,126.526036,08:00 - 21:00,영업 중,20:00에 라스트오더 | 20시 0분에 라스트오더 | 20:00 라스트오더,"{""매일"": {""open"": ""08:00 - 21:00""}}",영업 중 | 20:00에 라스트오더 | 20시 0분에 라스트오더 | 매일 | 08:00 - 21:00 | 20:00 라스트오더 | 접기,주차|단체 이용 가능|포장|예약,"안녕하세요. 양씨네 제주전복칼국수 본점 입니다.
제주시에 위치한 양씨네 제주전복칼국수는
국산 전복과 전복내장으로 진심으로 요리하는
전복요리 전문점 입니다.
제주시에 본점을 운영하고, 인천 강화직영점을
운영할 만큼, 전복요리전문점으로 유명한 음식점 입니다.
전복내장으로 깊은 맛을 담은 전복죽과
전복이 풍부하게 들어간 전복칼국수가 인기 만점입니다!
제주공항 근처, 제주동문시장 5번 게이트 바로 앞이니
전복칼국수 맛보시러 많이 찾아 주십시오. 감사합니다.","사용자 리뷰에 기반해 정리한 정보는 다음과 같습니다. |  | 양씨네 제주전복칼국수 본점은 전복을 주재료로 한 다양한 요리를 맛볼 수 있는 제주 향토 음식점입니다. | 쑤꾸상 | +2 | 전복칼국수의 진한 내장 풍미와 쫄깃한 면발, 큼직한 전복이 어우러져 제주만의 특별한 맛을 선사합니다. | 춤추는음표 | +2 | 전복밥과 전복죽도 속 편하게 즐길 수 있는 메뉴로 인기가 높으며, 전복까스와 전복물회 등 다채로운 선택지가 있습니다. | viadia | +2",,,,,,전복칼국수|전복죽|전복밥|전복물회|전복까스|전복구이,"양씨네 제주전복칼국수 본점|칼국수,만두|제주 제주시 관덕로13길 10-1 1층|제주 제주시 일도일동 1350-1|064-721-1588|08:00 - 21:00|전복칼국수|전복죽|전복밥|전복물회|전복까스|전복구이|진한 국물의 전복칼국수 한 그릇|주차|단체 이용 가능|포장|음식이 맛있어요|친절해요|재료가 신선해요|양이 많아요|매장이 청결해요|매장이 넓어요|특별한 메뉴가 있어요|가성비가 좋아요|혼밥하기 좋아요|건강한 맛이에요","[""양씨네 제주전복칼국수 본점"", ""칼국수,만두"", ""제주 제주시 관덕로13길 10-1 1층"", ""제주 제주시 일도일동 1350-1"", ""064-721-1588"", ""08:00 - 21:00"", ""전복칼국수"", ""전복죽"", ""전복밥"", ""전복물회"", ""전복까스"", ""전복구이"", ""진한 국물의 전복칼국수 한 그릇"", ""주차"", ""단체 이용 가능"", ""포장"", ""음식이 맛있어요"", ""친절해요"", ""재료가 신선해요"", ""양이 많아요"", ""매장이 청결해요"", ""매장이 넓어요"", ""특별한 메뉴가 있어요"", ""가성비가 좋아요"", ""혼밥하기 좋아요"", ""건강한 맛이에요""]","{""name"": [""양씨네 제주전복칼국수 본점""], ""category"": [""칼국수,만두""], ""address"": [""제주 제주시 관덕로13길 10-1 1층"", ""제주 제주시 일도일동 1350-1""], ""phone"": [""064-721-1588""], ""hours"": [""08:00 - 21:00""], ""menus"": [""전복칼국수"", ""전복죽"", ""전복밥"", ""전복물회"", ""전복까스"", ""전복구이""], ""slogan"": [""진한 국물의 전복칼국수 한 그릇""], ""conveniences"": [""주차"", ""단체 이용 가능"", ""포장""], ""visitor_keywords"": [""음식이 맛있어요"", ""친절해요"", ""재료가 신선해요"", ""양이 많아요"", ""매장이 청결해요"", ""매장이 넓어요"", ""특별한 메뉴가 있어요"", ""가성비가 좋아요"", ""혼밥하기 좋아요"", ""건강한 맛이에요""]}",https://naver.me/FdCx5qZw,,"[""양씨네 제주전복칼국수 본점\n알림월드컵 이벤트\n결승전 이벤트 진행합니다🙇🏻‍♂️\n좋아요\n2026.07.10.\n2026년 7월 10일"", ""양씨네 제주전복칼국수 본점\n알림월드컵 행사 합니다\n많이 찾아와주세요👍🏻\n대한민국 화이팅👍🏻👍🏻\n좋아요\n2026.06.10.\n2026년 6월 10일"", ""양씨네 제주전복칼국수 본점\n알림설 명절 휴무없이 정상영업합니다\n많은 방문 부탁드려요🙇🏻‍♂️\n좋아요\n2026.02.14.\n2026년 2월 14일""]",,"[{""keyword"": ""음식이 맛있어요"", ""count"": ""1232""}, {""keyword"": ""친절해요"", ""count"": ""789""}, {""keyword"": ""재료가 신선해요"", ""count"": ""689""}, {""keyword"": ""양이 많아요"", ""count"": ""521""}, {""keyword"": ""매장이 청결해요"", ""count"": ""428""}, {""keyword"": ""매장이 넓어요"", ""count"": ""415""}, {""keyword"": ""특별한 메뉴가 있어요"", ""count"": ""366""}, {""keyword"": ""가성비가 좋아요"", ""count"": ""276""}, {""keyword"": ""혼밥하기 좋아요"", ""count"": ""143""}, {""keyword"": ""건강한 맛이에요"", ""count"": ""104""}]","[{""title"": ""소개"", ""body"": ""안녕하세요. 양씨네 제주전복칼국수 본점 입니다.\n제주시에 위치한 양씨네 제주전복칼국수는\n국산 전복과 전복내장으로 진심으로 요리하는\n전복요리 전문점 입니다.\n제주시에 본점을 운영하고, 인천 강화직영점을\n운영할 만큼, 전복요리전문점으로 유명한 음식점 입니다.\n전복내장으로 깊은 맛을 담은 전복죽과\n전복이 풍부하게 들어간 전복칼국수가 인기 만점입니다!\n제주공항 근처, 제주동문시장 5번 게이트 바로 앞이니\n전복칼국수 맛보시러 많이 찾아 주십시오. 감사합니다.""}, {""title"": ""인증 정보"", ""body"": ""농림축산식품부 제공\n안심식당\n\n안심식당은 '덜어먹기 가능한 도구 비치・제공', '위생적 수저관리' , '종사자마스크 착용'을 준수하는 곳으로 소재지 지자체의 인증을 받은 음식점 입니다.""}, {""title"": ""편의시설 및 서비스"", ""body"": ""단체 이용 가능\n포장\n예약""}, {""title"": ""주차"", ""body"": ""주차가능""}, {""title"": ""SNS"", ""body"": ""블로그\nhttps://blog.naver.com/jeju-jeonbok\n알고 계신 정보와 다른 정보가 있나요?\n사진으로 간단하게 제보해 주세요.\n정보 수정 제안하기\n이용약관고객센터리뷰운영정책신고센터\n네이버""}]"
52,52,양지여인숙,쇼핑,제주 제주시 서부두남길 17,,33.5157124,126.5274571,,,https://naver.me/FvTQf3aB,616-26-96539,칠성로,success,1_naver_link,naver_link place_id=32030366,4.8,naver_place,https://map.naver.com/p/entry/place/32030366,https://map.naver.com/p/entry/place/32030366,https://pcmap.place.naver.com/place/32030366/home,32030366,양지여인숙,여관,,,제주 제주시 서부두남길 17,제주 제주시 건입동 1368,,064-757-2300,,33.5157538,126.5274427,,,,{},,,"방문 키워드 통계 그래프 예시입니다.
현재 0명 참여
10명 이상 참여하면
방문 키워드 통계가 공개됩니다!
아직 등록된 리뷰가 없습니다.
첫 리뷰를 작성해보세요!",,,,,,,,양지여인숙|여관|제주 제주시 서부두남길 17|제주 제주시 건입동 1368|064-757-2300,"[""양지여인숙"", ""여관"", ""제주 제주시 서부두남길 17"", ""제주 제주시 건입동 1368"", ""064-757-2300""]","{""name"": [""양지여인숙""], ""category"": [""여관""], ""address"": [""제주 제주시 서부두남길 17"", ""제주 제주시 건입동 1368""], ""phone"": [""064-757-2300""]}",https://naver.me/FvTQf3aB,,,,,"[{""title"": ""방문자 리뷰"", ""body"": ""방문 키워드 통계 그래프 예시입니다.\n현재 0명 참여\n10명 이상 참여하면\n방문 키워드 통계가 공개됩니다!\n아직 등록된 리뷰가 없습니다.\n첫 리뷰를 작성해보세요!""}, {""title"": ""블로그 리뷰1"", ""body"": ""사랑잇\n미즈넷-임신 육아 임산부 교육 뷰티 아기용품 핫딜 리뷰 체험단\n대표\n제주 맛집 삼총사\n제주 맛집 삼총사 삼총사 중 첫번째는 어마어마한 규모의 고깃집입니다. 새로 지어진 숙박업소처럼 보이는 깔끗한 외관을 자랑하고 있습니다. 인테리어의 컨셉은 블랙앤화이트인가봅니다. 환풍구마저도 네모난 예쁜박스로 쌓여있더라구요 제주 맛집의 고기구이 한상차림이예요. 고기와 함께 버섯과 아스파라거스를 주더라구요 제주 맛집 에서는 흑돼지 1등급만을 취급하신다고 해요. 생고기임에도 부드러움이 느껴지는 듯 했어요. 해물된장찌개도 시켜보았습니다. 고깃집의 마무리는 역시 냉면이죠. 제주 맛집 삼총사 중 둘째는 갈치 요리 전문점이라는 대기정이예요 아프리카 박물관 바로 옆에 위치해 있어 찾기가 정말 쉽습니다. 2층으로 올라가는 계단의 벽에는 여러 연예인들의 싸인이 걸려있어요 2층은 1층과는 달리 고급 일식집의 분위기가 납니다 대기정의 상다리 부러질 듯한 상차림이예요. 갈치 크기가 어마무시하더라구요 제주 맛집 과일샐러드, 미역무침등이 나오는 밑반찬들의 수준이 괜찮았습니다. 갈치조림은 냄비가 너무 커서 가스버너를 2개를 쓰시더라구요 제주 맛집 마지막은 앙끄레국수입니다. 야자수로 둘러싸인 외관이 외국에 온듯한 느낌을 줍니다. 내부가 무척 넓었어요. 국수들과 수육을 시켰는데 국수에도 수육 고기처럼 도톰한 고기들이 얹어져있어요. 도톰보다는 두껍다는 느낌인데 전혀 질기지가 않아요 제주특별자치도 제주시 임항로 20 064-757-2300 평일 11:30 - 23:00\n19.6.28.금\n2019년 6월 28일 금요일\n이미지 수\n6\n알고 계신 정보와 다른 정보가 있나요?\n사진으로 간단하게 제보해 주세요.\n정보 수정 제안하기\n이용약관고객센터리뷰운영정책신고센터\n네이버""}]"
53,53,엄브로 제주점,쇼핑,제주 제주시 중앙로7길 9,,33.5150208,126.5257022,064-722-1300,,https://naver.me/xOdxlmki,829-04-01752,칠성로,success,1_naver_link,naver_link place_id=1724567668,13.0,naver_place,https://map.naver.com/p/entry/place/1724567668,https://map.naver.com/p/entry/place/1724567668,https://pcmap.place.naver.com/place/1724567668/home,1724567668,엄브로 제주점,스포츠의류,,,제주 제주시 중앙로7길 9,제주 제주시 일도일동 1299-8,,064-722-1300,,33.5149464,126.5255946,10:00에 영업 시작,영업 전,,{},영업 전10:00에 영업 시작,,"안내
37회32명 참여
""품질이 좋아요""
이 키워드를 선택한 인원
19
""친절해요""
이 키워드를 선택한 인원
15
""종류가 다양해요""
이 키워드를 선택한 인원
14
""가성비가 좋아요""
이 키워드를 선택한 인원
9
""독특한 디자인이 많아요""
이 키워드를 선택한 인원
6
더보기",,,,,,,,엄브로 제주점|스포츠의류|제주 제주시 중앙로7길 9|제주 제주시 일도일동 1299-8|064-722-1300|10:00에 영업 시작|품질이 좋아요|친절해요|종류가 다양해요|가성비가 좋아요|독특한 디자인이 많아요|스타일 추천을 잘해줘요|분위기가 편안해요|A/S가 세심해요|매장이 넓어요,"[""엄브로 제주점"", ""스포츠의류"", ""제주 제주시 중앙로7길 9"", ""제주 제주시 일도일동 1299-8"", ""064-722-1300"", ""10:00에 영업 시작"", ""품질이 좋아요"", ""친절해요"", ""종류가 다양해요"", ""가성비가 좋아요"", ""독특한 디자인이 많아요"", ""스타일 추천을 잘해줘요"", ""분위기가 편안해요"", ""A/S가 세심해요"", ""매장이 넓어요""]","{""name"": [""엄브로 제주점""], ""category"": [""스포츠의류""], ""address"": [""제주 제주시 중앙로7길 9"", ""제주 제주시 일도일동 1299-8""], ""phone"": [""064-722-1300""], ""hours"": [""10:00에 영업 시작""], ""visitor_keywords"": [""품질이 좋아요"", ""친절해요"", ""종류가 다양해요"", ""가성비가 좋아요"", ""독특한 디자인이 많아요"", ""스타일 추천을 잘해줘요"", ""분위기가 편안해요"", ""A/S가 세심해요"", ""매장이 넓어요""]}",https://naver.me/xOdxlmki,,,,"[{""keyword"": ""품질이 좋아요"", ""count"": ""19""}, {""keyword"": ""친절해요"", ""count"": ""15""}, {""keyword"": ""종류가 다양해요"", ""count"": ""14""}, {""keyword"": ""가성비가 좋아요"", ""count"": ""9""}, {""keyword"": ""독특한 디자인이 많아요"", ""count"": ""6""}, {""keyword"": ""스타일 추천을 잘해줘요"", ""count"": ""6""}, {""keyword"": ""분위기가 편안해요"", ""count"": ""2""}, {""keyword"": ""A/S가 세심해요"", ""count"": ""1""}, {""keyword"": ""매장이 넓어요"", ""count"": ""1""}]","[{""title"": ""이런 점이 좋았어요"", ""body"": ""안내\n37회32명 참여\n\""품질이 좋아요\""\n이 키워드를 선택한 인원\n19\n\""친절해요\""\n이 키워드를 선택한 인원\n15\n\""종류가 다양해요\""\n이 키워드를 선택한 인원\n14\n\""가성비가 좋아요\""\n이 키워드를 선택한 인원\n9\n\""독특한 디자인이 많아요\""\n이 키워드를 선택한 인원\n6\n더보기""}, {""title"": ""사진·영상 리뷰"", ""body"": """"}, {""title"": ""리뷰38"", ""body"": ""안내\n사진/영상 리뷰만\n최신순\n리뷰 제공 기준\n리뷰 클렌징 시스템 작동중입니다\n청재마첸드랑\n리뷰 1,420사진 1,460팔로워 42\n팔로우\n가자\n친절해요\n품질이 좋아요\n가성비가 좋아요\n종류가 다양해요\n반응 남기기\n방문일\n25.1.26.일\n2025년 1월 26일 일요일\n1번째 방문\n인증 수단\n영수증\n다 가진 남자ㅎㅎ\n리뷰 1,270사진 1,665\n팔로우\n쇼핑은 즐겁고 행복해야 하는데\n엄브로 매장 사장인지\n직원인지 인상쓰고\n위 아래로 쳐다보고\n너무 불쾌하게 해서\n쇼핑. 여행. 망쳤다ㅡ\n그런 사람이 어떻게 서비스를 하는지\n의문이다 ㅡㅡ\n기분 더럽게 만들어서 짜증남\n다시는 가고 싶지 않은 매장 엄브로\n더보기\n표정을 눌러 반응을 남겨 보세요!\n반응 남기기\n1\n명\n방문일\n25.4.29.화\n2025년 4월 29일 화요일\n1번째 방문\n인증 수단\n영수증\n땡시리\n리뷰 2,580사진 71\n팔로우\nㅈㅇ\n품질이 좋아요\n가성비가 좋아요\n종류가 다양해요\n독특한 디자인이 많아요\n반응 남기기\n방문일\n25.4.24.목\n2025년 4월 24일 목요일\n8번째 방문\n인증 수단\n영수증\n깅또지니\n리뷰 51사진 30\n팔로우\n두번째 방문.\n첫번째는 알바생과 수다\n두번째는 무관심\n반응 남기기\n방문일\n24.10.24.목\n2024년 10월 24일 목요일\n1번째 방문\n인증 수단\n영수증\nmin****\n리뷰 579\n팔로우\n조아요\n품질이 좋아요\n반응 남기기\n방문일\n24.5.4.토\n2024년 5월 4일 토요일\n1번째 방문\n인증 수단\n영수증\ndydgh0926\n리뷰 1,165사진 3팔로워 31\n팔로우\n품질도 좋고 직원분들이 너무 친절하세요 좋아요\n친절해요\n품질이 좋아요\n가성비가 좋아요\n종류가 다양해요\n독특한 디자인이 많아요\n반응 남기기\n방문일\n24.4.16.화\n2024년 4월 16일 화요일\n1번째 방문\n인증 수단\n영수증\n냠뇸냠뇸뇸\n리뷰 877사진 702팔로워 2\n팔로우\n조어요\n품질이 좋아요\n반응 남기기\n방문일\n24.2.4.일\n2024년 2월 4일 일요일\n1번째 방문\n인증 수단\n영수증\n기레이홍\n리뷰 1,156사진 206팔로워 23\n팔로우\n굿\n품질이 좋아요\n반응 남기기\n방문일\n23.12.28.목\n2023년 12월 28일 목요일\n1번째 방문\n인증 수단\n결제내역\n땡시리\n리뷰 2,580사진 71\n팔로우\nㅈㅇ\n품질이 좋아요\n가성비가 좋아요\n종류가 다양해요\n친절해요\n반응 남기기\n방문일\n23.9.3.일\n2023년 9월 3일 일요일\n7번째 방문\n인증 수단\n영수증\n땡시리\n리뷰 2,580사진 71\n팔로우\nㅈㅇ\n품질이 좋아요\n가성비가 좋아요\n친절해요\n반응 남기기\n방문일\n23.7.17.월\n2023년 7월 17일 월요일\n6번째 방문\n인증 수단\n영수증\n펼쳐서 더보기""}, {""title"": ""키워드·별점 리뷰35"", ""body"": ""수호천사239\n리뷰 963사진 4\n팔로우\n품질이 좋아요\n반응 남기기\n방문일\n25.7.16.수\n2025년 7월 16일 수요일\n1번째 방문\n인증 수단\n영수증\n하이피쉬\n리뷰 685사진 173팔로워 29\n팔로우\n품질이 좋아요\n가성비가 좋아요\n독특한 디자인이 많아요\n친절해요\n반응 남기기\n방문일\n25.4.26.토\n2025년 4월 26일 토요일\n1번째 방문\n인증 수단\n영수증\nlaface02\n리뷰 250사진 96\n팔로우\n친절해요\n품질이 좋아요\n종류가 다양해요\n반응 남기기\n방문일\n24.11.23.토\n2024년 11월 23일 토요일\n1번째 방문\n인증 수단\n영수증\nang****\n리뷰 802사진 37\n팔로우\n품질이 좋아요\n가성비가 좋아요\n반응 남기기\n방문일\n24.6.13.목\n2024년 6월 13일 목요일\n1번째 방문\n인증 수단\n영수증\nlim****\n리뷰 463\n팔로우\n품질이 좋아요\n반응 남기기\n방문일\n24.5.10.금\n2024년 5월 10일 금요일\n2번째 방문\n인증 수단\n영수증\nlim****\n리뷰 463\n팔로우\n품질이 좋아요\n반응 남기기\n방문일\n24.4.1.월\n2024년 4월 1일 월요일\n1번째 방문\n인증 수단\n영수증\nskawltn\n리뷰 2,261사진 25\n팔로우\n스타일 추천을 잘해줘요\n반응 남기기\n방문일\n23.8.6.일\n2023년 8월 6일 일요일\n1번째 방문\n인증 수단\n영수증\n달콤감귤하우스\n리뷰 662사진 9팔로워 1\n팔로우\n품질이 좋아요\n종류가 다양해요\n친절해요\n반응 남기기\n방문일\n23.7.25.화\n2023년 7월 25일 화요일\n1번째 방문\n인증 수단\n영수증\n개에소룡\n리뷰 722사진 4\n팔로우\n친절해요\n반응 남기기\n방문일\n23.7.11.화\n2023년 7월 11일 화요일\n1번째 방문\n인증 수단\n영수증\nhim****\n리뷰 164사진 29\n팔로우\n품질이 좋아요\n종류가 다양해요\nA/S가 세심해요\n친절해요\n스타일 추천을 잘해줘요\n반응 남기기\n방문일\n23.6.22.목\n2023년 6월 22일 목요일\n1번째 방문\n인증 수단\n영수증\n펼쳐서 더보기\n이용약관고객센터리뷰운영정책신고센터\n네이버""}]"
54,54,에스마켓 제주칠성점,쇼핑,제주 제주시 관덕로11길 7 1층,,33.513746,126.5253202,0507-1421-7585,,https://naver.me/FTM4pXkX,616-30-51994,칠성로,success,1_naver_link,naver_link place_id=36667883,4.0,naver_place,https://map.naver.com/p/entry/place/36667883,https://map.naver.com/p/entry/place/36667883,https://pcmap.place.naver.com/place/36667883/home,36667883,에스마켓 제주칠성점,신발,,,제주 제주시 관덕로11길 7 1층,제주 제주시 일도일동 1358-5,,,,33.5137369,126.525278,10:30에 영업 시작,영업 전,,{},영업 전10:30에 영업 시작,무선 인터넷|반려동물 동반|남/녀 화장실 구분|단체 이용 가능|간편결제,신발 살땐 에스마켓,,,,,,,,에스마켓 제주칠성점|신발|제주 제주시 관덕로11길 7 1층|제주 제주시 일도일동 1358-5|10:30에 영업 시작|무선 인터넷|반려동물 동반|남/녀 화장실 구분|단체 이용 가능|간편결제|친절해요|종류가 다양해요|가성비가 좋아요|품질이 좋아요|매장이 넓어요|스타일 추천을 잘해줘요|독특한 디자인이 많아요|분위기가 편안해요|주차하기 편해요|A/S가 세심해요,"[""에스마켓 제주칠성점"", ""신발"", ""제주 제주시 관덕로11길 7 1층"", ""제주 제주시 일도일동 1358-5"", ""10:30에 영업 시작"", ""무선 인터넷"", ""반려동물 동반"", ""남/녀 화장실 구분"", ""단체 이용 가능"", ""간편결제"", ""친절해요"", ""종류가 다양해요"", ""가성비가 좋아요"", ""품질이 좋아요"", ""매장이 넓어요"", ""스타일 추천을 잘해줘요"", ""독특한 디자인이 많아요"", ""분위기가 편안해요"", ""주차하기 편해요"", ""A/S가 세심해요""]","{""name"": [""에스마켓 제주칠성점""], ""category"": [""신발""], ""address"": [""제주 제주시 관덕로11길 7 1층"", ""제주 제주시 일도일동 1358-5""], ""hours"": [""10:30에 영업 시작""], ""conveniences"": [""무선 인터넷"", ""반려동물 동반"", ""남/녀 화장실 구분"", ""단체 이용 가능"", ""간편결제""], ""visitor_keywords"": [""친절해요"", ""종류가 다양해요"", ""가성비가 좋아요"", ""품질이 좋아요"", ""매장이 넓어요"", ""스타일 추천을 잘해줘요"", ""독특한 디자인이 많아요"", ""분위기가 편안해요"", ""주차하기 편해요"", ""A/S가 세심해요""]}",https://naver.me/FTM4pXkX,,"[""에스마켓 제주칠성점\n알림고유가지원금 사용처\n✔ 운동화 OK\n✔ 의류 OK\n✔ 패션잡화 OK\n💸 지원금으로 부담 없이 쇼핑하세요\n더보기\n좋아요\n2026.04.24.\n2026년 4월 24일"", ""에스마켓 제주칠성점\n알림상생페이백 가맹점\n상생페이백 사용 가능 매장입니다\n좋아요\n2026.01.02.\n2026년 1월 2일"", ""에스마켓 제주칠성점\n알림민생지원금 사용처\n멀티 신발매장 중 유일하게 민생지원금, 온누리카드 사용 가능입니다\n1명\n2025.07.24.\n2025년 7월 24일""]",,"[{""keyword"": ""친절해요"", ""count"": ""198""}, {""keyword"": ""종류가 다양해요"", ""count"": ""153""}, {""keyword"": ""가성비가 좋아요"", ""count"": ""116""}, {""keyword"": ""품질이 좋아요"", ""count"": ""103""}, {""keyword"": ""매장이 넓어요"", ""count"": ""72""}, {""keyword"": ""스타일 추천을 잘해줘요"", ""count"": ""69""}, {""keyword"": ""독특한 디자인이 많아요"", ""count"": ""25""}, {""keyword"": ""분위기가 편안해요"", ""count"": ""25""}, {""keyword"": ""주차하기 편해요"", ""count"": ""8""}, {""keyword"": ""A/S가 세심해요"", ""count"": ""7""}]","[{""title"": ""소개"", ""body"": ""신발 살땐 에스마켓""}, {""title"": ""대표 키워드"", ""body"": ""신발크록스운동화슬리퍼제주신발""}, {""title"": ""편의시설 및 서비스"", ""body"": ""무선 인터넷\n남/녀 화장실 구분\n단체 이용 가능""}, {""title"": ""반려동물 동반"", ""body"": ""반려동물 동반 가능""}, {""title"": ""결제수단"", ""body"": ""지역화폐 (카드형)\n지역화폐 (지류형)\n제로페이\n간편결제""}, {""title"": ""SNS"", ""body"": ""홈페이지\nhttp://www.smarket.co.kr/\n알고 계신 정보와 다른 정보가 있나요?\n사진으로 간단하게 제보해 주세요.\n정보 수정 제안하기\n이용약관고객센터리뷰운영정책신고센터\n네이버""}]"
55,55,NBA 제주점,쇼핑,제주 제주시 중앙로7길 3 1층,,33.5149987,126.5253102,0507-1356-7005,,https://naver.me/F05AglXi,616-29-43858,칠성로,success,1_naver_link,naver_link place_id=2057165392,1.4,naver_place,https://map.naver.com/p/entry/place/2057165392,https://map.naver.com/p/entry/place/2057165392,https://pcmap.place.naver.com/place/2057165392/home,2057165392,NBA 제주점,스포츠용품,,,제주 제주시 중앙로7길 3 1층,제주 제주시 일도1동 1298-6,,0507-1356-7005,,33.5150058,126.5252972,,,,{},정보 수정,간편결제,NBA팀 캐릭터 및 이미지를 모티브로 한 스트릿 캐쥬얼,,,,,,,,NBA 제주점|스포츠용품|제주 제주시 중앙로7길 3 1층|제주 제주시 일도1동 1298-6|0507-1356-7005|간편결제,"[""NBA 제주점"", ""스포츠용품"", ""제주 제주시 중앙로7길 3 1층"", ""제주 제주시 일도1동 1298-6"", ""0507-1356-7005"", ""간편결제""]","{""name"": [""NBA 제주점""], ""category"": [""스포츠용품""], ""address"": [""제주 제주시 중앙로7길 3 1층"", ""제주 제주시 일도1동 1298-6""], ""phone"": [""0507-1356-7005""], ""conveniences"": [""간편결제""]}",https://naver.me/F05AglXi,,,,,"[{""title"": ""소개"", ""body"": ""NBA팀 캐릭터 및 이미지를 모티브로 한 스트릿 캐쥬얼""}, {""title"": ""대표 키워드"", ""body"": ""모자티셔츠팬츠점퍼""}, {""title"": ""주차"", ""body"": ""주차 불가""}, {""title"": ""결제수단"", ""body"": ""지역화폐 (지류형)\n지역화폐 (카드형)\n지역화폐 (모바일형)\n제로페이\n간편결제""}, {""title"": ""SNS"", ""body"": ""인스타그램\nhttps://www.instagram.com/nbastyle_kor/\n홈페이지\n홈페이지\n알고 계신 정보와 다른 정보가 있나요?\n사진으로 간단하게 제보해 주세요.\n정보 수정 제안하기\n이용약관고객센터리뷰운영정책신고센터\n네이버""}]"
56,56,엔클라인뉴욕,쇼핑,제주 제주시 중앙로7길 16,,33.5147701,126.5263568,064-725-9789,,https://naver.me/FjmCUhr4,861-12-01294,칠성로,success,1_naver_link,naver_link place_id=36997398,0.4,naver_place,https://map.naver.com/p/entry/place/36997398,https://map.naver.com/p/entry/place/36997398,https://pcmap.place.naver.com/place/36997398/home,36997398,엔클라인뉴욕,스포츠의류,,,제주 제주시 중앙로7길 16,제주 제주시 일도1동 1306-5,,064-725-9789,,33.5147697,126.5263614,,,,{},정보 수정,,"도로시2586
20.6.131번째 방문영수증
비싸지만 이뻐요
로딩중
알고 계신 정보와 다른 정보가 있나요?
사진으로 간단하게 제보해 주세요.
정보 수정 제안하기
이용약관고객센터리뷰운영정책신고센터
네이버",,,,,,,,엔클라인뉴욕|스포츠의류|제주 제주시 중앙로7길 16|제주 제주시 일도1동 1306-5|064-725-9789,"[""엔클라인뉴욕"", ""스포츠의류"", ""제주 제주시 중앙로7길 16"", ""제주 제주시 일도1동 1306-5"", ""064-725-9789""]","{""name"": [""엔클라인뉴욕""], ""category"": [""스포츠의류""], ""address"": [""제주 제주시 중앙로7길 16"", ""제주 제주시 일도1동 1306-5""], ""phone"": [""064-725-9789""]}",https://naver.me/FjmCUhr4,,,,,"[{""title"": ""방문자 리뷰6"", ""body"": ""도로시2586\n20.6.131번째 방문영수증\n비싸지만 이뻐요\n로딩중\n알고 계신 정보와 다른 정보가 있나요?\n사진으로 간단하게 제보해 주세요.\n정보 수정 제안하기\n이용약관고객센터리뷰운영정책신고센터\n네이버""}]"
57,57,엘칸토 제주점,쇼핑,제주 제주시 일도일동 관덕로15길 15,,33.5146319,126.5265577,064-722-2031,,https://naver.me/xPUbL0UL,616-08-35348,칠성로,success,1_naver_link,naver_link place_id=32795002,19.4,naver_place,https://map.naver.com/p/entry/place/32795002,https://map.naver.com/p/entry/place/32795002,https://pcmap.place.naver.com/place/32795002/home,32795002,엘칸토 제주점,신발,,,제주 제주시 일도일동 관덕로15길 15,제주 제주시 일도일동 1309,,064-722-2031,,33.5144647,126.5266161,,,,{},,,,,,,,,,,엘칸토 제주점|신발|제주 제주시 일도일동 관덕로15길 15|제주 제주시 일도일동 1309|064-722-2031|품질이 좋아요|친절해요|종류가 다양해요|매장이 넓어요|가성비가 좋아요|스타일 추천을 잘해줘요|A/S가 세심해요|독특한 디자인이 많아요|분위기가 편안해요,"[""엘칸토 제주점"", ""신발"", ""제주 제주시 일도일동 관덕로15길 15"", ""제주 제주시 일도일동 1309"", ""064-722-2031"", ""품질이 좋아요"", ""친절해요"", ""종류가 다양해요"", ""매장이 넓어요"", ""가성비가 좋아요"", ""스타일 추천을 잘해줘요"", ""A/S가 세심해요"", ""독특한 디자인이 많아요"", ""분위기가 편안해요""]","{""name"": [""엘칸토 제주점""], ""category"": [""신발""], ""address"": [""제주 제주시 일도일동 관덕로15길 15"", ""제주 제주시 일도일동 1309""], ""phone"": [""064-722-2031""], ""visitor_keywords"": [""품질이 좋아요"", ""친절해요"", ""종류가 다양해요"", ""매장이 넓어요"", ""가성비가 좋아요"", ""스타일 추천을 잘해줘요"", ""A/S가 세심해요"", ""독특한 디자인이 많아요"", ""분위기가 편안해요""]}",https://naver.me/xPUbL0UL,,,,"[{""keyword"": ""품질이 좋아요"", ""count"": ""12""}, {""keyword"": ""친절해요"", ""count"": ""9""}, {""keyword"": ""종류가 다양해요"", ""count"": ""7""}, {""keyword"": ""매장이 넓어요"", ""count"": ""4""}, {""keyword"": ""가성비가 좋아요"", ""count"": ""3""}, {""keyword"": ""스타일 추천을 잘해줘요"", ""count"": ""3""}, {""keyword"": ""A/S가 세심해요"", ""count"": ""2""}, {""keyword"": ""독특한 디자인이 많아요"", ""count"": ""2""}, {""keyword"": ""분위기가 편안해요"", ""count"": ""2""}]","[{""title"": ""결제수단"", ""body"": ""제로페이\n알고 계신 정보와 다른 정보가 있나요?\n사진으로 간단하게 제보해 주세요.\n정보 수정 제안하기\n이용약관고객센터리뷰운영정책신고센터\n네이버""}]"
58,58,영미사,쇼핑,제주 제주시 중앙로 57,,33.5133212,126.5250777,0507-1370-4646,,https://naver.me/xnOrpFxC,616-01-87245,칠성로,success,1_naver_link,naver_link place_id=16685835,4.5,naver_place,https://map.naver.com/p/entry/place/16685835,https://map.naver.com/p/entry/place/16685835,https://pcmap.place.naver.com/place/16685835/home,16685835,영미사,종합도소매,,,제주 제주시 중앙로 57,제주 제주시 일도일동 1460-1,,0507-1370-4646,,33.513284,126.525058,월 10:00 - 20:00,영업 전,,"{""목"": {""open"": ""10:00 - 20:00""}, ""금"": {""open"": ""10:00 - 20:00""}, ""토"": {""open"": ""10:00 - 20:00""}, ""일"": {""open"": ""10:00 - 20:00""}, ""월"": {""open"": ""10:00 - 20:00""}, ""화"": {""open"": ""10:00 - 20:00""}, ""수"": {""open"": ""10:00 - 20:00""}}","영업 전 | 10:00에 영업 시작 | 10시 0분에 영업 시작 | 목 | 10:00 - 20:00 | 금 | 10:00 - 20:00 | 토 | 10:00 - 20:00 | 일 | 10:00 - 20:00 | 월 | 10:00 - 20:00 | 화 | 10:00 - 20:00 | 수 | 10:00 - 20:00 | 매달 1, 3번째 일요일 정기 휴무 | 접기",,,,,,,,,,영미사|종합도소매|제주 제주시 중앙로 57|제주 제주시 일도일동 1460-1|0507-1370-4646|월 10:00 - 20:00,"[""영미사"", ""종합도소매"", ""제주 제주시 중앙로 57"", ""제주 제주시 일도일동 1460-1"", ""0507-1370-4646"", ""월 10:00 - 20:00""]","{""name"": [""영미사""], ""category"": [""종합도소매""], ""address"": [""제주 제주시 중앙로 57"", ""제주 제주시 일도일동 1460-1""], ""phone"": [""0507-1370-4646""], ""hours"": [""월 10:00 - 20:00""]}",https://naver.me/xnOrpFxC,,,,,"[{""title"": ""결제수단"", ""body"": ""제로페이\n알고 계신 정보와 다른 정보가 있나요?\n사진으로 간단하게 제보해 주세요.\n정보 수정 제안하기\n이용약관고객센터리뷰운영정책신고센터\n네이버""}]"
59,59,아레나 제주점,쇼핑,제주 제주시 중앙로7길 16,,33.5147701,126.5263568,0507-1391-3615,,https://naver.me/FMc3GKjo,616-25-14113,칠성로,success,1_naver_link,naver_link place_id=2061225466,1.8,naver_place,https://map.naver.com/p/entry/place/2061225466,https://map.naver.com/p/entry/place/2061225466,https://pcmap.place.naver.com/place/2061225466/home,2061225466,아레나 제주점,수영용품,,,제주 제주시 중앙로7길 16,제주 제주시 일도일동 1306-5,,,,33.5147846,126.5263665,10:30에 영업 시작,영업 전,,{},영업 전10:30에 영업 시작,단체 이용 가능|무선 인터넷|간편결제|주차,"Beyond The Water.
스포츠를 사랑하는 모두를 위한
글로벌 스포츠 브랜드",,,,,,,,아레나 제주점|수영용품|제주 제주시 중앙로7길 16|제주 제주시 일도일동 1306-5|10:30에 영업 시작|단체 이용 가능|무선 인터넷|간편결제|주차|안내|방문 키워드 통계 그래프 예시입니다.|현재 7명 참여|10명 이상 참여하면|방문 키워드 통계가 공개됩니다!|최신순|ho232|팔로우|아이래쉬가드 사러 갔는데|직원분 친절하시고 지금 세일 하는거 같더라고요|좋은제품 가성비좋은 가격으로 구매했어요|세일해서 좋네요|가성비가 좋아요|친절해요|반응 남기기|방문일|25.8.6.수|2025년 8월 6일 수요일|1번째 방문,"[""아레나 제주점"", ""수영용품"", ""제주 제주시 중앙로7길 16"", ""제주 제주시 일도일동 1306-5"", ""10:30에 영업 시작"", ""단체 이용 가능"", ""무선 인터넷"", ""간편결제"", ""주차"", ""안내"", ""방문 키워드 통계 그래프 예시입니다."", ""현재 7명 참여"", ""10명 이상 참여하면"", ""방문 키워드 통계가 공개됩니다!"", ""최신순"", ""ho232"", ""팔로우"", ""아이래쉬가드 사러 갔는데"", ""직원분 친절하시고 지금 세일 하는거 같더라고요"", ""좋은제품 가성비좋은 가격으로 구매했어요"", ""세일해서 좋네요"", ""가성비가 좋아요"", ""친절해요"", ""반응 남기기"", ""방문일"", ""25.8.6.수"", ""2025년 8월 6일 수요일"", ""1번째 방문""]","{""name"": [""아레나 제주점""], ""category"": [""수영용품""], ""address"": [""제주 제주시 중앙로7길 16"", ""제주 제주시 일도일동 1306-5""], ""hours"": [""10:30에 영업 시작""], ""conveniences"": [""단체 이용 가능"", ""무선 인터넷"", ""간편결제"", ""주차""], ""visitor_keywords"": [""안내"", ""방문 키워드 통계 그래프 예시입니다."", ""현재 7명 참여"", ""10명 이상 참여하면"", ""방문 키워드 통계가 공개됩니다!"", ""최신순"", ""ho232"", ""팔로우"", ""아이래쉬가드 사러 갔는데"", ""직원분 친절하시고 지금 세일 하는거 같더라고요"", ""좋은제품 가성비좋은 가격으로 구매했어요"", ""세일해서 좋네요"", ""가성비가 좋아요"", ""친절해요"", ""반응 남기기"", ""방문일"", ""25.8.6.수"", ""2025년 8월 6일 수요일"", ""1번째 방문""]}",https://naver.me/FMc3GKjo,,"[""아레나 제주점\n알림26년 생존수영키트 할인프로모션진행합니다\n26년 생존수영키트 할인프로모션진행합니다\n기간 : 4/9(목) ~ 4/30(목), 22일간\n키트 3ST(26년도 수경미포함 키트) 구매시\n수경12ST(24~26년 아동수경) 20% 할인\n더보기\n기간\n2026.04.11. ~ 2026.04.30.\n1명\n2026.04.11.\n2026년 4월 11일"", ""아레나 제주점\n알림탐나는전 20%캐시백 가능합니다.\n탐나는전 20%캐시백 가능합니다. 캐시백 받고 기분좋은 쇼핑하세요^^\n좋아요\n2026.02.02.\n2026년 2월 2일"", ""아레나 제주점\n알림20% SALE 합니다~\n2026년 새해에도 겨울시즌을 이어가는 첫 정기세일이 시작됩니다. 예쁜 수영복을 20%할인된 합리적인 가격으로 만나보세요~\n2026.01.02(금)~01.18(일)\n(선수용, 기획, 균일가,수입,용품 제외)\n좋아요\n2026.01.02.\n2026년 1월 2일""]",,"[""안내"", ""방문 키워드 통계 그래프 예시입니다."", ""현재 7명 참여"", ""10명 이상 참여하면"", ""방문 키워드 통계가 공개됩니다!"", ""최신순"", ""ho232"", ""팔로우"", ""아이래쉬가드 사러 갔는데"", ""직원분 친절하시고 지금 세일 하는거 같더라고요"", ""좋은제품 가성비좋은 가격으로 구매했어요"", ""세일해서 좋네요"", ""가성비가 좋아요"", ""친절해요"", ""반응 남기기"", ""방문일"", ""25.8.6.수"", ""2025년 8월 6일 수요일"", ""1번째 방문""]","[{""title"": ""소개"", ""body"": ""Beyond The Water.\n스포츠를 사랑하는 모두를 위한\n글로벌 스포츠 브랜드""}, {""title"": ""대표 키워드"", ""body"": ""제주수영복매장제주키즈수영복매장제주래쉬가드매장제주수영용품수영복""}, {""title"": ""편의시설 및 서비스"", ""body"": ""단체 이용 가능\n무선 인터넷\n출입구 휠체어 이용가능""}, {""title"": ""주차"", ""body"": ""주차가능\n무료\n주차장 차량2대 주차가능 ㅡ차량 주차시 근처 다른 주차장 이용""}, {""title"": ""결제수단"", ""body"": ""지역화폐 (지류형)\n지역화폐 (카드형)\n지역화폐 (모바일형)\n제로페이\n간편결제\n알고 계신 정보와 다른 정보가 있나요?\n사진으로 간단하게 제보해 주세요.\n정보 수정 제안하기\n이용약관고객센터리뷰운영정책신고센터\n네이버""}]"
60,60,웨스트우드 구제주점,쇼핑,제주 제주시 관덕로 65,,33.5133299,126.5262592,064-722-7979,,https://naver.me/5EnRCWkB,616-15-24927,칠성로,success,1_naver_link,naver_link place_id=37548919,10.3,naver_place,https://map.naver.com/p/entry/place/37548919,https://map.naver.com/p/entry/place/37548919,https://pcmap.place.naver.com/place/37548919/home,37548919,웨스트우드 구제주점,"등산,아웃도어",,,제주 제주시 관덕로 65,제주 제주시 일도일동 1476-37,,064-722-7979,https://westwoodmall.co.kr/,33.5132592,126.5263307,,,,{},정보 수정,,"모두가 부담 없이 아름다운 자연을 편하고 자유롭게 즐길 수 있도록 디자인부터 생산, 유통까지 논스톱 시스템을 통해 아웃도어의 새로운 기준을 제시합니다.

아름다운 자연을 누구나
자유롭게 누릴 수 있도록.

OUTDOOR STANDARD
WESTWOOD",,,,,,,,"웨스트우드 구제주점|등산,아웃도어|제주 제주시 관덕로 65|제주 제주시 일도일동 1476-37|064-722-7979|친절해요|가성비가 좋아요|품질이 좋아요|종류가 다양해요|독특한 디자인이 많아요|스타일 추천을 잘해줘요|A/S가 세심해요|분위기가 편안해요|주차하기 편해요|매장이 넓어요","[""웨스트우드 구제주점"", ""등산,아웃도어"", ""제주 제주시 관덕로 65"", ""제주 제주시 일도일동 1476-37"", ""064-722-7979"", ""친절해요"", ""가성비가 좋아요"", ""품질이 좋아요"", ""종류가 다양해요"", ""독특한 디자인이 많아요"", ""스타일 추천을 잘해줘요"", ""A/S가 세심해요"", ""분위기가 편안해요"", ""주차하기 편해요"", ""매장이 넓어요""]","{""name"": [""웨스트우드 구제주점""], ""category"": [""등산,아웃도어""], ""address"": [""제주 제주시 관덕로 65"", ""제주 제주시 일도일동 1476-37""], ""phone"": [""064-722-7979""], ""visitor_keywords"": [""친절해요"", ""가성비가 좋아요"", ""품질이 좋아요"", ""종류가 다양해요"", ""독특한 디자인이 많아요"", ""스타일 추천을 잘해줘요"", ""A/S가 세심해요"", ""분위기가 편안해요"", ""주차하기 편해요"", ""매장이 넓어요""]}",https://naver.me/5EnRCWkB,,,,"[{""keyword"": ""친절해요"", ""count"": ""16""}, {""keyword"": ""가성비가 좋아요"", ""count"": ""14""}, {""keyword"": ""품질이 좋아요"", ""count"": ""10""}, {""keyword"": ""종류가 다양해요"", ""count"": ""8""}, {""keyword"": ""독특한 디자인이 많아요"", ""count"": ""4""}, {""keyword"": ""스타일 추천을 잘해줘요"", ""count"": ""4""}, {""keyword"": ""A/S가 세심해요"", ""count"": ""3""}, {""keyword"": ""분위기가 편안해요"", ""count"": ""3""}, {""keyword"": ""주차하기 편해요"", ""count"": ""3""}, {""keyword"": ""매장이 넓어요"", ""count"": ""1""}]","[{""title"": ""소개"", ""body"": ""모두가 부담 없이 아름다운 자연을 편하고 자유롭게 즐길 수 있도록 디자인부터 생산, 유통까지 논스톱 시스템을 통해 아웃도어의 새로운 기준을 제시합니다.\n\n아름다운 자연을 누구나\n자유롭게 누릴 수 있도록.\n\nOUTDOOR STANDARD\nWESTWOOD""}, {""title"": ""대표 키워드"", ""body"": ""자연아웃도어등산트레킹여행""}, {""title"": ""결제수단"", ""body"": ""제로페이""}, {""title"": ""SNS"", ""body"": ""홈페이지\nhttps://westwoodmall.co.kr/\n알고 계신 정보와 다른 정보가 있나요?\n사진으로 간단하게 제보해 주세요.\n정보 수정 제안하기\n이용약관고객센터리뷰운영정책신고센터\n네이버""}]"
61,61,이레밥상,음식점,제주 제주시 중앙로 46-5 1층 이레밥상,,33.5142719,126.5241258,0507-1352-3357,,https://naver.me/xl0pAfEO,389-05-01246,칠성로,success,1_naver_link,naver_link place_id=1797746125,1.6,naver_place,https://map.naver.com/p/entry/place/1797746125,https://map.naver.com/p/entry/place/1797746125,https://pcmap.place.naver.com/place/1797746125/home,1797746125,이레밥상,한식,,정겨운 맛의 닭매운탕 한그릇,제주 제주시 중앙로 46-5 1층 이레밥상,제주 제주시 일도일동 1392-2,,,,33.514286,126.5241227,,,,{},,,,,,,,,,닭곰탕|닭매운탕|김치찌개|닭볶음탕|제육볶음,이레밥상|한식|제주 제주시 중앙로 46-5 1층 이레밥상|제주 제주시 일도일동 1392-2|닭곰탕|닭매운탕|김치찌개|닭볶음탕|제육볶음|정겨운 맛의 닭매운탕 한그릇|음식이 맛있어요|가성비가 좋아요|친절해요|양이 많아요|혼밥하기 좋아요|재료가 신선해요|특별한 메뉴가 있어요|반찬이 잘 나와요|주차하기 편해요|매장이 넓어요,"[""이레밥상"", ""한식"", ""제주 제주시 중앙로 46-5 1층 이레밥상"", ""제주 제주시 일도일동 1392-2"", ""닭곰탕"", ""닭매운탕"", ""김치찌개"", ""닭볶음탕"", ""제육볶음"", ""정겨운 맛의 닭매운탕 한그릇"", ""음식이 맛있어요"", ""가성비가 좋아요"", ""친절해요"", ""양이 많아요"", ""혼밥하기 좋아요"", ""재료가 신선해요"", ""특별한 메뉴가 있어요"", ""반찬이 잘 나와요"", ""주차하기 편해요"", ""매장이 넓어요""]","{""name"": [""이레밥상""], ""category"": [""한식""], ""address"": [""제주 제주시 중앙로 46-5 1층 이레밥상"", ""제주 제주시 일도일동 1392-2""], ""menus"": [""닭곰탕"", ""닭매운탕"", ""김치찌개"", ""닭볶음탕"", ""제육볶음""], ""slogan"": [""정겨운 맛의 닭매운탕 한그릇""], ""visitor_keywords"": [""음식이 맛있어요"", ""가성비가 좋아요"", ""친절해요"", ""양이 많아요"", ""혼밥하기 좋아요"", ""재료가 신선해요"", ""특별한 메뉴가 있어요"", ""반찬이 잘 나와요"", ""주차하기 편해요"", ""매장이 넓어요""]}",https://naver.me/xl0pAfEO,,,,"[{""keyword"": ""음식이 맛있어요"", ""count"": ""33""}, {""keyword"": ""가성비가 좋아요"", ""count"": ""20""}, {""keyword"": ""친절해요"", ""count"": ""18""}, {""keyword"": ""양이 많아요"", ""count"": ""14""}, {""keyword"": ""혼밥하기 좋아요"", ""count"": ""11""}, {""keyword"": ""재료가 신선해요"", ""count"": ""11""}, {""keyword"": ""특별한 메뉴가 있어요"", ""count"": ""7""}, {""keyword"": ""반찬이 잘 나와요"", ""count"": ""3""}, {""keyword"": ""주차하기 편해요"", ""count"": ""2""}, {""keyword"": ""매장이 넓어요"", ""count"": ""2""}]","[{""title"": ""결제수단"", ""body"": ""제로페이\n알고 계신 정보와 다른 정보가 있나요?\n사진으로 간단하게 제보해 주세요.\n정보 수정 제안하기\n이용약관고객센터리뷰운영정책신고센터\n네이버""}]"
62,62,삼성패션아울렛 제주점,쇼핑,제주 제주시 중앙로7길 14,,33.5147388,126.5261991,064-757-6896,,https://naver.me/FN74uWPU,616-81-61422,칠성로,success,1_naver_link,naver_link place_id=17002849,0.5,naver_place,https://map.naver.com/p/entry/place/17002849,https://map.naver.com/p/entry/place/17002849,https://pcmap.place.naver.com/place/17002849/home,17002849,삼성패션아울렛 제주점,아울렛,,,제주 제주시 중앙로7길 14,제주 제주시 일도1동 1300-2,,064-757-6896,,33.5147435,126.5261996,10:00에 영업 시작,영업 전,,{},영업 전10:00에 영업 시작,남/녀 화장실 구분|주차,"제일모직/삼성패션 아울렛입니다.
삼성패션 다양한 브랜드들의 고퀄리티 의류를 합리적인 가격으로 먼나보실 수 있습니다.",,,,,,,,삼성패션아울렛 제주점|아울렛|제주 제주시 중앙로7길 14|제주 제주시 일도1동 1300-2|064-757-6896|10:00에 영업 시작|남/녀 화장실 구분|주차|품질이 좋아요|친절해요|가성비가 좋아요|종류가 다양해요|주차하기 편해요|분위기가 편안해요|시설이 깔끔해요|매장이 넓어요|비싼 만큼 가치있어요|고급스러워요,"[""삼성패션아울렛 제주점"", ""아울렛"", ""제주 제주시 중앙로7길 14"", ""제주 제주시 일도1동 1300-2"", ""064-757-6896"", ""10:00에 영업 시작"", ""남/녀 화장실 구분"", ""주차"", ""품질이 좋아요"", ""친절해요"", ""가성비가 좋아요"", ""종류가 다양해요"", ""주차하기 편해요"", ""분위기가 편안해요"", ""시설이 깔끔해요"", ""매장이 넓어요"", ""비싼 만큼 가치있어요"", ""고급스러워요""]","{""name"": [""삼성패션아울렛 제주점""], ""category"": [""아울렛""], ""address"": [""제주 제주시 중앙로7길 14"", ""제주 제주시 일도1동 1300-2""], ""phone"": [""064-757-6896""], ""hours"": [""10:00에 영업 시작""], ""conveniences"": [""남/녀 화장실 구분"", ""주차""], ""visitor_keywords"": [""품질이 좋아요"", ""친절해요"", ""가성비가 좋아요"", ""종류가 다양해요"", ""주차하기 편해요"", ""분위기가 편안해요"", ""시설이 깔끔해요"", ""매장이 넓어요"", ""비싼 만큼 가치있어요"", ""고급스러워요""]}",https://naver.me/FN74uWPU,,"[""삼성패션아울렛 제주점\n알림봄, 여름 의류 입고 안내\n이쁜 봄옷, 여름옷들이 많이 들어왔습니다.\n구경하러 오세요 :)\n좋아요\n2025.04.10.\n2025년 4월 10일""]",,"[{""keyword"": ""품질이 좋아요"", ""count"": ""18""}, {""keyword"": ""친절해요"", ""count"": ""15""}, {""keyword"": ""가성비가 좋아요"", ""count"": ""15""}, {""keyword"": ""종류가 다양해요"", ""count"": ""13""}, {""keyword"": ""주차하기 편해요"", ""count"": ""8""}, {""keyword"": ""분위기가 편안해요"", ""count"": ""7""}, {""keyword"": ""시설이 깔끔해요"", ""count"": ""6""}, {""keyword"": ""매장이 넓어요"", ""count"": ""6""}, {""keyword"": ""비싼 만큼 가치있어요"", ""count"": ""5""}, {""keyword"": ""고급스러워요"", ""count"": ""1""}]","[{""title"": ""소개"", ""body"": ""제일모직/삼성패션 아울렛입니다.\n삼성패션 다양한 브랜드들의 고퀄리티 의류를 합리적인 가격으로 먼나보실 수 있습니다.""}, {""title"": ""편의시설 및 서비스"", ""body"": ""남/녀 화장실 구분""}, {""title"": ""주차"", ""body"": ""주차가능\n무료""}, {""title"": ""SNS"", ""body"": ""홈페이지\nhttp://www.ssfshop.com/main\n알고 계신 정보와 다른 정보가 있나요?\n사진으로 간단하게 제보해 주세요.\n정보 수정 제안하기\n이용약관고객센터리뷰운영정책신고센터\n네이버""}]"
63,63,정금사,쇼핑,제주 제주시 칠성로길 31-1,,33.5145676,126.5262096,064-757-2818,,https://naver.me/5f5kp80N,616-26-12903,칠성로,success,1_naver_link,naver_link place_id=16686080,1.1,naver_place,https://map.naver.com/p/entry/place/16686080,https://map.naver.com/p/entry/place/16686080,https://pcmap.place.naver.com/place/16686080/home,16686080,정금사,"귀금속,시계",,,제주 제주시 칠성로길 31-1,제주 제주시 일도1동 1302-2,,064-757-2818,,33.5145579,126.526209,,,,{},정보 수정,,,,,,,,,,"정금사|귀금속,시계|제주 제주시 칠성로길 31-1|제주 제주시 일도1동 1302-2|064-757-2818","[""정금사"", ""귀금속,시계"", ""제주 제주시 칠성로길 31-1"", ""제주 제주시 일도1동 1302-2"", ""064-757-2818""]","{""name"": [""정금사""], ""category"": [""귀금속,시계""], ""address"": [""제주 제주시 칠성로길 31-1"", ""제주 제주시 일도1동 1302-2""], ""phone"": [""064-757-2818""]}",https://naver.me/5f5kp80N,,,,,"[{""title"": ""결제수단"", ""body"": ""제로페이\n알고 계신 정보와 다른 정보가 있나요?\n사진으로 간단하게 제보해 주세요.\n정보 수정 제안하기\n이용약관고객센터리뷰운영정책신고센터\n네이버""}]"
64,64,제주커피배움,"카페, 디저트",제주 제주시 중앙로 37 3층,,33.5150088,126.524881,,,https://naver.me/xS1nXMPX,220-55-00768,칠성로,success,1_naver_link,naver_link place_id=1433978314,2.0,naver_place,https://map.naver.com/p/entry/place/1433978314,https://map.naver.com/p/entry/place/1433978314,https://pcmap.place.naver.com/place/1433978314/home,1433978314,제주커피배움,바리스타,,,제주 제주시 중앙로 37 3층,제주 제주시 일도일동 1298-14,,,,33.5150141,126.5249017,,,,{},,,바리스타교육/강사육성/창업컨설팅/원두로스팅/커피드립백,,,,,,,,제주커피배움|바리스타|제주 제주시 중앙로 37 3층|제주 제주시 일도일동 1298-14|안내|방문 키워드 통계 그래프 예시입니다.|현재 6명 참여|10명 이상 참여하면|방문 키워드 통계가 공개됩니다!|최신순|imroompen|팔로우|주차하기 편해요|학생과 소통을 잘해요|반응 남기기|방문일|23.4.4.화|2023년 4월 4일 화요일|1번째 방문|인증 수단|영수증|gli****,"[""제주커피배움"", ""바리스타"", ""제주 제주시 중앙로 37 3층"", ""제주 제주시 일도일동 1298-14"", ""안내"", ""방문 키워드 통계 그래프 예시입니다."", ""현재 6명 참여"", ""10명 이상 참여하면"", ""방문 키워드 통계가 공개됩니다!"", ""최신순"", ""imroompen"", ""팔로우"", ""주차하기 편해요"", ""학생과 소통을 잘해요"", ""반응 남기기"", ""방문일"", ""23.4.4.화"", ""2023년 4월 4일 화요일"", ""1번째 방문"", ""인증 수단"", ""영수증"", ""gli****""]","{""name"": [""제주커피배움""], ""category"": [""바리스타""], ""address"": [""제주 제주시 중앙로 37 3층"", ""제주 제주시 일도일동 1298-14""], ""visitor_keywords"": [""안내"", ""방문 키워드 통계 그래프 예시입니다."", ""현재 6명 참여"", ""10명 이상 참여하면"", ""방문 키워드 통계가 공개됩니다!"", ""최신순"", ""imroompen"", ""팔로우"", ""주차하기 편해요"", ""학생과 소통을 잘해요"", ""반응 남기기"", ""방문일"", ""23.4.4.화"", ""2023년 4월 4일 화요일"", ""1번째 방문"", ""인증 수단"", ""영수증"", ""gli****""]}",https://naver.me/xS1nXMPX,,"[""제주커피배움\n알림제주 커피'배움'입니다\n커피에 관한 모든것~\n좋아요\n2023.09.27.\n2023년 9월 27일"", ""제주커피배움\n동영상\n알림드립커피교육\n10년경력 바리스타의 드립커피교육이 진행중입니다.\n좋아요\n2023.03.03.\n2023년 3월 3일""]",,"[""안내"", ""방문 키워드 통계 그래프 예시입니다."", ""현재 6명 참여"", ""10명 이상 참여하면"", ""방문 키워드 통계가 공개됩니다!"", ""최신순"", ""imroompen"", ""팔로우"", ""굿"", ""주차하기 편해요"", ""학생과 소통을 잘해요"", ""반응 남기기"", ""방문일"", ""23.4.4.화"", ""2023년 4월 4일 화요일"", ""1번째 방문"", ""인증 수단"", ""영수증"", ""gli****""]","[{""title"": ""소개"", ""body"": ""바리스타교육/강사육성/창업컨설팅/원두로스팅/커피드립백""}, {""title"": ""대표 키워드"", ""body"": ""바리스타교육강사육성원두로스팅드립백커피""}, {""title"": ""결제수단"", ""body"": ""제로페이""}, {""title"": ""SNS"", ""body"": ""인스타그램\nhttps://www.instagram.com/coffee_baeum\n알고 계신 정보와 다른 정보가 있나요?\n사진으로 간단하게 제보해 주세요.\n정보 수정 제안하기\n이용약관고객센터리뷰운영정책신고센터\n네이버""}]"
65,65,로가디스 제주점,쇼핑,제주 제주시 칠성로길 10 (일도일동) 로가디스 제주점 1층,,33.5136561,126.5241951,064-722-2035,,https://naver.me/x6xefYsN,616-81-08164,칠성로,success,1_naver_link,naver_link place_id=38558177,0.5,naver_place,https://map.naver.com/p/entry/place/38558177,https://map.naver.com/p/entry/place/38558177,https://pcmap.place.naver.com/place/38558177/home,38558177,로가디스 제주점,정장,,,제주 제주시 칠성로길 10 (일도일동) 로가디스 제주점 1층,제주 제주시 일도일동 1379-1 로가디스 제주점 1층,,064-722-2035,http://www.ssfshop.com/Rogatis,33.5136517,126.5241964,10:00 - 20:00,영업 전,,"{""매일"": {""open"": ""10:00 - 20:00""}}",영업 전 | 10:00에 영업 시작 | 10시 0분에 영업 시작 | 매일 | 10:00 - 20:00 | 접기,예약,"홈페이지
http://www.ssfshop.com/Rogatis
알고 계신 정보와 다른 정보가 있나요?
사진으로 간단하게 제보해 주세요.
정보 수정 제안하기
이용약관고객센터리뷰운영정책신고센터
네이버",,,,,,,,로가디스 제주점|정장|제주 제주시 칠성로길 10 (일도일동) 로가디스 제주점 1층|제주 제주시 일도일동 1379-1 로가디스 제주점 1층|064-722-2035|10:00 - 20:00,"[""로가디스 제주점"", ""정장"", ""제주 제주시 칠성로길 10 (일도일동) 로가디스 제주점 1층"", ""제주 제주시 일도일동 1379-1 로가디스 제주점 1층"", ""064-722-2035"", ""10:00 - 20:00""]","{""name"": [""로가디스 제주점""], ""category"": [""정장""], ""address"": [""제주 제주시 칠성로길 10 (일도일동) 로가디스 제주점 1층"", ""제주 제주시 일도일동 1379-1 로가디스 제주점 1층""], ""phone"": [""064-722-2035""], ""hours"": [""10:00 - 20:00""]}",https://naver.me/x6xefYsN,,,,,"[{""title"": ""대표 키워드"", ""body"": ""삼성물산패션로가디스ROGATIS정장수트""}, {""title"": ""편의시설 및 서비스"", ""body"": ""예약""}, {""title"": ""SNS"", ""body"": ""홈페이지\nhttp://www.ssfshop.com/Rogatis\n알고 계신 정보와 다른 정보가 있나요?\n사진으로 간단하게 제보해 주세요.\n정보 수정 제안하기\n이용약관고객센터리뷰운영정책신고센터\n네이버""}]"
66,66,조일약국,기타,제주 제주시 관덕로 63 조일약국(1층),,33.5132798,126.5260815,0507-1415-2306,,https://naver.me/5CFfWsT8,616-24-25291,칠성로,success,1_naver_link,naver_link place_id=19520481,2.9,naver_place,https://map.naver.com/p/entry/place/19520481,https://map.naver.com/p/entry/place/19520481,https://pcmap.place.naver.com/place/19520481/home,19520481,조일약국,약국,,,제주 제주시 관덕로 63 조일약국(1층),제주 제주시 일도일동 1473-6,,,,33.5132654,126.5260554,,,,{},,,"지역화폐 (지류형)
지역화폐 (카드형)
알고 계신 정보와 다른 정보가 있나요?
사진으로 간단하게 제보해 주세요.
정보 수정 제안하기
이용약관고객센터리뷰운영정책신고센터
네이버",,,,,,,,조일약국|약국|제주 제주시 관덕로 63 조일약국(1층)|제주 제주시 일도일동 1473-6|친절해요|복약지도를 잘해줘요|상담이 자세해요|가격이 합리적이에요|제품 종류가 다양해요|매장이 청결해요|매장이 넓어요|조제약 포장이 세심해요|대기공간이 잘 되어있어요|분위기가 편안해요,"[""조일약국"", ""약국"", ""제주 제주시 관덕로 63 조일약국(1층)"", ""제주 제주시 일도일동 1473-6"", ""친절해요"", ""복약지도를 잘해줘요"", ""상담이 자세해요"", ""가격이 합리적이에요"", ""제품 종류가 다양해요"", ""매장이 청결해요"", ""매장이 넓어요"", ""조제약 포장이 세심해요"", ""대기공간이 잘 되어있어요"", ""분위기가 편안해요""]","{""name"": [""조일약국""], ""category"": [""약국""], ""address"": [""제주 제주시 관덕로 63 조일약국(1층)"", ""제주 제주시 일도일동 1473-6""], ""visitor_keywords"": [""친절해요"", ""복약지도를 잘해줘요"", ""상담이 자세해요"", ""가격이 합리적이에요"", ""제품 종류가 다양해요"", ""매장이 청결해요"", ""매장이 넓어요"", ""조제약 포장이 세심해요"", ""대기공간이 잘 되어있어요"", ""분위기가 편안해요""]}",https://naver.me/5CFfWsT8,,,,"[{""keyword"": ""친절해요"", ""count"": ""333""}, {""keyword"": ""복약지도를 잘해줘요"", ""count"": ""178""}, {""keyword"": ""상담이 자세해요"", ""count"": ""127""}, {""keyword"": ""가격이 합리적이에요"", ""count"": ""121""}, {""keyword"": ""제품 종류가 다양해요"", ""count"": ""116""}, {""keyword"": ""매장이 청결해요"", ""count"": ""69""}, {""keyword"": ""매장이 넓어요"", ""count"": ""44""}, {""keyword"": ""조제약 포장이 세심해요"", ""count"": ""41""}, {""keyword"": ""대기공간이 잘 되어있어요"", ""count"": ""18""}, {""keyword"": ""분위기가 편안해요"", ""count"": ""4""}]","[{""title"": ""결제수단"", ""body"": ""지역화폐 (지류형)\n지역화폐 (카드형)\n알고 계신 정보와 다른 정보가 있나요?\n사진으로 간단하게 제보해 주세요.\n정보 수정 제안하기\n이용약관고객센터리뷰운영정책신고센터\n네이버""}]"
67,67,라코스테 제주점,쇼핑,제주 제주시 관덕로11길 8,,33.5138408,126.5255827,064-753-0904,,https://naver.me/5yWzwEK1,616-81-25917,칠성로,success,1_naver_link,naver_link place_id=1291982667,1.1,naver_place,https://map.naver.com/p/entry/place/1291982667,https://map.naver.com/p/entry/place/1291982667,https://pcmap.place.naver.com/place/1291982667/home,1291982667,라코스테 제주점,캐주얼웨어,,,제주 제주시 관덕로11길 8,제주 제주시 일도일동 1355-2,,064-753-0904,,33.5138308,126.5255827,11:00에 영업 시작,영업 전,,{},영업 전11:00에 영업 시작,간편결제,"지역화폐 (지류형)
지역화폐 (카드형)
제로페이
간편결제
알고 계신 정보와 다른 정보가 있나요?
사진으로 간단하게 제보해 주세요.
정보 수정 제안하기
이용약관고객센터리뷰운영정책신고센터
네이버",,,,,,,,라코스테 제주점|캐주얼웨어|제주 제주시 관덕로11길 8|제주 제주시 일도일동 1355-2|064-753-0904|11:00에 영업 시작|간편결제|품질이 좋아요|친절해요|매장이 넓어요|종류가 다양해요|스타일 추천을 잘해줘요|분위기가 편안해요|가성비가 좋아요|독특한 디자인이 많아요|선물하기 좋아요|비싼 만큼 가치있어요,"[""라코스테 제주점"", ""캐주얼웨어"", ""제주 제주시 관덕로11길 8"", ""제주 제주시 일도일동 1355-2"", ""064-753-0904"", ""11:00에 영업 시작"", ""간편결제"", ""품질이 좋아요"", ""친절해요"", ""매장이 넓어요"", ""종류가 다양해요"", ""스타일 추천을 잘해줘요"", ""분위기가 편안해요"", ""가성비가 좋아요"", ""독특한 디자인이 많아요"", ""선물하기 좋아요"", ""비싼 만큼 가치있어요""]","{""name"": [""라코스테 제주점""], ""category"": [""캐주얼웨어""], ""address"": [""제주 제주시 관덕로11길 8"", ""제주 제주시 일도일동 1355-2""], ""phone"": [""064-753-0904""], ""hours"": [""11:00에 영업 시작""], ""conveniences"": [""간편결제""], ""visitor_keywords"": [""품질이 좋아요"", ""친절해요"", ""매장이 넓어요"", ""종류가 다양해요"", ""스타일 추천을 잘해줘요"", ""분위기가 편안해요"", ""가성비가 좋아요"", ""독특한 디자인이 많아요"", ""선물하기 좋아요"", ""비싼 만큼 가치있어요""]}",https://naver.me/5yWzwEK1,,,,"[{""keyword"": ""품질이 좋아요"", ""count"": ""26""}, {""keyword"": ""친절해요"", ""count"": ""16""}, {""keyword"": ""매장이 넓어요"", ""count"": ""10""}, {""keyword"": ""종류가 다양해요"", ""count"": ""9""}, {""keyword"": ""스타일 추천을 잘해줘요"", ""count"": ""8""}, {""keyword"": ""분위기가 편안해요"", ""count"": ""5""}, {""keyword"": ""가성비가 좋아요"", ""count"": ""4""}, {""keyword"": ""독특한 디자인이 많아요"", ""count"": ""2""}, {""keyword"": ""선물하기 좋아요"", ""count"": ""2""}, {""keyword"": ""비싼 만큼 가치있어요"", ""count"": ""2""}]","[{""title"": ""대표 키워드"", ""body"": ""라코스테옷제주의류""}, {""title"": ""주차"", ""body"": ""주차 불가""}, {""title"": ""결제수단"", ""body"": ""지역화폐 (지류형)\n지역화폐 (카드형)\n제로페이\n간편결제\n알고 계신 정보와 다른 정보가 있나요?\n사진으로 간단하게 제보해 주세요.\n정보 수정 제안하기\n이용약관고객센터리뷰운영정책신고센터\n네이버""}]"
68,68,컬럼비아 제주점,쇼핑,제주 제주시 중앙로 42 1층 컬럼비아 제주점,,33.5145909,126.5245018,064-753-7071,,https://naver.me/Fm3CNJiS,616-81-82989,칠성로,success,1_naver_link,naver_link place_id=808733485,4.1,naver_place,https://map.naver.com/p/entry/place/808733485,https://map.naver.com/p/entry/place/808733485,https://pcmap.place.naver.com/place/808733485/home,808733485,컬럼비아 제주점,"등산,아웃도어",,,제주 제주시 중앙로 42 1층 컬럼비아 제주점,제주 제주시 일도일동 1287-2,,064-753-7071,,33.5145794,126.5245433,10:30에 영업 시작,영업 전,,{},영업 전10:30에 영업 시작,주차,"컬럼비아 제주점
Columbia Sportswear Jeju
哥伦比亚, 哥伦比亚户外",,,,,,,,"컬럼비아 제주점|등산,아웃도어|제주 제주시 중앙로 42 1층 컬럼비아 제주점|제주 제주시 일도일동 1287-2|064-753-7071|10:30에 영업 시작|주차|친절해요|품질이 좋아요|종류가 다양해요|분위기가 편안해요|가성비가 좋아요|매장이 넓어요|스타일 추천을 잘해줘요|주차하기 편해요|사이즈가 다양해요|A/S가 세심해요","[""컬럼비아 제주점"", ""등산,아웃도어"", ""제주 제주시 중앙로 42 1층 컬럼비아 제주점"", ""제주 제주시 일도일동 1287-2"", ""064-753-7071"", ""10:30에 영업 시작"", ""주차"", ""친절해요"", ""품질이 좋아요"", ""종류가 다양해요"", ""분위기가 편안해요"", ""가성비가 좋아요"", ""매장이 넓어요"", ""스타일 추천을 잘해줘요"", ""주차하기 편해요"", ""사이즈가 다양해요"", ""A/S가 세심해요""]","{""name"": [""컬럼비아 제주점""], ""category"": [""등산,아웃도어""], ""address"": [""제주 제주시 중앙로 42 1층 컬럼비아 제주점"", ""제주 제주시 일도일동 1287-2""], ""phone"": [""064-753-7071""], ""hours"": [""10:30에 영업 시작""], ""conveniences"": [""주차""], ""visitor_keywords"": [""친절해요"", ""품질이 좋아요"", ""종류가 다양해요"", ""분위기가 편안해요"", ""가성비가 좋아요"", ""매장이 넓어요"", ""스타일 추천을 잘해줘요"", ""주차하기 편해요"", ""사이즈가 다양해요"", ""A/S가 세심해요""]}",https://naver.me/Fm3CNJiS,,"[""컬럼비아 제주점\n알림탐나는전 20% 캐쉬백 이벤트\n안녕하세요^^ 저희 컬럼비아 제주점은 탐나는전 가맹점으로\n캐쉬백 20% 혜택 받으실 수 있습니다!\n1명\n2026.01.31.\n2026년 1월 31일""]",,"[{""keyword"": ""친절해요"", ""count"": ""21""}, {""keyword"": ""품질이 좋아요"", ""count"": ""13""}, {""keyword"": ""종류가 다양해요"", ""count"": ""12""}, {""keyword"": ""분위기가 편안해요"", ""count"": ""5""}, {""keyword"": ""가성비가 좋아요"", ""count"": ""5""}, {""keyword"": ""매장이 넓어요"", ""count"": ""5""}, {""keyword"": ""스타일 추천을 잘해줘요"", ""count"": ""5""}, {""keyword"": ""주차하기 편해요"", ""count"": ""4""}, {""keyword"": ""사이즈가 다양해요"", ""count"": ""2""}, {""keyword"": ""A/S가 세심해요"", ""count"": ""1""}]","[{""title"": ""소개"", ""body"": ""컬럼비아 제주점\nColumbia Sportswear Jeju\n哥伦比亚, 哥伦比亚户外""}, {""title"": ""대표 키워드"", ""body"": ""컬럼비아아웃도어등산화Columbia트레킹화""}, {""title"": ""주차"", ""body"": ""주차가능\n무료\n매장 옆 골목에 탑동 유료주차장 있습니다(중앙로8길) 상품 구매 시 주차권 드립니다😀""}, {""title"": ""결제수단"", ""body"": ""지역화폐 (지류형)\n지역화폐 (카드형)\n지역화폐 (모바일형)\n제로페이""}, {""title"": ""SNS"", ""body"": ""홈페이지\nhttps://www.columbiakorea.co.kr\n스마트스토어\n스마트스토어\n알고 계신 정보와 다른 정보가 있나요?\n사진으로 간단하게 제보해 주세요.\n정보 수정 제안하기\n이용약관고객센터리뷰운영정책신고센터\n네이버""}]"
69,69,탐라인터내쇼날,쇼핑,제주 제주시 칠성로길 11,,33.5139541,126.524126,064-757-1851,,https://naver.me/FIcNdTOg,616-81-12810,칠성로,success,1_naver_link,naver_link place_id=288114396,9.8,naver_place,https://map.naver.com/p/entry/place/288114396,https://map.naver.com/p/entry/place/288114396,https://pcmap.place.naver.com/place/288114396/home,288114396,탐라인터내쇼날,기업,,,제주 제주시 칠성로길 11,제주 제주시 일도1동 1395,,064-757-1851,,33.5138666,126.5241389,,,,{},정보 수정,,"hueplace36
22.5.131번째 방문영수증
좋아요
로딩중
알고 계신 정보와 다른 정보가 있나요?
사진으로 간단하게 제보해 주세요.
정보 수정 제안하기
이용약관고객센터리뷰운영정책신고센터
네이버",,,,,,,,탐라인터내쇼날|기업|제주 제주시 칠성로길 11|제주 제주시 일도1동 1395|064-757-1851,"[""탐라인터내쇼날"", ""기업"", ""제주 제주시 칠성로길 11"", ""제주 제주시 일도1동 1395"", ""064-757-1851""]","{""name"": [""탐라인터내쇼날""], ""category"": [""기업""], ""address"": [""제주 제주시 칠성로길 11"", ""제주 제주시 일도1동 1395""], ""phone"": [""064-757-1851""]}",https://naver.me/FIcNdTOg,,,,,"[{""title"": ""방문자 리뷰1"", ""body"": ""hueplace36\n22.5.131번째 방문영수증\n좋아요\n로딩중\n알고 계신 정보와 다른 정보가 있나요?\n사진으로 간단하게 제보해 주세요.\n정보 수정 제안하기\n이용약관고객센터리뷰운영정책신고센터\n네이버""}]"
70,70,준플라워,쇼핑,제주 제주시 관덕로15길 1,,33.5134807,126.5267817,064-726-8083,,https://naver.me/F8luatBi,616-92-06143,칠성로,success,1_naver_link,naver_link place_id=1066696679,4.3,naver_place,https://map.naver.com/p/entry/place/1066696679,https://map.naver.com/p/entry/place/1066696679,https://pcmap.place.naver.com/place/1066696679/home,1066696679,준플라워,"꽃집,꽃배달",,,제주 제주시 관덕로15길 1,제주 제주시 일도일동 1476-47,,064-726-8083,,33.5134416,126.5267804,,,,{},,,,,,,,,,,"준플라워|꽃집,꽃배달|제주 제주시 관덕로15길 1|제주 제주시 일도일동 1476-47|064-726-8083|포장이 정성스러워요|친절해요|꽃 조합이 예뻐요|싱싱해요|감각적이에요|가격이 합리적이에요","[""준플라워"", ""꽃집,꽃배달"", ""제주 제주시 관덕로15길 1"", ""제주 제주시 일도일동 1476-47"", ""064-726-8083"", ""포장이 정성스러워요"", ""친절해요"", ""꽃 조합이 예뻐요"", ""싱싱해요"", ""감각적이에요"", ""가격이 합리적이에요""]","{""name"": [""준플라워""], ""category"": [""꽃집,꽃배달""], ""address"": [""제주 제주시 관덕로15길 1"", ""제주 제주시 일도일동 1476-47""], ""phone"": [""064-726-8083""], ""visitor_keywords"": [""포장이 정성스러워요"", ""친절해요"", ""꽃 조합이 예뻐요"", ""싱싱해요"", ""감각적이에요"", ""가격이 합리적이에요""]}",https://naver.me/F8luatBi,,,,"[{""keyword"": ""포장이 정성스러워요"", ""count"": ""9""}, {""keyword"": ""친절해요"", ""count"": ""8""}, {""keyword"": ""꽃 조합이 예뻐요"", ""count"": ""7""}, {""keyword"": ""싱싱해요"", ""count"": ""6""}, {""keyword"": ""감각적이에요"", ""count"": ""4""}, {""keyword"": ""가격이 합리적이에요"", ""count"": ""4""}]","[{""title"": ""결제수단"", ""body"": ""제로페이\n알고 계신 정보와 다른 정보가 있나요?\n사진으로 간단하게 제보해 주세요.\n정보 수정 제안하기\n이용약관고객센터리뷰운영정책신고센터\n네이버""}]"
71,71,지중해식당,음식점,제주 제주시 중앙로7길 23,,33.5149446,126.5271721,064-756-8188,,https://naver.me/GEXktBKt,616-26-11976,칠성로,success,1_naver_link,naver_link place_id=16980379,3.4,naver_place,https://map.naver.com/p/entry/place/16980379,https://map.naver.com/p/entry/place/16980379,https://pcmap.place.naver.com/place/16980379/home,16980379,지중해식당,한식,,,제주 제주시 중앙로7길 23,제주 제주시 일도일동 1306-1,,064-756-8188,,33.514914,126.5271747,,,,{},,,"안내
50회39명 참여
""음식이 맛있어요""
이 키워드를 선택한 인원
45
""가성비가 좋아요""
이 키워드를 선택한 인원
21
""양이 많아요""
이 키워드를 선택한 인원
18
""친절해요""
이 키워드를 선택한 인원
14
""혼밥하기 좋아요""
이 키워드를 선택한 인원
12
더보기",,,,,,,,지중해식당|한식|제주 제주시 중앙로7길 23|제주 제주시 일도일동 1306-1|064-756-8188|음식이 맛있어요|가성비가 좋아요|양이 많아요|친절해요|혼밥하기 좋아요|재료가 신선해요|특별한 메뉴가 있어요|인테리어가 멋져요|메뉴 구성이 알차요|반찬이 잘 나와요,"[""지중해식당"", ""한식"", ""제주 제주시 중앙로7길 23"", ""제주 제주시 일도일동 1306-1"", ""064-756-8188"", ""음식이 맛있어요"", ""가성비가 좋아요"", ""양이 많아요"", ""친절해요"", ""혼밥하기 좋아요"", ""재료가 신선해요"", ""특별한 메뉴가 있어요"", ""인테리어가 멋져요"", ""메뉴 구성이 알차요"", ""반찬이 잘 나와요""]","{""name"": [""지중해식당""], ""category"": [""한식""], ""address"": [""제주 제주시 중앙로7길 23"", ""제주 제주시 일도일동 1306-1""], ""phone"": [""064-756-8188""], ""visitor_keywords"": [""음식이 맛있어요"", ""가성비가 좋아요"", ""양이 많아요"", ""친절해요"", ""혼밥하기 좋아요"", ""재료가 신선해요"", ""특별한 메뉴가 있어요"", ""인테리어가 멋져요"", ""메뉴 구성이 알차요"", ""반찬이 잘 나와요""]}",https://naver.me/GEXktBKt,,,,"[{""keyword"": ""음식이 맛있어요"", ""count"": ""45""}, {""keyword"": ""가성비가 좋아요"", ""count"": ""21""}, {""keyword"": ""양이 많아요"", ""count"": ""18""}, {""keyword"": ""친절해요"", ""count"": ""14""}, {""keyword"": ""혼밥하기 좋아요"", ""count"": ""12""}, {""keyword"": ""재료가 신선해요"", ""count"": ""11""}, {""keyword"": ""특별한 메뉴가 있어요"", ""count"": ""3""}, {""keyword"": ""인테리어가 멋져요"", ""count"": ""1""}, {""keyword"": ""메뉴 구성이 알차요"", ""count"": ""1""}, {""keyword"": ""반찬이 잘 나와요"", ""count"": ""1""}]","[{""title"": ""이런 점이 좋았어요"", ""body"": ""안내\n50회39명 참여\n\""음식이 맛있어요\""\n이 키워드를 선택한 인원\n45\n\""가성비가 좋아요\""\n이 키워드를 선택한 인원\n21\n\""양이 많아요\""\n이 키워드를 선택한 인원\n18\n\""친절해요\""\n이 키워드를 선택한 인원\n14\n\""혼밥하기 좋아요\""\n이 키워드를 선택한 인원\n12\n더보기""}, {""title"": ""사진·영상 리뷰"", ""body"": """"}, {""title"": ""리뷰37"", ""body"": ""안내\n사진/영상 리뷰만\n메뉴\n가정식백반6\n제육3\n찌개3\n라면2\n볶음밥2\n순두부2\n제육볶음2\n고기1\n김치찌개1\n닭볶음탕1\n덮밥1\n백반1\n순두부찌개1\n전골1\n제육덮밥1\n특징\n맛19\n만족도11\n서비스4\n음식량1\n메뉴1\n추천순\n최신순\n리뷰 제공 기준\n리뷰 클렌징 시스템 작동중입니다\n화양연화3578\n리뷰 206사진 67\n팔로우\n점심에 방문예약 없이 이용대기 시간 바로 입장여행지인・동료\n제주 동문시장왔다가 ~~\n반찬이 다 맛있어요 다음에 또오고 싶은집입니다\n음식이 맛있어요\n재료가 신선해요\n양이 많아요\n혼밥하기 좋아요\n친절해요\n반응 남기기\n방문일\n25.5.13.화\n2025년 5월 13일 화요일\n1번째 방문\n인증 수단\n영수증\n435****\n리뷰 347사진 65팔로워 1\n팔로우\n점심에 방문예약 없이 이용대기 시간 바로 입장여행지인・동료\n찌개 밥 반찬까지 모두 맛있는밥\n공기밥 추가는 기본\n음식이 맛있어요\n재료가 신선해요\n혼밥하기 좋아요\n친절해요\n반응 남기기\n방문일\n25.5.13.화\n2025년 5월 13일 화요일\n1번째 방문\n인증 수단\n영수증\ngfdk\n리뷰 51사진 82\n팔로우\n점심에 방문예약 없이 이용대기 시간 바로 입장친목지인・동료\n집밥 먹는 느낌이라 좋았어요^_^ 간도 자극적이지 않고 적당해요 ㅎㅍ\n음식이 맛있어요\n양이 많아요\n가성비가 좋아요\n메뉴 구성이 알차요\n반응 남기기\n방문일\n24.12.23.월\n2024년 12월 23일 월요일\n1번째 방문\n인증 수단\n영수증\n트레블러61\n리뷰 254사진 112\n팔로우\n저녁에 방문예약 없이 이용대기 시간 바로 입장여행혼자\n맛있어요. 집밥이에요\n음식이 맛있어요\n반응 남기기\n방문일\n24.11.14.목\n2024년 11월 14일 목요일\n1번째 방문\n인증 수단\n영수증\nheu****\n리뷰 1,080사진 8\n팔로우\n저녁에 방문예약 없이 이용대기 시간 바로 입장나들이연인・배우자\n오래간만에 집밥처럼 먹었어요\n가성비가 좋아요\n반응 남기기\n방문일\n24.3.22.금\n2024년 3월 22일 금요일\n1번째 방문\n인증 수단\n영수증\n248****\n리뷰 407사진 2\n팔로우\n점심에 방문예약 없이 이용대기 시간 바로 입장일상지인・동료\n좋아요\n음식이 맛있어요\n반응 남기기\n방문일\n24.5.6.월\n2024년 5월 6일 월요일\n5번째 방문\n인증 수단\n영수증\n248****\n리뷰 407사진 2\n팔로우\n점심에 방문예약 없이 이용대기 시간 바로 입장일상지인・동료\n좋아요\n음식이 맛있어요\n반응 남기기\n방문일\n24.4.30.화\n2024년 4월 30일 화요일\n4번째 방문\n인증 수단\n영수증\n밀가루 인간\n리뷰 1,143사진 1,302팔로워 47\n팔로우\n점심에 방문\n기본 찬들이 입맛에 맞고 정갈해서 백반맛이 좋습니다~\n메인 음식들도 맛있구요\n정감가는 분위기의 편안한 맛집\n혼밥하기 좋아요\n가성비가 좋아요\n음식이 맛있어요\n반응 남기기\n방문일\n23.11.27.월\n2023년 11월 27일 월요일\n1번째 방문\n인증 수단\n영수증\n안녕하소용\n리뷰 258사진 48\n팔로우\n점심에 방문예약 없이 이용대기 시간 바로 입장데이트\n양이 엄청 많고 가성비 너무 좋아욜\n음식이 맛있어요\n재료가 신선해요\n양이 많아요\n가성비가 좋아요\n반응 남기기\n방문일\n24.2.13.화\n2024년 2월 13일 화요일\n1번째 방문\n인증 수단\n영수증\n248****\n리뷰 407사진 2\n팔로우\n점심에 방문예약 없이 이용대기 시간 바로 입장일상지인・동료\n좋아요\n음식이 맛있어요\n반응 남기기\n방문일\n24.4.23.화\n2024년 4월 23일 화요일\n3번째 방문\n인증 수단\n영수증\n펼쳐서 더보기""}, {""title"": ""키워드·별점 리뷰25"", ""body"": ""abn****\n리뷰 902사진 20\n팔로우\n친절해요\n특별한 날 가기 좋아요\n반응 남기기\n방문일\n24.12.20.금\n2024년 12월 20일 금요일\n1번째 방문\n인증 수단\n영수증\n마린보이1670\n리뷰 609사진 13\n팔로우\n친절해요\n뷰가 좋아요\n반응 남기기\n방문일\n24.12.20.금\n2024년 12월 20일 금요일\n1번째 방문\n인증 수단\n영수증\n삼욱맘72\n리뷰 377사진 25\n팔로우\n음식이 맛있어요\n가성비가 좋아요\n혼밥하기 좋아요\n반응 남기기\n방문일\n24.9.25.수\n2024년 9월 25일 수요일\n2번째 방문\n인증 수단\n영수증\n율리7644\n리뷰 851사진 748팔로워 61\n팔로우\n음식이 맛있어요\n반찬이 잘 나와요\n혼밥하기 좋아요\n반응 남기기\n방문일\n24.1.30.화\n2024년 1월 30일 화요일\n1번째 방문\n인증 수단\n영수증\nlim****\n리뷰 463\n팔로우\n음식이 맛있어요\n반응 남기기\n방문일\n23.10.25.수\n2023년 10월 25일 수요일\n1번째 방문\n인증 수단\n영수증\ndianae\n리뷰 851사진 179팔로워 19\n팔로우\n혼밥하기 좋아요\n음식이 맛있어요\n반응 남기기\n방문일\n23.5.12.금\n2023년 5월 12일 금요일\n1번째 방문\n인증 수단\n영수증\n찬영760\n리뷰 146사진 103팔로워 1\n팔로우\n재료가 신선해요\n음식이 맛있어요\n가성비가 좋아요\n특별한 메뉴가 있어요\n양이 많아요\n반응 남기기\n방문일\n23.2.27.월\n2023년 2월 27일 월요일\n1번째 방문\n인증 수단\n영수증\nsar****\n리뷰 484사진 4\n팔로우\n친절해요\n음식이 맛있어요\n가성비가 좋아요\n혼밥하기 좋아요\n반응 남기기\n방문일\n22.12.16.금\n2022년 12월 16일 금요일\n1번째 방문\n인증 수단\n영수증\nain****\n리뷰 59사진 12\n팔로우\n가성비가 좋아요\n양이 많아요\n음식이 맛있어요\n반응 남기기\n방문일\n22.11.17.목\n2022년 11월 17일 목요일\n1번째 방문\n인증 수단\n영수증\n왕숙연\n리뷰 113사진 11\n팔로우\n양이 많아요\n가성비가 좋아요\n음식이 맛있어요\n반응 남기기\n방문일\n22.12.12.월\n2022년 12월 12일 월요일\n1번째 방문\n인증 수단\n영수증\n펼쳐서 더보기\n이용약관고객센터리뷰운영정책신고센터\n네이버""}]"
72,72,진금당,쇼핑,제주 제주시 칠성로길 3,,33.5135139,126.5235347,064-722-8544,,https://naver.me/5TQTJwV3,616-26-13386,칠성로,success,1_naver_link,naver_link place_id=16686069,1.1,naver_place,https://map.naver.com/p/entry/place/16686069,https://map.naver.com/p/entry/place/16686069,https://pcmap.place.naver.com/place/16686069/home,16686069,진금당,"귀금속,시계",,,제주 제주시 칠성로길 3,제주 제주시 일도1동 1411-1,,064-722-8544,,33.5135075,126.5235261,,,,{},정보 수정,,,,,,,,,,"진금당|귀금속,시계|제주 제주시 칠성로길 3|제주 제주시 일도1동 1411-1|064-722-8544","[""진금당"", ""귀금속,시계"", ""제주 제주시 칠성로길 3"", ""제주 제주시 일도1동 1411-1"", ""064-722-8544""]","{""name"": [""진금당""], ""category"": [""귀금속,시계""], ""address"": [""제주 제주시 칠성로길 3"", ""제주 제주시 일도1동 1411-1""], ""phone"": [""064-722-8544""]}",https://naver.me/5TQTJwV3,,,,,"[{""title"": ""결제수단"", ""body"": ""제로페이\n알고 계신 정보와 다른 정보가 있나요?\n사진으로 간단하게 제보해 주세요.\n정보 수정 제안하기\n이용약관고객센터리뷰운영정책신고센터\n네이버""}]"
73,73,채우다정식,음식점,제주 제주시 중앙로7길 31 101호,,33.5149025,126.5280115,064-753-0012,,https://naver.me/5k7ffbkt,432-10-00720,칠성로,success,1_naver_link,naver_link place_id=1378122176,11.4,naver_place,https://map.naver.com/p/entry/place/1378122176,https://map.naver.com/p/entry/place/1378122176,https://pcmap.place.naver.com/place/1378122176/home,1378122176,채우다정식,한식,,다양한 메뉴로 채운 든든한 정식,제주 제주시 중앙로7길 31 101호,제주 제주시 일도일동 1251,제주시 동문로타리에서 부두 방면으로 내려오시면 산지천 다리 앞 건물입니다. 또는 일도1동 동사무소에서 산지천 방면으로 내려오시면 바로 보입니다. | 공항근처 와 동문시장 근처에 있습니다.,0507-1460-0012,,33.5148439,126.52791,월 정기휴무 (매주 월요일),영업 전,19:30 라스트오더 | 재료 소진 시 조기마감합니다.,"{""목"": {""open"": ""10:30 - 20:00""}, ""금"": {""open"": ""10:30 - 20:00""}, ""토"": {""open"": ""10:30 - 20:00""}, ""일"": {""open"": ""10:30 - 20:00""}, ""월"": {""open"": ""정기휴무 (매주 월요일)""}, ""화"": {""open"": ""10:30 - 20:00""}, ""수"": {""open"": ""10:30 - 20:00""}}",영업 전 | 10:30에 영업 시작 | 10시 30분에 영업 시작 | 목 | 10:30 - 20:00 | 16:00 - 17:00 브레이크타임 | 19:30 라스트오더 | 금 | 10:30 - 20:00 | 16:00 - 17:00 브레이크타임 | 19:30 라스트오더 | 토 | 10:30 - 20:00 | 16:00 - 17:00 브레이크타임 | 19:30 라스트오더 | 일 | 10:30 - 20:00 | 16:00 - 17:00 브레이크타임 | 19:30 라스트오더 | 월 | 정기휴무 (매주 월요일) | 화 | 10:30 - 20:00 | 16:00 - 17:00 브레이크타임 | 19:30 라스트오더 | 수 | 10:30 - 20:00 | 16:00 - 17:00 브레이크타임 | 19:30 라스트오더 | 09/24-09/25 추석 연휴 휴무 | - 재료 소진 시 조기마감합니다. | 접기,단체 이용 가능|무선 인터넷|남/녀 화장실 구분|포장|주차,"[채우다 한정식 - 업체 상세 안내]

안녕하세요. 정갈하고 고급스러운 한상차림으로 정성을 다해 모시는 채우다 한정식입니다. 저희는 제주의 맛과 추억을 선사하기 위해 제철 재료를 최대한 활용하여 건강하고 정성 가득한 한상을 차려내고 있습니다.

제주 여행의 시작과 끝에서 꼭 들러봐야 할 대표 제주한정식 전문점으로서 매일 신선하게 준비하는 재료로 수준 높은 식사를 제공합니다.

위치 역시 제주 여행의 중심지인 동문시장과 산지천 바로 옆에 자리 잡고 있어 식사를 즐기신 후 여유롭게 산책을 즐기시기에도 최적의 동선을 자랑합니다. 또한 제주공항과 가까워 여행객분들 사이에서 소문난 공항근처맛집으로도 많은 사랑을 받고 있습니다.

[ 대표 메뉴 안내 ]

특정식: 깐풍새우 + 생선조림 + 돔베고기 + 전복게우장 밥 + 정갈한 각종 반찬

일반정식: 불고기제육 + 생선튀김 + 정갈한 각종 반찬

단품 및 추가 메뉴: 소불고기전골, 우럭조림, 감자전, 육전 등 다양한 별미

채우다의 정식이 특별한 이유는 바로 제주의 풍미를 한상에 담아낸 푸짐함에 있습니다.
대표적인 제주정식 상차림부터 감칠맛 넘치는 제주갈치조림과 우럭조림, 소불고기전골까지 남녀노소 누구나 만족할 수 있는 다채로운 메뉴를 정성껏 준비했습니다.
식사 후 동문시장 구경을 즐기기 좋아 동문시장맛집을 찾으시는 분들께 신선하고 푸짐한 제주정식 한 상을 자신 있게 추천해 드립니다.

또한 저희 매장은 편리한 넓은 주차장과 쾌적하고 널찍한 실내 공간을 갖추고 있어 단체 모임이나 가족 여행 시에도 부담 없이 방문하실 수 있습니다.
제주에 오셨다면 진정한 제주한정식의 깊은 맛을 자랑하는 공항근처맛집 채우다에서 풍성한 한 끼 식사를 경험해 보세요.

[ 채우다 한정식 - 돌잔치 및 단체 모임 안내 ]

특별한 날, 소중한 우리 아이의 첫 번째 생일을 더욱 빛내줄 제주돌잔치 전문 장소를 찾으신다면 맛과 분위기, 친절함까지 모두 갖춘 채우다 한정식이 정답입니다.

저희는 무엇보다 맛으로 승부를 보고 있습니다.
실제로 채우다에서 돌잔치를 진행하셨던 부모님들과 하객분들 모두 입을 모아 극찬을 아끼지 않으셨으며, 절대 후회 없는 제주돌잔치가 되었다고 말씀해 주십니다.
소규모 프라이빗 돌잔치부터 대규모 인원을 수용하는 단체 돌잔치까지 손님의 요구에 맞춰 완벽히 진행 가능합니다.

[ 돌잔치 특별 상차림 구성 ]
깐풍새우, 돔베고기, 생선튀김, 소고기미역국, 오징어회무침, 정갈한 각종 반찬 등 절대 부족함 없이 풍성하게 드리고 있습니다.

현재 제주돌잔치 고객님들을 위한 특별 이벤트도 함께 진행 중이니 편하게 문의 주시기 바랍니다. 깊고 진한 맛으로 소문난 제주갈치조림과 정갈한 제주한정식 메뉴들이 더해져 하객분들께도 인상 깊은 식사 대접이 될 것입니다.

도민분들은 물론 공항과 가까워 공항근처맛집으로 소문나 찾아오기 편리하며, 주변 동문시장맛집 탐방 코스와도 연결되는 최고의 입지조건을 자랑합니다.

제주에서 돌잔치 하면 가장 먼저 채우다를 떠올리실 수 있을 때까지 변함없는 정성과 맛으로 늘 최선을 다해 노력하겠습니다.

정성 가득한 제주정식과 감동적인 제주돌잔치 서비스!
많은 예약 및 문의 바랍니다.
감사합니다.
접기","사용자 리뷰를 바탕으로 매력 포인트를 요약했습니다. |  | 채우다정식은 제주공항과 동문시장 근처에 위치한 한정식 전문점으로, 깔끔하고 정갈한 분위기가 특징입니다. | 라떼 | +2 | 특정식, 소불고기전골, 매콤달콤한 깐풍새우 등 다양한 메뉴를 한 상 가득 즐길 수 있어 가족 식사나 단체 모임에 적합합니다. | 동깨비 | +2 | 특히 전복게우밥과 돔베고기는 별미로 손꼽히며, 매장 내부는 테이블 간격이 넓어 편안하게 이용 가능합니다. | 리유 | +1",,,,,,🍱 채우다 특정식|👑 채우다 특정식+감자전 세트|🍲 소불고기전골|🍤 깐풍새우 정식 세트|🥔 감자전 정식 세트|살얼음 오징어 물회 (계절메뉴)|🍚 일반 정식 (1인가격)|🦪 전복 게우장 밥|🐟 고등어구이 추가|🐷 돔베고기|돌잔치상 기본|🐟 생선조림 정식|⭐ 별떡(기름떡)|🐷 불고기제육 (추가)|육 전(돼지고기)|🥔 감자전,채우다정식|한식|제주 제주시 중앙로7길 31 101호|제주 제주시 일도일동 1251|0507-1460-0012|월 정기휴무 (매주 월요일)|🍱 채우다 특정식|👑 채우다 특정식+감자전 세트|🍲 소불고기전골|🍤 깐풍새우 정식 세트|🥔 감자전 정식 세트|살얼음 오징어 물회 (계절메뉴)|🍚 일반 정식 (1인가격)|🦪 전복 게우장 밥|🐟 고등어구이 추가|🐷 돔베고기|돌잔치상 기본|🐟 생선조림 정식|⭐ 별떡(기름떡)|🐷 불고기제육 (추가)|육 전(돼지고기)|🥔 감자전|다양한 메뉴로 채운 든든한 정식|단체 이용 가능|무선 인터넷|남/녀 화장실 구분|포장|주차|음식이 맛있어요|재료가 신선해요|친절해요|가성비가 좋아요|양이 많아요|매장이 넓어요|매장이 청결해요|반찬이 잘 나와요|단체모임 하기 좋아요|특별한 메뉴가 있어요|동문시장맛집|김만덕기념관|산지천맛집|제주한정식,"[""채우다정식"", ""한식"", ""제주 제주시 중앙로7길 31 101호"", ""제주 제주시 일도일동 1251"", ""0507-1460-0012"", ""월 정기휴무 (매주 월요일)"", ""🍱 채우다 특정식"", ""👑 채우다 특정식+감자전 세트"", ""🍲 소불고기전골"", ""🍤 깐풍새우 정식 세트"", ""🥔 감자전 정식 세트"", ""살얼음 오징어 물회 (계절메뉴)"", ""🍚 일반 정식 (1인가격)"", ""🦪 전복 게우장 밥"", ""🐟 고등어구이 추가"", ""🐷 돔베고기"", ""돌잔치상 기본"", ""🐟 생선조림 정식"", ""⭐ 별떡(기름떡)"", ""🐷 불고기제육 (추가)"", ""육 전(돼지고기)"", ""🥔 감자전"", ""다양한 메뉴로 채운 든든한 정식"", ""단체 이용 가능"", ""무선 인터넷"", ""남/녀 화장실 구분"", ""포장"", ""주차"", ""음식이 맛있어요"", ""재료가 신선해요"", ""친절해요"", ""가성비가 좋아요"", ""양이 많아요"", ""매장이 넓어요"", ""매장이 청결해요"", ""반찬이 잘 나와요"", ""단체모임 하기 좋아요"", ""특별한 메뉴가 있어요"", ""동문시장맛집"", ""김만덕기념관"", ""산지천맛집"", ""제주한정식""]","{""name"": [""채우다정식""], ""category"": [""한식""], ""address"": [""제주 제주시 중앙로7길 31 101호"", ""제주 제주시 일도일동 1251""], ""phone"": [""0507-1460-0012""], ""hours"": [""월 정기휴무 (매주 월요일)""], ""menus"": [""🍱 채우다 특정식"", ""👑 채우다 특정식+감자전 세트"", ""🍲 소불고기전골"", ""🍤 깐풍새우 정식 세트"", ""🥔 감자전 정식 세트"", ""살얼음 오징어 물회 (계절메뉴)"", ""🍚 일반 정식 (1인가격)"", ""🦪 전복 게우장 밥"", ""🐟 고등어구이 추가"", ""🐷 돔베고기"", ""돌잔치상 기본"", ""🐟 생선조림 정식"", ""⭐ 별떡(기름떡)"", ""🐷 불고기제육 (추가)"", ""육 전(돼지고기)"", ""🥔 감자전""], ""slogan"": [""다양한 메뉴로 채운 든든한 정식""], ""conveniences"": [""단체 이용 가능"", ""무선 인터넷"", ""남/녀 화장실 구분"", ""포장"", ""주차""], ""visitor_keywords"": [""음식이 맛있어요"", ""재료가 신선해요"", ""친절해요"", ""가성비가 좋아요"", ""양이 많아요"", ""매장이 넓어요"", ""매장이 청결해요"", ""반찬이 잘 나와요"", ""단체모임 하기 좋아요"", ""특별한 메뉴가 있어요""], ""hashtags"": [""동문시장맛집"", ""김만덕기념관"", ""산지천맛집"", ""제주한정식"", ""채우다정식""], ""body_hashtags"": [""동문시장맛집"", ""김만덕기념관"", ""산지천맛집"", ""제주한정식"", ""채우다정식""]}",https://naver.me/5k7ffbkt,,"[""채우다정식\n알림특정식+감자전 세트 메뉴 개시~~!!\n특정식 2인 과 감자전을 보다 저렴하게 드실 수 있도록 세트메뉴를 만들었습니다.\n특정식에는 깐풍새우,갈치조림,돔베고기,전복게우장 밥,맛있는반찬으로 구성되어 있습니다.\n즉석에서 갈아서 만드는 감자전까지 맛볼수 있는 기회!!!\n정성으로 모시겠습니다. 감사합니다.\n더보기\n기간\n2024.06.21. ~ 2024.07.31.\n좋아요\n2024.06.21.\n2024년 6월 21일"", ""채우다정식\n알림돌잔치 성지가 되고싶어요 ~~\n돌잔치 주문 받습니다. 특별한 혜택도 준비중입니다.\n저렴한 가격으로 모십니다. 연락 많이 주세요\n1명\n2023.11.28.\n2023년 11월 28일""]",,"[{""keyword"": ""음식이 맛있어요"", ""count"": ""354""}, {""keyword"": ""재료가 신선해요"", ""count"": ""181""}, {""keyword"": ""친절해요"", ""count"": ""173""}, {""keyword"": ""가성비가 좋아요"", ""count"": ""146""}, {""keyword"": ""양이 많아요"", ""count"": ""140""}, {""keyword"": ""매장이 넓어요"", ""count"": ""111""}, {""keyword"": ""매장이 청결해요"", ""count"": ""82""}, {""keyword"": ""반찬이 잘 나와요"", ""count"": ""50""}, {""keyword"": ""단체모임 하기 좋아요"", ""count"": ""44""}, {""keyword"": ""특별한 메뉴가 있어요"", ""count"": ""43""}]","[{""title"": ""소개"", ""body"": ""[채우다 한정식 - 업체 상세 안내]\n\n안녕하세요. 정갈하고 고급스러운 한상차림으로 정성을 다해 모시는 채우다 한정식입니다. 저희는 제주의 맛과 추억을 선사하기 위해 제철 재료를 최대한 활용하여 건강하고 정성 가득한 한상을 차려내고 있습니다.\n\n제주 여행의 시작과 끝에서 꼭 들러봐야 할 대표 제주한정식 전문점으로서 매일 신선하게 준비하는 재료로 수준 높은 식사를 제공합니다.\n\n위치 역시 제주 여행의 중심지인 동문시장과 산지천 바로 옆에 자리 잡고 있어 식사를 즐기신 후 여유롭게 산책을 즐기시기에도 최적의 동선을 자랑합니다. 또한 제주공항과 가까워 여행객분들 사이에서 소문난 공항근처맛집으로도 많은 사랑을 받고 있습니다.\n\n[ 대표 메뉴 안내 ]\n\n특정식: 깐풍새우 + 생선조림 + 돔베고기 + 전복게우장 밥 + 정갈한 각종 반찬\n\n일반정식: 불고기제육 + 생선튀김 + 정갈한 각종 반찬\n\n단품 및 추가 메뉴: 소불고기전골, 우럭조림, 감자전, 육전 등 다양한 별미\n\n채우다의 정식이 특별한 이유는 바로 제주의 풍미를 한상에 담아낸 푸짐함에 있습니다.\n대표적인 제주정식 상차림부터 감칠맛 넘치는 제주갈치조림과 우럭조림, 소불고기전골까지 남녀노소 누구나 만족할 수 있는 다채로운 메뉴를 정성껏 준비했습니다.\n식사 후 동문시장 구경을 즐기기 좋아 동문시장맛집을 찾으시는 분들께 신선하고 푸짐한 제주정식 한 상을 자신 있게 추천해 드립니다.\n\n또한 저희 매장은 편리한 넓은 주차장과 쾌적하고 널찍한 실내 공간을 갖추고 있어 단체 모임이나 가족 여행 시에도 부담 없이 방문하실 수 있습니다.\n제주에 오셨다면 진정한 제주한정식의 깊은 맛을 자랑하는 공항근처맛집 채우다에서 풍성한 한 끼 식사를 경험해 보세요.\n\n[ 채우다 한정식 - 돌잔치 및 단체 모임 안내 ]\n\n특별한 날, 소중한 우리 아이의 첫 번째 생일을 더욱 빛내줄 제주돌잔치 전문 장소를 찾으신다면 맛과 분위기, 친절함까지 모두 갖춘 채우다 한정식이 정답입니다.\n\n저희는 무엇보다 맛으로 승부를 보고 있습니다.\n실제로 채우다에서 돌잔치를 진행하셨던 부모님들과 하객분들 모두 입을 모아 극찬을 아끼지 않으셨으며, 절대 후회 없는 제주돌잔치가 되었다고 말씀해 주십니다.\n소규모 프라이빗 돌잔치부터 대규모 인원을 수용하는 단체 돌잔치까지 손님의 요구에 맞춰 완벽히 진행 가능합니다.\n\n[ 돌잔치 특별 상차림 구성 ]\n깐풍새우, 돔베고기, 생선튀김, 소고기미역국, 오징어회무침, 정갈한 각종 반찬 등 절대 부족함 없이 풍성하게 드리고 있습니다.\n\n현재 제주돌잔치 고객님들을 위한 특별 이벤트도 함께 진행 중이니 편하게 문의 주시기 바랍니다. 깊고 진한 맛으로 소문난 제주갈치조림과 정갈한 제주한정식 메뉴들이 더해져 하객분들께도 인상 깊은 식사 대접이 될 것입니다.\n\n도민분들은 물론 공항과 가까워 공항근처맛집으로 소문나 찾아오기 편리하며, 주변 동문시장맛집 탐방 코스와도 연결되는 최고의 입지조건을 자랑합니다.\n\n제주에서 돌잔치 하면 가장 먼저 채우다를 떠올리실 수 있을 때까지 변함없는 정성과 맛으로 늘 최선을 다해 노력하겠습니다.\n\n정성 가득한 제주정식과 감동적인 제주돌잔치 서비스!\n많은 예약 및 문의 바랍니다.\n감사합니다.\n접기""}, {""title"": ""편의시설 및 서비스"", ""body"": ""단체 이용 가능\n무선 인터넷\n남/녀 화장실 구분\n포장""}, {""title"": ""주차"", ""body"": ""주차가능\n무료\n[매장 위치 안내] *주소: 제주 제주시 중앙로7길 31 101호 위치 특징: 동문시장 및 산지천 바로 옆에 위치하여 식사 전후로 관광과 산책을 즐기기에 매우 좋습니다. 제주공항에서도 차로 가까운 거리에 있습니다. [주차장 이용 안내] 매장 전용 주차장 및 인근 주차 공간이 준비되어 있어 편리하게 주차하실 수 있습니다. 넓고 쾌적한 주차 공간 확보로 초보 운전자분들도 부담 없이 방문 가능합니다. 단체 버스나 승합차 방문 시에도 사전 전화 문의 주시면 주차 위치 를 친절히 안내해 드립니다. [방문 및 예약 문의] 단체 예약 및 돌잔치 모임 문의: 매장으로 전화 주시면 친절하게 안내해 드리겠습니다. 편리한 주차와 넓은 실내 공간에서 편안하고 정갈한 식사를 즐겨보세요!\n내용 더보기""}, {""title"": ""좌석·공간"", ""body"": ""룸\n최소 2명 ~ 최대 12명\n단체석\n최소 2명 ~ 최대 70명\n1인석\n입식""}, {""title"": ""결제수단"", ""body"": ""지역화폐 (지류형)\n지역화폐 (카드형)\n지역화폐 (모바일형)\n알고 계신 정보와 다른 정보가 있나요?\n사진으로 간단하게 제보해 주세요.\n정보 수정 제안하기\n이용약관고객센터리뷰운영정책신고센터\n네이버""}]"
74,74,칠성뷔페,음식점,제주 제주시 관덕로11길 17,,33.5146534,126.5251708,0507-1333-9973,,https://naver.me/F0z2PyWF,153-88-00807,칠성로,success,1_naver_link,naver_link place_id=37567417,10.5,naver_place,https://map.naver.com/p/entry/place/37567417,https://map.naver.com/p/entry/place/37567417,https://pcmap.place.naver.com/place/37567417/home,37567417,칠성뷔페,뷔페,,넓은 공간에서 여유롭게 즐기는 식사,제주 제주시 관덕로11길 17,제주 제주시 일도일동 1298-28,,0507-1333-9973,,33.514704,126.5252661,월 12:00 - 21:30,영업 전,21시 음식&음료 마감(폐기진행),"{""목"": {""open"": ""12:00 - 21:30""}, ""금"": {""open"": ""12:00 - 21:30""}, ""토"": {""open"": ""12:00 - 21:30""}, ""일"": {""open"": ""12:00 - 21:30""}, ""월"": {""open"": ""12:00 - 21:30""}, ""화"": {""open"": ""12:00 - 21:30""}, ""수"": {""open"": ""12:00 - 21:30""}}",영업 전 | 12:00에 영업 시작 | 12시 0분에 영업 시작 | 목 | 12:00 - 21:30 | 15:00 - 18:00 브레이크타임 | 금 | 12:00 - 21:30 | 15:00 - 18:00 브레이크타임 | 토 | 12:00 - 21:30 | 15:00 - 17:30 브레이크타임 | 일 | 12:00 - 21:30 | 15:00 - 17:30 브레이크타임 | 월 | 12:00 - 21:30 | 15:00 - 18:00 브레이크타임 | 화 | 12:00 - 21:30 | 15:00 - 18:00 브레이크타임 | 수 | 12:00 - 21:30 | 15:00 - 18:00 브레이크타임 | 09/24-09/25 추석 연휴 휴무 | - 21시 음식&음료 마감(폐기진행) | 접기,주차,"네이버 온라인 예약 마감시 매장으로 문의 주시기 바랍니다.
064-759-9973 / 9976","사용자가 남긴 리뷰를 아래와 같이 정리했습니다. |  | 칠성뷔페는 다양한 메뉴 구성과 높은 퀄리티의 음식으로 재방문 의사를 부르는 뷔페입니다. | 신동선생 | +2 | 한식, 중식, 일식, 양식 등 다양한 요리를 맛볼 수 있으며, 특히 돼지 소금구이와 초밥이 맛있습니다. | 제주사랑러버 | +2 | 넓고 깨끗한 매장, 친절한 직원 서비스와 함께 주차 시설도 완비되어 있어 편리하게 이용 가능합니다. | CaptainㅡJeJu | +2",,,,,,가격안내,칠성뷔페|뷔페|제주 제주시 관덕로11길 17|제주 제주시 일도일동 1298-28|0507-1333-9973|월 12:00 - 21:30|가격안내|넓은 공간에서 여유롭게 즐기는 식사|주차|음식이 맛있어요|매장이 넓어요|메뉴 구성이 알차요|가성비가 좋아요|친절해요|재료가 신선해요|단체모임 하기 좋아요|특별한 메뉴가 있어요|매장이 청결해요|특별한 날 가기 좋아요,"[""칠성뷔페"", ""뷔페"", ""제주 제주시 관덕로11길 17"", ""제주 제주시 일도일동 1298-28"", ""0507-1333-9973"", ""월 12:00 - 21:30"", ""가격안내"", ""넓은 공간에서 여유롭게 즐기는 식사"", ""주차"", ""음식이 맛있어요"", ""매장이 넓어요"", ""메뉴 구성이 알차요"", ""가성비가 좋아요"", ""친절해요"", ""재료가 신선해요"", ""단체모임 하기 좋아요"", ""특별한 메뉴가 있어요"", ""매장이 청결해요"", ""특별한 날 가기 좋아요""]","{""name"": [""칠성뷔페""], ""category"": [""뷔페""], ""address"": [""제주 제주시 관덕로11길 17"", ""제주 제주시 일도일동 1298-28""], ""phone"": [""0507-1333-9973""], ""hours"": [""월 12:00 - 21:30""], ""menus"": [""가격안내""], ""slogan"": [""넓은 공간에서 여유롭게 즐기는 식사""], ""conveniences"": [""주차""], ""visitor_keywords"": [""음식이 맛있어요"", ""매장이 넓어요"", ""메뉴 구성이 알차요"", ""가성비가 좋아요"", ""친절해요"", ""재료가 신선해요"", ""단체모임 하기 좋아요"", ""특별한 메뉴가 있어요"", ""매장이 청결해요"", ""특별한 날 가기 좋아요""]}",https://naver.me/F0z2PyWF,,"[""칠성뷔페\n알림공영주차장 2시간 지원\n매장 주변 공영주차장 5군데 2시간 지원 해드립니다.\n좋아요\n2026.06.14.\n2026년 6월 14일"", ""칠성뷔페\n알림3월~6월 봄 학단시즌 이용안내\n3월중순~6월중순까지 봄 수학여행 기간동안\n학생단체 식사로 인해 단체대관 또는 일정시간 이후부터 입점이 가능합니다.\n방문전 매장에 이용 문의 주시기 바랍니다.\n064-759-9973 / 9976\n더보기\n좋아요\n2026.03.24.\n2026년 3월 24일"", ""칠성뷔페\n알림칠성뷔페 가격인상 안내_(2025년10월1일자)\n안녕하세요? 칠성뷔페 입니다.\n항상 칠성뷔페를 성원해 주신 고객님께 감사드립니다.\n저희 칠성뷔페는 제주도의 대표적인 상설뷔페로서 부담 없는 가격으로 그 이상의 만족스러운 메뉴와 친절한 서비스를 제공하기 위해 부단히도 노력해 왔습니다.\n이를 많은 고객님께서 인정해 주시고 사랑해 주신 덕분에 지금까지 나아올 수 있었습니다.\n최근 원재료와 운영비용이 지속적으로 상승함에 따라, 송구한 마음을 가지고 가격 인상을 하려고 합니다.\n부디 칠성뷔페를 아껴주셨던 마음으로 널리 이해해 주시길 부탁 드립니다.\n더욱 맛있고 수준 높은 메뉴와 친절한 서비스로 보답하기 위해 매일매일 노력하겠습니다.\n시행일자 : 2025년 10월 1일 수요일\n더보기\n2명\n2025.09.19.\n2025년 9월 19일""]",방문예약 | 3 | 선결제 | 바로확정 |  | 평일점심도민가(선결제할인) |  | 1~15명 | 4.7,"[{""keyword"": ""음식이 맛있어요"", ""count"": ""1120""}, {""keyword"": ""매장이 넓어요"", ""count"": ""737""}, {""keyword"": ""메뉴 구성이 알차요"", ""count"": ""657""}, {""keyword"": ""가성비가 좋아요"", ""count"": ""529""}, {""keyword"": ""친절해요"", ""count"": ""492""}, {""keyword"": ""재료가 신선해요"", ""count"": ""440""}, {""keyword"": ""단체모임 하기 좋아요"", ""count"": ""351""}, {""keyword"": ""특별한 메뉴가 있어요"", ""count"": ""246""}, {""keyword"": ""매장이 청결해요"", ""count"": ""244""}, {""keyword"": ""특별한 날 가기 좋아요"", ""count"": ""133""}]","[{""title"": ""소개"", ""body"": ""네이버 온라인 예약 마감시 매장으로 문의 주시기 바랍니다.\n064-759-9973 / 9976""}, {""title"": ""인증 정보"", ""body"": ""식약처 지정 식품안심업소\n\n유효기간: 2025.09.22~2028.09.21\n2025년 9월 22일~2028년 9월 21일""}, {""title"": ""주차"", ""body"": ""주차가능\n유료\n최초 30분 1,000원\n추가 요금 10분당 500원, 최대 99,999원\n1. 건물 지하 주차장 - 2시간 주차권 지급 1) 리프트식 주차 : 2개소 100대 가능 - 승용차 - 소형 SUV 가능 (신형투싼, 신형스포티지까지 가능) 2) 노면 주차 10대 2. 칠성골/북수구(지하)/산짓물(지하)/탑동제1/동문공설시장 공영주 차장 - 2시간 주차권 지급\n내용 더보기\n알고 계신 정보와 다른 정보가 있나요?\n사진으로 간단하게 제보해 주세요.\n정보 수정 제안하기\n이용약관고객센터리뷰운영정책신고센터\n네이버""}]"
75,75,캘빈클라인 구제주대리점,쇼핑,제주 제주시 중앙로7길 9,,33.5150208,126.5257022,064-727-7007,,https://naver.me/F16FJJZ6,647-02-00481,칠성로,success,1_naver_link,naver_link place_id=45035807,13.1,naver_place,https://map.naver.com/p/entry/place/45035807,https://map.naver.com/p/entry/place/45035807,https://pcmap.place.naver.com/place/45035807/home,45035807,캘빈클라인 구제주대리점,캐주얼웨어,,,제주 제주시 중앙로7길 9,제주 제주시 일도일동 1299-8,,064-727-7007,,33.5150981,126.5255961,,,,{},,,"캘빈클라인 구제주대리점 리뉴얼 오픈!
콤보매장으로 새단장~
(진.언더.악세사리.슈즈)",,,,,,,,캘빈클라인 구제주대리점|캐주얼웨어|제주 제주시 중앙로7길 9|제주 제주시 일도일동 1299-8|064-727-7007|친절해요|스타일 추천을 잘해줘요|품질이 좋아요|종류가 다양해요|가성비가 좋아요|매장이 넓어요|분위기가 편안해요,"[""캘빈클라인 구제주대리점"", ""캐주얼웨어"", ""제주 제주시 중앙로7길 9"", ""제주 제주시 일도일동 1299-8"", ""064-727-7007"", ""친절해요"", ""스타일 추천을 잘해줘요"", ""품질이 좋아요"", ""종류가 다양해요"", ""가성비가 좋아요"", ""매장이 넓어요"", ""분위기가 편안해요""]","{""name"": [""캘빈클라인 구제주대리점""], ""category"": [""캐주얼웨어""], ""address"": [""제주 제주시 중앙로7길 9"", ""제주 제주시 일도일동 1299-8""], ""phone"": [""064-727-7007""], ""visitor_keywords"": [""친절해요"", ""스타일 추천을 잘해줘요"", ""품질이 좋아요"", ""종류가 다양해요"", ""가성비가 좋아요"", ""매장이 넓어요"", ""분위기가 편안해요""]}",https://naver.me/F16FJJZ6,,,,"[{""keyword"": ""친절해요"", ""count"": ""7""}, {""keyword"": ""스타일 추천을 잘해줘요"", ""count"": ""7""}, {""keyword"": ""품질이 좋아요"", ""count"": ""4""}, {""keyword"": ""종류가 다양해요"", ""count"": ""4""}, {""keyword"": ""가성비가 좋아요"", ""count"": ""3""}, {""keyword"": ""매장이 넓어요"", ""count"": ""3""}, {""keyword"": ""분위기가 편안해요"", ""count"": ""1""}]","[{""title"": ""소개"", ""body"": ""캘빈클라인 구제주대리점 리뉴얼 오픈!\n콤보매장으로 새단장~\n(진.언더.악세사리.슈즈)""}, {""title"": ""대표 키워드"", ""body"": ""캘빈클라인진캘빈클라인제주제주CK진CK언더웨어캘빈클라인언더웨어""}, {""title"": ""주차"", ""body"": ""주차 불가\n알고 계신 정보와 다른 정보가 있나요?\n사진으로 간단하게 제보해 주세요.\n정보 수정 제안하기\n이용약관고객센터리뷰운영정책신고센터\n네이버""}]"
76,76,커버낫 제주점,쇼핑,제주 제주시 칠성로길 21 1층,,33.5143379,126.5251028,064-755-5100,,https://naver.me/xdpL7YaY,616-08-35052,칠성로,success,1_naver_link,naver_link place_id=1997707617,0.0,naver_place,https://map.naver.com/p/entry/place/1997707617,https://map.naver.com/p/entry/place/1997707617,https://pcmap.place.naver.com/place/1997707617/home,1997707617,커버낫 제주점,캐주얼웨어,,,제주 제주시 칠성로길 21 1층,제주 제주시 일도일동 1294-4,,064-755-5100,,33.5143379,126.5251027,10:00에 영업 시작,영업 전,,{},영업 전10:00에 영업 시작,,"인스타그램
https://www.instagram.com/covernat_jeju
알고 계신 정보와 다른 정보가 있나요?
사진으로 간단하게 제보해 주세요.
정보 수정 제안하기
이용약관고객센터리뷰운영정책신고센터
네이버",,,,,,,,커버낫 제주점|캐주얼웨어|제주 제주시 칠성로길 21 1층|제주 제주시 일도일동 1294-4|064-755-5100|10:00에 영업 시작|친절해요|품질이 좋아요|가성비가 좋아요|종류가 다양해요|분위기가 편안해요|독특한 디자인이 많아요|시설이 깔끔해요|스타일 추천을 잘해줘요|A/S가 세심해요|매장이 넓어요,"[""커버낫 제주점"", ""캐주얼웨어"", ""제주 제주시 칠성로길 21 1층"", ""제주 제주시 일도일동 1294-4"", ""064-755-5100"", ""10:00에 영업 시작"", ""친절해요"", ""품질이 좋아요"", ""가성비가 좋아요"", ""종류가 다양해요"", ""분위기가 편안해요"", ""독특한 디자인이 많아요"", ""시설이 깔끔해요"", ""스타일 추천을 잘해줘요"", ""A/S가 세심해요"", ""매장이 넓어요""]","{""name"": [""커버낫 제주점""], ""category"": [""캐주얼웨어""], ""address"": [""제주 제주시 칠성로길 21 1층"", ""제주 제주시 일도일동 1294-4""], ""phone"": [""064-755-5100""], ""hours"": [""10:00에 영업 시작""], ""visitor_keywords"": [""친절해요"", ""품질이 좋아요"", ""가성비가 좋아요"", ""종류가 다양해요"", ""분위기가 편안해요"", ""독특한 디자인이 많아요"", ""시설이 깔끔해요"", ""스타일 추천을 잘해줘요"", ""A/S가 세심해요"", ""매장이 넓어요""]}",https://naver.me/xdpL7YaY,,,,"[{""keyword"": ""친절해요"", ""count"": ""18""}, {""keyword"": ""품질이 좋아요"", ""count"": ""18""}, {""keyword"": ""가성비가 좋아요"", ""count"": ""11""}, {""keyword"": ""종류가 다양해요"", ""count"": ""11""}, {""keyword"": ""분위기가 편안해요"", ""count"": ""5""}, {""keyword"": ""독특한 디자인이 많아요"", ""count"": ""4""}, {""keyword"": ""시설이 깔끔해요"", ""count"": ""4""}, {""keyword"": ""스타일 추천을 잘해줘요"", ""count"": ""3""}, {""keyword"": ""A/S가 세심해요"", ""count"": ""2""}, {""keyword"": ""매장이 넓어요"", ""count"": ""2""}]","[{""title"": ""결제수단"", ""body"": ""제로페이""}, {""title"": ""SNS"", ""body"": ""인스타그램\nhttps://www.instagram.com/covernat_jeju\n알고 계신 정보와 다른 정보가 있나요?\n사진으로 간단하게 제보해 주세요.\n정보 수정 제안하기\n이용약관고객센터리뷰운영정책신고센터\n네이버""}]"
77,77,마뗑킴 하고하우스 제주점,쇼핑,제주 제주시 중앙로 27-5 1. 2층,,33.5156625,126.5252695,064-702-5105,,https://naver.me/58NJjUJg,457-48-01041,칠성로,success,1_naver_link,naver_link place_id=1525252166,0.8,naver_place,https://map.naver.com/p/entry/place/1525252166,https://map.naver.com/p/entry/place/1525252166,https://pcmap.place.naver.com/place/1525252166/home,1525252166,마뗑킴 하고하우스 제주점,캐주얼웨어,,,제주 제주시 중앙로 27-5 1. 2층,제주 제주시 일도일동 1277-18,,064-702-5105,,33.5156601,126.5252612,10:00에 영업 시작,영업 전,,{},영업 전10:00에 영업 시작,,"JJjjj5
JJjjj5
홈
리뷰
사진",,,,,,,,마뗑킴 하고하우스 제주점|캐주얼웨어|제주 제주시 중앙로 27-5 1. 2층|제주 제주시 일도일동 1277-18|064-702-5105|10:00에 영업 시작|품질이 좋아요|독특한 디자인이 많아요|종류가 다양해요|친절해요|가성비가 좋아요|시설이 깔끔해요|분위기가 편안해요|매장이 넓어요|트렌디해요|비싼 만큼 가치있어요,"[""마뗑킴 하고하우스 제주점"", ""캐주얼웨어"", ""제주 제주시 중앙로 27-5 1. 2층"", ""제주 제주시 일도일동 1277-18"", ""064-702-5105"", ""10:00에 영업 시작"", ""품질이 좋아요"", ""독특한 디자인이 많아요"", ""종류가 다양해요"", ""친절해요"", ""가성비가 좋아요"", ""시설이 깔끔해요"", ""분위기가 편안해요"", ""매장이 넓어요"", ""트렌디해요"", ""비싼 만큼 가치있어요""]","{""name"": [""마뗑킴 하고하우스 제주점""], ""category"": [""캐주얼웨어""], ""address"": [""제주 제주시 중앙로 27-5 1. 2층"", ""제주 제주시 일도일동 1277-18""], ""phone"": [""064-702-5105""], ""hours"": [""10:00에 영업 시작""], ""visitor_keywords"": [""품질이 좋아요"", ""독특한 디자인이 많아요"", ""종류가 다양해요"", ""친절해요"", ""가성비가 좋아요"", ""시설이 깔끔해요"", ""분위기가 편안해요"", ""매장이 넓어요"", ""트렌디해요"", ""비싼 만큼 가치있어요""]}",https://naver.me/58NJjUJg,,,,"[{""keyword"": ""품질이 좋아요"", ""count"": ""12""}, {""keyword"": ""독특한 디자인이 많아요"", ""count"": ""10""}, {""keyword"": ""종류가 다양해요"", ""count"": ""9""}, {""keyword"": ""친절해요"", ""count"": ""7""}, {""keyword"": ""가성비가 좋아요"", ""count"": ""4""}, {""keyword"": ""시설이 깔끔해요"", ""count"": ""2""}, {""keyword"": ""분위기가 편안해요"", ""count"": ""2""}, {""keyword"": ""매장이 넓어요"", ""count"": ""2""}, {""keyword"": ""트렌디해요"", ""count"": ""2""}, {""keyword"": ""비싼 만큼 가치있어요"", ""count"": ""1""}]","[{""title"": ""소개"", ""body"": ""OPEN AM10:00 CLOSE PM 9:00\nMON~SUN\nTAX FREE""}, {""title"": ""대표 키워드"", ""body"": ""마뗑킴가방지갑마뗑킴남여의류드파운드의류잡화보카바카의류잡화빈티지할리우드""}, {""title"": ""주차"", ""body"": ""주차 불가""}, {""title"": ""결제수단"", ""body"": ""제로페이\n알고 계신 정보와 다른 정보가 있나요?\n사진으로 간단하게 제보해 주세요.\n정보 수정 제안하기\n이용약관고객센터리뷰운영정책신고센터\n네이버""}]"
78,78,코닥 제주점,쇼핑,제주 제주시 관덕로11길 8,,33.5138408,126.5255827,064-702-6052,,https://naver.me/xk1gwiAy,616-26-37622,칠성로,success,1_naver_link,naver_link place_id=1249999901,1.1,naver_place,https://map.naver.com/p/entry/place/1249999901,https://map.naver.com/p/entry/place/1249999901,https://pcmap.place.naver.com/place/1249999901/home,1249999901,코닥 제주점,스포츠의류,,,제주 제주시 관덕로11길 8,제주 제주시 일도1동 1355-2,,064-702-6052,,33.5138309,126.5255828,10:30에 영업 시작,영업 전,,{},영업 전10:30에 영업 시작,,"안내
36회36명 참여
""친절해요""
이 키워드를 선택한 인원
29
""품질이 좋아요""
이 키워드를 선택한 인원
15
""종류가 다양해요""
이 키워드를 선택한 인원
12
""독특한 디자인이 많아요""
이 키워드를 선택한 인원
9
""스타일 추천을 잘해줘요""
이 키워드를 선택한 인원
8
더보기",,,,,,,,코닥 제주점|스포츠의류|제주 제주시 관덕로11길 8|제주 제주시 일도1동 1355-2|064-702-6052|10:30에 영업 시작|친절해요|품질이 좋아요|종류가 다양해요|독특한 디자인이 많아요|스타일 추천을 잘해줘요|가성비가 좋아요|매장이 넓어요|분위기가 편안해요|A/S가 세심해요|시설이 깔끔해요,"[""코닥 제주점"", ""스포츠의류"", ""제주 제주시 관덕로11길 8"", ""제주 제주시 일도1동 1355-2"", ""064-702-6052"", ""10:30에 영업 시작"", ""친절해요"", ""품질이 좋아요"", ""종류가 다양해요"", ""독특한 디자인이 많아요"", ""스타일 추천을 잘해줘요"", ""가성비가 좋아요"", ""매장이 넓어요"", ""분위기가 편안해요"", ""A/S가 세심해요"", ""시설이 깔끔해요""]","{""name"": [""코닥 제주점""], ""category"": [""스포츠의류""], ""address"": [""제주 제주시 관덕로11길 8"", ""제주 제주시 일도1동 1355-2""], ""phone"": [""064-702-6052""], ""hours"": [""10:30에 영업 시작""], ""visitor_keywords"": [""친절해요"", ""품질이 좋아요"", ""종류가 다양해요"", ""독특한 디자인이 많아요"", ""스타일 추천을 잘해줘요"", ""가성비가 좋아요"", ""매장이 넓어요"", ""분위기가 편안해요"", ""A/S가 세심해요"", ""시설이 깔끔해요""]}",https://naver.me/xk1gwiAy,,,,"[{""keyword"": ""친절해요"", ""count"": ""29""}, {""keyword"": ""품질이 좋아요"", ""count"": ""15""}, {""keyword"": ""종류가 다양해요"", ""count"": ""12""}, {""keyword"": ""독특한 디자인이 많아요"", ""count"": ""9""}, {""keyword"": ""스타일 추천을 잘해줘요"", ""count"": ""8""}, {""keyword"": ""가성비가 좋아요"", ""count"": ""6""}, {""keyword"": ""매장이 넓어요"", ""count"": ""6""}, {""keyword"": ""분위기가 편안해요"", ""count"": ""5""}, {""keyword"": ""A/S가 세심해요"", ""count"": ""3""}, {""keyword"": ""시설이 깔끔해요"", ""count"": ""2""}]","[{""title"": ""이런 점이 좋았어요"", ""body"": ""안내\n36회36명 참여\n\""친절해요\""\n이 키워드를 선택한 인원\n29\n\""품질이 좋아요\""\n이 키워드를 선택한 인원\n15\n\""종류가 다양해요\""\n이 키워드를 선택한 인원\n12\n\""독특한 디자인이 많아요\""\n이 키워드를 선택한 인원\n9\n\""스타일 추천을 잘해줘요\""\n이 키워드를 선택한 인원\n8\n더보기""}, {""title"": ""사진·영상 리뷰"", ""body"": """"}, {""title"": ""리뷰35"", ""body"": ""안내\n사진/영상 리뷰만\n최신순\n리뷰 제공 기준\n리뷰 클렌징 시스템 작동중입니다\njiiiiisoo\n리뷰 229사진 467팔로워 7\n팔로우\n오랜만에 친구랑 칠성로 구경갔다가 들어갔는데 메신저백 너무 예뻐서 살까말까하다가 그냥 나왔는데 계속 생각나서 다시 가서 샀습니다 ㅎㅎ 직원분들 넘 친절하고 메볼 수 있게 끈도 조절해주셔서 편하게 메보고 구매했습니다 너무 예뻐요~\n친절해요\n시설이 깔끔해요\n품질이 좋아요\n트렌디해요\n반응 남기기\n방문일\n24.6.2.일\n2024년 6월 2일 일요일\n1번째 방문\n인증 수단\n영수증\n아꼼쓰백\n리뷰 1,369사진 1,224팔로워 46\n팔로우\n직원분들 정말 친절하셨어요!\n탐나는 전 적립이 되지 않아 아쉬웠지만, 코닥 옷은 역시 너무 예쁘네요~\n품질이 좋아요\n친절해요\n반응 남기기\n방문일\n25.12.6.토\n2025년 12월 6일 토요일\n1번째 방문\n인증 수단\n영수증\ngol****\n리뷰 300사진 217팔로워 7\n팔로우\n신랑이 맘에 들어해서 다행이예요ㅎㅎㅎ\n선물하기 좋아요\n반응 남기기\n방문일\n24.9.14.토\n2024년 9월 14일 토요일\n1번째 방문\n인증 수단\n영수증\n언제나8015\n리뷰 1,276사진 213팔로워 6\n팔로우\n,\n친절해요\n반응 남기기\n방문일\n24.5.13.월\n2024년 5월 13일 월요일\n1번째 방문\n인증 수단\n영수증\n애교1234\n리뷰 917사진 91팔로워 9\n팔로우\n주차하기편하고 친절하며 좋아요~~\n종류가 다양해요\n친절해요\n주차하기 편해요\n반응 남기기\n방문일\n24.4.27.토\n2024년 4월 27일 토요일\n1번째 방문\n인증 수단\n영수증\nRisso\n리뷰 918사진 3,635팔로워 93\n팔로우\n코닥의 매력에 홀려 패딩사서 잘입고있습니다.\n\nA/S가 필요할때가 있었는데 친절하게 접수해주시고 응대해주셔서 좋았습니다.\n\n코닥 옷 또 사고싶을때 방문해서 사야겠네요~\n더보기\n종류가 다양해요\n독특한 디자인이 많아요\nA/S가 세심해요\n친절해요\n반응 남기기\n방문일\n24.1.17.수\n2024년 1월 17일 수요일\n1번째 방문\n인증 수단\n영수증\n뽀로로직딩이\n리뷰 164사진 166팔로워 16테마 2\n팔로우\n남자친구 선물구매하러 갔는데 직원분 응대가 친절해서 후기 안남길수 없음!!\n친절해요\n품질이 좋아요\n가성비가 좋아요\n종류가 다양해요\n독특한 디자인이 많아요\n반응 남기기\n방문일\n23.12.17.일\n2023년 12월 17일 일요일\n1번째 방문\n인증 수단\n영수증\n써니96973\n리뷰 286사진 6팔로워 2\n팔로우\n처음 방문했는데 좋아하는 스타일이 가득해요\n예쁜 가방 득템하고 왔어요\n그리고 아주 친절하셔서 편한 쇼핑했어요🙂\n품질이 좋아요\n독특한 디자인이 많아요\n친절해요\n매장이 넓어요\n스타일 추천을 잘해줘요\n반응 남기기\n방문일\n23.12.10.일\n2023년 12월 10일 일요일\n1번째 방문\n인증 수단\n영수증\n나는야키키키\n리뷰 568사진 383팔로워 18\n팔로우\n매장도 깔끔하게 예쁘고\n코닥이 이렇게 예쁜 어패럴이 있는지 몰랐네요\n색감도 디자인도 너무 예뻐서 자주 이용하게\n될것같습니다:)\n\n사장님도 직원분도 모두 친절하셔서\n매장들어가서부터 나올때까지 기분좋게 쇼핑한가득하고 왔네요\n예쁘게 잘쓰겠습니다~~~! 대박나세요 🙏🏻👍🏻\n더보기\n친절해요\n매장이 넓어요\n스타일 추천을 잘해줘요\n품질이 좋아요\n독특한 디자인이 많아요\n반응 남기기\n방문일\n23.10.30.월\n2023년 10월 30일 월요일\n1번째 방문\n인증 수단\n영수증\n바나나우유0212\n리뷰 1,772사진 67\n팔로우\n굿\n친절해요\n반응 남기기\n방문일\n23.10.14.토\n2023년 10월 14일 토요일\n1번째 방문\n인증 수단\n영수증\n펼쳐서 더보기""}, {""title"": ""키워드·별점 리뷰35"", ""body"": ""Pkgk\n리뷰 1,743사진 889\n팔로우\n트렌디해요\n친절해요\n시설이 깔끔해요\n반응 남기기\n방문일\n24.9.14.토\n2024년 9월 14일 토요일\n1번째 방문\n인증 수단\n영수증\n아삼88\n리뷰 257사진 16\n팔로우\n품질이 좋아요\n친절해요\n반응 남기기\n방문일\n24.4.30.화\n2024년 4월 30일 화요일\n1번째 방문\n인증 수단\n영수증\n44****\n리뷰 748사진 19\n팔로우\n품질이 좋아요\n친절해요\n반응 남기기\n방문일\n24.4.30.화\n2024년 4월 30일 화요일\n1번째 방문\n인증 수단\n영수증\n룰룰루나\n리뷰 990사진 33팔로워 11\n팔로우\n품질이 좋아요\n종류가 다양해요\n독특한 디자인이 많아요\n반응 남기기\n방문일\n24.4.28.일\n2024년 4월 28일 일요일\n1번째 방문\n인증 수단\n영수증\n한가인82\n리뷰 661사진 20\n팔로우\n가성비가 좋아요\n반응 남기기\n방문일\n24.3.2.토\n2024년 3월 2일 토요일\n1번째 방문\n인증 수단\n영수증\n소소25\n리뷰 704사진 7\n팔로우\n종류가 다양해요\n독특한 디자인이 많아요\n친절해요\n반응 남기기\n방문일\n23.12.27.수\n2023년 12월 27일 수요일\n1번째 방문\n인증 수단\n영수증\n뚜네입니당\n리뷰 650사진 68팔로워 5\n팔로우\n종류가 다양해요\n반응 남기기\n방문일\n23.10.22.일\n2023년 10월 22일 일요일\n1번째 방문\n인증 수단\n영수증\n맛집리뷰러입니다\n리뷰 695사진 31팔로워 3\n팔로우\n품질이 좋아요\n가성비가 좋아요\n종류가 다양해요\n독특한 디자인이 많아요\nA/S가 세심해요\n반응 남기기\n방문일\n23.8.12.토\n2023년 8월 12일 토요일\n1번째 방문\n인증 수단\n영수증\n비키라덥다\n리뷰 672사진 21\n팔로우\n가성비가 좋아요\n독특한 디자인이 많아요\nA/S가 세심해요\n반응 남기기\n방문일\n23.6.7.수\n2023년 6월 7일 수요일\n1번째 방문\n인증 수단\n영수증\n뾰로롱11\n리뷰 602사진 127\n팔로우\n품질이 좋아요\n가성비가 좋아요\n반응 남기기\n방문일\n23.6.7.수\n2023년 6월 7일 수요일\n1번째 방문\n인증 수단\n영수증\n펼쳐서 더보기\n이용약관고객센터리뷰운영정책신고센터\n네이버""}]"
79,79,코데즈컴바인 제주칠성점,쇼핑,제주 제주시 칠성로길 20 1층,,33.5141242,126.5250991,,,https://naver.me/GtYJncOG,470-38-00973,칠성로,success,1_naver_link,naver_link place_id=1778278793,0.0,naver_place,https://map.naver.com/p/entry/place/1778278793,https://map.naver.com/p/entry/place/1778278793,https://pcmap.place.naver.com/place/1778278793/home,1778278793,코데즈컴바인 제주칠성점,캐주얼웨어,,,제주 제주시 칠성로길 20 1층,제주 제주시 일도일동 1363-2,,,,33.5141242,126.5250991,10:00에 영업 시작,영업 전,,{},영업 전10:00에 영업 시작,,"지역화폐 (지류형)
지역화폐 (카드형)
지역화폐 (모바일형)
알고 계신 정보와 다른 정보가 있나요?
사진으로 간단하게 제보해 주세요.
정보 수정 제안하기
이용약관고객센터리뷰운영정책신고센터
네이버",,,,,,,,코데즈컴바인 제주칠성점|캐주얼웨어|제주 제주시 칠성로길 20 1층|제주 제주시 일도일동 1363-2|10:00에 영업 시작|친절해요|스타일 추천을 잘해줘요|독특한 디자인이 많아요|품질이 좋아요|종류가 다양해요|분위기가 편안해요|가성비가 좋아요|A/S가 세심해요,"[""코데즈컴바인 제주칠성점"", ""캐주얼웨어"", ""제주 제주시 칠성로길 20 1층"", ""제주 제주시 일도일동 1363-2"", ""10:00에 영업 시작"", ""친절해요"", ""스타일 추천을 잘해줘요"", ""독특한 디자인이 많아요"", ""품질이 좋아요"", ""종류가 다양해요"", ""분위기가 편안해요"", ""가성비가 좋아요"", ""A/S가 세심해요""]","{""name"": [""코데즈컴바인 제주칠성점""], ""category"": [""캐주얼웨어""], ""address"": [""제주 제주시 칠성로길 20 1층"", ""제주 제주시 일도일동 1363-2""], ""hours"": [""10:00에 영업 시작""], ""visitor_keywords"": [""친절해요"", ""스타일 추천을 잘해줘요"", ""독특한 디자인이 많아요"", ""품질이 좋아요"", ""종류가 다양해요"", ""분위기가 편안해요"", ""가성비가 좋아요"", ""A/S가 세심해요""]}",https://naver.me/GtYJncOG,,,,"[{""keyword"": ""친절해요"", ""count"": ""7""}, {""keyword"": ""스타일 추천을 잘해줘요"", ""count"": ""7""}, {""keyword"": ""독특한 디자인이 많아요"", ""count"": ""3""}, {""keyword"": ""품질이 좋아요"", ""count"": ""3""}, {""keyword"": ""종류가 다양해요"", ""count"": ""3""}, {""keyword"": ""분위기가 편안해요"", ""count"": ""2""}, {""keyword"": ""가성비가 좋아요"", ""count"": ""2""}, {""keyword"": ""A/S가 세심해요"", ""count"": ""1""}]","[{""title"": ""결제수단"", ""body"": ""지역화폐 (지류형)\n지역화폐 (카드형)\n지역화폐 (모바일형)\n알고 계신 정보와 다른 정보가 있나요?\n사진으로 간단하게 제보해 주세요.\n정보 수정 제안하기\n이용약관고객센터리뷰운영정책신고센터\n네이버""}]"
80,80,코오롱스포츠 제주점,쇼핑,제주 제주시 중앙로7길 3,,33.5149987,126.5253102,064-757-5254,,https://naver.me/FfB8QvOx,616-22-06155,칠성로,success,1_naver_link,naver_link place_id=13393220,10.0,naver_place,https://map.naver.com/p/entry/place/13393220,https://map.naver.com/p/entry/place/13393220,https://pcmap.place.naver.com/place/13393220/home,13393220,코오롱스포츠 제주점,"등산,아웃도어",,,제주 제주시 중앙로7길 3,제주 제주시 일도일동 1298-6,,064-757-5254,,33.5149689,126.5254124,10:30에 영업 시작,영업 전,,{},영업 전10:30에 영업 시작,,카카오톡 채팅 문의 : http://pf.kakao.com/_rxgCAxj/chat,,,,,,,,"코오롱스포츠 제주점|등산,아웃도어|제주 제주시 중앙로7길 3|제주 제주시 일도일동 1298-6|064-757-5254|10:30에 영업 시작|품질이 좋아요|친절해요|종류가 다양해요|스타일 추천을 잘해줘요|매장이 넓어요|A/S가 세심해요|분위기가 편안해요|독특한 디자인이 많아요|비싼 만큼 가치있어요|신상품이 많아요","[""코오롱스포츠 제주점"", ""등산,아웃도어"", ""제주 제주시 중앙로7길 3"", ""제주 제주시 일도일동 1298-6"", ""064-757-5254"", ""10:30에 영업 시작"", ""품질이 좋아요"", ""친절해요"", ""종류가 다양해요"", ""스타일 추천을 잘해줘요"", ""매장이 넓어요"", ""A/S가 세심해요"", ""분위기가 편안해요"", ""독특한 디자인이 많아요"", ""비싼 만큼 가치있어요"", ""신상품이 많아요""]","{""name"": [""코오롱스포츠 제주점""], ""category"": [""등산,아웃도어""], ""address"": [""제주 제주시 중앙로7길 3"", ""제주 제주시 일도일동 1298-6""], ""phone"": [""064-757-5254""], ""hours"": [""10:30에 영업 시작""], ""visitor_keywords"": [""품질이 좋아요"", ""친절해요"", ""종류가 다양해요"", ""스타일 추천을 잘해줘요"", ""매장이 넓어요"", ""A/S가 세심해요"", ""분위기가 편안해요"", ""독특한 디자인이 많아요"", ""비싼 만큼 가치있어요"", ""신상품이 많아요""]}",https://naver.me/FfB8QvOx,,,,"[{""keyword"": ""품질이 좋아요"", ""count"": ""28""}, {""keyword"": ""친절해요"", ""count"": ""25""}, {""keyword"": ""종류가 다양해요"", ""count"": ""14""}, {""keyword"": ""스타일 추천을 잘해줘요"", ""count"": ""10""}, {""keyword"": ""매장이 넓어요"", ""count"": ""9""}, {""keyword"": ""A/S가 세심해요"", ""count"": ""5""}, {""keyword"": ""분위기가 편안해요"", ""count"": ""4""}, {""keyword"": ""독특한 디자인이 많아요"", ""count"": ""2""}, {""keyword"": ""비싼 만큼 가치있어요"", ""count"": ""2""}, {""keyword"": ""신상품이 많아요"", ""count"": ""2""}]","[{""title"": ""소개"", ""body"": ""카카오톡 채팅 문의 : http://pf.kakao.com/_rxgCAxj/chat""}, {""title"": ""대표 키워드"", ""body"": ""등산용품캠핑용품스포츠용품""}, {""title"": ""결제수단"", ""body"": ""제로페이""}, {""title"": ""SNS"", ""body"": ""홈페이지\nhttp://www.kolonsport.com/\n알고 계신 정보와 다른 정보가 있나요?\n사진으로 간단하게 제보해 주세요.\n정보 수정 제안하기\n이용약관고객센터리뷰운영정책신고센터\n네이버""}]"
81,81,쿵떡,"카페, 디저트",제주 제주시 관덕로17길 5 쿵떡,,33.513604,126.5271058,0507-1411-3116,,https://naver.me/xGIy5nvH,203-69-61694,칠성로,success,1_naver_link,naver_link place_id=1890664775,2.6,naver_place,https://map.naver.com/p/entry/place/1890664775,https://map.naver.com/p/entry/place/1890664775,https://pcmap.place.naver.com/place/1890664775/home,1890664775,쿵떡,"떡,한과",,,제주 제주시 관덕로17길 5 쿵떡,제주 제주시 일도일동 1477-6,,,,33.5136006,126.5271334,영업 중,영업 중,,{},영업 중,포장|배달,"좋은재료와 100%국내쌀로 건강한떡을
만들고 있습니다.

제주도 답례떡/행사떡/오메기떡을
전문적으로 하고있습니다~

대표전화 064-726-3116",,,,,,,,"쿵떡|떡,한과|제주 제주시 관덕로17길 5 쿵떡|제주 제주시 일도일동 1477-6|영업 중|포장|배달|음식이 맛있어요|친절해요|매장이 청결해요|선물하기 좋아요|재료가 신선해요|세트 구성이 알차요|가격이 합리적이에요|비주얼이 좋아요|특별한 메뉴가 있어요|주차하기 편해요","[""쿵떡"", ""떡,한과"", ""제주 제주시 관덕로17길 5 쿵떡"", ""제주 제주시 일도일동 1477-6"", ""영업 중"", ""포장"", ""배달"", ""음식이 맛있어요"", ""친절해요"", ""매장이 청결해요"", ""선물하기 좋아요"", ""재료가 신선해요"", ""세트 구성이 알차요"", ""가격이 합리적이에요"", ""비주얼이 좋아요"", ""특별한 메뉴가 있어요"", ""주차하기 편해요""]","{""name"": [""쿵떡""], ""category"": [""떡,한과""], ""address"": [""제주 제주시 관덕로17길 5 쿵떡"", ""제주 제주시 일도일동 1477-6""], ""hours"": [""영업 중""], ""conveniences"": [""포장"", ""배달""], ""visitor_keywords"": [""음식이 맛있어요"", ""친절해요"", ""매장이 청결해요"", ""선물하기 좋아요"", ""재료가 신선해요"", ""세트 구성이 알차요"", ""가격이 합리적이에요"", ""비주얼이 좋아요"", ""특별한 메뉴가 있어요"", ""주차하기 편해요""]}",https://naver.me/xGIy5nvH,,,,"[{""keyword"": ""음식이 맛있어요"", ""count"": ""35""}, {""keyword"": ""친절해요"", ""count"": ""22""}, {""keyword"": ""매장이 청결해요"", ""count"": ""17""}, {""keyword"": ""선물하기 좋아요"", ""count"": ""9""}, {""keyword"": ""재료가 신선해요"", ""count"": ""9""}, {""keyword"": ""세트 구성이 알차요"", ""count"": ""6""}, {""keyword"": ""가격이 합리적이에요"", ""count"": ""5""}, {""keyword"": ""비주얼이 좋아요"", ""count"": ""4""}, {""keyword"": ""특별한 메뉴가 있어요"", ""count"": ""2""}, {""keyword"": ""주차하기 편해요"", ""count"": ""1""}]","[{""title"": ""소개"", ""body"": ""좋은재료와 100%국내쌀로 건강한떡을\n만들고 있습니다.\n\n제주도 답례떡/행사떡/오메기떡을\n전문적으로 하고있습니다~\n\n대표전화 064-726-3116""}, {""title"": ""대표 키워드"", ""body"": ""제주떡집오메기떡제주떡케이크제주돌백일떡제주답례떡""}, {""title"": ""편의시설 및 서비스"", ""body"": ""포장\n배달""}, {""title"": ""SNS"", ""body"": ""인스타그램\nhttps://www.instagram.com/coongddeok_jeju\n알고 계신 정보와 다른 정보가 있나요?\n사진으로 간단하게 제보해 주세요.\n정보 수정 제안하기\n이용약관고객센터리뷰운영정책신고센터\n네이버""}]"
82,82,크록스 제주점,쇼핑,제주 제주시 칠성로길 24,,33.5142456,126.5253669,064-721-2163,,https://naver.me/Fw7MkB5i,616-85-26869,칠성로,success,1_naver_link,naver_link place_id=19841326,2.2,naver_place,https://map.naver.com/p/entry/place/19841326,https://map.naver.com/p/entry/place/19841326,https://pcmap.place.naver.com/place/19841326/home,19841326,크록스 제주점,신발,,,제주 제주시 칠성로길 24,제주 제주시 일도일동 1363-4,,064-721-2163,,33.5142304,126.5253516,10:00에 영업 시작,영업 전,,{},영업 전10:00에 영업 시작,,"인스타그램
https://www.instagram.com/comosn_crocs_jeju
알고 계신 정보와 다른 정보가 있나요?
사진으로 간단하게 제보해 주세요.
정보 수정 제안하기
이용약관고객센터리뷰운영정책신고센터
네이버",,,,,,,,크록스 제주점|신발|제주 제주시 칠성로길 24|제주 제주시 일도일동 1363-4|064-721-2163|10:00에 영업 시작|종류가 다양해요|친절해요|품질이 좋아요|가성비가 좋아요|독특한 디자인이 많아요|스타일 추천을 잘해줘요|매장이 넓어요|시설이 깔끔해요|분위기가 편안해요|사이즈가 다양해요,"[""크록스 제주점"", ""신발"", ""제주 제주시 칠성로길 24"", ""제주 제주시 일도일동 1363-4"", ""064-721-2163"", ""10:00에 영업 시작"", ""종류가 다양해요"", ""친절해요"", ""품질이 좋아요"", ""가성비가 좋아요"", ""독특한 디자인이 많아요"", ""스타일 추천을 잘해줘요"", ""매장이 넓어요"", ""시설이 깔끔해요"", ""분위기가 편안해요"", ""사이즈가 다양해요""]","{""name"": [""크록스 제주점""], ""category"": [""신발""], ""address"": [""제주 제주시 칠성로길 24"", ""제주 제주시 일도일동 1363-4""], ""phone"": [""064-721-2163""], ""hours"": [""10:00에 영업 시작""], ""visitor_keywords"": [""종류가 다양해요"", ""친절해요"", ""품질이 좋아요"", ""가성비가 좋아요"", ""독특한 디자인이 많아요"", ""스타일 추천을 잘해줘요"", ""매장이 넓어요"", ""시설이 깔끔해요"", ""분위기가 편안해요"", ""사이즈가 다양해요""]}",https://naver.me/Fw7MkB5i,,"[""크록스 제주점\n알림크록스 제주점 리모델링 안내\n크록스 제주점 리모델링 안내드립니다. 2/3(월)-2월중순 오픈예정\n좋아요\n2025.02.03.\n2025년 2월 3일"", ""크록스 제주점\n알림크록스 제주점 리모델링 안내\n크록스 제주점 리모델링 안내드립니다 2/26(일)-4월초 오픈예정\n좋아요\n2023.02.27.\n2023년 2월 27일""]",,"[{""keyword"": ""종류가 다양해요"", ""count"": ""57""}, {""keyword"": ""친절해요"", ""count"": ""53""}, {""keyword"": ""품질이 좋아요"", ""count"": ""52""}, {""keyword"": ""가성비가 좋아요"", ""count"": ""25""}, {""keyword"": ""독특한 디자인이 많아요"", ""count"": ""24""}, {""keyword"": ""스타일 추천을 잘해줘요"", ""count"": ""21""}, {""keyword"": ""매장이 넓어요"", ""count"": ""13""}, {""keyword"": ""시설이 깔끔해요"", ""count"": ""4""}, {""keyword"": ""분위기가 편안해요"", ""count"": ""4""}, {""keyword"": ""사이즈가 다양해요"", ""count"": ""4""}]","[{""title"": ""대표 키워드"", ""body"": ""크록스제주점""}, {""title"": ""주차"", ""body"": ""주차 불가\n전화선로 고장 복구작업으로 현재 매장 통화 불가합니다.""}, {""title"": ""SNS"", ""body"": ""인스타그램\nhttps://www.instagram.com/comosn_crocs_jeju\n알고 계신 정보와 다른 정보가 있나요?\n사진으로 간단하게 제보해 주세요.\n정보 수정 제안하기\n이용약관고객센터리뷰운영정책신고센터\n네이버""}]"
83,83,탑볼링장,기타,제주 제주시 관덕로11길 17 5층,,33.5146534,126.5251708,064-759-0099,,https://naver.me/xcnB83pP,702-49-00425,칠성로,success,1_naver_link,naver_link place_id=1420840192,1.4,naver_place,https://map.naver.com/p/entry/place/1420840192,https://map.naver.com/p/entry/place/1420840192,https://pcmap.place.naver.com/place/1420840192/home,1420840192,탑볼링장,볼링장,,,제주 제주시 관덕로11길 17 5층,제주 제주시 일도일동 1298-28,,064-759-0099,,33.5146662,126.525172,,,,{},,,"안내
44회36명 참여
""시설이 깔끔해요""
이 키워드를 선택한 인원
28
""단체모임 하기 좋아요""
이 키워드를 선택한 인원
12
""레인이 많아요""
이 키워드를 선택한 인원
11
""가격이 합리적이에요""
이 키워드를 선택한 인원
10
""최신 장비를 사용해요""
이 키워드를 선택한 인원
5
더보기
4.0627개 평점(24명 참여)
안내",,,,,,,"일반(월~목)|일반(금/토/일)|대학생(월~목)|대학생(금/토/일)|락타임(월~목, 21:30~02:00)|락타임(금/토/일, 18:00~02:00)|초중고(월~목)|초중고(금/토/일)|클럽(월~목)|클럽(금/토/일)|대화료","탑볼링장|볼링장|제주 제주시 관덕로11길 17 5층|제주 제주시 일도일동 1298-28|064-759-0099|일반(월~목)|일반(금/토/일)|대학생(월~목)|대학생(금/토/일)|락타임(월~목, 21:30~02:00)|락타임(금/토/일, 18:00~02:00)|초중고(월~목)|초중고(금/토/일)|클럽(월~목)|클럽(금/토/일)|대화료|시설이 깔끔해요|단체모임 하기 좋아요|레인이 많아요|가격이 합리적이에요|최신 장비를 사용해요|인테리어가 멋져요|대기공간이 잘 되어있어요|먹거리가 풍부해요|음악이 좋아요|주차하기 편해요","[""탑볼링장"", ""볼링장"", ""제주 제주시 관덕로11길 17 5층"", ""제주 제주시 일도일동 1298-28"", ""064-759-0099"", ""일반(월~목)"", ""일반(금/토/일)"", ""대학생(월~목)"", ""대학생(금/토/일)"", ""락타임(월~목, 21:30~02:00)"", ""락타임(금/토/일, 18:00~02:00)"", ""초중고(월~목)"", ""초중고(금/토/일)"", ""클럽(월~목)"", ""클럽(금/토/일)"", ""대화료"", ""시설이 깔끔해요"", ""단체모임 하기 좋아요"", ""레인이 많아요"", ""가격이 합리적이에요"", ""최신 장비를 사용해요"", ""인테리어가 멋져요"", ""대기공간이 잘 되어있어요"", ""먹거리가 풍부해요"", ""음악이 좋아요"", ""주차하기 편해요""]","{""name"": [""탑볼링장""], ""category"": [""볼링장""], ""address"": [""제주 제주시 관덕로11길 17 5층"", ""제주 제주시 일도일동 1298-28""], ""phone"": [""064-759-0099""], ""menus"": [""일반(월~목)"", ""일반(금/토/일)"", ""대학생(월~목)"", ""대학생(금/토/일)"", ""락타임(월~목, 21:30~02:00)"", ""락타임(금/토/일, 18:00~02:00)"", ""초중고(월~목)"", ""초중고(금/토/일)"", ""클럽(월~목)"", ""클럽(금/토/일)"", ""대화료""], ""visitor_keywords"": [""시설이 깔끔해요"", ""단체모임 하기 좋아요"", ""레인이 많아요"", ""가격이 합리적이에요"", ""최신 장비를 사용해요"", ""인테리어가 멋져요"", ""대기공간이 잘 되어있어요"", ""먹거리가 풍부해요"", ""음악이 좋아요"", ""주차하기 편해요""]}",https://naver.me/xcnB83pP,,,,"[{""keyword"": ""시설이 깔끔해요"", ""count"": ""28""}, {""keyword"": ""단체모임 하기 좋아요"", ""count"": ""12""}, {""keyword"": ""레인이 많아요"", ""count"": ""11""}, {""keyword"": ""가격이 합리적이에요"", ""count"": ""10""}, {""keyword"": ""최신 장비를 사용해요"", ""count"": ""5""}, {""keyword"": ""인테리어가 멋져요"", ""count"": ""4""}, {""keyword"": ""대기공간이 잘 되어있어요"", ""count"": ""4""}, {""keyword"": ""먹거리가 풍부해요"", ""count"": ""2""}, {""keyword"": ""음악이 좋아요"", ""count"": ""2""}, {""keyword"": ""주차하기 편해요"", ""count"": ""2""}]","[{""title"": ""이런 점이 좋았어요"", ""body"": ""안내\n44회36명 참여\n\""시설이 깔끔해요\""\n이 키워드를 선택한 인원\n28\n\""단체모임 하기 좋아요\""\n이 키워드를 선택한 인원\n12\n\""레인이 많아요\""\n이 키워드를 선택한 인원\n11\n\""가격이 합리적이에요\""\n이 키워드를 선택한 인원\n10\n\""최신 장비를 사용해요\""\n이 키워드를 선택한 인원\n5\n더보기\n4.0627개 평점(24명 참여)\n안내""}, {""title"": ""사진·영상 리뷰"", ""body"": ""동영상\n동영상\n동영상\n더보기""}, {""title"": ""리뷰37"", ""body"": ""안내\n사진/영상 리뷰만\n서비스4\n혼잡도1\n가격1\n추천순\n최신순\n리뷰 제공 기준\n리뷰 클렌징 시스템 작동중입니다\nmong e\n리뷰 386사진 17\n팔로우\n시원하고 좋아요\n시설이 깔끔해요\n레인이 많아요\n대기공간이 잘 되어있어요\n단체모임 하기 좋아요\n반응 남기기\n방문일\n24.11.26.화\n2024년 11월 26일 화요일\n2번째 방문\n인증 수단\n결제내역\n윤스팸포카\n리뷰 135사진 144팔로워 2\n팔로우\n아이들이랑 신나게 놀았어요 처음 와봤는데 이용 방법 물어봐서 알려주신대로 이용했구요~ 다같이 하기에 좋은 놀이 같아요~!!^^\n시설이 깔끔해요\n반응 남기기\n방문일\n1.22.목\n2026년 1월 22일 목요일\n1번째 방문\n인증 수단\n결제내역\naok****\n리뷰 776사진 1,447\n팔로우\n동영상\n70에 볼링에 첫 입문한 울엄마!\n나보다 잘함 ㅎ\n가격이 합리적이에요\n반응 남기기\n방문일\n25.7.11.금\n2025년 7월 11일 금요일\n1번째 방문\n인증 수단\n영수증\n쪼천사외3명\n리뷰 1,036사진 7,743팔로워 46\n팔로우\n잘놀다가요\n시설이 깔끔해요\n공간이 넓어요\n주차하기 편해요\n단체모임 하기 좋아요\n반응 남기기\n방문일\n24.7.13.토\n2024년 7월 13일 토요일\n1번째 방문\n인증 수단\n영수증\n솔찍리뷰내돈내산\n리뷰 1,296사진 1,292팔로워 51\n팔로우\n동영상\n오랜만에 탑에왔지만, 역시탑은 사랑이쥬💛\n시설이 깔끔해요\n단체모임 하기 좋아요\n반응 남기기\n방문일\n24.2.12.월\n2024년 2월 12일 월요일\n5번째 방문\n인증 수단\n영수증\n기레이홍\n리뷰 1,156사진 206팔로워 23\n팔로우\n굿\n시설이 깔끔해요\n반응 남기기\n방문일\n24.2.16.금\n2024년 2월 16일 금요일\n2번째 방문\n인증 수단\n결제내역\n기레이홍\n리뷰 1,156사진 206팔로워 23\n팔로우\n굿\n시설이 깔끔해요\n반응 남기기\n방문일\n23.12.28.목\n2023년 12월 28일 목요일\n1번째 방문\n인증 수단\n결제내역\n솔찍리뷰내돈내산\n리뷰 1,296사진 1,292팔로워 51\n팔로우\n동영상\n제주도에 유일한 액션캠 있어서 좋아요~!\n시설이 깔끔해요\n음악이 좋아요\n단체모임 하기 좋아요\n반응 남기기\n방문일\n23.8.1.화\n2023년 8월 1일 화요일\n3번째 방문\n인증 수단\n영수증\n솔찍리뷰내돈내산\n리뷰 1,296사진 1,292팔로워 51\n팔로우\n직원분들 친절해서 넘좋아요🤗\n시설이 깔끔해요\n최신 장비를 사용해요\n반응 남기기\n방문일\n23.8.3.목\n2023년 8월 3일 목요일\n4번째 방문\n인증 수단\n영수증\n솔찍리뷰내돈내산\n리뷰 1,296사진 1,292팔로워 51\n팔로우\n볼링치며 음료는 기본이쥬~\n먹거리가 풍부해요\n단체모임 하기 좋아요\n가격이 합리적이에요\n반응 남기기\n방문일\n23.3.24.금\n2023년 3월 24일 금요일\n2번째 방문\n인증 수단\n영수증\n펼쳐서 더보기""}, {""title"": ""키워드·별점 리뷰38"", ""body"": ""dgd****\n리뷰 23사진 12팔로워 1\n팔로우\n시설이 깔끔해요\n반응 남기기\n방문일\n25.5.25.일\n2025년 5월 25일 일요일\n1번째 방문\n인증 수단\n영수증\nmong e\n리뷰 386사진 17\n팔로우\n시설이 깔끔해요\n단체모임 하기 좋아요\n반응 남기기\n방문일\n24.11.27.수\n2024년 11월 27일 수요일\n3번째 방문\n인증 수단\n결제내역\n후디177\n리뷰 84사진 6팔로워 2\n팔로우\n인테리어가 멋져요\n반응 남기기\n방문일\n23.8.4.금\n2023년 8월 4일 금요일\n1번째 방문\n인증 수단\n영수증\nbonnechance4\n리뷰 958사진 165팔로워 3\n팔로우\n최신 장비를 사용해요\n시설이 깔끔해요\n레인이 많아요\n반응 남기기\n방문일\n23.4.23.일\n2023년 4월 23일 일요일\n1번째 방문\n인증 수단\n영수증\n태사랑56\n리뷰 854사진 10\n팔로우\n주차하기 편해요\n가격이 합리적이에요\n반응 남기기\n방문일\n23.6.10.토\n2023년 6월 10일 토요일\n1번째 방문\n인증 수단\n영수증\n맛있능고\n리뷰 112사진 26\n팔로우\n시설이 깔끔해요\n반응 남기기\n방문일\n23.3.12.일\n2023년 3월 12일 일요일\n1번째 방문\n인증 수단\n영수증\nsav****\n리뷰 1,200사진 104\n팔로우\n단체모임 하기 좋아요\n가격이 합리적이에요\n반응 남기기\n방문일\n23.2.19.일\n2023년 2월 19일 일요일\n1번째 방문\n인증 수단\n영수증\n노엘라26\n리뷰 56사진 10\n팔로우\n시설이 깔끔해요\n반응 남기기\n방문일\n23.3.12.일\n2023년 3월 12일 일요일\n1번째 방문\n인증 수단\n영수증\n나랑께48\n리뷰 1,000사진 1\n팔로우\n시설이 깔끔해요\n반응 남기기\n방문일\n22.10.31.월\n2022년 10월 31일 월요일\n1번째 방문\n인증 수단\n영수증\n무방이\n리뷰 154사진 4\n팔로우\n단체모임 하기 좋아요\n가격이 합리적이에요\n반응 남기기\n방문일\n22.10.23.일\n2022년 10월 23일 일요일\n1번째 방문\n인증 수단\n결제내역\n펼쳐서 더보기\n이용약관고객센터리뷰운영정책신고센터\n네이버""}]"
84,84,파렌하이트 제주점,쇼핑,제주 제주시 칠성로길 27 1층 FAHRENHEIT,,33.5145037,126.5257767,0507-1360-7999,,https://naver.me/xv6hI7xv,616-16-84510,칠성로,success,1_naver_link,naver_link place_id=20087210,1.4,naver_place,https://map.naver.com/p/entry/place/20087210,https://map.naver.com/p/entry/place/20087210,https://pcmap.place.naver.com/place/20087210/home,20087210,파렌하이트 제주점,캐주얼웨어,,,제주 제주시 칠성로길 27 1층 FAHRENHEIT,제주 제주시 일도일동 1301-6,,,,33.5145159,126.5257715,11:00에 영업 시작,영업 전,,{},영업 전11:00에 영업 시작,,남성복NO.1 지이크파렌하이트 제주,,,,,,,,파렌하이트 제주점|캐주얼웨어|제주 제주시 칠성로길 27 1층 FAHRENHEIT|제주 제주시 일도일동 1301-6|11:00에 영업 시작|친절해요|품질이 좋아요|스타일 추천을 잘해줘요|종류가 다양해요|가성비가 좋아요|분위기가 편안해요|독특한 디자인이 많아요|매장이 넓어요|A/S가 세심해요,"[""파렌하이트 제주점"", ""캐주얼웨어"", ""제주 제주시 칠성로길 27 1층 FAHRENHEIT"", ""제주 제주시 일도일동 1301-6"", ""11:00에 영업 시작"", ""친절해요"", ""품질이 좋아요"", ""스타일 추천을 잘해줘요"", ""종류가 다양해요"", ""가성비가 좋아요"", ""분위기가 편안해요"", ""독특한 디자인이 많아요"", ""매장이 넓어요"", ""A/S가 세심해요""]","{""name"": [""파렌하이트 제주점""], ""category"": [""캐주얼웨어""], ""address"": [""제주 제주시 칠성로길 27 1층 FAHRENHEIT"", ""제주 제주시 일도일동 1301-6""], ""hours"": [""11:00에 영업 시작""], ""visitor_keywords"": [""친절해요"", ""품질이 좋아요"", ""스타일 추천을 잘해줘요"", ""종류가 다양해요"", ""가성비가 좋아요"", ""분위기가 편안해요"", ""독특한 디자인이 많아요"", ""매장이 넓어요"", ""A/S가 세심해요""]}",https://naver.me/xv6hI7xv,,"[""파렌하이트 제주점\n알림지이크 파렌하이트가 새로 리뉴얼 했습니다\n제주 지이크 파렌하이트가 새롭게 리뉴얼 했습니다\n새롭게 파렌하이트로 다시 시작합니다\n좋아요\n2025.02.20.\n2025년 2월 20일"", ""파렌하이트 제주점\n알림탐나는전 온누리 가맹점\n탐나는전 온누리 카드 지류 결제가능 매장\n좋아요\n2020.05.21.\n2020년 5월 21일""]",,"[{""keyword"": ""친절해요"", ""count"": ""15""}, {""keyword"": ""품질이 좋아요"", ""count"": ""10""}, {""keyword"": ""스타일 추천을 잘해줘요"", ""count"": ""7""}, {""keyword"": ""종류가 다양해요"", ""count"": ""7""}, {""keyword"": ""가성비가 좋아요"", ""count"": ""5""}, {""keyword"": ""분위기가 편안해요"", ""count"": ""4""}, {""keyword"": ""독특한 디자인이 많아요"", ""count"": ""3""}, {""keyword"": ""매장이 넓어요"", ""count"": ""3""}, {""keyword"": ""A/S가 세심해요"", ""count"": ""1""}]","[{""title"": ""소개"", ""body"": ""남성복NO.1 지이크파렌하이트 제주""}, {""title"": ""대표 키워드"", ""body"": ""남성복남성정장수트캐주얼수트정장""}, {""title"": ""결제수단"", ""body"": ""제로페이""}, {""title"": ""SNS"", ""body"": ""홈페이지\nhttps://www.shinwon.com/kor/m31_collection_2.php?brand=FAHRENHEIT\n인스타그램\n인스타그램\n스마트스토어\n스마트스토어\n알고 계신 정보와 다른 정보가 있나요?\n사진으로 간단하게 제보해 주세요.\n정보 수정 제안하기\n이용약관고객센터리뷰운영정책신고센터\n네이버""}]"
85,85,파크랜드 제주점,쇼핑,제주 제주시 중앙로 27,,33.5157614,126.5249294,064-757-8963,,https://naver.me/F9hOrI8m,616-26-64736,칠성로,success,1_naver_link,naver_link place_id=13425999,2.7,naver_place,https://map.naver.com/p/entry/place/13425999,https://map.naver.com/p/entry/place/13425999,https://pcmap.place.naver.com/place/13425999/home,13425999,파크랜드 제주점,정장,,,제주 제주시 중앙로 27,제주 제주시 일도일동 1277-19,,064-757-8963,,33.5157421,126.5249114,10:00에 영업 시작,영업 전,,{},영업 전10:00에 영업 시작,,"홈페이지
http://www.parkland.co.kr/
알고 계신 정보와 다른 정보가 있나요?
사진으로 간단하게 제보해 주세요.
정보 수정 제안하기
이용약관고객센터리뷰운영정책신고센터
네이버",,,,,,,,파크랜드 제주점|정장|제주 제주시 중앙로 27|제주 제주시 일도일동 1277-19|064-757-8963|10:00에 영업 시작|친절해요|품질이 좋아요|스타일 추천을 잘해줘요|종류가 다양해요|가성비가 좋아요|분위기가 편안해요|매장이 넓어요|A/S가 세심해요|독특한 디자인이 많아요|시설이 깔끔해요,"[""파크랜드 제주점"", ""정장"", ""제주 제주시 중앙로 27"", ""제주 제주시 일도일동 1277-19"", ""064-757-8963"", ""10:00에 영업 시작"", ""친절해요"", ""품질이 좋아요"", ""스타일 추천을 잘해줘요"", ""종류가 다양해요"", ""가성비가 좋아요"", ""분위기가 편안해요"", ""매장이 넓어요"", ""A/S가 세심해요"", ""독특한 디자인이 많아요"", ""시설이 깔끔해요""]","{""name"": [""파크랜드 제주점""], ""category"": [""정장""], ""address"": [""제주 제주시 중앙로 27"", ""제주 제주시 일도일동 1277-19""], ""phone"": [""064-757-8963""], ""hours"": [""10:00에 영업 시작""], ""visitor_keywords"": [""친절해요"", ""품질이 좋아요"", ""스타일 추천을 잘해줘요"", ""종류가 다양해요"", ""가성비가 좋아요"", ""분위기가 편안해요"", ""매장이 넓어요"", ""A/S가 세심해요"", ""독특한 디자인이 많아요"", ""시설이 깔끔해요""]}",https://naver.me/F9hOrI8m,,,,"[{""keyword"": ""친절해요"", ""count"": ""13""}, {""keyword"": ""품질이 좋아요"", ""count"": ""9""}, {""keyword"": ""스타일 추천을 잘해줘요"", ""count"": ""8""}, {""keyword"": ""종류가 다양해요"", ""count"": ""8""}, {""keyword"": ""가성비가 좋아요"", ""count"": ""5""}, {""keyword"": ""분위기가 편안해요"", ""count"": ""3""}, {""keyword"": ""매장이 넓어요"", ""count"": ""3""}, {""keyword"": ""A/S가 세심해요"", ""count"": ""2""}, {""keyword"": ""독특한 디자인이 많아요"", ""count"": ""1""}, {""keyword"": ""시설이 깔끔해요"", ""count"": ""1""}]","[{""title"": ""대표 키워드"", ""body"": ""남성의류전문정장""}, {""title"": ""결제수단"", ""body"": ""제로페이""}, {""title"": ""SNS"", ""body"": ""홈페이지\nhttp://www.parkland.co.kr/\n알고 계신 정보와 다른 정보가 있나요?\n사진으로 간단하게 제보해 주세요.\n정보 수정 제안하기\n이용약관고객센터리뷰운영정책신고센터\n네이버""}]"
86,86,팜스프링스 골프 제주칠성점,쇼핑,제주 제주시 칠성로길 32 1층,,33.5143713,126.5261709,064-756-0365,,https://naver.me/GM3Pft3j,616-17-50598,칠성로,success,1_naver_link,naver_link place_id=1163086673,3.0,naver_place,https://map.naver.com/p/entry/place/1163086673,https://map.naver.com/p/entry/place/1163086673,https://pcmap.place.naver.com/place/1163086673/home,1163086673,팜스프링스 골프 제주칠성점,스포츠의류,,,제주 제주시 칠성로길 32 1층,제주 제주시 일도일동 1339-1,,064-756-0365,,33.5143457,126.5261615,10:30에 영업 시작,영업 전,,{},영업 전10:30에 영업 시작,,"지역화폐 (카드형)
지역화폐 (지류형)
알고 계신 정보와 다른 정보가 있나요?
사진으로 간단하게 제보해 주세요.
정보 수정 제안하기
이용약관고객센터리뷰운영정책신고센터
네이버",,,,,,,,팜스프링스 골프 제주칠성점|스포츠의류|제주 제주시 칠성로길 32 1층|제주 제주시 일도일동 1339-1|064-756-0365|10:30에 영업 시작|안내|방문 키워드 통계 그래프 예시입니다.|현재 2명 참여|10명 이상 참여하면|방문 키워드 통계가 공개됩니다!|최신순|pil****|팔로우|아주~~~좋아요|품질이 좋아요|가성비가 좋아요|친절해요|반응 남기기|방문일|24.1.14.일|2024년 1월 14일 일요일|1번째 방문|인증 수단|영수증,"[""팜스프링스 골프 제주칠성점"", ""스포츠의류"", ""제주 제주시 칠성로길 32 1층"", ""제주 제주시 일도일동 1339-1"", ""064-756-0365"", ""10:30에 영업 시작"", ""안내"", ""방문 키워드 통계 그래프 예시입니다."", ""현재 2명 참여"", ""10명 이상 참여하면"", ""방문 키워드 통계가 공개됩니다!"", ""최신순"", ""pil****"", ""팔로우"", ""아주~~~좋아요"", ""품질이 좋아요"", ""가성비가 좋아요"", ""친절해요"", ""반응 남기기"", ""방문일"", ""24.1.14.일"", ""2024년 1월 14일 일요일"", ""1번째 방문"", ""인증 수단"", ""영수증""]","{""name"": [""팜스프링스 골프 제주칠성점""], ""category"": [""스포츠의류""], ""address"": [""제주 제주시 칠성로길 32 1층"", ""제주 제주시 일도일동 1339-1""], ""phone"": [""064-756-0365""], ""hours"": [""10:30에 영업 시작""], ""visitor_keywords"": [""안내"", ""방문 키워드 통계 그래프 예시입니다."", ""현재 2명 참여"", ""10명 이상 참여하면"", ""방문 키워드 통계가 공개됩니다!"", ""최신순"", ""pil****"", ""팔로우"", ""아주~~~좋아요"", ""품질이 좋아요"", ""가성비가 좋아요"", ""친절해요"", ""반응 남기기"", ""방문일"", ""24.1.14.일"", ""2024년 1월 14일 일요일"", ""1번째 방문"", ""인증 수단"", ""영수증""]}",https://naver.me/GM3Pft3j,,,,"[""안내"", ""방문 키워드 통계 그래프 예시입니다."", ""현재 2명 참여"", ""10명 이상 참여하면"", ""방문 키워드 통계가 공개됩니다!"", ""최신순"", ""pil****"", ""팔로우"", ""아주~~~좋아요"", ""품질이 좋아요"", ""가성비가 좋아요"", ""친절해요"", ""반응 남기기"", ""방문일"", ""24.1.14.일"", ""2024년 1월 14일 일요일"", ""1번째 방문"", ""인증 수단"", ""영수증""]","[{""title"": ""대표 키워드"", ""body"": ""골프의류어덜트의류액세서리""}, {""title"": ""결제수단"", ""body"": ""지역화폐 (카드형)\n지역화폐 (지류형)\n알고 계신 정보와 다른 정보가 있나요?\n사진으로 간단하게 제보해 주세요.\n정보 수정 제안하기\n이용약관고객센터리뷰운영정책신고센터\n네이버""}]"
87,87,포라리제주점,쇼핑,제주 제주시 칠성로길 31,,33.5145614,126.5261002,064-702-5054,,https://naver.me/xaTfIwZq,616-08-76223,칠성로,success,1_naver_link,naver_link place_id=33171903,1.1,naver_place,https://map.naver.com/p/entry/place/33171903,https://map.naver.com/p/entry/place/33171903,https://pcmap.place.naver.com/place/33171903/home,33171903,포라리제주점,여성의류,,,제주 제주시 칠성로길 31,제주 제주시 일도1동 1302-3,,064-702-5054,,33.5145654,126.526089,,,,{},정보 수정,,,,,,,,,,포라리제주점|여성의류|제주 제주시 칠성로길 31|제주 제주시 일도1동 1302-3|064-702-5054,"[""포라리제주점"", ""여성의류"", ""제주 제주시 칠성로길 31"", ""제주 제주시 일도1동 1302-3"", ""064-702-5054""]","{""name"": [""포라리제주점""], ""category"": [""여성의류""], ""address"": [""제주 제주시 칠성로길 31"", ""제주 제주시 일도1동 1302-3""], ""phone"": [""064-702-5054""]}",https://naver.me/xaTfIwZq,,,,,"[{""title"": ""방문자 리뷰4"", ""body"": ""알고 계신 정보와 다른 정보가 있나요?\n사진으로 간단하게 제보해 주세요.\n정보 수정 제안하기\n이용약관고객센터리뷰운영정책신고센터\n네이버""}]"
88,88,도토리캐리커쳐 제주2호점,쇼핑,제주 제주시 관덕로11길 15 (칠성로거리),,33.5144061,126.5253215,0507-1383-1965,,https://naver.me/FP8B1Zib,616-26-65735,칠성로,success,1_naver_link,naver_link place_id=2073920620,6.5,naver_place,https://map.naver.com/p/entry/place/2073920620,https://map.naver.com/p/entry/place/2073920620,https://pcmap.place.naver.com/place/2073920620/home,2073920620,도토리캐리커쳐 제주2호점,전문디자인,,,제주 제주시 관덕로11길 15 (칠성로거리),제주 제주시 일도일동 1296-2,칠성로 뉴밸런스 맞은편에 있습니다,0507-1383-1965,,33.5143802,126.5253848,11:30 - 22:00,영업 전,,"{""매일"": {""open"": ""11:30 - 22:00""}}",영업 전 | 11:30에 영업 시작 | 11시 30분에 영업 시작 | 매일 | 11:30 - 22:00 | 접기,무선 인터넷|대기공간|남/녀 화장실 구분|단체 이용 가능|주차,"행복의 그림가게!!
도토리 캐리커쳐
제주 2호점 입니다

행복한 순간, 사랑을 담은 추억을 그려드립니다.",,,,,,,캐리커쳐,도토리캐리커쳐 제주2호점|전문디자인|제주 제주시 관덕로11길 15 (칠성로거리)|제주 제주시 일도일동 1296-2|0507-1383-1965|11:30 - 22:00|캐리커쳐|무선 인터넷|대기공간|남/녀 화장실 구분|단체 이용 가능|주차,"[""도토리캐리커쳐 제주2호점"", ""전문디자인"", ""제주 제주시 관덕로11길 15 (칠성로거리)"", ""제주 제주시 일도일동 1296-2"", ""0507-1383-1965"", ""11:30 - 22:00"", ""캐리커쳐"", ""무선 인터넷"", ""대기공간"", ""남/녀 화장실 구분"", ""단체 이용 가능"", ""주차""]","{""name"": [""도토리캐리커쳐 제주2호점""], ""category"": [""전문디자인""], ""address"": [""제주 제주시 관덕로11길 15 (칠성로거리)"", ""제주 제주시 일도일동 1296-2""], ""phone"": [""0507-1383-1965""], ""hours"": [""11:30 - 22:00""], ""menus"": [""캐리커쳐""], ""conveniences"": [""무선 인터넷"", ""대기공간"", ""남/녀 화장실 구분"", ""단체 이용 가능"", ""주차""]}",https://naver.me/FP8B1Zib,,,,,"[{""title"": ""소개"", ""body"": ""행복의 그림가게!!\n도토리 캐리커쳐\n제주 2호점 입니다\n\n행복한 순간, 사랑을 담은 추억을 그려드립니다.""}, {""title"": ""대표 키워드"", ""body"": ""캐리커쳐그림네컷칠성로가족여행제주여행""}, {""title"": ""편의시설 및 서비스"", ""body"": ""무선 인터넷\n대기공간\n남/녀 화장실 구분\n단체 이용 가능""}, {""title"": ""주차"", ""body"": ""주차가능\n무료\n알고 계신 정보와 다른 정보가 있나요?\n사진으로 간단하게 제보해 주세요.\n정보 수정 제안하기\n이용약관고객센터리뷰운영정책신고센터\n네이버""}]"
89,89,효선떡방,"카페, 디저트",제주 제주시 칠성로길 41 1층,,33.5143949,126.5272435,0507-1444-1006,,https://naver.me/xRhY2VS9,809-04-02325,칠성로,success,1_naver_link,naver_link place_id=1730462315,1.9,naver_place,https://map.naver.com/p/entry/place/1730462315,https://map.naver.com/p/entry/place/1730462315,https://pcmap.place.naver.com/place/1730462315/home,1730462315,효선떡방,공방,,,제주 제주시 칠성로길 41 1층,제주 제주시 일도일동 1217,북수구 공영주차장 찾아오시면 되요.,0507-1444-1006,,33.5144051,126.5272267,월 10:00 - 18:00,영업 전,,"{""목"": {""open"": ""10:00 - 18:00""}, ""금"": {""open"": ""10:00 - 18:00""}, ""토"": {""open"": ""10:00 - 18:00""}, ""일"": {""open"": ""10:00 - 18:00""}, ""월"": {""open"": ""10:00 - 18:00""}, ""화"": {""open"": ""정기휴무 (매주 화요일)""}, ""수"": {""open"": ""10:00 - 18:00""}}",영업 전 | 10:00에 영업 시작 | 10시 0분에 영업 시작 | 목 | 10:00 - 18:00 | 금 | 10:00 - 18:00 | 토 | 10:00 - 18:00 | 일 | 10:00 - 18:00 | 월 | 10:00 - 18:00 | 화 | 정기휴무 (매주 화요일) | 수 | 10:00 - 18:00 | 접기,예약|포장,제주 전통떡인 기름떡 체험으로 오색으로 만들어 오감이 즐거져워요. 남녀노소 다 좋아하는 맛이예요.,,,,,,,호두정과,효선떡방|공방|제주 제주시 칠성로길 41 1층|제주 제주시 일도일동 1217|0507-1444-1006|월 10:00 - 18:00|호두정과|포장|친절해요|품질이 좋아요|가격이 합리적이에요|선물하기 좋아요|디자인이 멋져요|시설이 깔끔해요|설명이 자세해요|비싼 만큼 가치있어요|아늑해요|원데이 클래스가 알차요,"[""효선떡방"", ""공방"", ""제주 제주시 칠성로길 41 1층"", ""제주 제주시 일도일동 1217"", ""0507-1444-1006"", ""월 10:00 - 18:00"", ""호두정과"", ""포장"", ""친절해요"", ""품질이 좋아요"", ""가격이 합리적이에요"", ""선물하기 좋아요"", ""디자인이 멋져요"", ""시설이 깔끔해요"", ""설명이 자세해요"", ""비싼 만큼 가치있어요"", ""아늑해요"", ""원데이 클래스가 알차요""]","{""name"": [""효선떡방""], ""category"": [""공방""], ""address"": [""제주 제주시 칠성로길 41 1층"", ""제주 제주시 일도일동 1217""], ""phone"": [""0507-1444-1006""], ""hours"": [""월 10:00 - 18:00""], ""menus"": [""호두정과""], ""conveniences"": [""포장""], ""visitor_keywords"": [""친절해요"", ""품질이 좋아요"", ""가격이 합리적이에요"", ""선물하기 좋아요"", ""디자인이 멋져요"", ""시설이 깔끔해요"", ""설명이 자세해요"", ""비싼 만큼 가치있어요"", ""아늑해요"", ""원데이 클래스가 알차요""]}",https://naver.me/xRhY2VS9,,,,"[{""keyword"": ""친절해요"", ""count"": ""15""}, {""keyword"": ""품질이 좋아요"", ""count"": ""15""}, {""keyword"": ""가격이 합리적이에요"", ""count"": ""13""}, {""keyword"": ""선물하기 좋아요"", ""count"": ""9""}, {""keyword"": ""디자인이 멋져요"", ""count"": ""5""}, {""keyword"": ""시설이 깔끔해요"", ""count"": ""5""}, {""keyword"": ""설명이 자세해요"", ""count"": ""3""}, {""keyword"": ""비싼 만큼 가치있어요"", ""count"": ""3""}, {""keyword"": ""아늑해요"", ""count"": ""2""}, {""keyword"": ""원데이 클래스가 알차요"", ""count"": ""2""}]","[{""title"": ""소개"", ""body"": ""제주 전통떡인 기름떡 체험으로 오색으로 만들어 오감이 즐거져워요. 남녀노소 다 좋아하는 맛이예요.""}, {""title"": ""대표 키워드"", ""body"": ""오색기름떡체험제주송편체험쑥설기""}, {""title"": ""편의시설 및 서비스"", ""body"": ""예약\n포장""}, {""title"": ""결제수단"", ""body"": ""지역화폐 (카드형)\n지역화폐 (지류형)\n제로페이""}, {""title"": ""SNS"", ""body"": ""인스타그램\nhttps://www.instagram.com/hyosun_ricecakecafejeju\n알고 계신 정보와 다른 정보가 있나요?\n사진으로 간단하게 제보해 주세요.\n정보 수정 제안하기\n이용약관고객센터리뷰운영정책신고센터\n네이버""}]"
90,90,휠라키즈 제주칠성로점,쇼핑,제주 제주시 칠성로길 22,,33.5141874,126.5252529,0507-1466-0959,,https://naver.me/xllbFJxH,616-24-46582,칠성로,success,1_naver_link,naver_link place_id=2047731800,1.9,naver_place,https://map.naver.com/p/entry/place/2047731800,https://map.naver.com/p/entry/place/2047731800,https://pcmap.place.naver.com/place/2047731800/home,2047731800,휠라키즈 제주칠성로점,유아동복,,,제주 제주시 칠성로길 22,제주 제주시 일도일동 1363-3,칠성로 크록스 옆 매장,0507-1466-0959,,33.5141718,126.5252439,10:30 - 21:00,영업 전,,"{""매일"": {""open"": ""10:30 - 21:00""}}",영업 전 | 10:30에 영업 시작 | 10시 30분에 영업 시작 | 매일 | 10:30 - 21:00 | 접기,,칠성로 크록스 매장 옆 스포츠 휠라키즈 구제주점,,,,,,,,휠라키즈 제주칠성로점|유아동복|제주 제주시 칠성로길 22|제주 제주시 일도일동 1363-3|0507-1466-0959|10:30 - 21:00,"[""휠라키즈 제주칠성로점"", ""유아동복"", ""제주 제주시 칠성로길 22"", ""제주 제주시 일도일동 1363-3"", ""0507-1466-0959"", ""10:30 - 21:00""]","{""name"": [""휠라키즈 제주칠성로점""], ""category"": [""유아동복""], ""address"": [""제주 제주시 칠성로길 22"", ""제주 제주시 일도일동 1363-3""], ""phone"": [""0507-1466-0959""], ""hours"": [""10:30 - 21:00""]}",https://naver.me/xllbFJxH,,,,,"[{""title"": ""소개"", ""body"": ""칠성로 크록스 매장 옆 스포츠 휠라키즈 구제주점""}, {""title"": ""대표 키워드"", ""body"": ""휠라키즈아동의류운동화휠라스포츠""}, {""title"": ""주차"", ""body"": ""주차 불가""}, {""title"": ""결제수단"", ""body"": ""지역화폐 (지류형)\n지역화폐 (카드형)\n지역화폐 (모바일형)\n알고 계신 정보와 다른 정보가 있나요?\n사진으로 간단하게 제보해 주세요.\n정보 수정 제안하기\n이용약관고객센터리뷰운영정책신고센터\n네이버""}]"
92,92,지오지아 제주점,쇼핑,제주 제주시 칠성로길 28-1,,33.5143205,126.525841,064-752-2889,,https://naver.me/Gq95ejee,238-05-03081,칠성로,success,1_naver_link,naver_link place_id=11774161,1.0,naver_place,https://map.naver.com/p/entry/place/11774161,https://map.naver.com/p/entry/place/11774161,https://pcmap.place.naver.com/place/11774161/home,11774161,지오지아 제주점,캐주얼웨어,,,제주 제주시 칠성로길 28-1,제주 제주시 일도일동 1343,,064-752-2889,,33.5143155,126.5258315,,,,{},,,"ZIOZIA
차별화된 Fit과 Quality로 트렌드와 실용성을 모두 아우르는 브랜드. 기본에 충실하면서도 스타일을 살리는 디자인으로 실용적인 감각을 선도. 트렌드를 실용적으로 해석한 Wearable 스타일을 제안

SUBLINE 1 : Z BY ZIOZIA LINE
지오지아의 감각과 디자인의 노하우가 담긴 기본아이템을 합리적인 가격으로 제안하는 서브라인. 언제나, 누구에게나, 어느 스타일과도 어울리는 아이템을 제안.

SUBLINE 2 : ZIOZIA BLACK LINE
기존의 지오지아 보다 여유있는 핏으로 제안되는 다양한 연령대, 체형을 위한 서브 라인.
Classic Tailoring을 기반으로 품격과 여유 있는 스타일을 제안",,,,,,,AM2B105|AM2B109|AM2B112|AM2B115|AM2B119|AM2B102,지오지아 제주점|캐주얼웨어|제주 제주시 칠성로길 28-1|제주 제주시 일도일동 1343|064-752-2889|AM2B105|AM2B109|AM2B112|AM2B115|AM2B119|AM2B102|안내|방문 키워드 통계 그래프 예시입니다.|현재 7명 참여|10명 이상 참여하면|방문 키워드 통계가 공개됩니다!|최신순|vnl****|팔로우|좋아요|친절해요|품질이 좋아요|반응 남기기|방문일|23.7.1.토|2023년 7월 1일 토요일|1번째 방문|인증 수단|영수증|소나이6180,"[""지오지아 제주점"", ""캐주얼웨어"", ""제주 제주시 칠성로길 28-1"", ""제주 제주시 일도일동 1343"", ""064-752-2889"", ""AM2B105"", ""AM2B109"", ""AM2B112"", ""AM2B115"", ""AM2B119"", ""AM2B102"", ""안내"", ""방문 키워드 통계 그래프 예시입니다."", ""현재 7명 참여"", ""10명 이상 참여하면"", ""방문 키워드 통계가 공개됩니다!"", ""최신순"", ""vnl****"", ""팔로우"", ""좋아요"", ""친절해요"", ""품질이 좋아요"", ""반응 남기기"", ""방문일"", ""23.7.1.토"", ""2023년 7월 1일 토요일"", ""1번째 방문"", ""인증 수단"", ""영수증"", ""소나이6180""]","{""name"": [""지오지아 제주점""], ""category"": [""캐주얼웨어""], ""address"": [""제주 제주시 칠성로길 28-1"", ""제주 제주시 일도일동 1343""], ""phone"": [""064-752-2889""], ""menus"": [""AM2B105"", ""AM2B109"", ""AM2B112"", ""AM2B115"", ""AM2B119"", ""AM2B102""], ""visitor_keywords"": [""안내"", ""방문 키워드 통계 그래프 예시입니다."", ""현재 7명 참여"", ""10명 이상 참여하면"", ""방문 키워드 통계가 공개됩니다!"", ""최신순"", ""vnl****"", ""팔로우"", ""좋아요"", ""친절해요"", ""품질이 좋아요"", ""반응 남기기"", ""방문일"", ""23.7.1.토"", ""2023년 7월 1일 토요일"", ""1번째 방문"", ""인증 수단"", ""영수증"", ""소나이6180""]}",https://naver.me/Gq95ejee,,,,"[""안내"", ""방문 키워드 통계 그래프 예시입니다."", ""현재 7명 참여"", ""10명 이상 참여하면"", ""방문 키워드 통계가 공개됩니다!"", ""최신순"", ""vnl****"", ""팔로우"", ""좋아요"", ""친절해요"", ""품질이 좋아요"", ""반응 남기기"", ""방문일"", ""23.7.1.토"", ""2023년 7월 1일 토요일"", ""1번째 방문"", ""인증 수단"", ""영수증"", ""소나이6180""]","[{""title"": ""소개"", ""body"": ""ZIOZIA\n차별화된 Fit과 Quality로 트렌드와 실용성을 모두 아우르는 브랜드. 기본에 충실하면서도 스타일을 살리는 디자인으로 실용적인 감각을 선도. 트렌드를 실용적으로 해석한 Wearable 스타일을 제안\n\nSUBLINE 1 : Z BY ZIOZIA LINE\n지오지아의 감각과 디자인의 노하우가 담긴 기본아이템을 합리적인 가격으로 제안하는 서브라인. 언제나, 누구에게나, 어느 스타일과도 어울리는 아이템을 제안.\n\nSUBLINE 2 : ZIOZIA BLACK LINE\n기존의 지오지아 보다 여유있는 핏으로 제안되는 다양한 연령대, 체형을 위한 서브 라인.\nClassic Tailoring을 기반으로 품격과 여유 있는 스타일을 제안""}, {""title"": ""대표 키워드"", ""body"": ""남성정장""}, {""title"": ""SNS"", ""body"": ""홈페이지\nhttp://www.ziozia.co.kr/\n알고 계신 정보와 다른 정보가 있나요?\n사진으로 간단하게 제보해 주세요.\n정보 수정 제안하기\n이용약관고객센터리뷰운영정책신고센터\n네이버""}]"
93,93,마운트 에베레스트 레스토랑 제주,음식점,제주 제주시 중앙로7길 9 2층,,33.5150208,126.5257022,064-900-3155,,https://naver.me/Fmf5pI4S,517-86-02548,칠성로,success,1_naver_link,naver_link place_id=1421116382,9.1,naver_place,https://map.naver.com/p/entry/place/1421116382,https://map.naver.com/p/entry/place/1421116382,https://pcmap.place.naver.com/place/1421116382/home,1421116382,마운트 에베레스트 레스토랑 제주,인도음식,Y,합리적인 가격에 즐기는 다채로운 메뉴,제주 제주시 중앙로7길 9 2층,제주 제주시 일도일동 1299-8,우리 레스토랑은 제주국제공항과 제주항의 한가운데에 있습니다. 칠성통 거리 한복판에 아디다스 건물이 있고 그 건물 앞에 저희 식당이 2층에 있습니다.앞쪽에는 유명한 동문시장이 있고 뒤쪽에는 유명한 흑돼지 거리가 있습니다.,0507-1327-3155,https://www.instagram.com/jeju.everest,33.514986,126.5257909,11:00 - 23:00,영업 전,,"{""매일"": {""open"": ""11:00 - 23:00""}}",영업 전 | 11:00에 영업 시작 | 11시 0분에 영업 시작 | 매일 | 11:00 - 23:00 | 접기,포장|배달|방문접수/출장|예약|남/녀 화장실 구분|단체 이용 가능|무선 인터넷,"제주에서 정통 인도,네팔 요리를 제대로 맛보고 싶다면 마운트 에베레스트 레스토랑을 방문해 보세요!!

마운트 에베레스트는 20년 이상의 경력을 가진 전문 셰프가 직접 조리하는 인도,네팔 요리 전문 레스토랑으로, 현지인과 외국인 모두가 즐겨 찾는 맛집입니다. 향신료의 깊은 풍미와 정통 레시피를 바탕으로 탄두리 치킨, 커리, 난 등 다양한 인도 요리를 선보이고 있습니다.

약 60평 규모의 넓고 쾌적한 공간을 갖추고 있어 가족 모임, 회식, 여행객 식사, 각종 단체 모임까지 편안하게 이용하실 수 있습니다. 단체 고객은 예약제로 운영되며 최대 150분 동안 여유롭게 뷔페식 식사가 가능합니다.

또한 제주 대표 핫플레이스인 칠성통 차 없는 거리에 위치해 있으며, 동문시장, 탑동, 중앙로, 제주항, 제주국제공항과 가까워 관광과 식사를 함께 즐기기에도 최적의 장소입니다!!

제주 여행 중 색다른 분위기와 특별한 미식 경험을 찾고 계신다면, 마운트 에베레스트 레스토랑에서 정통 인도,네팔 요리의 매력을 느껴보세요 !!

언제나 정성을 담은 음식과 따뜻한 서비스로 고객 여러분을 맞이하겠습니다 :)
접기","사용자 리뷰를 바탕으로 매력 포인트를 요약했습니다. |  | 마운트 에베레스트 레스토랑 제주는 다양한 인도·네팔 요리를 맛볼 수 있는 곳으로, 치킨 마커니·팔락 파니르·탄두리 치킨 등이 인기 메뉴입니다. | 우꽁찌 | +2 | 향신료 향이 강하지 않아 누구나 부담 없이 즐길 수 있으며, 신선한 재료로 만든 그린샐러드와 쫄깃한 난도 별미입니다. | 라떼 | +2 | 넓은 매장과 친절한 직원들 덕분에 단체 모임이나 가족 식사로도 적합합니다. | 라떼 | +2",주간 기준  | 인기 많은 메뉴 | 1 | 순위 상승 | Butter Naan(버터 난) | 2 | 순위 상승 | Garlic Butter Naan(갈릭버터 난) | 3 | 순위 하락 | Plain Naan(플레인 난) | 목요일 오후 7시  | 가장 인기에요! | 17시 방문자24% | 17 | 18시 방문자26% | 19시 방문자100% | 19 | 20시 방문자37% | 21시 방문자20% | 21 | 1회 결제 시 평균 4만원대 지불해요.,"[{""rank"": 1, ""trend"": ""상승"", ""name"": ""Butter Naan(버터 난)""}, {""rank"": 2, ""trend"": ""상승"", ""name"": ""Garlic Butter Naan(갈릭버터 난)""}, {""rank"": 3, ""trend"": ""하락"", ""name"": ""Plain Naan(플레인 난)""}]",목요일 오후 7시 가장 인기에요,"[{""hour"": 17, ""pct"": 24}, {""hour"": 18, ""pct"": 26}, {""hour"": 19, ""pct"": 100}, {""hour"": 20, ""pct"": 37}, {""hour"": 21, ""pct"": 20}]",1회 결제 시 평균 4만원대,Green salad|Tandorichicken salad|Samosa|Momo|Tandoori chicken|Chicken biryani|Palak paneer|Chicken kabab|Chicken tikka|Dal makhani|Cheese Nan|Tandoori Roti|Prawn chilly|Nepali Thali|Pakora|Samosa set|Anju set|Chilly chicken|Fry Rice,마운트 에베레스트 레스토랑 제주|인도음식|제주 제주시 중앙로7길 9 2층|제주 제주시 일도일동 1299-8|0507-1327-3155|11:00 - 23:00|Green salad|Tandorichicken salad|Samosa|Momo|Tandoori chicken|Chicken biryani|Palak paneer|Chicken kabab|Chicken tikka|Dal makhani|Cheese Nan|Tandoori Roti|Prawn chilly|Nepali Thali|Pakora|Samosa set|Anju set|Chilly chicken|Fry Rice|Butter Naan(버터 난)|Garlic Butter Naan(갈릭버터 난)|Plain Naan(플레인 난)|합리적인 가격에 즐기는 다채로운 메뉴|포장|배달|방문접수/출장|남/녀 화장실 구분|단체 이용 가능|무선 인터넷|음식이 맛있어요|현지 맛에 가까워요|매장이 넓어요|친절해요|인테리어가 멋져요|특별한 메뉴가 있어요|재료가 신선해요|양이 많아요|가성비가 좋아요|단체모임 하기 좋아요,"[""마운트 에베레스트 레스토랑 제주"", ""인도음식"", ""제주 제주시 중앙로7길 9 2층"", ""제주 제주시 일도일동 1299-8"", ""0507-1327-3155"", ""11:00 - 23:00"", ""Green salad"", ""Tandorichicken salad"", ""Samosa"", ""Momo"", ""Tandoori chicken"", ""Chicken biryani"", ""Palak paneer"", ""Chicken kabab"", ""Chicken tikka"", ""Dal makhani"", ""Cheese Nan"", ""Tandoori Roti"", ""Prawn chilly"", ""Nepali Thali"", ""Pakora"", ""Samosa set"", ""Anju set"", ""Chilly chicken"", ""Fry Rice"", ""Butter Naan(버터 난)"", ""Garlic Butter Naan(갈릭버터 난)"", ""Plain Naan(플레인 난)"", ""합리적인 가격에 즐기는 다채로운 메뉴"", ""포장"", ""배달"", ""방문접수/출장"", ""남/녀 화장실 구분"", ""단체 이용 가능"", ""무선 인터넷"", ""음식이 맛있어요"", ""현지 맛에 가까워요"", ""매장이 넓어요"", ""친절해요"", ""인테리어가 멋져요"", ""특별한 메뉴가 있어요"", ""재료가 신선해요"", ""양이 많아요"", ""가성비가 좋아요"", ""단체모임 하기 좋아요""]","{""name"": [""마운트 에베레스트 레스토랑 제주""], ""category"": [""인도음식""], ""address"": [""제주 제주시 중앙로7길 9 2층"", ""제주 제주시 일도일동 1299-8""], ""phone"": [""0507-1327-3155""], ""hours"": [""11:00 - 23:00""], ""menus"": [""Green salad"", ""Tandorichicken salad"", ""Samosa"", ""Momo"", ""Tandoori chicken"", ""Chicken biryani"", ""Palak paneer"", ""Chicken kabab"", ""Chicken tikka"", ""Dal makhani"", ""Cheese Nan"", ""Tandoori Roti"", ""Prawn chilly"", ""Nepali Thali"", ""Pakora"", ""Samosa set"", ""Anju set"", ""Chilly chicken"", ""Fry Rice""], ""popular_menus"": [""Butter Naan(버터 난)"", ""Garlic Butter Naan(갈릭버터 난)"", ""Plain Naan(플레인 난)""], ""slogan"": [""합리적인 가격에 즐기는 다채로운 메뉴""], ""conveniences"": [""포장"", ""배달"", ""방문접수/출장"", ""남/녀 화장실 구분"", ""단체 이용 가능"", ""무선 인터넷""], ""visitor_keywords"": [""음식이 맛있어요"", ""현지 맛에 가까워요"", ""매장이 넓어요"", ""친절해요"", ""인테리어가 멋져요"", ""특별한 메뉴가 있어요"", ""재료가 신선해요"", ""양이 많아요"", ""가성비가 좋아요"", ""단체모임 하기 좋아요""]}",https://naver.me/Fmf5pI4S,,"[""마운트 에베레스트 레스토랑 제주\n동영상\n동영상\n알림마운트 에베레스트 레스토랑 제주와 소중한 추억만들어요!!\n우리 마운트 에베레스트 레스토랑 제주는 정통 인도,네팔 요리를 맛보실 수 있는 식당입니다!! 남녀불문 나이상관없이 다양한 연령층에서 부담없이 행복한 한 끼 식사가 가능한 곳으로 항상 친절한 서비스와 완벽한 맛으로 보답하겠습니다!! 많이 방문해주세요 :)!!\n1명\n2026.06.16.\n2026년 6월 16일""]",,"[{""keyword"": ""음식이 맛있어요"", ""count"": ""290""}, {""keyword"": ""현지 맛에 가까워요"", ""count"": ""199""}, {""keyword"": ""매장이 넓어요"", ""count"": ""183""}, {""keyword"": ""친절해요"", ""count"": ""165""}, {""keyword"": ""인테리어가 멋져요"", ""count"": ""131""}, {""keyword"": ""특별한 메뉴가 있어요"", ""count"": ""93""}, {""keyword"": ""재료가 신선해요"", ""count"": ""86""}, {""keyword"": ""양이 많아요"", ""count"": ""64""}, {""keyword"": ""가성비가 좋아요"", ""count"": ""58""}, {""keyword"": ""단체모임 하기 좋아요"", ""count"": ""43""}]","[{""title"": ""소개"", ""body"": ""제주에서 정통 인도,네팔 요리를 제대로 맛보고 싶다면 마운트 에베레스트 레스토랑을 방문해 보세요!!\n\n마운트 에베레스트는 20년 이상의 경력을 가진 전문 셰프가 직접 조리하는 인도,네팔 요리 전문 레스토랑으로, 현지인과 외국인 모두가 즐겨 찾는 맛집입니다. 향신료의 깊은 풍미와 정통 레시피를 바탕으로 탄두리 치킨, 커리, 난 등 다양한 인도 요리를 선보이고 있습니다.\n\n약 60평 규모의 넓고 쾌적한 공간을 갖추고 있어 가족 모임, 회식, 여행객 식사, 각종 단체 모임까지 편안하게 이용하실 수 있습니다. 단체 고객은 예약제로 운영되며 최대 150분 동안 여유롭게 뷔페식 식사가 가능합니다.\n\n또한 제주 대표 핫플레이스인 칠성통 차 없는 거리에 위치해 있으며, 동문시장, 탑동, 중앙로, 제주항, 제주국제공항과 가까워 관광과 식사를 함께 즐기기에도 최적의 장소입니다!!\n\n제주 여행 중 색다른 분위기와 특별한 미식 경험을 찾고 계신다면, 마운트 에베레스트 레스토랑에서 정통 인도,네팔 요리의 매력을 느껴보세요 !!\n\n언제나 정성을 담은 음식과 따뜻한 서비스로 고객 여러분을 맞이하겠습니다 :)\n접기""}, {""title"": ""위생 정보"", ""body"": ""세스코 멤버스\n2026.09\n2027년08월\n 최근 통합방제 점검월""}, {""title"": ""편의시설 및 서비스"", ""body"": ""포장\n배달\n방문접수/출장\n예약\n남/녀 화장실 구분\n단체 이용 가능\n무선 인터넷""}, {""title"": ""결제수단"", ""body"": ""지역화폐 (지류형)\n지역화폐 (카드형)\n지역화폐 (모바일형)""}, {""title"": ""SNS"", ""body"": ""인스타그램\nhttps://www.instagram.com/jeju.everest\n페이스북\n페이스북\n알고 계신 정보와 다른 정보가 있나요?\n사진으로 간단하게 제보해 주세요.\n정보 수정 제안하기\n이용약관고객센터리뷰운영정책신고센터\n네이버""}]"
94,94,지나가다봄,"카페, 디저트",제주 제주시 칠성로길 8-1 1층,,33.513545,126.5238978,0507-1372-3495,,https://naver.me/5tJFco0J,164-15-02441,칠성로,success,1_naver_link,naver_link place_id=1415339639,16.3,naver_place,https://map.naver.com/p/entry/place/1415339639,https://map.naver.com/p/entry/place/1415339639,https://pcmap.place.naver.com/place/1415339639/home,1415339639,지나가다봄,북카페,,,제주 제주시 칠성로길 8-1 1층,제주 제주시 일도일동 1379-2,,0507-1372-3495,,33.5136348,126.5240365,월 10:00 - 19:00,영업 전,,"{""목"": {""open"": ""10:00 - 19:00""}, ""금"": {""open"": ""10:00 - 19:00""}, ""토"": {""open"": ""10:00 - 19:00""}, ""일"": {""open"": ""정기휴무 (매주 일요일)""}, ""월"": {""open"": ""10:00 - 19:00""}, ""화"": {""open"": ""10:00 - 19:00""}, ""수"": {""open"": ""10:00 - 19:00""}}",영업 전 | 10:00에 영업 시작 | 10시 0분에 영업 시작 | 목 | 10:00 - 19:00 | 금 | 10:00 - 19:00 | 토 | 10:00 - 19:00 | 일 | 정기휴무 (매주 일요일) | 월 | 10:00 - 19:00 | 화 | 10:00 - 19:00 | 수 | 10:00 - 19:00 | 접기,무선 인터넷,"지역화폐 (카드형)
제로페이
알고 계신 정보와 다른 정보가 있나요?
사진으로 간단하게 제보해 주세요.
정보 수정 제안하기
이용약관고객센터리뷰운영정책신고센터
네이버",,,,,,,바닐라라떼|카페라떼|아메리카노,지나가다봄|북카페|제주 제주시 칠성로길 8-1 1층|제주 제주시 일도일동 1379-2|0507-1372-3495|월 10:00 - 19:00|바닐라라떼|카페라떼|아메리카노|무선 인터넷,"[""지나가다봄"", ""북카페"", ""제주 제주시 칠성로길 8-1 1층"", ""제주 제주시 일도일동 1379-2"", ""0507-1372-3495"", ""월 10:00 - 19:00"", ""바닐라라떼"", ""카페라떼"", ""아메리카노"", ""무선 인터넷""]","{""name"": [""지나가다봄""], ""category"": [""북카페""], ""address"": [""제주 제주시 칠성로길 8-1 1층"", ""제주 제주시 일도일동 1379-2""], ""phone"": [""0507-1372-3495""], ""hours"": [""월 10:00 - 19:00""], ""menus"": [""바닐라라떼"", ""카페라떼"", ""아메리카노""], ""conveniences"": [""무선 인터넷""]}",https://naver.me/5tJFco0J,,,,,"[{""title"": ""편의시설 및 서비스"", ""body"": ""무선 인터넷""}, {""title"": ""결제수단"", ""body"": ""지역화폐 (카드형)\n제로페이\n알고 계신 정보와 다른 정보가 있나요?\n사진으로 간단하게 제보해 주세요.\n정보 수정 제안하기\n이용약관고객센터리뷰운영정책신고센터\n네이버""}]"
95,95,칠성로포차,음식점,제주 제주시 중앙로 48,,33.514064,126.5245324,,,https://naver.me/FJOIJTt4,133-14-06960,칠성로,success,1_naver_link,naver_link place_id=1347948355,13.0,naver_place,https://map.naver.com/p/entry/place/1347948355,https://map.naver.com/p/entry/place/1347948355,https://pcmap.place.naver.com/place/1347948355/home,1347948355,칠성로포차,포장마차,Y,,제주 제주시 중앙로 48,제주 제주시 일도일동 1385-2,,,,33.5141677,126.5244682,영업 전,영업 전,,{},정보 수정,,"방문 키워드 통계 그래프 예시입니다.
현재 0명 참여
10명 이상 참여하면
방문 키워드 통계가 공개됩니다!
아직 등록된 리뷰가 없습니다.
첫 리뷰를 작성해보세요!
로딩중
알고 계신 정보와 다른 정보가 있나요?
사진으로 간단하게 제보해 주세요.
정보 수정 제안하기
이용약관고객센터리뷰운영정책신고센터
네이버",,,,,,,,칠성로포차|포장마차|제주 제주시 중앙로 48|제주 제주시 일도일동 1385-2|영업 전,"[""칠성로포차"", ""포장마차"", ""제주 제주시 중앙로 48"", ""제주 제주시 일도일동 1385-2"", ""영업 전""]","{""name"": [""칠성로포차""], ""category"": [""포장마차""], ""address"": [""제주 제주시 중앙로 48"", ""제주 제주시 일도일동 1385-2""], ""hours"": [""영업 전""]}",https://naver.me/FJOIJTt4,,,,,"[{""title"": ""방문자 리뷰"", ""body"": ""방문 키워드 통계 그래프 예시입니다.\n현재 0명 참여\n10명 이상 참여하면\n방문 키워드 통계가 공개됩니다!\n아직 등록된 리뷰가 없습니다.\n첫 리뷰를 작성해보세요!\n로딩중\n알고 계신 정보와 다른 정보가 있나요?\n사진으로 간단하게 제보해 주세요.\n정보 수정 제안하기\n이용약관고객센터리뷰운영정책신고센터\n네이버""}]"
96,96,CU 제주칠성로점,기타,제주 제주시 관덕로11길 8-3,,33.5139711,126.5256735,064-726-1008,,https://naver.me/FBa9jON3,268-58-00591,칠성로,success,1_naver_link,naver_link place_id=38758626,2.4,naver_place,https://map.naver.com/p/entry/place/38758626,https://map.naver.com/p/entry/place/38758626,https://pcmap.place.naver.com/place/38758626/home,38758626,CU 제주칠성로점,편의점,,,제주 제주시 관덕로11길 8-3,제주 제주시 일도일동 1346,,064-726-1008,,33.5139899,126.5256855,,,,{},,택배,,,,,,,,,CU 제주칠성로점|편의점|제주 제주시 관덕로11길 8-3|제주 제주시 일도일동 1346|064-726-1008|택배|친절해요|상품이 다양해요|매장이 청결해요|할인/적립을 잘 챙겨줘요|행사 상품이 다양해요|트렌디한 상품이 많아요|즉석조리 식품이 맛있어요|취식 공간이 잘 되어있어요|즉석커피가 맛있어요|배달 시스템이 편리해요,"[""CU 제주칠성로점"", ""편의점"", ""제주 제주시 관덕로11길 8-3"", ""제주 제주시 일도일동 1346"", ""064-726-1008"", ""택배"", ""친절해요"", ""상품이 다양해요"", ""매장이 청결해요"", ""할인/적립을 잘 챙겨줘요"", ""행사 상품이 다양해요"", ""트렌디한 상품이 많아요"", ""즉석조리 식품이 맛있어요"", ""취식 공간이 잘 되어있어요"", ""즉석커피가 맛있어요"", ""배달 시스템이 편리해요""]","{""name"": [""CU 제주칠성로점""], ""category"": [""편의점""], ""address"": [""제주 제주시 관덕로11길 8-3"", ""제주 제주시 일도일동 1346""], ""phone"": [""064-726-1008""], ""conveniences"": [""택배""], ""visitor_keywords"": [""친절해요"", ""상품이 다양해요"", ""매장이 청결해요"", ""할인/적립을 잘 챙겨줘요"", ""행사 상품이 다양해요"", ""트렌디한 상품이 많아요"", ""즉석조리 식품이 맛있어요"", ""취식 공간이 잘 되어있어요"", ""즉석커피가 맛있어요"", ""배달 시스템이 편리해요""]}",https://naver.me/FBa9jON3,,,,"[{""keyword"": ""친절해요"", ""count"": ""76""}, {""keyword"": ""상품이 다양해요"", ""count"": ""40""}, {""keyword"": ""매장이 청결해요"", ""count"": ""17""}, {""keyword"": ""할인/적립을 잘 챙겨줘요"", ""count"": ""13""}, {""keyword"": ""행사 상품이 다양해요"", ""count"": ""9""}, {""keyword"": ""트렌디한 상품이 많아요"", ""count"": ""8""}, {""keyword"": ""즉석조리 식품이 맛있어요"", ""count"": ""7""}, {""keyword"": ""취식 공간이 잘 되어있어요"", ""count"": ""5""}, {""keyword"": ""즉석커피가 맛있어요"", ""count"": ""4""}, {""keyword"": ""배달 시스템이 편리해요"", ""count"": ""2""}]","[{""title"": ""대표 키워드"", ""body"": ""TaxRefund""}, {""title"": ""편의시설 및 서비스"", ""body"": ""택배\n알고 계신 정보와 다른 정보가 있나요?\n사진으로 간단하게 제보해 주세요.\n정보 수정 제안하기\n이용약관고객센터리뷰운영정책신고센터\n네이버""}]"
98,98,황금무지개뜨는곳,음식점,제주 제주시 관덕로9길 11 1층,,33.5147248,126.5239323,0507-1486-2235,,https://naver.me/x8tpjLTU,575-02-03581,칠성로,success,1_naver_link,naver_link place_id=1405559887,5.1,naver_place,https://map.naver.com/p/entry/place/1405559887,https://map.naver.com/p/entry/place/1405559887,https://pcmap.place.naver.com/place/1405559887/home,1405559887,황금무지개뜨는곳,"초밥,롤",,풍성한 사이드 메뉴가 돋보이는 스시집,제주 제주시 관덕로9길 11 1층,제주 제주시 삼도이동 22-1,,0507-1486-2235,,33.5146971,126.5238885,월 11:30 - 21:00,영업 전,20:30 라스트오더 | 브레이크 타임 없습니다,"{""목"": {""open"": ""11:30 - 21:00""}, ""금"": {""open"": ""11:30 - 21:00""}, ""토"": {""open"": ""11:30 - 21:00""}, ""일"": {""open"": ""11:30 - 21:00""}, ""월"": {""open"": ""11:30 - 21:00""}, ""화"": {""open"": ""11:30 - 21:00""}, ""수"": {""open"": ""정기휴무 (매주 수요일)""}}",영업 전 | 11:30에 영업 시작 | 11시 30분에 영업 시작 | 목 | 11:30 - 21:00 | 20:30 라스트오더 | 금 | 11:30 - 21:00 | 20:30 라스트오더 | 토 | 11:30 - 21:00 | 20:30 라스트오더 | 일 | 11:30 - 21:00 | 20:30 라스트오더 | 월 | 11:30 - 21:00 | 20:30 라스트오더 | 화 | 11:30 - 21:00 | 20:30 라스트오더 | 수 | 정기휴무 (매주 수요일) | 09/26 추석 연휴 휴무 | - 브레이크 타임 없습니다 | 접기,,신선한 생선으로 맛있는 초밥을 준비합니다,"주요 특징을 리뷰를 활용해 요약해 드리겠습니다. |  | 황금무지개뜨는곳은 제주 특산물을 활용한 독창적인 메뉴와 아늑한 분위기로 현지와 관광객 모두에게 사랑받는 스시 전문점입니다. | 맛집서치 | 백록담 세트 등 다양한 세트 메뉴는 푸짐한 구성과 풍부한 맛으로 만족도를 높이며, 친절한 직원들의 서비스와 함께 제주 여행의 특별한 추억을 선사합니다. | 열일하는유부초밥 | +2",,,,,,"스페셜스시|도다리물회|한치물회정식|생연어덮밥|장어덮밥|장어스시|냉모밀2판|회덮밥(우동)|모듬스시 (10ps)|특선모듬 (12ps)|골드스시 (12ps)|참치모듬 (10ps)|생연어스시 (10ps)|활어스시 (10ps)|생새우스시 (10ps)|전복스시 (10ps)|정찬요리 1인 5,7,9만 사전예약|한라산세트|백록담세트|활어회 1판|활어회 中|도다리세꼬시 小|도다리세꼬시 中|밀치(설숭어) 小|밀치(설숭어) 大|연어회 1판|연어회 中|참치(마구로) 中|참치(마구로) 大|계절활어 (사전예약)|참치뱃살 (10ps)|연어반참치 (10ps)|민물장어 (10ps)|연어덮밥|튀김덮밥|참치데카동|생선카츠|돈카츠|반반스시, 아브리스시 선택|연어머리구이","황금무지개뜨는곳|초밥,롤|제주 제주시 관덕로9길 11 1층|제주 제주시 삼도이동 22-1|0507-1486-2235|월 11:30 - 21:00|스페셜스시|도다리물회|한치물회정식|생연어덮밥|장어덮밥|장어스시|냉모밀2판|회덮밥(우동)|모듬스시 (10ps)|특선모듬 (12ps)|골드스시 (12ps)|참치모듬 (10ps)|생연어스시 (10ps)|활어스시 (10ps)|생새우스시 (10ps)|전복스시 (10ps)|정찬요리 1인 5,7,9만 사전예약|한라산세트|백록담세트|활어회 1판|활어회 中|도다리세꼬시 小|도다리세꼬시 中|밀치(설숭어) 小|밀치(설숭어) 大|연어회 1판|연어회 中|참치(마구로) 中|참치(마구로) 大|계절활어 (사전예약)|참치뱃살 (10ps)|연어반참치 (10ps)|민물장어 (10ps)|연어덮밥|튀김덮밥|참치데카동|생선카츠|돈카츠|반반스시, 아브리스시 선택|연어머리구이|풍성한 사이드 메뉴가 돋보이는 스시집|음식이 맛있어요|재료가 신선해요|특별한 메뉴가 있어요|친절해요|양이 많아요|가성비가 좋아요|인테리어가 멋져요|혼밥하기 좋아요|뷰가 좋아요|매장이 청결해요","[""황금무지개뜨는곳"", ""초밥,롤"", ""제주 제주시 관덕로9길 11 1층"", ""제주 제주시 삼도이동 22-1"", ""0507-1486-2235"", ""월 11:30 - 21:00"", ""스페셜스시"", ""도다리물회"", ""한치물회정식"", ""생연어덮밥"", ""장어덮밥"", ""장어스시"", ""냉모밀2판"", ""회덮밥(우동)"", ""모듬스시 (10ps)"", ""특선모듬 (12ps)"", ""골드스시 (12ps)"", ""참치모듬 (10ps)"", ""생연어스시 (10ps)"", ""활어스시 (10ps)"", ""생새우스시 (10ps)"", ""전복스시 (10ps)"", ""정찬요리 1인 5,7,9만 사전예약"", ""한라산세트"", ""백록담세트"", ""활어회 1판"", ""활어회 中"", ""도다리세꼬시 小"", ""도다리세꼬시 中"", ""밀치(설숭어) 小"", ""밀치(설숭어) 大"", ""연어회 1판"", ""연어회 中"", ""참치(마구로) 中"", ""참치(마구로) 大"", ""계절활어 (사전예약)"", ""참치뱃살 (10ps)"", ""연어반참치 (10ps)"", ""민물장어 (10ps)"", ""연어덮밥"", ""튀김덮밥"", ""참치데카동"", ""생선카츠"", ""돈카츠"", ""반반스시, 아브리스시 선택"", ""연어머리구이"", ""풍성한 사이드 메뉴가 돋보이는 스시집"", ""음식이 맛있어요"", ""재료가 신선해요"", ""특별한 메뉴가 있어요"", ""친절해요"", ""양이 많아요"", ""가성비가 좋아요"", ""인테리어가 멋져요"", ""혼밥하기 좋아요"", ""뷰가 좋아요"", ""매장이 청결해요""]","{""name"": [""황금무지개뜨는곳""], ""category"": [""초밥,롤""], ""address"": [""제주 제주시 관덕로9길 11 1층"", ""제주 제주시 삼도이동 22-1""], ""phone"": [""0507-1486-2235""], ""hours"": [""월 11:30 - 21:00""], ""menus"": [""스페셜스시"", ""도다리물회"", ""한치물회정식"", ""생연어덮밥"", ""장어덮밥"", ""장어스시"", ""냉모밀2판"", ""회덮밥(우동)"", ""모듬스시 (10ps)"", ""특선모듬 (12ps)"", ""골드스시 (12ps)"", ""참치모듬 (10ps)"", ""생연어스시 (10ps)"", ""활어스시 (10ps)"", ""생새우스시 (10ps)"", ""전복스시 (10ps)"", ""정찬요리 1인 5,7,9만 사전예약"", ""한라산세트"", ""백록담세트"", ""활어회 1판"", ""활어회 中"", ""도다리세꼬시 小"", ""도다리세꼬시 中"", ""밀치(설숭어) 小"", ""밀치(설숭어) 大"", ""연어회 1판"", ""연어회 中"", ""참치(마구로) 中"", ""참치(마구로) 大"", ""계절활어 (사전예약)"", ""참치뱃살 (10ps)"", ""연어반참치 (10ps)"", ""민물장어 (10ps)"", ""연어덮밥"", ""튀김덮밥"", ""참치데카동"", ""생선카츠"", ""돈카츠"", ""반반스시, 아브리스시 선택"", ""연어머리구이""], ""slogan"": [""풍성한 사이드 메뉴가 돋보이는 스시집""], ""visitor_keywords"": [""음식이 맛있어요"", ""재료가 신선해요"", ""특별한 메뉴가 있어요"", ""친절해요"", ""양이 많아요"", ""가성비가 좋아요"", ""인테리어가 멋져요"", ""혼밥하기 좋아요"", ""뷰가 좋아요"", ""매장이 청결해요""]}",https://naver.me/x8tpjLTU,,,,"[{""keyword"": ""음식이 맛있어요"", ""count"": ""252""}, {""keyword"": ""재료가 신선해요"", ""count"": ""184""}, {""keyword"": ""특별한 메뉴가 있어요"", ""count"": ""118""}, {""keyword"": ""친절해요"", ""count"": ""112""}, {""keyword"": ""양이 많아요"", ""count"": ""99""}, {""keyword"": ""가성비가 좋아요"", ""count"": ""59""}, {""keyword"": ""인테리어가 멋져요"", ""count"": ""35""}, {""keyword"": ""혼밥하기 좋아요"", ""count"": ""28""}, {""keyword"": ""뷰가 좋아요"", ""count"": ""28""}, {""keyword"": ""매장이 청결해요"", ""count"": ""26""}]","[{""title"": ""소개"", ""body"": ""신선한 생선으로 맛있는 초밥을 준비합니다""}, {""title"": ""결제수단"", ""body"": ""제로페이\n알고 계신 정보와 다른 정보가 있나요?\n사진으로 간단하게 제보해 주세요.\n정보 수정 제안하기\n이용약관고객센터리뷰운영정책신고센터\n네이버""}]"
99,99,제주돼지빵,"카페, 디저트",제주 제주시 칠성로길 30-1 1층,,33.5143666,126.5260447,0507-1385-1572,,https://naver.me/IFgD4Drm,760-25-01894,칠성로,success,1_naver_link,naver_link place_id=1268894597,0.6,naver_place,https://map.naver.com/p/entry/place/1268894597,https://map.naver.com/p/entry/place/1268894597,https://pcmap.place.naver.com/place/1268894597/home,1268894597,제주돼지빵,베이커리,,부드러운 반죽과 쫄깃한 치즈의 조화,제주 제주시 칠성로길 30-1 1층,제주 제주시 일도일동 1341-1,칠성상가 제1공영 주차장에 주차하시면 | 주차장 바로 근처에 가게가 위치하고 있습니다.,0507-1385-1572,https://www.instagram.com/jeju_pork_pie,33.5143711,126.5260404,월 10:00 - 22:00,영업 전,,"{""목"": {""open"": ""10:00 - 22:00""}, ""금"": {""open"": ""10:00 - 22:00""}, ""토"": {""open"": ""10:00 - 22:00""}, ""일"": {""open"": ""10:00 - 22:00""}, ""월"": {""open"": ""10:00 - 22:00""}, ""화"": {""open"": ""10:00 - 22:00""}, ""수"": {""open"": ""10:00 - 22:00""}}",영업 전 | 10:00에 영업 시작 | 10시 0분에 영업 시작 | 목 | 10:00 - 22:00 | 금 | 10:00 - 22:00 | 토 | 10:00 - 22:00 | 일 | 10:00 - 22:00 | 월 | 10:00 - 22:00 | 화 | 10:00 - 22:00 | 수 | 10:00 - 22:00 | 접기,포장|예약|반려동물 동반|간편결제|주차,"제주를 대표하는 간식, 제주돼지빵입니다.",,,,,,,치즈 제주 돼지빵|오메기 제주 돼지빵|불고기 제주 돼지빵|매운 제주 돼지빵,제주돼지빵|베이커리|제주 제주시 칠성로길 30-1 1층|제주 제주시 일도일동 1341-1|0507-1385-1572|월 10:00 - 22:00|치즈 제주 돼지빵|오메기 제주 돼지빵|불고기 제주 돼지빵|매운 제주 돼지빵|부드러운 반죽과 쫄깃한 치즈의 조화|포장|반려동물 동반|간편결제|주차|빵이 맛있어요|친절해요|매장이 청결해요|음식이 맛있어요|가성비가 좋아요|특별한 메뉴가 있어요|사진이 잘 나와요|음료가 맛있어요|디저트가 맛있어요|인테리어가 멋져요,"[""제주돼지빵"", ""베이커리"", ""제주 제주시 칠성로길 30-1 1층"", ""제주 제주시 일도일동 1341-1"", ""0507-1385-1572"", ""월 10:00 - 22:00"", ""치즈 제주 돼지빵"", ""오메기 제주 돼지빵"", ""불고기 제주 돼지빵"", ""매운 제주 돼지빵"", ""부드러운 반죽과 쫄깃한 치즈의 조화"", ""포장"", ""반려동물 동반"", ""간편결제"", ""주차"", ""빵이 맛있어요"", ""친절해요"", ""매장이 청결해요"", ""음식이 맛있어요"", ""가성비가 좋아요"", ""특별한 메뉴가 있어요"", ""사진이 잘 나와요"", ""음료가 맛있어요"", ""디저트가 맛있어요"", ""인테리어가 멋져요""]","{""name"": [""제주돼지빵""], ""category"": [""베이커리""], ""address"": [""제주 제주시 칠성로길 30-1 1층"", ""제주 제주시 일도일동 1341-1""], ""phone"": [""0507-1385-1572""], ""hours"": [""월 10:00 - 22:00""], ""menus"": [""치즈 제주 돼지빵"", ""오메기 제주 돼지빵"", ""불고기 제주 돼지빵"", ""매운 제주 돼지빵""], ""slogan"": [""부드러운 반죽과 쫄깃한 치즈의 조화""], ""conveniences"": [""포장"", ""반려동물 동반"", ""간편결제"", ""주차""], ""visitor_keywords"": [""빵이 맛있어요"", ""친절해요"", ""매장이 청결해요"", ""음식이 맛있어요"", ""가성비가 좋아요"", ""특별한 메뉴가 있어요"", ""사진이 잘 나와요"", ""음료가 맛있어요"", ""디저트가 맛있어요"", ""인테리어가 멋져요""]}",https://naver.me/IFgD4Drm,,,,"[{""keyword"": ""빵이 맛있어요"", ""count"": ""57""}, {""keyword"": ""친절해요"", ""count"": ""38""}, {""keyword"": ""매장이 청결해요"", ""count"": ""28""}, {""keyword"": ""음식이 맛있어요"", ""count"": ""24""}, {""keyword"": ""가성비가 좋아요"", ""count"": ""22""}, {""keyword"": ""특별한 메뉴가 있어요"", ""count"": ""20""}, {""keyword"": ""사진이 잘 나와요"", ""count"": ""13""}, {""keyword"": ""음료가 맛있어요"", ""count"": ""8""}, {""keyword"": ""디저트가 맛있어요"", ""count"": ""6""}, {""keyword"": ""인테리어가 멋져요"", ""count"": ""5""}]","[{""title"": ""소개"", ""body"": ""제주를 대표하는 간식, 제주돼지빵입니다.""}, {""title"": ""편의시설 및 서비스"", ""body"": ""글루텐프리 메뉴\n포장\n예약\n화장실 휠체어 이용가능\n출입구 휠체어 이용가능\n장애인 주차구역""}, {""title"": ""반려동물 동반"", ""body"": ""반려동물 동반 가능""}, {""title"": ""주차"", ""body"": ""주차가능\n유료\n최초 30분 무료\n추가 요금 60분당 1,500원, 최대 10,000원\n칠성상가 제1공영 주차장, 북수구공영주차장 등에 주차하시고 찾아오시면 됩니다""}, {""title"": ""결제수단"", ""body"": ""지역화폐 (카드형)\n지역화폐 (지류형)\n지역화폐 (모바일형)\n제로페이\n간편결제""}, {""title"": ""SNS"", ""body"": ""인스타그램\nhttps://www.instagram.com/jeju_pork_pie\n알고 계신 정보와 다른 정보가 있나요?\n사진으로 간단하게 제보해 주세요.\n정보 수정 제안하기\n이용약관고객센터리뷰운영정책신고센터\n네이버""}]"
100,100,리틀걸,쇼핑,제주 제주시 칠성로길 40 1층,,33.5142383,126.5270302,0507-1344-5903,,https://naver.me/Fiv1WLqn,898-14-02950,칠성로,success,1_naver_link,naver_link place_id=2071792344,0.0,naver_place,https://map.naver.com/p/entry/place/2071792344,https://map.naver.com/p/entry/place/2071792344,https://pcmap.place.naver.com/place/2071792344/home,2071792344,리틀걸,"판촉,기념품",,,제주 제주시 칠성로길 40 1층,제주 제주시 일도일동 1326,,,,33.5142383,126.5270302,,,,{},,,러블리 똥그리 그림과 굿즈 그리고 기념품 판매,,,,,,,,"리틀걸|판촉,기념품|제주 제주시 칠성로길 40 1층|제주 제주시 일도일동 1326|안내|방문 키워드 통계 그래프 예시입니다.|현재 2명 참여|10명 이상 참여하면|방문 키워드 통계가 공개됩니다!|최신순|req****|팔로우|별점|좋아요|친절해요|선물하기 좋아요|예쁜 소품이 많아요|반응 남기기|방문일|7.10.금|2026년 7월 10일 금요일|1번째 방문","[""리틀걸"", ""판촉,기념품"", ""제주 제주시 칠성로길 40 1층"", ""제주 제주시 일도일동 1326"", ""안내"", ""방문 키워드 통계 그래프 예시입니다."", ""현재 2명 참여"", ""10명 이상 참여하면"", ""방문 키워드 통계가 공개됩니다!"", ""최신순"", ""req****"", ""팔로우"", ""별점"", ""좋아요"", ""친절해요"", ""선물하기 좋아요"", ""예쁜 소품이 많아요"", ""반응 남기기"", ""방문일"", ""7.10.금"", ""2026년 7월 10일 금요일"", ""1번째 방문""]","{""name"": [""리틀걸""], ""category"": [""판촉,기념품""], ""address"": [""제주 제주시 칠성로길 40 1층"", ""제주 제주시 일도일동 1326""], ""visitor_keywords"": [""안내"", ""방문 키워드 통계 그래프 예시입니다."", ""현재 2명 참여"", ""10명 이상 참여하면"", ""방문 키워드 통계가 공개됩니다!"", ""최신순"", ""req****"", ""팔로우"", ""별점"", ""좋아요"", ""친절해요"", ""선물하기 좋아요"", ""예쁜 소품이 많아요"", ""반응 남기기"", ""방문일"", ""7.10.금"", ""2026년 7월 10일 금요일"", ""1번째 방문""]}",https://naver.me/Fiv1WLqn,,,,"[""안내"", ""방문 키워드 통계 그래프 예시입니다."", ""현재 2명 참여"", ""10명 이상 참여하면"", ""방문 키워드 통계가 공개됩니다!"", ""최신순"", ""req****"", ""팔로우"", ""별점"", ""점"", ""좋아요"", ""친절해요"", ""선물하기 좋아요"", ""예쁜 소품이 많아요"", ""반응 남기기"", ""방문일"", ""7.10.금"", ""2026년 7월 10일 금요일"", ""1번째 방문""]","[{""title"": ""소개"", ""body"": ""러블리 똥그리 그림과 굿즈 그리고 기념품 판매""}, {""title"": ""대표 키워드"", ""body"": ""아트상품기념품관광상품피규어빈티지\n알고 계신 정보와 다른 정보가 있나요?\n사진으로 간단하게 제보해 주세요.\n정보 수정 제안하기\n이용약관고객센터리뷰운영정책신고센터\n네이버""}]"
101,101,쿠미 제주동문시장점,음식점,제주 제주시 관덕로11길 8-3 2층,,33.5139711,126.5256735,0507-1498-9699,,https://naver.me/GgWaBUxt,662-13-01471,칠성로,success,1_naver_link,naver_link place_id=1728742925,2.4,naver_place,https://map.naver.com/p/entry/place/1728742925,https://map.naver.com/p/entry/place/1728742925,https://pcmap.place.naver.com/place/1728742925/home,1728742925,쿠미 제주동문시장점,돈가스,,친절한 사장님과 함께하는 행복한 식사,제주 제주시 관덕로11길 8-3 2층,제주 제주시 일도일동 1346,"쿠미 제주 동문시장점 찾아오는 길 |  | 도보로 오시는 길 | 동문시장 기준: | 동문시장 중앙 입구에서 칠성로 방향으로 약 5분 정도 직진하세요. | 골목 안쪽으로 들어오면 작은 간판이 보이며, 2층으로 올라오시면 됩니다. |  | 관덕정 방향: | 관덕정 앞 횡단보도를 건너 왼쪽 골목으로 약 3분 직진하면 도착합니다. |  | 차량 이용 시 | 내비게이션: 제주특별자치도 제주시 관덕로 11길 8-3으로 검색하세요. | 주차: 인근 공영주차장(동문공영주차장) 이용 후 도보로 약 3~5분 소요됩니다. |  | 찾기 쉬운 팁 | 작은 간판이 건물 입구에 있습니다. 놓치지 말고 위를 살짝 올려다보세요. | 1층에는 작은 상점들이 있으며, 그 옆 계단을 따라 올라오시면 바로 쿠미입니다. | 조용한 골목 속 숨은 맛집, 쿠미 제주 동문시장점에서 기다리고 있겠습니다.",0507-1498-9699,,33.5139899,126.5256855,월 정기휴무 (매주 월요일),영업 전,20:30 라스트오더,"{""목"": {""open"": ""11:00 - 21:30""}, ""금"": {""open"": ""11:00 - 21:30""}, ""토"": {""open"": ""11:00 - 21:30""}, ""일"": {""open"": ""11:00 - 21:30""}, ""월"": {""open"": ""정기휴무 (매주 월요일)""}, ""화"": {""open"": ""11:00 - 21:30""}, ""수"": {""open"": ""11:00 - 21:30""}}",영업 전 | 11:00에 영업 시작 | 11시 0분에 영업 시작 | 목 | 11:00 - 21:30 | 20:30 라스트오더 | 금 | 11:00 - 21:30 | 20:30 라스트오더 | 토 | 11:00 - 21:30 | 20:30 라스트오더 | 일 | 11:00 - 21:30 | 20:30 라스트오더 | 월 | 정기휴무 (매주 월요일) | 화 | 11:00 - 21:30 | 20:30 라스트오더 | 수 | 11:00 - 21:30 | 20:30 라스트오더 | 접기,단체 이용 가능|포장|배달|예약|무선 인터넷|남/녀 화장실 구분|유아의자,"제주 동문시장 근처, 숨은 맛집 발견! 쿠미 제주 동문시장점

제주 동문시장과 칠성로를 방문하신다면
시끌벅적한 거리 속에서 조용히 여유를 즐길 수 있는 숨은 맛집,
쿠미 제주 동문시장점을 놓치지 마세요!

저희 쿠미는 동문시장과 가까운 칠성로 골목 안쪽 2층에 자리 잡고 있어
외부에서는 잘 보이지 않지만 한 번 찾으면 단골이 되는 특별한 매력을 가진 곳입니다.
번잡한 거리와는 다르게 조용하고 아늑한 분위기에서 진정한 맛의 여유를 즐길 수 있습니다.

쿠미의 대표 메뉴

수제 일식 돈카츠: 겉은 바삭하고 속은 촉촉한 정통 수제 일식 돈카츠로,
두툼한 고기와 고소한 풍미가 입안 가득 퍼지는 깊은 맛을 자랑합니다.

크림&토마토 파스타: 신선한 재료로 만든 소스가 면발에 촘촘히 배어 깊은 맛을 선사합니다.

사이드 메뉴:
상큼한 각종 샐러드
쫄깃하고 고소한 치즈볼
매콤한 맛이 매력적인 버팔로 윙봉

돈카츠와 파스타를 한 번에!
쿠미에서는 수제 일식 돈카츠와 파스타를 한 번에 즐길 수 있는 특별한 조합이 준비되어 있습니다.
바삭한 돈카츠와 부드러운 파스타의 환상적인 조화를 경험해 보세요!

찾아오시는 길
위치: 제주 동문시장에서 도보로 5분 거리, 칠성로 골목 안쪽 2층
찾는 팁: 작은 간판을 확인하고 2층으로 올라오세요!
분위기: 혼자, 친구, 가족 누구와 함께 와도 편안한 공간

쿠미를 방문해야 하는 이유
숨겨진 맛집의 매력: 번화가 속 조용한 휴식 공간
돈카츠와 파스타를 동시에 즐기는 특별한 경험
친절한 서비스: 따뜻한 미소로 고객을 맞이합니다
지금 쿠미 제주 동문시장점에서 맛과 여유를 모두 즐겨보세요!
숨겨진 맛집을 발견하는 기쁨, 쿠미에서 만나실 수 있습니다!
모든돈까스(4종류)가 재료소진시 조기마감할수있으니, 특히 주말과 공휴일에는 오후 8 시이후 방문시 미리 전화로 확인하시는거를 권장드립니다~
접기","사용자 리뷰에 기반해 정리한 정보는 다음과 같습니다. |  | 쿠미 제주동문시장점은 제주 동문시장 근처에 위치한 돈까스 전문점입니다. | 세콩이네 | +2 | 루꼴라 부채살 알리오 파스타와 트러플페이스트 크림뇨끼 등 다양한 메뉴가 있으며, 특히 돈까스와 파스타의 조합이 인기입니다. | 세콩이네 | +2 | 아기의자가 마련되어 있어 가족 단위 방문에도 적합하며, 혼밥하기 좋은 좌석부터 단체석까지 다양한 좌석을 제공합니다. | 단발루피 | +2",,,,,,루꼴라 듬뿍 부채살 알리오 파스타|수제치즈카츠|히레카츠|로스카츠|경양식 돈까스|트러플페이스트 크림뇨끼|명란새우 크림파스타|부채살스테이크 토마토파스타|화이트라구파스타|명란새우 알리오파스타|냉모밀 카츠셋트|살얼음동동 냉모밀|차슈 덮밥|부채살스테이크 크림리조또|명란새우크림리조또|명란 새우 필라프|김치필라프|리코타치즈 샐러드|치킨텐더 샐러드|우삼겹 샐러드|통통한 새우듬뿍 로제파스타(기본매콤)|볼로네제 라구파스타|알리오 올리오|바질페스토 새우알리오 파스타|통통새우 투움바파스타|통통새우 오이스터 파스타|까르보나라 파스타|버팔로 윙봉 각 4pcs|쫀득쫀득 찹쌀치즈볼 5pcs|카레|마늘빵 5조각|소고기 우동|부채살 스테이크 100g|펩시 / 제로 355ml|칠성사이다 / 제로 335ml|카스 330ml|테라 330ml|무한리필 아이스티,쿠미 제주동문시장점|돈가스|제주 제주시 관덕로11길 8-3 2층|제주 제주시 일도일동 1346|0507-1498-9699|월 정기휴무 (매주 월요일)|루꼴라 듬뿍 부채살 알리오 파스타|수제치즈카츠|히레카츠|로스카츠|경양식 돈까스|트러플페이스트 크림뇨끼|명란새우 크림파스타|부채살스테이크 토마토파스타|화이트라구파스타|명란새우 알리오파스타|냉모밀 카츠셋트|살얼음동동 냉모밀|차슈 덮밥|부채살스테이크 크림리조또|명란새우크림리조또|명란 새우 필라프|김치필라프|리코타치즈 샐러드|치킨텐더 샐러드|우삼겹 샐러드|통통한 새우듬뿍 로제파스타(기본매콤)|볼로네제 라구파스타|알리오 올리오|바질페스토 새우알리오 파스타|통통새우 투움바파스타|통통새우 오이스터 파스타|까르보나라 파스타|버팔로 윙봉 각 4pcs|쫀득쫀득 찹쌀치즈볼 5pcs|카레|마늘빵 5조각|소고기 우동|부채살 스테이크 100g|펩시 / 제로 355ml|칠성사이다 / 제로 335ml|카스 330ml|테라 330ml|무한리필 아이스티|친절한 사장님과 함께하는 행복한 식사|단체 이용 가능|포장|배달|무선 인터넷|남/녀 화장실 구분|유아의자|음식이 맛있어요|친절해요|재료가 신선해요|인테리어가 멋져요|양이 많아요|매장이 청결해요|가성비가 좋아요|매장이 넓어요|혼밥하기 좋아요|특별한 메뉴가 있어요,"[""쿠미 제주동문시장점"", ""돈가스"", ""제주 제주시 관덕로11길 8-3 2층"", ""제주 제주시 일도일동 1346"", ""0507-1498-9699"", ""월 정기휴무 (매주 월요일)"", ""루꼴라 듬뿍 부채살 알리오 파스타"", ""수제치즈카츠"", ""히레카츠"", ""로스카츠"", ""경양식 돈까스"", ""트러플페이스트 크림뇨끼"", ""명란새우 크림파스타"", ""부채살스테이크 토마토파스타"", ""화이트라구파스타"", ""명란새우 알리오파스타"", ""냉모밀 카츠셋트"", ""살얼음동동 냉모밀"", ""차슈 덮밥"", ""부채살스테이크 크림리조또"", ""명란새우크림리조또"", ""명란 새우 필라프"", ""김치필라프"", ""리코타치즈 샐러드"", ""치킨텐더 샐러드"", ""우삼겹 샐러드"", ""통통한 새우듬뿍 로제파스타(기본매콤)"", ""볼로네제 라구파스타"", ""알리오 올리오"", ""바질페스토 새우알리오 파스타"", ""통통새우 투움바파스타"", ""통통새우 오이스터 파스타"", ""까르보나라 파스타"", ""버팔로 윙봉 각 4pcs"", ""쫀득쫀득 찹쌀치즈볼 5pcs"", ""카레"", ""마늘빵 5조각"", ""소고기 우동"", ""부채살 스테이크 100g"", ""펩시 / 제로 355ml"", ""칠성사이다 / 제로 335ml"", ""카스 330ml"", ""테라 330ml"", ""무한리필 아이스티"", ""친절한 사장님과 함께하는 행복한 식사"", ""단체 이용 가능"", ""포장"", ""배달"", ""무선 인터넷"", ""남/녀 화장실 구분"", ""유아의자"", ""음식이 맛있어요"", ""친절해요"", ""재료가 신선해요"", ""인테리어가 멋져요"", ""양이 많아요"", ""매장이 청결해요"", ""가성비가 좋아요"", ""매장이 넓어요"", ""혼밥하기 좋아요"", ""특별한 메뉴가 있어요""]","{""name"": [""쿠미 제주동문시장점""], ""category"": [""돈가스""], ""address"": [""제주 제주시 관덕로11길 8-3 2층"", ""제주 제주시 일도일동 1346""], ""phone"": [""0507-1498-9699""], ""hours"": [""월 정기휴무 (매주 월요일)""], ""menus"": [""루꼴라 듬뿍 부채살 알리오 파스타"", ""수제치즈카츠"", ""히레카츠"", ""로스카츠"", ""경양식 돈까스"", ""트러플페이스트 크림뇨끼"", ""명란새우 크림파스타"", ""부채살스테이크 토마토파스타"", ""화이트라구파스타"", ""명란새우 알리오파스타"", ""냉모밀 카츠셋트"", ""살얼음동동 냉모밀"", ""차슈 덮밥"", ""부채살스테이크 크림리조또"", ""명란새우크림리조또"", ""명란 새우 필라프"", ""김치필라프"", ""리코타치즈 샐러드"", ""치킨텐더 샐러드"", ""우삼겹 샐러드"", ""통통한 새우듬뿍 로제파스타(기본매콤)"", ""볼로네제 라구파스타"", ""알리오 올리오"", ""바질페스토 새우알리오 파스타"", ""통통새우 투움바파스타"", ""통통새우 오이스터 파스타"", ""까르보나라 파스타"", ""버팔로 윙봉 각 4pcs"", ""쫀득쫀득 찹쌀치즈볼 5pcs"", ""카레"", ""마늘빵 5조각"", ""소고기 우동"", ""부채살 스테이크 100g"", ""펩시 / 제로 355ml"", ""칠성사이다 / 제로 335ml"", ""카스 330ml"", ""테라 330ml"", ""무한리필 아이스티""], ""slogan"": [""친절한 사장님과 함께하는 행복한 식사""], ""conveniences"": [""단체 이용 가능"", ""포장"", ""배달"", ""무선 인터넷"", ""남/녀 화장실 구분"", ""유아의자""], ""visitor_keywords"": [""음식이 맛있어요"", ""친절해요"", ""재료가 신선해요"", ""인테리어가 멋져요"", ""양이 많아요"", ""매장이 청결해요"", ""가성비가 좋아요"", ""매장이 넓어요"", ""혼밥하기 좋아요"", ""특별한 메뉴가 있어요""]}",https://naver.me/GgWaBUxt,,"[""쿠미 제주동문시장점\n임시휴무8월30일 임시휴무입니다\n집안사정으로 인해서 8월30일 임시휴무합니다~\n기간\n2026.08.30.\n좋아요\n2026.08.29.\n2026년 8월 29일"", ""쿠미 제주동문시장점\n알림여름시즌메뉴 냉모밀개시합니다^^\n올여름 무더위를 날려줄 씨~~원한 냉모일 시작합니다~~5월20일부터 9월말까지 합니다^^\n좋아요\n2026.05.20.\n2026년 5월 20일"", ""쿠미 제주동문시장점\n알림임시휴무 공지입니다~\n안녕하세요 ~\n집안행사로 인해 4월 27일~4월28일까지 쉬여갑니다~\n29일에 뵈요^^\n좋아요\n2026.04.26.\n2026년 4월 26일""]",,"[{""keyword"": ""음식이 맛있어요"", ""count"": ""430""}, {""keyword"": ""친절해요"", ""count"": ""206""}, {""keyword"": ""재료가 신선해요"", ""count"": ""200""}, {""keyword"": ""인테리어가 멋져요"", ""count"": ""180""}, {""keyword"": ""양이 많아요"", ""count"": ""139""}, {""keyword"": ""매장이 청결해요"", ""count"": ""123""}, {""keyword"": ""가성비가 좋아요"", ""count"": ""100""}, {""keyword"": ""매장이 넓어요"", ""count"": ""93""}, {""keyword"": ""혼밥하기 좋아요"", ""count"": ""91""}, {""keyword"": ""특별한 메뉴가 있어요"", ""count"": ""68""}]","[{""title"": ""소개"", ""body"": ""제주 동문시장 근처, 숨은 맛집 발견! 쿠미 제주 동문시장점\n\n제주 동문시장과 칠성로를 방문하신다면\n시끌벅적한 거리 속에서 조용히 여유를 즐길 수 있는 숨은 맛집,\n쿠미 제주 동문시장점을 놓치지 마세요!\n\n저희 쿠미는 동문시장과 가까운 칠성로 골목 안쪽 2층에 자리 잡고 있어\n외부에서는 잘 보이지 않지만 한 번 찾으면 단골이 되는 특별한 매력을 가진 곳입니다.\n번잡한 거리와는 다르게 조용하고 아늑한 분위기에서 진정한 맛의 여유를 즐길 수 있습니다.\n\n쿠미의 대표 메뉴\n\n수제 일식 돈카츠: 겉은 바삭하고 속은 촉촉한 정통 수제 일식 돈카츠로,\n두툼한 고기와 고소한 풍미가 입안 가득 퍼지는 깊은 맛을 자랑합니다.\n\n크림&토마토 파스타: 신선한 재료로 만든 소스가 면발에 촘촘히 배어 깊은 맛을 선사합니다.\n\n사이드 메뉴:\n상큼한 각종 샐러드\n쫄깃하고 고소한 치즈볼\n매콤한 맛이 매력적인 버팔로 윙봉\n\n돈카츠와 파스타를 한 번에!\n쿠미에서는 수제 일식 돈카츠와 파스타를 한 번에 즐길 수 있는 특별한 조합이 준비되어 있습니다.\n바삭한 돈카츠와 부드러운 파스타의 환상적인 조화를 경험해 보세요!\n\n찾아오시는 길\n위치: 제주 동문시장에서 도보로 5분 거리, 칠성로 골목 안쪽 2층\n찾는 팁: 작은 간판을 확인하고 2층으로 올라오세요!\n분위기: 혼자, 친구, 가족 누구와 함께 와도 편안한 공간\n\n쿠미를 방문해야 하는 이유\n숨겨진 맛집의 매력: 번화가 속 조용한 휴식 공간\n돈카츠와 파스타를 동시에 즐기는 특별한 경험\n친절한 서비스: 따뜻한 미소로 고객을 맞이합니다\n지금 쿠미 제주 동문시장점에서 맛과 여유를 모두 즐겨보세요!\n숨겨진 맛집을 발견하는 기쁨, 쿠미에서 만나실 수 있습니다!\n모든돈까스(4종류)가 재료소진시 조기마감할수있으니, 특히 주말과 공휴일에는 오후 8 시이후 방문시 미리 전화로 확인하시는거를 권장드립니다~\n접기""}, {""title"": ""편의시설 및 서비스"", ""body"": ""무한 리필\n단체 이용 가능\n포장\n배달\n예약\n무선 인터넷\n남/녀 화장실 구분\n유아의자""}, {""title"": ""반려동물 동반"", ""body"": ""반려동물 동반 불가""}, {""title"": ""주차"", ""body"": ""주차 불가\n칠성로 특성상 도보권이라, 차량 이용 시, 칠성상가 제1공영주차장, 제주 칠성로 주차장, 북수구광장 공영주차장에 주차하시고 도보로 이동하시면 편리합니다!\n내용 더보기""}, {""title"": ""좌석·공간"", ""body"": ""단체석\n최소 2명 ~ 최대 6명\n바테이블\n좌식\n연인석\n1인석\n알고 계신 정보와 다른 정보가 있나요?\n사진으로 간단하게 제보해 주세요.\n정보 수정 제안하기\n이용약관고객센터리뷰운영정책신고센터\n네이버""}]"
102,102,HABIT,쇼핑,제주 제주시 칠성로길 21-1 1F~2F HABIT,,33.5143664,126.5251846,,,https://naver.me/F9hLC9KN,326-14-02703,칠성로,success,1_naver_link,naver_link place_id=37746379,1.2,naver_place,https://map.naver.com/p/entry/place/37746379,https://map.naver.com/p/entry/place/37746379,https://pcmap.place.naver.com/place/37746379/home,37746379,HABIT,남성의류,,,제주 제주시 칠성로길 21-1 1F~2F HABIT,제주 제주시 일도일동 1294-2,,,,33.5143714,126.5251729,12:00에 영업 시작,영업 전,,{},영업 전12:00에 영업 시작,,"스마트스토어
http://smartstore.naver.com/habit1995
인스타그램
인스타그램
알고 계신 정보와 다른 정보가 있나요?
사진으로 간단하게 제보해 주세요.
정보 수정 제안하기
이용약관고객센터리뷰운영정책신고센터
네이버",,,,,,,,HABIT|남성의류|제주 제주시 칠성로길 21-1 1F~2F HABIT|제주 제주시 일도일동 1294-2|12:00에 영업 시작|안내|방문 키워드 통계 그래프 예시입니다.|현재 6명 참여|10명 이상 참여하면|방문 키워드 통계가 공개됩니다!|최신순|par****|팔로우|번창하세요~~~~~^^|품질이 좋아요|종류가 다양해요|비싼 만큼 가치있어요|가성비가 좋아요|친절해요|반응 남기기|방문일|2.6.금|2026년 2월 6일 금요일|1번째 방문,"[""HABIT"", ""남성의류"", ""제주 제주시 칠성로길 21-1 1F~2F HABIT"", ""제주 제주시 일도일동 1294-2"", ""12:00에 영업 시작"", ""안내"", ""방문 키워드 통계 그래프 예시입니다."", ""현재 6명 참여"", ""10명 이상 참여하면"", ""방문 키워드 통계가 공개됩니다!"", ""최신순"", ""par****"", ""팔로우"", ""번창하세요~~~~~^^"", ""품질이 좋아요"", ""종류가 다양해요"", ""비싼 만큼 가치있어요"", ""가성비가 좋아요"", ""친절해요"", ""반응 남기기"", ""방문일"", ""2.6.금"", ""2026년 2월 6일 금요일"", ""1번째 방문""]","{""name"": [""HABIT""], ""category"": [""남성의류""], ""address"": [""제주 제주시 칠성로길 21-1 1F~2F HABIT"", ""제주 제주시 일도일동 1294-2""], ""hours"": [""12:00에 영업 시작""], ""visitor_keywords"": [""안내"", ""방문 키워드 통계 그래프 예시입니다."", ""현재 6명 참여"", ""10명 이상 참여하면"", ""방문 키워드 통계가 공개됩니다!"", ""최신순"", ""par****"", ""팔로우"", ""번창하세요~~~~~^^"", ""품질이 좋아요"", ""종류가 다양해요"", ""비싼 만큼 가치있어요"", ""가성비가 좋아요"", ""친절해요"", ""반응 남기기"", ""방문일"", ""2.6.금"", ""2026년 2월 6일 금요일"", ""1번째 방문""]}",https://naver.me/F9hLC9KN,,,,"[""안내"", ""방문 키워드 통계 그래프 예시입니다."", ""현재 6명 참여"", ""10명 이상 참여하면"", ""방문 키워드 통계가 공개됩니다!"", ""최신순"", ""par****"", ""팔로우"", ""번창하세요~~~~~^^"", ""품질이 좋아요"", ""종류가 다양해요"", ""비싼 만큼 가치있어요"", ""가성비가 좋아요"", ""친절해요"", ""반응 남기기"", ""방문일"", ""2.6.금"", ""2026년 2월 6일 금요일"", ""1번째 방문""]","[{""title"": ""대표 키워드"", ""body"": ""하비트남성복남성의류옷가게의류""}, {""title"": ""SNS"", ""body"": ""스마트스토어\nhttp://smartstore.naver.com/habit1995\n인스타그램\n인스타그램\n알고 계신 정보와 다른 정보가 있나요?\n사진으로 간단하게 제보해 주세요.\n정보 수정 제안하기\n이용약관고객센터리뷰운영정책신고센터\n네이버""}]"
103,103,한림칼국수 제주동문시장점,음식점,제주 제주시 관덕로13길 3 1층,,33.5134789,126.5258135,0507-1401-6250,,https://naver.me/xa5RIdIy,297-45-00115,칠성로,success,1_naver_link,naver_link place_id=37267700,2.5,naver_place,https://map.naver.com/p/entry/place/37267700,https://map.naver.com/p/entry/place/37267700,https://pcmap.place.naver.com/place/37267700/home,37267700,한림칼국수 제주동문시장점,"칼국수,만두",,담백함으로 즐기는 보말칼국수의 매력,제주 제주시 관덕로13길 3 1층,제주 제주시 일도일동 1465-4,"제주동문시장 명동의류제주점 바로 옆 건물, 탐라문화광장 부근",0507-1401-6250,https://smartstore.naver.com/hanrimkalgugsu,33.5134775,126.5257866,월 09:00 - 17:00,영업 중,16:30에 라스트오더 | 16시 30분에 라스트오더 | 16:30 라스트오더,"{""목"": {""open"": ""09:00 - 17:00""}, ""금"": {""open"": ""09:00 - 17:00""}, ""토"": {""open"": ""09:00 - 17:00""}, ""일"": {""open"": ""09:00 - 17:00""}, ""월"": {""open"": ""09:00 - 17:00""}, ""화"": {""open"": ""정기휴무 (매주 화요일)""}, ""수"": {""open"": ""09:00 - 17:00""}}",영업 중 | 16:30에 라스트오더 | 16시 30분에 라스트오더 | 목 | 09:00 - 17:00 | 16:30 라스트오더 | 금 | 09:00 - 17:00 | 16:30 라스트오더 | 토 | 09:00 - 17:00 | 16:30 라스트오더 | 일 | 09:00 - 17:00 | 16:30 라스트오더 | 월 | 09:00 - 17:00 | 16:30 라스트오더 | 화 | 정기휴무 (매주 화요일) | 수 | 09:00 - 17:00 | 16:30 라스트오더 | 접기,예약|무선 인터넷|포장|단체 이용 가능|유아의자|남/녀 화장실 구분|간편결제|주차,"2014년 1월, 제주 한림에서 시작한 작은 가게
'고객에게 내어줄 수 있는 건 정성이다' 라는
마음 가짐으로 만듭니다.

저희 한림칼국수를 찾아주시는 모든 분께
감사한 마음을 담아, 제대로 된 한끼를
대접하고 싶습니다.

1. 매일 뽑는 저온숙성 자가제면
2. 제주 자연산 보말과 매생이, 국내산 식자재
3. 3無원칙 무화학색소 / 무방부제 / 무첨가물

내 가족이 먹는다는 생각으로 소박해도 좋으니
제대로 된 한 끼로 먹을 만한 가게를
만들겠습니다.

한림칼국수 동문시장 운영 안내
영업시간 : 09:00 - 16:00
휴무 : 매주 화요일
접기","사용자 리뷰에 기반해 정리한 정보는 다음과 같습니다. |  | 한림칼국수 제주동문시장점은 제주 향토 음식인 보말칼국수를 비롯해 고기칼국수, 영양보말죽, 매생이바당전 등 다양한 메뉴를 제공합니다. | 라블16 | +2 | 특히 보말칼국수는 신선한 보말과 매생이가 어우러져 깊은 맛을 내며, 고기칼국수는 쫄깃한 면발과 풍부한 고기 육수가 조화를 이룹니다. | w_w**** | +2 | 매장 내부는 청결하고 반찬도 다양해 만족스러운 식사를 즐길 수 있습니다. | Subin82 | +2",,,,,,보말칼국수|고기칼국수|영양보말죽|매생이바당전|얼큰고기칼국수|제주몸국|고사리육개장,"한림칼국수 제주동문시장점|칼국수,만두|제주 제주시 관덕로13길 3 1층|제주 제주시 일도일동 1465-4|0507-1401-6250|월 09:00 - 17:00|보말칼국수|고기칼국수|영양보말죽|매생이바당전|얼큰고기칼국수|제주몸국|고사리육개장|담백함으로 즐기는 보말칼국수의 매력|무선 인터넷|포장|단체 이용 가능|유아의자|남/녀 화장실 구분|간편결제|주차|음식이 맛있어요|재료가 신선해요|양이 많아요|혼밥하기 좋아요|매장이 청결해요|친절해요|특별한 메뉴가 있어요|가성비가 좋아요|인테리어가 멋져요|매장이 넓어요","[""한림칼국수 제주동문시장점"", ""칼국수,만두"", ""제주 제주시 관덕로13길 3 1층"", ""제주 제주시 일도일동 1465-4"", ""0507-1401-6250"", ""월 09:00 - 17:00"", ""보말칼국수"", ""고기칼국수"", ""영양보말죽"", ""매생이바당전"", ""얼큰고기칼국수"", ""제주몸국"", ""고사리육개장"", ""담백함으로 즐기는 보말칼국수의 매력"", ""무선 인터넷"", ""포장"", ""단체 이용 가능"", ""유아의자"", ""남/녀 화장실 구분"", ""간편결제"", ""주차"", ""음식이 맛있어요"", ""재료가 신선해요"", ""양이 많아요"", ""혼밥하기 좋아요"", ""매장이 청결해요"", ""친절해요"", ""특별한 메뉴가 있어요"", ""가성비가 좋아요"", ""인테리어가 멋져요"", ""매장이 넓어요""]","{""name"": [""한림칼국수 제주동문시장점""], ""category"": [""칼국수,만두""], ""address"": [""제주 제주시 관덕로13길 3 1층"", ""제주 제주시 일도일동 1465-4""], ""phone"": [""0507-1401-6250""], ""hours"": [""월 09:00 - 17:00""], ""menus"": [""보말칼국수"", ""고기칼국수"", ""영양보말죽"", ""매생이바당전"", ""얼큰고기칼국수"", ""제주몸국"", ""고사리육개장""], ""slogan"": [""담백함으로 즐기는 보말칼국수의 매력""], ""conveniences"": [""무선 인터넷"", ""포장"", ""단체 이용 가능"", ""유아의자"", ""남/녀 화장실 구분"", ""간편결제"", ""주차""], ""visitor_keywords"": [""음식이 맛있어요"", ""재료가 신선해요"", ""양이 많아요"", ""혼밥하기 좋아요"", ""매장이 청결해요"", ""친절해요"", ""특별한 메뉴가 있어요"", ""가성비가 좋아요"", ""인테리어가 멋져요"", ""매장이 넓어요""], ""hashtags"": [""보말칼국수""], ""body_hashtags"": [""보말칼국수""]}",https://naver.me/xa5RIdIy,,"[""한림칼국수 제주동문시장점\n알림📢민생지원금 사용 가능!\n탐나는전x민생회복쿠폰 사용 가능\n*실물 카드가 있어야 사용 가능합니다!\n1명\n2025.07.29.\n2025년 7월 29일"", ""한림칼국수 제주동문시장점\n알림☀️무더운 여름, 보양식은 보말칼국수!\n하루 하루 지쳐가는 무더운 여름,😥\n힘이 나는 필수 보양식 소개해드릴게요!\n바로 보말칼국수입니다!💕\n보말은 각종 미네랄과 비타민이 들어있어서\n영양분 섭취하기에 너무 좋은 음식이에요.\n혈액 순환, 피로 회복, 면역력 강화 등\n효능이 다양해서 보양식으로 추천드려요.👍\n특히 한림칼국수에서는 매생이와 함께 넣어\n바다맛이 풍부하고 건강에도 더 좋으니까\n여름에 꼭 챙겨드시길 바라요!😎\n본점, 공항점, 동문시장점, 함덕점, 표선점에서\n보말칼국수를 판매하고 있어요!\n제주도 오시면 꼭 방문해보세요💕\n더보기\n좋아요\n2025.07.04.\n2025년 7월 4일"", ""한림칼국수 제주동문시장점\n알림📢4월에 고사리 육개장을 먹어야 하는 이유!\n벌써 따뜻한 봄이 왔어요!\n4월, 5월은 고사리육개장을\n꼭 먹어야 하는 계절이에요.\n4월부터 고사리 수확시기라서\n맛있는 고사리를 먹어볼 수 있거든요!\n고사리는 영양소가 풍부해서\n몸에도 좋고 맛도 좋답니다!\n제주도에서는 토종음식으로\n고사리육개장을 먹어요!\n한림칼국수에서도\n동문시장점, 함덕점, 표선점에서\n고사리육개장을 판매하고 있어요!\n제주도 오시면 꼭 방문해보세요💕\n더보기\n좋아요\n2025.04.09.\n2025년 4월 9일""]",,"[{""keyword"": ""음식이 맛있어요"", ""count"": ""799""}, {""keyword"": ""재료가 신선해요"", ""count"": ""393""}, {""keyword"": ""양이 많아요"", ""count"": ""263""}, {""keyword"": ""혼밥하기 좋아요"", ""count"": ""250""}, {""keyword"": ""매장이 청결해요"", ""count"": ""248""}, {""keyword"": ""친절해요"", ""count"": ""216""}, {""keyword"": ""특별한 메뉴가 있어요"", ""count"": ""208""}, {""keyword"": ""가성비가 좋아요"", ""count"": ""173""}, {""keyword"": ""인테리어가 멋져요"", ""count"": ""74""}, {""keyword"": ""매장이 넓어요"", ""count"": ""73""}]","[{""title"": ""소개"", ""body"": ""2014년 1월, 제주 한림에서 시작한 작은 가게\n'고객에게 내어줄 수 있는 건 정성이다' 라는\n마음 가짐으로 만듭니다.\n\n저희 한림칼국수를 찾아주시는 모든 분께\n감사한 마음을 담아, 제대로 된 한끼를\n대접하고 싶습니다.\n\n1. 매일 뽑는 저온숙성 자가제면\n2. 제주 자연산 보말과 매생이, 국내산 식자재\n3. 3無원칙 무화학색소 / 무방부제 / 무첨가물\n\n내 가족이 먹는다는 생각으로 소박해도 좋으니\n제대로 된 한 끼로 먹을 만한 가게를\n만들겠습니다.\n\n한림칼국수 동문시장 운영 안내\n영업시간 : 09:00 - 16:00\n휴무 : 매주 화요일\n접기""}, {""title"": ""편의시설 및 서비스"", ""body"": ""예약\n무선 인터넷\n포장\n단체 이용 가능\n유아의자\n남/녀 화장실 구분""}, {""title"": ""주차"", ""body"": ""주차가능\n무료\n매장옆 jj주차타워 이용가능합니다! (suv,에쿠스,그랜져 등 대형 제외 ) 기계주차타워는 승용차만 가능하며 주차시 가게로 전화 요청부탁드립니다! 감사합니다.\n내용 더보기""}, {""title"": ""결제수단"", ""body"": ""지역화폐 (모바일형)\n지역화폐 (카드형)\n제로페이\n간편결제""}, {""title"": ""SNS"", ""body"": ""스마트스토어\nhttps://smartstore.naver.com/hanrimkalgugsu\n인스타그램\n인스타그램\n알고 계신 정보와 다른 정보가 있나요?\n사진으로 간단하게 제보해 주세요.\n정보 수정 제안하기\n이용약관고객센터리뷰운영정책신고센터\n네이버""}]"
104,104,브라운브레스 제주칠성점,쇼핑,제주 제주시 관덕로11길 12 브라운브레스 제주칠성점,,33.5140487,126.5255529,,,https://naver.me/F42856Vz,114-26-00876,칠성로,success,1_naver_link,naver_link place_id=1275720786,2.6,naver_place,https://map.naver.com/p/entry/place/1275720786,https://map.naver.com/p/entry/place/1275720786,https://pcmap.place.naver.com/place/1275720786/home,1275720786,브라운브레스 제주칠성점,캐주얼웨어,,,제주 제주시 관덕로11길 12 브라운브레스 제주칠성점,제주 제주시 일도1동 1360,,,,33.5140718,126.525547,12:00에 영업 시작,영업 전,,{},영업 전12:00에 영업 시작,반려동물 동반|단체 이용 가능|예약|간편결제,"지역화폐 (지류형)
지역화폐 (카드형)
지역화폐 (모바일형)
제로페이
간편결제
알고 계신 정보와 다른 정보가 있나요?
사진으로 간단하게 제보해 주세요.
정보 수정 제안하기
이용약관고객센터리뷰운영정책신고센터
네이버",,,,,,,,브라운브레스 제주칠성점|캐주얼웨어|제주 제주시 관덕로11길 12 브라운브레스 제주칠성점|제주 제주시 일도1동 1360|12:00에 영업 시작|반려동물 동반|단체 이용 가능|간편결제|친절해요|품질이 좋아요|종류가 다양해요|가성비가 좋아요|독특한 디자인이 많아요|스타일 추천을 잘해줘요|분위기가 편안해요|주차하기 편해요|사이즈가 다양해요|트렌디해요,"[""브라운브레스 제주칠성점"", ""캐주얼웨어"", ""제주 제주시 관덕로11길 12 브라운브레스 제주칠성점"", ""제주 제주시 일도1동 1360"", ""12:00에 영업 시작"", ""반려동물 동반"", ""단체 이용 가능"", ""간편결제"", ""친절해요"", ""품질이 좋아요"", ""종류가 다양해요"", ""가성비가 좋아요"", ""독특한 디자인이 많아요"", ""스타일 추천을 잘해줘요"", ""분위기가 편안해요"", ""주차하기 편해요"", ""사이즈가 다양해요"", ""트렌디해요""]","{""name"": [""브라운브레스 제주칠성점""], ""category"": [""캐주얼웨어""], ""address"": [""제주 제주시 관덕로11길 12 브라운브레스 제주칠성점"", ""제주 제주시 일도1동 1360""], ""hours"": [""12:00에 영업 시작""], ""conveniences"": [""반려동물 동반"", ""단체 이용 가능"", ""간편결제""], ""visitor_keywords"": [""친절해요"", ""품질이 좋아요"", ""종류가 다양해요"", ""가성비가 좋아요"", ""독특한 디자인이 많아요"", ""스타일 추천을 잘해줘요"", ""분위기가 편안해요"", ""주차하기 편해요"", ""사이즈가 다양해요"", ""트렌디해요""]}",https://naver.me/F42856Vz,,,,"[{""keyword"": ""친절해요"", ""count"": ""7""}, {""keyword"": ""품질이 좋아요"", ""count"": ""5""}, {""keyword"": ""종류가 다양해요"", ""count"": ""5""}, {""keyword"": ""가성비가 좋아요"", ""count"": ""3""}, {""keyword"": ""독특한 디자인이 많아요"", ""count"": ""2""}, {""keyword"": ""스타일 추천을 잘해줘요"", ""count"": ""2""}, {""keyword"": ""분위기가 편안해요"", ""count"": ""1""}, {""keyword"": ""주차하기 편해요"", ""count"": ""1""}, {""keyword"": ""사이즈가 다양해요"", ""count"": ""1""}, {""keyword"": ""트렌디해요"", ""count"": ""1""}]","[{""title"": ""대표 키워드"", ""body"": ""캐쥬얼""}, {""title"": ""편의시설 및 서비스"", ""body"": ""단체 이용 가능\n예약""}, {""title"": ""반려동물 동반"", ""body"": ""반려동물 동반 가능""}, {""title"": ""주차"", ""body"": ""주차 불가""}, {""title"": ""결제수단"", ""body"": ""지역화폐 (지류형)\n지역화폐 (카드형)\n지역화폐 (모바일형)\n제로페이\n간편결제\n알고 계신 정보와 다른 정보가 있나요?\n사진으로 간단하게 제보해 주세요.\n정보 수정 제안하기\n이용약관고객센터리뷰운영정책신고센터\n네이버""}]"
105,105,제주특별자치도 마을만들기종합지원센터,쇼핑,제주 제주시 칠성로길 8 3층,,33.513545,126.5238978,064-759-7766,,https://naver.me/FeXbwUuR,846-80-02750,칠성로,success,1_naver_link,naver_link place_id=1237246022,1.6,naver_place,https://map.naver.com/p/entry/place/1237246022,https://map.naver.com/p/entry/place/1237246022,https://pcmap.place.naver.com/place/1237246022/home,1237246022,제주특별자치도 마을만들기종합지원센터,"협회,단체",,,제주 제주시 칠성로길 8 3층,제주 제주시 일도일동 1416-2,,064-759-7766,http://www.jejumaeul.or.kr/,33.5135332,126.5238885,월 09:00 - 18:00,운영 중,,"{""목"": {""open"": ""09:00 - 18:00""}, ""금"": {""open"": ""09:00 - 18:00""}, ""토"": {""open"": ""정기휴무 (매주 토요일)""}, ""일"": {""open"": ""정기휴무 (매주 일요일)""}, ""월"": {""open"": ""09:00 - 18:00""}, ""화"": {""open"": ""09:00 - 18:00""}, ""수"": {""open"": ""09:00 - 18:00""}}",운영 중 | 12:00에 휴게시간 | 12시 0분에 휴게시간 | 목 | 09:00 - 18:00 | 12:00 - 13:00 휴게시간 | 금 | 09:00 - 18:00 | 12:00 - 13:00 휴게시간 | 토 | 정기휴무 (매주 토요일) | 일 | 정기휴무 (매주 일요일) | 월 | 09:00 - 18:00 | 12:00 - 13:00 휴게시간 | 화 | 09:00 - 18:00 | 12:00 - 13:00 휴게시간 | 수 | 09:00 - 18:00 | 12:00 - 13:00 휴게시간 | 09/24-09/26 추석 연휴 휴무 | 접기,,"제주특별자치도 주민 주도의 마을만들기사업의 효율적인 추진과 지원을 위해, 민관협력으로 도민의 참여를 촉진하고 마을사업의 체계적 지원과 효율적 관리를 위하여 설립 된 중간지원조직입니다.
(제주특별자치도 특별자치마을 만들기 지원 조례 제 23조)",,,,,,,,"제주특별자치도 마을만들기종합지원센터|협회,단체|제주 제주시 칠성로길 8 3층|제주 제주시 일도일동 1416-2|064-759-7766|월 09:00 - 18:00","[""제주특별자치도 마을만들기종합지원센터"", ""협회,단체"", ""제주 제주시 칠성로길 8 3층"", ""제주 제주시 일도일동 1416-2"", ""064-759-7766"", ""월 09:00 - 18:00""]","{""name"": [""제주특별자치도 마을만들기종합지원센터""], ""category"": [""협회,단체""], ""address"": [""제주 제주시 칠성로길 8 3층"", ""제주 제주시 일도일동 1416-2""], ""phone"": [""064-759-7766""], ""hours"": [""월 09:00 - 18:00""]}",https://naver.me/FeXbwUuR,,,,,"[{""title"": ""소개"", ""body"": ""제주특별자치도 주민 주도의 마을만들기사업의 효율적인 추진과 지원을 위해, 민관협력으로 도민의 참여를 촉진하고 마을사업의 체계적 지원과 효율적 관리를 위하여 설립 된 중간지원조직입니다.\n(제주특별자치도 특별자치마을 만들기 지원 조례 제 23조)""}, {""title"": ""SNS"", ""body"": ""홈페이지\nhttp://www.jejumaeul.or.kr/\n알고 계신 정보와 다른 정보가 있나요?\n사진으로 간단하게 제보해 주세요.\n정보 수정 제안하기\n이용약관고객센터리뷰운영정책신고센터\n네이버""}]"
106,106,똘이네,음식점,제주 제주시 칠성로길 31-1 2층,,33.5145676,126.5262096,064-805-8989,,https://naver.me/5wWFfOum,632-65-00655,칠성로,success,1_naver_link,naver_link place_id=1743946135,2.6,naver_place,https://map.naver.com/p/entry/place/1743946135,https://map.naver.com/p/entry/place/1743946135,https://pcmap.place.naver.com/place/1743946135/home,1743946135,똘이네,한식,,푸짐한 순두부의 깊은 풍미,제주 제주시 칠성로길 31-1 2층,제주 제주시 일도일동 1302-2,칠성상가 제1상가 공영주차장 도보3분거리입니다.,064-805-8989,,33.5145447,126.5262041,월 정기휴무 (매주 월요일),영업 전,재료 소진시 조기 마감 될수있습니다,"{""목"": {""open"": ""11:00 - 23:00""}, ""금"": {""open"": ""11:00 - 23:00""}, ""토"": {""open"": ""11:00 - 23:00""}, ""일"": {""open"": ""11:00 - 23:00""}, ""월"": {""open"": ""정기휴무 (매주 월요일)""}, ""화"": {""open"": ""11:00 - 23:00""}, ""수"": {""open"": ""11:00 - 23:00""}}",영업 전 | 11:00에 영업 시작 | 11시 0분에 영업 시작 | 목 | 11:00 - 23:00 | 금 | 11:00 - 23:00 | 토 | 11:00 - 23:00 | 일 | 11:00 - 23:00 | 월 | 정기휴무 (매주 월요일) | 화 | 11:00 - 23:00 | 수 | 11:00 - 23:00 | 09/25 추석 휴무 | - 재료 소진시 조기 마감 될수있습니다 | 접기,예약|남/녀 화장실 구분|유아의자|무선 인터넷|단체 이용 가능|대기공간|반려동물 동반,"저녁은 포차! 사전 예약시 원하시는 메뉴도 가능힙니다
저녁에 냉삼집으로 변경해요
변경기념 소주4000원 이벤트 2주동안 진행 할까 합니다
2/28일 저녁부터 진행 시작이에요
많이 찾아주세요 된찌 서비스 나가요
제주한식맛집 똘이네입니다!",,,,,,,순두부|옥돔정식,똘이네|한식|제주 제주시 칠성로길 31-1 2층|제주 제주시 일도일동 1302-2|064-805-8989|월 정기휴무 (매주 월요일)|순두부|옥돔정식|푸짐한 순두부의 깊은 풍미|남/녀 화장실 구분|유아의자|무선 인터넷|단체 이용 가능|대기공간|반려동물 동반|음식이 맛있어요|가성비가 좋아요|친절해요|양이 많아요|재료가 신선해요|반찬이 잘 나와요|매장이 넓어요|메뉴 구성이 알차요|혼밥하기 좋아요|인테리어가 멋져요,"[""똘이네"", ""한식"", ""제주 제주시 칠성로길 31-1 2층"", ""제주 제주시 일도일동 1302-2"", ""064-805-8989"", ""월 정기휴무 (매주 월요일)"", ""순두부"", ""옥돔정식"", ""푸짐한 순두부의 깊은 풍미"", ""남/녀 화장실 구분"", ""유아의자"", ""무선 인터넷"", ""단체 이용 가능"", ""대기공간"", ""반려동물 동반"", ""음식이 맛있어요"", ""가성비가 좋아요"", ""친절해요"", ""양이 많아요"", ""재료가 신선해요"", ""반찬이 잘 나와요"", ""매장이 넓어요"", ""메뉴 구성이 알차요"", ""혼밥하기 좋아요"", ""인테리어가 멋져요""]","{""name"": [""똘이네""], ""category"": [""한식""], ""address"": [""제주 제주시 칠성로길 31-1 2층"", ""제주 제주시 일도일동 1302-2""], ""phone"": [""064-805-8989""], ""hours"": [""월 정기휴무 (매주 월요일)""], ""menus"": [""순두부"", ""옥돔정식""], ""slogan"": [""푸짐한 순두부의 깊은 풍미""], ""conveniences"": [""남/녀 화장실 구분"", ""유아의자"", ""무선 인터넷"", ""단체 이용 가능"", ""대기공간"", ""반려동물 동반""], ""visitor_keywords"": [""음식이 맛있어요"", ""가성비가 좋아요"", ""친절해요"", ""양이 많아요"", ""재료가 신선해요"", ""반찬이 잘 나와요"", ""매장이 넓어요"", ""메뉴 구성이 알차요"", ""혼밥하기 좋아요"", ""인테리어가 멋져요""]}",https://naver.me/5wWFfOum,,"[""똘이네\n알림저녁장사 개시\n냉삼 전문 사전예약시 원하시는 메뉴 가능해요 나름 맛집입니다\n많이 찾아주세요 냉삼 판매 이벤트 소주4000원 모실께요\n좋아요\n2025.03.03.\n2025년 3월 3일"", ""똘이네\n알림그동안 똘이네 옥돔정식 좋아 해주셔서 감사합니다\n똘이네 옥돔정식에서 냉삼집으로 저녁 장사 오픈 예정입니다\n1인분 150g 만원에 모실께요 많이 찾이주세요\n좋아요\n2025.02.26.\n2025년 2월 26일""]",,"[{""keyword"": ""음식이 맛있어요"", ""count"": ""11""}, {""keyword"": ""가성비가 좋아요"", ""count"": ""9""}, {""keyword"": ""친절해요"", ""count"": ""8""}, {""keyword"": ""양이 많아요"", ""count"": ""7""}, {""keyword"": ""재료가 신선해요"", ""count"": ""4""}, {""keyword"": ""반찬이 잘 나와요"", ""count"": ""4""}, {""keyword"": ""매장이 넓어요"", ""count"": ""4""}, {""keyword"": ""메뉴 구성이 알차요"", ""count"": ""3""}, {""keyword"": ""혼밥하기 좋아요"", ""count"": ""1""}, {""keyword"": ""인테리어가 멋져요"", ""count"": ""1""}]","[{""title"": ""소개"", ""body"": ""저녁은 포차! 사전 예약시 원하시는 메뉴도 가능힙니다\n저녁에 냉삼집으로 변경해요\n변경기념 소주4000원 이벤트 2주동안 진행 할까 합니다\n2/28일 저녁부터 진행 시작이에요\n많이 찾아주세요 된찌 서비스 나가요\n제주한식맛집 똘이네입니다!""}, {""title"": ""편의시설 및 서비스"", ""body"": ""예약\n남/녀 화장실 구분\n유아의자\n무선 인터넷\n단체 이용 가능\n대기공간""}, {""title"": ""반려동물 동반"", ""body"": ""반려동물 동반 가능""}, {""title"": ""주차"", ""body"": ""주차 불가\n주변 공영주차장 이용""}, {""title"": ""결제수단"", ""body"": ""제로페이\n알고 계신 정보와 다른 정보가 있나요?\n사진으로 간단하게 제보해 주세요.\n정보 수정 제안하기\n이용약관고객센터리뷰운영정책신고센터\n네이버""}]"
107,107,아크페프,쇼핑,제주 제주시 칠성로길 29 1층,,33.5144852,126.5259056,,,https://naver.me/xZjmRT3c,284-28-01557,칠성로,success,1_naver_link,naver_link place_id=1000744797,3.3,naver_place,https://map.naver.com/p/entry/place/1000744797,https://map.naver.com/p/entry/place/1000744797,https://pcmap.place.naver.com/place/1000744797/home,1000744797,아크페프,패션,,,제주 제주시 칠성로길 29 1층,제주 제주시 일도일동 1301-5,"****제주 남자 옷가게 아크페프 찾아오는길**** |  | 대중교통 이용시 - 동문로터리,동문시장(북), 탑동입구(동), 중앙로(동문시장)에 하차 후 지도에 '아크페프' 검색 후 안내에맞게 오시면 됩니다! *하차 후 도보 5분거리* |  | 차량방문시 - 중앙로 근처 대형 공영주차장이 많기 때문에 해당 주차장에 주차 후",0507-1480-1703,,33.514467,126.5258777,12:00 - 21:00,영업 전,,"{""매일"": {""open"": ""12:00 - 21:00""}}",영업 전 | 12:00에 영업 시작 | 12시 0분에 영업 시작 | 매일 | 12:00 - 21:00 | 접기,단체 이용 가능|간편결제,"안녕하세요 제주 중앙로에 위치한 남자 옷 전문점 아크페프 입니다.

저희 아크페프는 칠성로 쇼핑거리에 위치해 있으며, 다른곳에서 느낄 수 없는 댄디하면서도 트랜디한 남자 패션 스타일을 추구합니다.

각각 방문하시는 손님분들의 체형 및 기존 스타일에 알맞게 코디를 적극적으로 추천을 해드리고 있으며, 매장에 있는 모든 옷은 직접 입어보고 결정해주시면 됩니다.",,,,,,,,아크페프|패션|제주 제주시 칠성로길 29 1층|제주 제주시 일도일동 1301-5|0507-1480-1703|12:00 - 21:00|단체 이용 가능|간편결제,"[""아크페프"", ""패션"", ""제주 제주시 칠성로길 29 1층"", ""제주 제주시 일도일동 1301-5"", ""0507-1480-1703"", ""12:00 - 21:00"", ""단체 이용 가능"", ""간편결제""]","{""name"": [""아크페프""], ""category"": [""패션""], ""address"": [""제주 제주시 칠성로길 29 1층"", ""제주 제주시 일도일동 1301-5""], ""phone"": [""0507-1480-1703""], ""hours"": [""12:00 - 21:00""], ""conveniences"": [""단체 이용 가능"", ""간편결제""]}",https://naver.me/xZjmRT3c,,"[""아크페프\n알림안녕하세요 아크페프 입니다\n내부 일정으로 인해 3월 3일(화요일) 매장 휴무입니다.\n방문에 착오 없으시길 바랍니다.\n3월 4일부터 정상 영업합니다. 감사합니다.\n좋아요\n2026.03.02.\n2026년 3월 2일""]",,,"[{""title"": ""소개"", ""body"": ""안녕하세요 제주 중앙로에 위치한 남자 옷 전문점 아크페프 입니다.\n\n저희 아크페프는 칠성로 쇼핑거리에 위치해 있으며, 다른곳에서 느낄 수 없는 댄디하면서도 트랜디한 남자 패션 스타일을 추구합니다.\n\n각각 방문하시는 손님분들의 체형 및 기존 스타일에 알맞게 코디를 적극적으로 추천을 해드리고 있으며, 매장에 있는 모든 옷은 직접 입어보고 결정해주시면 됩니다.""}, {""title"": ""대표 키워드"", ""body"": ""제주옷가게칠성로쇼핑거리제주탑동중앙로동문시장""}, {""title"": ""편의시설 및 서비스"", ""body"": ""단체 이용 가능""}, {""title"": ""주차"", ""body"": ""주차 불가\n가게가 쇼핑거리에 위치해 있기 때문에 주차는 인근 공영 주차장 및 주차 자리에 주차 후 방문해주시면 감사하겠습니다.""}, {""title"": ""결제수단"", ""body"": ""지역화폐 (지류형)\n지역화폐 (카드형)\n지역화폐 (모바일형)\n제로페이\n간편결제\n알고 계신 정보와 다른 정보가 있나요?\n사진으로 간단하게 제보해 주세요.\n정보 수정 제안하기\n이용약관고객센터리뷰운영정책신고센터\n네이버""}]"
108,108,푸시오프 스케이트보드샵,기타,제주 제주시 관덕로11길 8-1 1층,,33.5138408,126.5255827,0507-1399-0263,,https://naver.me/5gFDC3nt,786-45-00764,칠성로,success,1_naver_link,naver_link place_id=1403060081,33.9,naver_place,https://map.naver.com/p/entry/place/1403060081,https://map.naver.com/p/entry/place/1403060081,https://pcmap.place.naver.com/place/1403060081/home,1403060081,푸시오프 스케이트보드샵,스케이트보드,,,제주 제주시 관덕로11길 8-1 1층,제주 제주시 일도일동 1345,칠성로 나이키 매장 뒷골목으로 들어오시면 됩니다,0507-1399-0263,,33.5141195,126.5257305,월 11:00 - 20:00,영업 전,,"{""목"": {""open"": ""11:00 - 20:00""}, ""금"": {""open"": ""11:00 - 20:00""}, ""토"": {""open"": ""11:00 - 20:00""}, ""일"": {""open"": ""11:00 - 20:00""}, ""월"": {""open"": ""11:00 - 20:00""}, ""화"": {""open"": ""11:00 - 20:00""}, ""수"": {""open"": ""정기휴무 (매주 수요일)""}}",영업 전 | 11:00에 영업 시작 | 11시 0분에 영업 시작 | 목 | 11:00 - 20:00 | 금 | 11:00 - 20:00 | 토 | 11:00 - 20:00 | 일 | 11:00 - 20:00 | 월 | 11:00 - 20:00 | 화 | 11:00 - 20:00 | 수 | 정기휴무 (매주 수요일) | 접기,예약|무선 인터넷|단체 이용 가능|대기공간|남/녀 화장실 구분,"제주 대표하는 로컬 스케이트보드샵.
정통 스케이트보드샵 으로 완성형 스케이트보드 및 파츠 판매.
최적의 시설을 갖춘 공간에서 스케이트보드 개인레슨 및 유료레슨 진행.",,,,,,,스케이트보드 체험|스케이트보드 2시간 이용|스케이트보드 개인 50분강습 1회|스케이트보드 그룹 50분강습 1회,푸시오프 스케이트보드샵|스케이트보드|제주 제주시 관덕로11길 8-1 1층|제주 제주시 일도일동 1345|0507-1399-0263|월 11:00 - 20:00|스케이트보드 체험|스케이트보드 2시간 이용|스케이트보드 개인 50분강습 1회|스케이트보드 그룹 50분강습 1회|무선 인터넷|단체 이용 가능|대기공간|남/녀 화장실 구분|친절해요|분위기가 편안해요|시설이 깔끔해요|품질이 좋아요|트렌디해요|주차하기 편해요|매장이 넓어요|종류가 다양해요|사진이 잘 나와요|가성비가 좋아요,"[""푸시오프 스케이트보드샵"", ""스케이트보드"", ""제주 제주시 관덕로11길 8-1 1층"", ""제주 제주시 일도일동 1345"", ""0507-1399-0263"", ""월 11:00 - 20:00"", ""스케이트보드 체험"", ""스케이트보드 2시간 이용"", ""스케이트보드 개인 50분강습 1회"", ""스케이트보드 그룹 50분강습 1회"", ""무선 인터넷"", ""단체 이용 가능"", ""대기공간"", ""남/녀 화장실 구분"", ""친절해요"", ""분위기가 편안해요"", ""시설이 깔끔해요"", ""품질이 좋아요"", ""트렌디해요"", ""주차하기 편해요"", ""매장이 넓어요"", ""종류가 다양해요"", ""사진이 잘 나와요"", ""가성비가 좋아요""]","{""name"": [""푸시오프 스케이트보드샵""], ""category"": [""스케이트보드""], ""address"": [""제주 제주시 관덕로11길 8-1 1층"", ""제주 제주시 일도일동 1345""], ""phone"": [""0507-1399-0263""], ""hours"": [""월 11:00 - 20:00""], ""menus"": [""스케이트보드 체험"", ""스케이트보드 2시간 이용"", ""스케이트보드 개인 50분강습 1회"", ""스케이트보드 그룹 50분강습 1회""], ""conveniences"": [""무선 인터넷"", ""단체 이용 가능"", ""대기공간"", ""남/녀 화장실 구분""], ""visitor_keywords"": [""친절해요"", ""분위기가 편안해요"", ""시설이 깔끔해요"", ""품질이 좋아요"", ""트렌디해요"", ""주차하기 편해요"", ""매장이 넓어요"", ""종류가 다양해요"", ""사진이 잘 나와요"", ""가성비가 좋아요""]}",https://naver.me/5gFDC3nt,,"[""푸시오프 스케이트보드샵\n임시휴무푸시오프 파크 리뉴얼 임시휴무\n2026.08.24(월) ~ 8.28(금) 파크 리뉴얼로 인해 5일간 임시휴무합니다.\n이용에 참고해주세요!!\n기간\n2026.08.24. ~ 2026.08.28.\n좋아요\n2026.08.21.\n2026년 8월 21일"", ""푸시오프 스케이트보드샵\n임시휴무휴무 안내\n안동 스케이트보드 대회 참가로 인해 5월29일(금) ~ 6월1일 (월) 임시휴무 합니다.\n기간\n2026.05.29. ~ 2026.06.01.\n좋아요\n2026.05.28.\n2026년 5월 28일"", ""푸시오프 스케이트보드샵\n알림푸시오프 이용 및 강습요금 안내\n푸시오프 이용 및 강습요금 안내\n좋아요\n2026.01.02.\n2026년 1월 2일""]",,"[{""keyword"": ""친절해요"", ""count"": ""20""}, {""keyword"": ""분위기가 편안해요"", ""count"": ""13""}, {""keyword"": ""시설이 깔끔해요"", ""count"": ""12""}, {""keyword"": ""품질이 좋아요"", ""count"": ""8""}, {""keyword"": ""트렌디해요"", ""count"": ""4""}, {""keyword"": ""주차하기 편해요"", ""count"": ""3""}, {""keyword"": ""매장이 넓어요"", ""count"": ""3""}, {""keyword"": ""종류가 다양해요"", ""count"": ""3""}, {""keyword"": ""사진이 잘 나와요"", ""count"": ""2""}, {""keyword"": ""가성비가 좋아요"", ""count"": ""2""}]","[{""title"": ""소개"", ""body"": ""제주 대표하는 로컬 스케이트보드샵.\n정통 스케이트보드샵 으로 완성형 스케이트보드 및 파츠 판매.\n최적의 시설을 갖춘 공간에서 스케이트보드 개인레슨 및 유료레슨 진행.""}, {""title"": ""대표 키워드"", ""body"": ""제주스케이트보드제주이색체험제주스케이트보드강습제주스케이트보드샵푸시오프스케이트보드""}, {""title"": ""편의시설 및 서비스"", ""body"": ""예약\n무선 인터넷\n단체 이용 가능\n대기공간\n남/녀 화장실 구분""}, {""title"": ""주차"", ""body"": ""주차 불가""}, {""title"": ""결제수단"", ""body"": ""네이버페이""}, {""title"": ""SNS"", ""body"": ""인스타그램\nhttps://www.instagram.com/pushoff_official\n스마트스토어\n스마트스토어\n알고 계신 정보와 다른 정보가 있나요?\n사진으로 간단하게 제보해 주세요.\n정보 수정 제안하기\n이용약관고객센터리뷰운영정책신고센터\n네이버""}]"
109,109,탠저비 칠성로점,쇼핑,제주 제주시 관덕로11길 4,,33.5134926,126.5255275,0507-1445-9871,,https://naver.me/FEUpDiTa,219-85-09427,칠성로,success,1_naver_link,naver_link place_id=1234268290,0.8,naver_place,https://map.naver.com/p/entry/place/1234268290,https://map.naver.com/p/entry/place/1234268290,https://pcmap.place.naver.com/place/1234268290/home,1234268290,탠저비 칠성로점,"판촉,기념품",,,제주 제주시 관덕로11길 4,제주 제주시 일도일동 1463,,,,33.5134883,126.5255206,,,,{},,단체 이용 가능|무선 인터넷|간편결제,"스마트스토어
https://smartstore.naver.com/tangerb
인스타그램
인스타그램
알고 계신 정보와 다른 정보가 있나요?
사진으로 간단하게 제보해 주세요.
정보 수정 제안하기
이용약관고객센터리뷰운영정책신고센터
네이버",,,,,,,,"탠저비 칠성로점|판촉,기념품|제주 제주시 관덕로11길 4|제주 제주시 일도일동 1463|단체 이용 가능|무선 인터넷|간편결제|종류가 다양해요|가성비가 좋아요|친절해요|매장이 넓어요|특색 있는 제품이 많아요|품질이 좋아요|분위기가 편안해요|예쁜 소품이 많아요|시설이 깔끔해요|아기자기해요","[""탠저비 칠성로점"", ""판촉,기념품"", ""제주 제주시 관덕로11길 4"", ""제주 제주시 일도일동 1463"", ""단체 이용 가능"", ""무선 인터넷"", ""간편결제"", ""종류가 다양해요"", ""가성비가 좋아요"", ""친절해요"", ""매장이 넓어요"", ""특색 있는 제품이 많아요"", ""품질이 좋아요"", ""분위기가 편안해요"", ""예쁜 소품이 많아요"", ""시설이 깔끔해요"", ""아기자기해요""]","{""name"": [""탠저비 칠성로점""], ""category"": [""판촉,기념품""], ""address"": [""제주 제주시 관덕로11길 4"", ""제주 제주시 일도일동 1463""], ""conveniences"": [""단체 이용 가능"", ""무선 인터넷"", ""간편결제""], ""visitor_keywords"": [""종류가 다양해요"", ""가성비가 좋아요"", ""친절해요"", ""매장이 넓어요"", ""특색 있는 제품이 많아요"", ""품질이 좋아요"", ""분위기가 편안해요"", ""예쁜 소품이 많아요"", ""시설이 깔끔해요"", ""아기자기해요""]}",https://naver.me/FEUpDiTa,,,,"[{""keyword"": ""종류가 다양해요"", ""count"": ""91""}, {""keyword"": ""가성비가 좋아요"", ""count"": ""53""}, {""keyword"": ""친절해요"", ""count"": ""52""}, {""keyword"": ""매장이 넓어요"", ""count"": ""45""}, {""keyword"": ""특색 있는 제품이 많아요"", ""count"": ""44""}, {""keyword"": ""품질이 좋아요"", ""count"": ""33""}, {""keyword"": ""분위기가 편안해요"", ""count"": ""14""}, {""keyword"": ""예쁜 소품이 많아요"", ""count"": ""11""}, {""keyword"": ""시설이 깔끔해요"", ""count"": ""10""}, {""keyword"": ""아기자기해요"", ""count"": ""8""}]","[{""title"": ""편의시설 및 서비스"", ""body"": ""단체 이용 가능\n무선 인터넷""}, {""title"": ""주차"", ""body"": ""주차 불가""}, {""title"": ""결제수단"", ""body"": ""제로페이\n간편결제""}, {""title"": ""SNS"", ""body"": ""스마트스토어\nhttps://smartstore.naver.com/tangerb\n인스타그램\n인스타그램\n알고 계신 정보와 다른 정보가 있나요?\n사진으로 간단하게 제보해 주세요.\n정보 수정 제안하기\n이용약관고객센터리뷰운영정책신고센터\n네이버""}]"
110,110,에이브이 씨네마,쇼핑,제주 제주시 중앙로3길 32,,33.5151419,126.527818,,,https://naver.me/x7nH5JR9,374-20-01397,칠성로,success,2_address_match,주소일치(exact_or_contains) query=에이브이 씨네마,5.0,naver_place,https://map.naver.com/p/entry/place/1983470585,https://map.naver.com/p/entry/place/1983470585,https://pcmap.place.naver.com/place/1983470585/home,1983470585,에이브이 씨네마,구제의류,,,제주 제주시 중앙로3길 32,제주 제주시 일도일동 1256-2,,,,33.515179,126.5277873,11:00에 영업 시작,영업 전,,{},영업 전11:00에 영업 시작,,"[A] Antique 엔틱, [V] Vintage 빈티지

시간이 첩첩이 쌓여 과거와 현재를 잇는
또한 단순히 오래된 것을 넘어 희소한 가치를 품고 있는
빈티지 & 엔틱 소품과 의류 및 가구 도소매점
에이브이씨네마 입니다.

미리 전화예약 주시면
영업시간 외에도 방문 가능합니다.

* 주차 *
가게 앞 주차 공간 없습니다! 근처 2분거리 공영주차장 이용 바랍니다!!! (1시간 무료)
접기",,,,,,,,에이브이 씨네마|구제의류|제주 제주시 중앙로3길 32|제주 제주시 일도일동 1256-2|11:00에 영업 시작|안내|방문 키워드 통계 그래프 예시입니다.|현재 5명 참여|10명 이상 참여하면|방문 키워드 통계가 공개됩니다!|최신순|WestOtter|팔로우|품질이 좋아요|가성비가 좋아요|종류가 다양해요|독특한 디자인이 많아요|친절해요|표정을 눌러 반응을 남겨 보세요!|반응 남기기|방문일|1.18.일|2026년 1월 18일 일요일|제주도빈티지샵,"[""에이브이 씨네마"", ""구제의류"", ""제주 제주시 중앙로3길 32"", ""제주 제주시 일도일동 1256-2"", ""11:00에 영업 시작"", ""안내"", ""방문 키워드 통계 그래프 예시입니다."", ""현재 5명 참여"", ""10명 이상 참여하면"", ""방문 키워드 통계가 공개됩니다!"", ""최신순"", ""WestOtter"", ""팔로우"", ""품질이 좋아요"", ""가성비가 좋아요"", ""종류가 다양해요"", ""독특한 디자인이 많아요"", ""친절해요"", ""표정을 눌러 반응을 남겨 보세요!"", ""반응 남기기"", ""방문일"", ""1.18.일"", ""2026년 1월 18일 일요일"", ""제주도빈티지샵""]","{""name"": [""에이브이 씨네마""], ""category"": [""구제의류""], ""address"": [""제주 제주시 중앙로3길 32"", ""제주 제주시 일도일동 1256-2""], ""hours"": [""11:00에 영업 시작""], ""visitor_keywords"": [""안내"", ""방문 키워드 통계 그래프 예시입니다."", ""현재 5명 참여"", ""10명 이상 참여하면"", ""방문 키워드 통계가 공개됩니다!"", ""최신순"", ""WestOtter"", ""팔로우"", ""품질이 좋아요"", ""가성비가 좋아요"", ""종류가 다양해요"", ""독특한 디자인이 많아요"", ""친절해요"", ""표정을 눌러 반응을 남겨 보세요!"", ""반응 남기기"", ""방문일"", ""1.18.일"", ""2026년 1월 18일 일요일""], ""hashtags"": [""제주도빈티지샵""], ""body_hashtags"": [""제주도빈티지샵""]}",에이브이 씨네마,,"[""에이브이 씨네마\n임시휴무😭배관공사로인한 임시휴무 입니다.😭\n새롭게 이전한 가게 화장실 배관이 말썽이라\n방문하시는 분들께 많은 불편을 드렸었는데요.😭\n오래된 주택이다보니 대공사를 진행하게 되었습니다.\n4월 30일(수) ~ 5월 1일(목) 이틀간 빠르게 정비하고\n쾌적하게 공간으로 뵙겠습니다!🥰\n더보기\n기간\n2025.04.30. ~ 2025.05.01.\n좋아요\n2025.04.30.\n2025년 4월 30일"", ""에이브이 씨네마\n알림🚗 주차는 인근 2분거리 공영주차장에 해주세요! 🚗\n가게 앞 주차 공간 없습니다! 근처 2분거리 공영주차장 이용 바랍니다!!! (1시간 무료)\n1명\n2025.03.03.\n2025년 3월 3일"", ""에이브이 씨네마\n알림🤗 새로운 자리에서 이전 오픈했습니다!(2.16)🤗\n완벽하진 않지만 적잖이 정리하여 오픈합니다!!! 🍾🍾🍾\n그동안 기다려 주신 분들께 좋은 모습을 보여드리고 싶어\n계속 정리만 하다보니 끝도없이 오픈이 미뤄지는것 같아\n부족하지만 냅다 오픈하려해요!\n그동안 너무 보고싶었어요. 많이 놀러와 주셔요! 😭\n오픈시간도 변경됐습니다!\n12시부터 7시까지 좀 더 진득하게 가게에 있을게요 🫡\n딱 기다리고 있을테니 조만간 만나요 🙏\n늘 감사해요 모든게 덕분입니다 🙇‍♀️🙇‍♂️\n더보기\n좋아요\n2025.02.13.\n2025년 2월 13일""]",,"[""안내"", ""방문 키워드 통계 그래프 예시입니다."", ""현재 5명 참여"", ""10명 이상 참여하면"", ""방문 키워드 통계가 공개됩니다!"", ""최신순"", ""WestOtter"", ""팔로우"", ""품질이 좋아요"", ""가성비가 좋아요"", ""종류가 다양해요"", ""독특한 디자인이 많아요"", ""친절해요"", ""표정을 눌러 반응을 남겨 보세요!"", ""반응 남기기"", ""명"", ""방문일"", ""1.18.일"", ""2026년 1월 18일 일요일""]","[{""title"": ""소개"", ""body"": ""[A] Antique 엔틱, [V] Vintage 빈티지\n\n시간이 첩첩이 쌓여 과거와 현재를 잇는\n또한 단순히 오래된 것을 넘어 희소한 가치를 품고 있는\n빈티지 & 엔틱 소품과 의류 및 가구 도소매점\n에이브이씨네마 입니다.\n\n미리 전화예약 주시면\n영업시간 외에도 방문 가능합니다.\n\n* 주차 *\n가게 앞 주차 공간 없습니다! 근처 2분거리 공영주차장 이용 바랍니다!!! (1시간 무료)\n접기""}, {""title"": ""대표 키워드"", ""body"": ""빈티지가구인테리어소품빈티지샵빈티지옷구제의류""}, {""title"": ""주차"", ""body"": ""주차 불가\n인근 공영주차장에 주차""}, {""title"": ""SNS"", ""body"": ""인스타그램\nhttps://www.instagram.com/a.v_cinema/\n알고 계신 정보와 다른 정보가 있나요?\n사진으로 간단하게 제보해 주세요.\n정보 수정 제안하기\n이용약관고객센터리뷰운영정책신고센터\n네이버""}]"
111,111,아름다운동행마실,음식점,제주 제주시 칠성로길 37-1 1층,,33.5145923,126.5269005,,,https://naver.me/55r9Gv6o,697-20-02310,칠성로,success,1_naver_link,naver_link place_id=1688943323,1.0,naver_place,https://map.naver.com/p/entry/place/1688943323,https://map.naver.com/p/entry/place/1688943323,https://pcmap.place.naver.com/place/1688943323/home,1688943323,아름다운동행마실,한식,Y,잡내 없이 진한 순대국밥의 정석,제주 제주시 칠성로길 37-1 1층,제주 제주시 일도일동 1316-1,일도1동 복지회관 사거리 공영주차장 보시면 바로 보입니다.,,,33.514601,126.5269019,월 09:00 - 22:00,영업 중,21:00에 라스트오더 | 21시 0분에 라스트오더 | 21:00 라스트오더,"{""목"": {""open"": ""09:00 - 22:00""}, ""금"": {""open"": ""09:00 - 22:00""}, ""토"": {""open"": ""09:00 - 22:00""}, ""일"": {""open"": ""09:00 - 22:00""}, ""월"": {""open"": ""09:00 - 22:00""}, ""화"": {""open"": ""정기휴무 (매주 화요일)""}, ""수"": {""open"": ""09:00 - 22:00""}}",영업 중 | 21:00에 라스트오더 | 21시 0분에 라스트오더 | 목 | 09:00 - 22:00 | 21:00 라스트오더 | 금 | 09:00 - 22:00 | 21:00 라스트오더 | 토 | 09:00 - 22:00 | 21:00 라스트오더 | 일 | 09:00 - 22:00 | 21:00 라스트오더 | 월 | 09:00 - 22:00 | 21:00 라스트오더 | 화 | 정기휴무 (매주 화요일) | 수 | 09:00 - 22:00 | 21:00 라스트오더 | 09/25 추석 휴무 | 접기,,"묵은지뼈감탕, 순대국 솥밥집","사용자 리뷰를 바탕으로 매력 포인트를 요약했습니다. |  | 아름다운동행마실은 제주도 현지인이 추천하는 맛집으로, 묵은지 뼈해장국과 순대국이 인기 메뉴입니다. | 수니 | 솥밥과 함께 제공되는 순대국은 진한 국물과 풍성한 재료로 든든한 한 끼를 선사하며, 매장 내부는 넓고 쾌적해 단체 손님도 수용 가능합니다. | 잉이 | 위생등급 우수 음식점으로 신뢰할 수 있으며, 주차장이 넓어 방문이 편리합니다. | 혜 연 | +1",주간 기준  | 인기 많은 메뉴 | 1 | 순위 변동 없음 | 마실순대국 | 2 | 순위 변동 없음 | 뼈 해장국 | 3 | 순위 상승 | 뼈 해장국 + 솥밥 | 목요일 오후 6시  | 가장 인기에요! | 16시 방문자54% | 16 | 17시 방문자16% | 18시 방문자63% | 18 | 19시 방문자31% | 20시 방문자12% | 20 | 1회 결제 시 평균 2만원대 지불해요.,"[{""rank"": 1, ""trend"": """", ""name"": ""변동 없음 마실순대국""}, {""rank"": 2, ""trend"": """", ""name"": ""변동 없음 뼈 해장국""}, {""rank"": 3, ""trend"": ""상승"", ""name"": ""뼈 해장국 + 솥밥""}]",목요일 오후 6시 가장 인기에요,"[{""hour"": 16, ""pct"": 54}, {""hour"": 17, ""pct"": 16}, {""hour"": 18, ""pct"": 63}, {""hour"": 19, ""pct"": 31}, {""hour"": 20, ""pct"": 12}]",1회 결제 시 평균 2만원대,순대 국밥|뼈 해장국,아름다운동행마실|한식|제주 제주시 칠성로길 37-1 1층|제주 제주시 일도일동 1316-1|월 09:00 - 22:00|순대 국밥|뼈 해장국|변동 없음 마실순대국|변동 없음 뼈 해장국|뼈 해장국 + 솥밥|잡내 없이 진한 순대국밥의 정석|음식이 맛있어요|재료가 신선해요|매장이 넓어요|양이 많아요|가성비가 좋아요|친절해요|매장이 청결해요|반찬이 잘 나와요|혼밥하기 좋아요|인테리어가 멋져요,"[""아름다운동행마실"", ""한식"", ""제주 제주시 칠성로길 37-1 1층"", ""제주 제주시 일도일동 1316-1"", ""월 09:00 - 22:00"", ""순대 국밥"", ""뼈 해장국"", ""변동 없음 마실순대국"", ""변동 없음 뼈 해장국"", ""뼈 해장국 + 솥밥"", ""잡내 없이 진한 순대국밥의 정석"", ""음식이 맛있어요"", ""재료가 신선해요"", ""매장이 넓어요"", ""양이 많아요"", ""가성비가 좋아요"", ""친절해요"", ""매장이 청결해요"", ""반찬이 잘 나와요"", ""혼밥하기 좋아요"", ""인테리어가 멋져요""]","{""name"": [""아름다운동행마실""], ""category"": [""한식""], ""address"": [""제주 제주시 칠성로길 37-1 1층"", ""제주 제주시 일도일동 1316-1""], ""hours"": [""월 09:00 - 22:00""], ""menus"": [""순대 국밥"", ""뼈 해장국""], ""popular_menus"": [""변동 없음 마실순대국"", ""변동 없음 뼈 해장국"", ""뼈 해장국 + 솥밥""], ""slogan"": [""잡내 없이 진한 순대국밥의 정석""], ""visitor_keywords"": [""음식이 맛있어요"", ""재료가 신선해요"", ""매장이 넓어요"", ""양이 많아요"", ""가성비가 좋아요"", ""친절해요"", ""매장이 청결해요"", ""반찬이 잘 나와요"", ""혼밥하기 좋아요"", ""인테리어가 멋져요""]}",https://naver.me/55r9Gv6o,,,,"[{""keyword"": ""음식이 맛있어요"", ""count"": ""37""}, {""keyword"": ""재료가 신선해요"", ""count"": ""19""}, {""keyword"": ""매장이 넓어요"", ""count"": ""17""}, {""keyword"": ""양이 많아요"", ""count"": ""14""}, {""keyword"": ""가성비가 좋아요"", ""count"": ""14""}, {""keyword"": ""친절해요"", ""count"": ""13""}, {""keyword"": ""매장이 청결해요"", ""count"": ""9""}, {""keyword"": ""반찬이 잘 나와요"", ""count"": ""8""}, {""keyword"": ""혼밥하기 좋아요"", ""count"": ""7""}, {""keyword"": ""인테리어가 멋져요"", ""count"": ""4""}]","[{""title"": ""소개"", ""body"": ""묵은지뼈감탕, 순대국 솥밥집""}, {""title"": ""인증 정보"", ""body"": ""식약처 지정 식품안심업소\n\n유효기간: 2024.12.04~2026.12.03\n2024년 12월 4일~2026년 12월 3일""}, {""title"": ""결제수단"", ""body"": ""제로페이\n알고 계신 정보와 다른 정보가 있나요?\n사진으로 간단하게 제보해 주세요.\n정보 수정 제안하기\n이용약관고객센터리뷰운영정책신고센터\n네이버""}]"
112,112,어딕션,쇼핑,제주 제주시 칠성로길 30,,33.5143498,126.5259441,0507-1369-6098,,https://naver.me/xWzWoolK,174-11-02659,칠성로,success,2_address_match,주소일치(exact_or_contains) query=제주시 어딕션,4.0,naver_place,https://map.naver.com/p/entry/place/2003091483,https://map.naver.com/p/entry/place/2003091483,https://pcmap.place.naver.com/place/2003091483/home,2003091483,어딕션,보세의류,,,제주 제주시 칠성로길 30,제주 제주시 일도1동 1341-4,,,,33.5143706,126.5259094,12:00에 영업 시작,영업 전,,{},영업 전12:00에 영업 시작,반려동물 동반|간편결제,"addiction jeju
다채로운 디자인과 컬러가 공존하는
공간입니다.환영합니다^^",,,,,,,,어딕션|보세의류|제주 제주시 칠성로길 30|제주 제주시 일도1동 1341-4|12:00에 영업 시작|반려동물 동반|간편결제|안내|방문 키워드 통계 그래프 예시입니다.|현재 2명 참여|10명 이상 참여하면|방문 키워드 통계가 공개됩니다!|최신순|dodomit|팔로우|별점|주변에도 어제 옷이쁘다고 소문 냈어요 ㅎㅎ|조만간 또 쇼핑갈께요 😁|품질이 좋아요|가성비가 좋아요|종류가 다양해요|트렌디해요|친절해요|반응 남기기|방문일,"[""어딕션"", ""보세의류"", ""제주 제주시 칠성로길 30"", ""제주 제주시 일도1동 1341-4"", ""12:00에 영업 시작"", ""반려동물 동반"", ""간편결제"", ""안내"", ""방문 키워드 통계 그래프 예시입니다."", ""현재 2명 참여"", ""10명 이상 참여하면"", ""방문 키워드 통계가 공개됩니다!"", ""최신순"", ""dodomit"", ""팔로우"", ""별점"", ""주변에도 어제 옷이쁘다고 소문 냈어요 ㅎㅎ"", ""조만간 또 쇼핑갈께요 😁"", ""품질이 좋아요"", ""가성비가 좋아요"", ""종류가 다양해요"", ""트렌디해요"", ""친절해요"", ""반응 남기기"", ""방문일""]","{""name"": [""어딕션""], ""category"": [""보세의류""], ""address"": [""제주 제주시 칠성로길 30"", ""제주 제주시 일도1동 1341-4""], ""hours"": [""12:00에 영업 시작""], ""conveniences"": [""반려동물 동반"", ""간편결제""], ""visitor_keywords"": [""안내"", ""방문 키워드 통계 그래프 예시입니다."", ""현재 2명 참여"", ""10명 이상 참여하면"", ""방문 키워드 통계가 공개됩니다!"", ""최신순"", ""dodomit"", ""팔로우"", ""별점"", ""주변에도 어제 옷이쁘다고 소문 냈어요 ㅎㅎ"", ""조만간 또 쇼핑갈께요 😁"", ""품질이 좋아요"", ""가성비가 좋아요"", ""종류가 다양해요"", ""트렌디해요"", ""친절해요"", ""반응 남기기"", ""방문일""]}",어딕션 | 제주시 어딕션,,,,"[""안내"", ""방문 키워드 통계 그래프 예시입니다."", ""현재 2명 참여"", ""10명 이상 참여하면"", ""방문 키워드 통계가 공개됩니다!"", ""최신순"", ""dodomit"", ""팔로우"", ""별점"", ""점"", ""주변에도 어제 옷이쁘다고 소문 냈어요 ㅎㅎ"", ""조만간 또 쇼핑갈께요 😁"", ""품질이 좋아요"", ""가성비가 좋아요"", ""종류가 다양해요"", ""트렌디해요"", ""친절해요"", ""반응 남기기"", ""방문일""]","[{""title"": ""소개"", ""body"": ""addiction jeju\n다채로운 디자인과 컬러가 공존하는\n공간입니다.환영합니다^^""}, {""title"": ""반려동물 동반"", ""body"": ""반려동물 동반 가능""}, {""title"": ""주차"", ""body"": ""주차 불가""}, {""title"": ""결제수단"", ""body"": ""지역화폐 (지류형)\n지역화폐 (카드형)\n간편결제\n알고 계신 정보와 다른 정보가 있나요?\n사진으로 간단하게 제보해 주세요.\n정보 수정 제안하기\n이용약관고객센터리뷰운영정책신고센터\n네이버""}]"
113,113,제주메밀막국수함흥냉면,음식점,제주 제주시 일도일동 관덕로15길 4,,33.5134933,126.5269448,064-726-7966,,https://naver.me/x2jAzx3Z,616-30-49033,칠성로,success,1_naver_link,naver_link place_id=1934968084,0.8,naver_place,https://map.naver.com/p/entry/place/1934968084,https://map.naver.com/p/entry/place/1934968084,https://pcmap.place.naver.com/place/1934968084/home,1934968084,제주메밀막국수함흥냉면,향토음식,,제주 바다의 신선함을 담은 보말칼국수,제주 제주시 일도일동 관덕로15길 2,제주 제주시 일도일동 1477-7,,064-726-7966,,33.5134963,126.5269372,,,,{},,포장|단체 이용 가능|무선 인터넷,"제주에서 먹어봐야 할 다양한 음식을 한자리에서 먹어 볼 수 있는 곳이며 특히나 제주 동문시장, 칠성로, 탑동 근처에서 아침식사를 할 수 있는 곳입니다.
뼈라면해장국은 살이 엄청 많은 뼈와 깊고 진한 국물에 라면이 들어가 있어 아직까지 맛본 적 없는 최고의 뼈해장국이며,
보말메밀칼국수는 건강에 좋은 보말과 메밀로 만들고 제주에서만 맛 볼수 있는 보말이 아주 듬뿍 들어가 있는 것이 특징 입니다.","사용자 리뷰를 바탕으로 매력 포인트를 요약했습니다. |  | 제주메밀막국수함흥냉면은 제주 보말의 신선함이 살아있는 보말칼국수와 깊은 국물맛의 뼈라면해장국이 인기인 식당입니다. | 수면의빛 | 메밀면과 냉면은 쫄깃한 식감과 건강한 맛이 특징이며, 특히 보말칼국수는 바다향과 메밀의 조화가 일품입니다. | 밤의연무 | +2 | 뼈라면해장국은 푸짐한 살코기와 진한 국물이 만족스러우며, 여행객들에게 제주만의 특별한 맛을 경험하게 해주는 곳입니다. | VHS테이프 | +2",,,,,,보말칼국수|뼈라면해장국|메밀막국수|고기짬뽕칼국수|들기름막국수|회비빔막국수|함흥회비빔냉면|함흥육수냉면,제주메밀막국수함흥냉면|향토음식|제주 제주시 일도일동 관덕로15길 2|제주 제주시 일도일동 1477-7|064-726-7966|보말칼국수|뼈라면해장국|메밀막국수|고기짬뽕칼국수|들기름막국수|회비빔막국수|함흥회비빔냉면|함흥육수냉면|제주 바다의 신선함을 담은 보말칼국수|포장|단체 이용 가능|무선 인터넷|음식이 맛있어요|친절해요|재료가 신선해요|양이 많아요|혼밥하기 좋아요|매장이 청결해요|특별한 메뉴가 있어요|가성비가 좋아요|매장이 넓어요|인테리어가 멋져요,"[""제주메밀막국수함흥냉면"", ""향토음식"", ""제주 제주시 일도일동 관덕로15길 2"", ""제주 제주시 일도일동 1477-7"", ""064-726-7966"", ""보말칼국수"", ""뼈라면해장국"", ""메밀막국수"", ""고기짬뽕칼국수"", ""들기름막국수"", ""회비빔막국수"", ""함흥회비빔냉면"", ""함흥육수냉면"", ""제주 바다의 신선함을 담은 보말칼국수"", ""포장"", ""단체 이용 가능"", ""무선 인터넷"", ""음식이 맛있어요"", ""친절해요"", ""재료가 신선해요"", ""양이 많아요"", ""혼밥하기 좋아요"", ""매장이 청결해요"", ""특별한 메뉴가 있어요"", ""가성비가 좋아요"", ""매장이 넓어요"", ""인테리어가 멋져요""]","{""name"": [""제주메밀막국수함흥냉면""], ""category"": [""향토음식""], ""address"": [""제주 제주시 일도일동 관덕로15길 2"", ""제주 제주시 일도일동 1477-7""], ""phone"": [""064-726-7966""], ""menus"": [""보말칼국수"", ""뼈라면해장국"", ""메밀막국수"", ""고기짬뽕칼국수"", ""들기름막국수"", ""회비빔막국수"", ""함흥회비빔냉면"", ""함흥육수냉면""], ""slogan"": [""제주 바다의 신선함을 담은 보말칼국수""], ""conveniences"": [""포장"", ""단체 이용 가능"", ""무선 인터넷""], ""visitor_keywords"": [""음식이 맛있어요"", ""친절해요"", ""재료가 신선해요"", ""양이 많아요"", ""혼밥하기 좋아요"", ""매장이 청결해요"", ""특별한 메뉴가 있어요"", ""가성비가 좋아요"", ""매장이 넓어요"", ""인테리어가 멋져요""]}",https://naver.me/x2jAzx3Z,,,,"[{""keyword"": ""음식이 맛있어요"", ""count"": ""49""}, {""keyword"": ""친절해요"", ""count"": ""27""}, {""keyword"": ""재료가 신선해요"", ""count"": ""15""}, {""keyword"": ""양이 많아요"", ""count"": ""15""}, {""keyword"": ""혼밥하기 좋아요"", ""count"": ""13""}, {""keyword"": ""매장이 청결해요"", ""count"": ""13""}, {""keyword"": ""특별한 메뉴가 있어요"", ""count"": ""10""}, {""keyword"": ""가성비가 좋아요"", ""count"": ""8""}, {""keyword"": ""매장이 넓어요"", ""count"": ""7""}, {""keyword"": ""인테리어가 멋져요"", ""count"": ""3""}]","[{""title"": ""소개"", ""body"": ""제주에서 먹어봐야 할 다양한 음식을 한자리에서 먹어 볼 수 있는 곳이며 특히나 제주 동문시장, 칠성로, 탑동 근처에서 아침식사를 할 수 있는 곳입니다.\n뼈라면해장국은 살이 엄청 많은 뼈와 깊고 진한 국물에 라면이 들어가 있어 아직까지 맛본 적 없는 최고의 뼈해장국이며,\n보말메밀칼국수는 건강에 좋은 보말과 메밀로 만들고 제주에서만 맛 볼수 있는 보말이 아주 듬뿍 들어가 있는 것이 특징 입니다.""}, {""title"": ""편의시설 및 서비스"", ""body"": ""포장\n단체 이용 가능\n무선 인터넷""}, {""title"": ""주차"", ""body"": ""주차 불가""}, {""title"": ""좌석·공간"", ""body"": ""입식""}, {""title"": ""결제수단"", ""body"": ""지역화폐 (지류형)\n지역화폐 (카드형)\n지역화폐 (모바일형)\n알고 계신 정보와 다른 정보가 있나요?\n사진으로 간단하게 제보해 주세요.\n정보 수정 제안하기\n이용약관고객센터리뷰운영정책신고센터\n네이버""}]"
114,114,이삭토스트 제주칠성로점,음식점,제주 제주시 관덕로17길 1,,33.5134418,126.526964,0507-1433-5290,,https://naver.me/FjbW6ey4,527-14-00744,칠성로,success,1_naver_link,naver_link place_id=38227529,2.2,naver_place,https://map.naver.com/p/entry/place/38227529,https://map.naver.com/p/entry/place/38227529,https://pcmap.place.naver.com/place/38227529/home,38227529,이삭토스트 제주칠성로점,토스트,,,제주 제주시 관덕로17길 1,제주 제주시 일도일동 1477-5,제주시 동문시장4번출구 길건너편입니다.다이소건물 길건너편에 있습니다.,0507-1433-5290,https://smartorder.beaverworksinc.com/brand/901216,33.5134548,126.5269457,월 09:00 - 20:00,영업 중,19:30에 라스트오더 | 19시 30분에 라스트오더 | 19:30 라스트오더 | 9/18은 단체주문관계로임시휴무합니다,"{""목"": {""open"": ""09:00 - 20:00""}, ""금"": {""open"": ""09:00 - 20:00""}, ""토"": {""open"": ""09:00 - 20:00""}, ""일"": {""open"": ""정기휴무 (매주 일요일)""}, ""월"": {""open"": ""09:00 - 20:00""}, ""화"": {""open"": ""09:00 - 20:00""}, ""수"": {""open"": ""09:00 - 20:00""}}","영업 중 | 19:30에 라스트오더 | 19시 30분에 라스트오더 | 목 | 09:00 - 20:00 | 19:30 라스트오더 | 금 | 09:00 - 20:00 | 19:30 라스트오더 | 토 | 09:00 - 20:00 | 19:30 라스트오더 | 일 | 정기휴무 (매주 일요일) | 월 | 09:00 - 20:00 | 19:30 라스트오더 | 화 | 09:00 - 20:00 | 19:30 라스트오더 | 수 | 09:00 - 20:00 | 19:30 라스트오더 | 09/18 , 09/25 추석 휴무 | - 9/18은 단체주문관계로임시휴무합니다 | 접기",포장|간편결제|단체 이용 가능|대기공간|무선 인터넷,"이삭토스트 앱 출시! 앱에서 다양한 이벤트와 혜택을 만나보세요~!
https://m.site.naver.com/1AnxD",,,,,,,프렌치 햄치즈|스크램블 햄치즈|계란후라이 스페셜|계란후라이 햄치즈|스크램블 베이컨|햄치즈 토스트|햄스페셜|햄치즈 포테이토|베이컨베스트|감자 스페셜|베이컨 포테이토 피자|그릴드 불갈비|딥치즈 베이컨|딥치즈 베이컨 포테이토,이삭토스트 제주칠성로점|토스트|제주 제주시 관덕로17길 1|제주 제주시 일도일동 1477-5|0507-1433-5290|월 09:00 - 20:00|프렌치 햄치즈|스크램블 햄치즈|계란후라이 스페셜|계란후라이 햄치즈|스크램블 베이컨|햄치즈 토스트|햄스페셜|햄치즈 포테이토|베이컨베스트|감자 스페셜|베이컨 포테이토 피자|그릴드 불갈비|딥치즈 베이컨|딥치즈 베이컨 포테이토|포장|간편결제|단체 이용 가능|대기공간|무선 인터넷|음식이 맛있어요|가성비가 좋아요|재료가 신선해요|친절해요|혼밥하기 좋아요|음식이 빨리 나와요|양이 많아요|특별한 메뉴가 있어요|매장이 청결해요|매장이 넓어요,"[""이삭토스트 제주칠성로점"", ""토스트"", ""제주 제주시 관덕로17길 1"", ""제주 제주시 일도일동 1477-5"", ""0507-1433-5290"", ""월 09:00 - 20:00"", ""프렌치 햄치즈"", ""스크램블 햄치즈"", ""계란후라이 스페셜"", ""계란후라이 햄치즈"", ""스크램블 베이컨"", ""햄치즈 토스트"", ""햄스페셜"", ""햄치즈 포테이토"", ""베이컨베스트"", ""감자 스페셜"", ""베이컨 포테이토 피자"", ""그릴드 불갈비"", ""딥치즈 베이컨"", ""딥치즈 베이컨 포테이토"", ""포장"", ""간편결제"", ""단체 이용 가능"", ""대기공간"", ""무선 인터넷"", ""음식이 맛있어요"", ""가성비가 좋아요"", ""재료가 신선해요"", ""친절해요"", ""혼밥하기 좋아요"", ""음식이 빨리 나와요"", ""양이 많아요"", ""특별한 메뉴가 있어요"", ""매장이 청결해요"", ""매장이 넓어요""]","{""name"": [""이삭토스트 제주칠성로점""], ""category"": [""토스트""], ""address"": [""제주 제주시 관덕로17길 1"", ""제주 제주시 일도일동 1477-5""], ""phone"": [""0507-1433-5290""], ""hours"": [""월 09:00 - 20:00""], ""menus"": [""프렌치 햄치즈"", ""스크램블 햄치즈"", ""계란후라이 스페셜"", ""계란후라이 햄치즈"", ""스크램블 베이컨"", ""햄치즈 토스트"", ""햄스페셜"", ""햄치즈 포테이토"", ""베이컨베스트"", ""감자 스페셜"", ""베이컨 포테이토 피자"", ""그릴드 불갈비"", ""딥치즈 베이컨"", ""딥치즈 베이컨 포테이토""], ""conveniences"": [""포장"", ""간편결제"", ""단체 이용 가능"", ""대기공간"", ""무선 인터넷""], ""visitor_keywords"": [""음식이 맛있어요"", ""가성비가 좋아요"", ""재료가 신선해요"", ""친절해요"", ""혼밥하기 좋아요"", ""음식이 빨리 나와요"", ""양이 많아요"", ""특별한 메뉴가 있어요"", ""매장이 청결해요"", ""매장이 넓어요""]}",https://naver.me/FjbW6ey4,,"[""이삭토스트 제주칠성로점\n알림배달팁 인상\n좋아요\n2021.07.14.\n2021년 7월 14일""]",,"[{""keyword"": ""음식이 맛있어요"", ""count"": ""89""}, {""keyword"": ""가성비가 좋아요"", ""count"": ""35""}, {""keyword"": ""재료가 신선해요"", ""count"": ""23""}, {""keyword"": ""친절해요"", ""count"": ""20""}, {""keyword"": ""혼밥하기 좋아요"", ""count"": ""19""}, {""keyword"": ""음식이 빨리 나와요"", ""count"": ""19""}, {""keyword"": ""양이 많아요"", ""count"": ""6""}, {""keyword"": ""특별한 메뉴가 있어요"", ""count"": ""5""}, {""keyword"": ""매장이 청결해요"", ""count"": ""5""}, {""keyword"": ""매장이 넓어요"", ""count"": ""4""}]","[{""title"": ""소개"", ""body"": ""이삭토스트 앱 출시! 앱에서 다양한 이벤트와 혜택을 만나보세요~!\nhttps://m.site.naver.com/1AnxD""}, {""title"": ""편의시설 및 서비스"", ""body"": ""포장\n단체 이용 가능\n대기공간\n무선 인터넷""}, {""title"": ""주차"", ""body"": ""주차 불가""}, {""title"": ""결제수단"", ""body"": ""네이버페이\n간편결제""}, {""title"": ""SNS"", ""body"": ""예약\nhttps://smartorder.beaverworksinc.com/brand/901216\n블로그\n블로그\n홈페이지\n홈페이지\n페이스북\n페이스북\n인스타그램\n인스타그램\n알고 계신 정보와 다른 정보가 있나요?\n사진으로 간단하게 제보해 주세요.\n정보 수정 제안하기\n이용약관고객센터리뷰운영정책신고센터\n네이버""}]"
115,115,라이프워크 제주탑동직영점,쇼핑,제주 제주시 관덕로11길 30 라이프워크 제주탑동직영점,,33.5156716,126.5257055,064-727-9098,,https://naver.me/G020mb8X,108-40-65623,칠성로,success,1_naver_link,naver_link place_id=1446600490,1.8,naver_place,https://map.naver.com/p/entry/place/1446600490,https://map.naver.com/p/entry/place/1446600490,https://pcmap.place.naver.com/place/1446600490/home,1446600490,라이프워크 제주탑동직영점,종합패션,,,제주 제주시 관덕로11길 30 라이프워크 제주탑동직영점,제주 제주시 일도일동 1275-6,,064-727-9098,,33.5156557,126.5257037,11:00에 영업 시작,영업 전,,{},영업 전11:00에 영업 시작,,"유튜브
https://youtube.com/@lifework.official
인스타그램
인스타그램
알고 계신 정보와 다른 정보가 있나요?
사진으로 간단하게 제보해 주세요.
정보 수정 제안하기
이용약관고객센터리뷰운영정책신고센터
네이버",,,,,,,,라이프워크 제주탑동직영점|종합패션|제주 제주시 관덕로11길 30 라이프워크 제주탑동직영점|제주 제주시 일도일동 1275-6|064-727-9098|11:00에 영업 시작|품질이 좋아요|친절해요|가성비가 좋아요|독특한 디자인이 많아요|종류가 다양해요|매장이 넓어요|분위기가 편안해요|스타일 추천을 잘해줘요|A/S가 세심해요|시설이 깔끔해요,"[""라이프워크 제주탑동직영점"", ""종합패션"", ""제주 제주시 관덕로11길 30 라이프워크 제주탑동직영점"", ""제주 제주시 일도일동 1275-6"", ""064-727-9098"", ""11:00에 영업 시작"", ""품질이 좋아요"", ""친절해요"", ""가성비가 좋아요"", ""독특한 디자인이 많아요"", ""종류가 다양해요"", ""매장이 넓어요"", ""분위기가 편안해요"", ""스타일 추천을 잘해줘요"", ""A/S가 세심해요"", ""시설이 깔끔해요""]","{""name"": [""라이프워크 제주탑동직영점""], ""category"": [""종합패션""], ""address"": [""제주 제주시 관덕로11길 30 라이프워크 제주탑동직영점"", ""제주 제주시 일도일동 1275-6""], ""phone"": [""064-727-9098""], ""hours"": [""11:00에 영업 시작""], ""visitor_keywords"": [""품질이 좋아요"", ""친절해요"", ""가성비가 좋아요"", ""독특한 디자인이 많아요"", ""종류가 다양해요"", ""매장이 넓어요"", ""분위기가 편안해요"", ""스타일 추천을 잘해줘요"", ""A/S가 세심해요"", ""시설이 깔끔해요""]}",https://naver.me/G020mb8X,,,,"[{""keyword"": ""품질이 좋아요"", ""count"": ""13""}, {""keyword"": ""친절해요"", ""count"": ""12""}, {""keyword"": ""가성비가 좋아요"", ""count"": ""8""}, {""keyword"": ""독특한 디자인이 많아요"", ""count"": ""6""}, {""keyword"": ""종류가 다양해요"", ""count"": ""6""}, {""keyword"": ""매장이 넓어요"", ""count"": ""5""}, {""keyword"": ""분위기가 편안해요"", ""count"": ""3""}, {""keyword"": ""스타일 추천을 잘해줘요"", ""count"": ""3""}, {""keyword"": ""A/S가 세심해요"", ""count"": ""1""}, {""keyword"": ""시설이 깔끔해요"", ""count"": ""1""}]","[{""title"": ""대표 키워드"", ""body"": ""라이프워크패션스트릿캐주얼라독""}, {""title"": ""결제수단"", ""body"": ""제로페이""}, {""title"": ""SNS"", ""body"": ""유튜브\nhttps://youtube.com/@lifework.official\n인스타그램\n인스타그램\n알고 계신 정보와 다른 정보가 있나요?\n사진으로 간단하게 제보해 주세요.\n정보 수정 제안하기\n이용약관고객센터리뷰운영정책신고센터\n네이버""}]"
116,116,양씨네제주전복김밥전문점,음식점,제주 제주시 관덕로13길 13-1,,33.5142831,126.5259508,064-727-1588,,https://naver.me/xenuWh9b,,칠성로,success,1_naver_link,naver_link place_id=1241568638,0.0,naver_place,https://map.naver.com/p/entry/place/1241568638,https://map.naver.com/p/entry/place/1241568638,https://pcmap.place.naver.com/place/1241568638/home,1241568638,양씨네제주전복김밥전문점,김밥,,,제주 제주시 관덕로13길 13-1,제주 제주시 일도1동 1342-3,,064-727-1588,,33.5142831,126.5259508,10:00 - 15:00,영업 중,,"{""매일"": {""open"": ""10:00 - 15:00""}}",영업 중 | 15:00에 영업 종료 | 15시 0분에 영업 종료 | 매일 | 10:00 - 15:00 | 접기,,"방문 키워드 통계 그래프 예시입니다.
현재 0명 참여
10명 이상 참여하면
방문 키워드 통계가 공개됩니다!
아직 등록된 리뷰가 없습니다.
첫 리뷰를 작성해보세요!",,,,,,,전복김밥&수제어묵탕,양씨네제주전복김밥전문점|김밥|제주 제주시 관덕로13길 13-1|제주 제주시 일도1동 1342-3|064-727-1588|10:00 - 15:00|전복김밥&수제어묵탕|제주전복김밥,"[""양씨네제주전복김밥전문점"", ""김밥"", ""제주 제주시 관덕로13길 13-1"", ""제주 제주시 일도1동 1342-3"", ""064-727-1588"", ""10:00 - 15:00"", ""전복김밥&수제어묵탕"", ""제주전복김밥""]","{""name"": [""양씨네제주전복김밥전문점""], ""category"": [""김밥""], ""address"": [""제주 제주시 관덕로13길 13-1"", ""제주 제주시 일도1동 1342-3""], ""phone"": [""064-727-1588""], ""hours"": [""10:00 - 15:00""], ""menus"": [""전복김밥&수제어묵탕""], ""hashtags"": [""제주전복김밥"", ""양씨네제주전복김밥전문점""], ""body_hashtags"": [""제주전복김밥"", ""양씨네제주전복김밥전문점""]}",https://naver.me/xenuWh9b,,,,,"[{""title"": ""메뉴1"", ""body"": ""전복김밥&수제어묵탕\n3,800원""}, {""title"": ""클립"", ""body"": ""mfxr9fsqgw""}, {""title"": ""방문자 리뷰"", ""body"": ""방문 키워드 통계 그래프 예시입니다.\n현재 0명 참여\n10명 이상 참여하면\n방문 키워드 통계가 공개됩니다!\n아직 등록된 리뷰가 없습니다.\n첫 리뷰를 작성해보세요!""}, {""title"": ""블로그 리뷰1"", ""body"": ""차리짱\n제주김밥여왕 '차리짱' 의 블로그\n[제주김밥]164. 제주 일도일동 / 제주 전복김밥 ‘ 양씨네제주전복김밥전문점 ’\n제주 일도일동 제주 전복김밥 양씨네제주전복김밥전문점 [영업시간] 매일 10:00-15:00 * 동절기 마감 14:00 * [휴무] 없음 [포장] 가능 / 포장 전문점 [주차] 불가 근처 공영주차장 이용 안녕하세요 차리입니다 오늘은 ! 칠성통에 갔다가 발견한 ‘ 양씨네제주전복김밥전문점 ’ 입니다 제주 동문시장과도 가까운거리라 접근성도 좋고 간단하게 요기 할 수 있어서 편하더라구요 전복 한 마리가 들어가는 김밥이라 궁금했어요 그럼, 양씨네제주전복김밥전문점에 다녀 온 솔직후기 포스팅을 시작할게요 #제주전복김밥 #양씨네제주전복김밥전문점 외관입니다 양씨네제주전복김밥전문점 위치는 칠성로 아주반점 골목으로 쭉 직진하면 있습니다 보다 자세한 양씨네제주전복김밥전문점 위치와 정보는 아래 네이버플레이스 참고 바랍니다 양씨네제주전복김밥전문점 영업시간 참고 동절기에는 오후 2시 마감이라고합니다 양씨네제주전복김밥전문점은 양씨네전복칼국수에서 함께 운영하시는곳이라고해요 뛰어서 5초거리에 있습니다 ㅎ 양씨네제주전복김밥전문점 매장 내부공간입니다 양씨네제주전복김밥전문점 메뉴입니다 단일 메뉴 전복김밥&수제부산어묵탕 김밥을 주문하면 주문 즉시 김밥을 말아주세요 양씨네제주전복김밥전문점 전복김밥은 슬라이스 된 전복 한 마리가(약 4pcs) 들어가는 김밥입니다 통깨를 통깨통깨 양씨네제주전복김밥전문점 김밥 포장완료 김밥을 주문 후 제공받기까지 시간은 3분정도 소요되었습니다 양씨네제주전복김밥전문점 전복김밥&수제부산어묵탕 3,800원 착한 가격의 구성입니다 직원분께서 이 김밥은 따뜻할 때 먹어야 맛있다고 하시더라구요 그래서 차에 오자마자 오픈했습니다 양씨네제주전복김밥전문점 수제부산어묵탕입니다 수제 부산어묵을 공수해서 만든 어묵탕이라고합니다 육수에다가 따로 손질 된 어묵을 넣어서 주시는데 파도 들어가있습니다 국물은 김밥집에서 제공되는 어묵 국물입니다 추운 날씨에 김밥이랑 먹으니 괜찮았습니다 김밥 기계로 컷팅 된 전복김밥 9등분으로 나눠썰어져있고 참기름이 발라져있습니다 통깨는 듬뿍 ! 양씨네제주전복김밥전문점 전복김밥구성은 밥 전복 구성입니다 전복 내장을 넣어서 만든 전복김밥 밥과 전복이 들어가있습니다 색이 희미해서 전복 내장맛이 느껴질까?했는데 내장맛이 은은하게 느껴지고 간은 약간 쎈 편인데 다른부재료들이없고 단지 밥과 전복만 먹어야하니 이 정도 간은 되어야한다고 생각이드네요 전복 내장의 비린맛도 없고 전복 자체가...\n1.27.화\n2026년 1월 27일 화요일\n이미지 수\n19\n로딩중\n알고 계신 정보와 다른 정보가 있나요?\n사진으로 간단하게 제보해 주세요.\n정보 수정 제안하기""}, {""title"": ""관련 링크1"", ""body"": ""식신에서 보기\n이용약관고객센터리뷰운영정책신고센터\n네이버""}]"
117,117,마음에온,"카페, 디저트",제주 제주시 칠성로길 29-1 1층 마음에온,,33.5145629,126.5259358,,,https://naver.me/F9N44aAo,226-78-00256,칠성로,success,1_naver_link,naver_link place_id=1137456161,0.5,naver_place,https://map.naver.com/p/entry/place/1137456161,https://map.naver.com/p/entry/place/1137456161,https://pcmap.place.naver.com/place/1137456161/home,1137456161,마음에온,"카페,디저트",,독특한 청보리라떼의 매력적인 풍미,제주 제주시 칠성로길 29-1 1층 마음에온,제주 제주시 일도일동 1301-4,칠성로길 29-1 | 칠성로길의 로드샵안에 위치하고있어 조금떨어진 무료주차장 혹은 유료주차장을 이용하시여 편안한 마음으로 방문해주세요^^ |  | 가까운 유료주차장 |  | 1. 관덕로 13길 13 - 칠성상가 제1공영 주차장 |  | 2.제주시 일도1동 1230-5 - 북수구 공영 주차장 |  | 가까운 무료주차장 | 1.제주탑동광장 근처 | (광장부근에 주차구역은 전부 무료입니다) |  | 2.일도1동 복지회관 앞 주차장 | 제주 제주시 중앙로7길 21,,http://www.instagram.com/oncafe0707,33.5145656,126.5259315,월 10:00 - 20:00,영업 중,19:30에 라스트오더 | 19시 30분에 라스트오더 | 19:30 라스트오더,"{""목"": {""open"": ""10:00 - 20:00""}, ""금"": {""open"": ""10:00 - 20:00""}, ""토"": {""open"": ""10:00 - 20:00""}, ""일"": {""open"": ""10:00 - 20:00""}, ""월"": {""open"": ""10:00 - 20:00""}, ""화"": {""open"": ""정기휴무 (매주 화요일)""}, ""수"": {""open"": ""10:00 - 20:00""}}",영업 중 | 19:30에 라스트오더 | 19시 30분에 라스트오더 | 목 | 10:00 - 20:00 | 19:30 라스트오더 | 금 | 10:00 - 20:00 | 19:30 라스트오더 | 토 | 10:00 - 20:00 | 19:30 라스트오더 | 일 | 10:00 - 20:00 | 19:30 라스트오더 | 월 | 10:00 - 20:00 | 19:30 라스트오더 | 화 | 정기휴무 (매주 화요일) | 수 | 10:00 - 20:00 | 19:30 라스트오더 | 09/25 추석 휴무 | 접기,반려동물 동반|포장|무선 인터넷,"제주시 칠성로 내에 자리잡고 있는 한옥카페 마음에 온입니다.
한옥건물의 아름다움속에서 편하게 힐링하고 가셨으면 합니다.

저희가게를 방문하는 모든이에게 따뜻함을 선물하고 싶습니다.
감사합니다.","사용자들의 리뷰를 바탕으로 요약했습니다. |  | 마음에온은 제주 도심 속 고즈넉한 한옥 카페로, 다양한 디저트와 음료가 매력적인 공간입니다. | 예봄쓰 | +2 | 치즈곶감말이와 청보리라떼가 인기 메뉴이며, 한옥의 아늑한 분위기와 조화를 이룹니다. | 혜테 | +1 | 내부는 자연친화적인 인테리어로 꾸며져 있어 힐링하기 좋으며, 단체석과 2인석 등 다양한 좌석이 마련되어 있습니다. | iloveujust- | +2 | 사장님의 친절한 안내와 함께 메뉴를 즐길 수 있습니다. | 제주에 | +2",,,,,,치즈곶감말이|칠성라떼|얼그레이 파운드 케잌|곶감단지|쫀득쫀득약과|아메리카노|오미자에이드|백향과차|식혜&약과,"마음에온|카페,디저트|제주 제주시 칠성로길 29-1 1층 마음에온|제주 제주시 일도일동 1301-4|월 10:00 - 20:00|치즈곶감말이|칠성라떼|얼그레이 파운드 케잌|곶감단지|쫀득쫀득약과|아메리카노|오미자에이드|백향과차|식혜&약과|독특한 청보리라떼의 매력적인 풍미|반려동물 동반|포장|무선 인터넷|인테리어가 멋져요|디저트가 맛있어요|커피가 맛있어요|음료가 맛있어요|특별한 메뉴가 있어요|친절해요|사진이 잘 나와요|대화하기 좋아요|뷰가 좋아요|매장이 청결해요","[""마음에온"", ""카페,디저트"", ""제주 제주시 칠성로길 29-1 1층 마음에온"", ""제주 제주시 일도일동 1301-4"", ""월 10:00 - 20:00"", ""치즈곶감말이"", ""칠성라떼"", ""얼그레이 파운드 케잌"", ""곶감단지"", ""쫀득쫀득약과"", ""아메리카노"", ""오미자에이드"", ""백향과차"", ""식혜&약과"", ""독특한 청보리라떼의 매력적인 풍미"", ""반려동물 동반"", ""포장"", ""무선 인터넷"", ""인테리어가 멋져요"", ""디저트가 맛있어요"", ""커피가 맛있어요"", ""음료가 맛있어요"", ""특별한 메뉴가 있어요"", ""친절해요"", ""사진이 잘 나와요"", ""대화하기 좋아요"", ""뷰가 좋아요"", ""매장이 청결해요""]","{""name"": [""마음에온""], ""category"": [""카페,디저트""], ""address"": [""제주 제주시 칠성로길 29-1 1층 마음에온"", ""제주 제주시 일도일동 1301-4""], ""hours"": [""월 10:00 - 20:00""], ""menus"": [""치즈곶감말이"", ""칠성라떼"", ""얼그레이 파운드 케잌"", ""곶감단지"", ""쫀득쫀득약과"", ""아메리카노"", ""오미자에이드"", ""백향과차"", ""식혜&약과""], ""slogan"": [""독특한 청보리라떼의 매력적인 풍미""], ""conveniences"": [""반려동물 동반"", ""포장"", ""무선 인터넷""], ""visitor_keywords"": [""인테리어가 멋져요"", ""디저트가 맛있어요"", ""커피가 맛있어요"", ""음료가 맛있어요"", ""특별한 메뉴가 있어요"", ""친절해요"", ""사진이 잘 나와요"", ""대화하기 좋아요"", ""뷰가 좋아요"", ""매장이 청결해요""]}",https://naver.me/F9N44aAo,,"[""마음에온\n임시휴무하계 휴가 휴무안내\n안녕하세요~\n저희 이번여름 일찍 휴가를 가게 되었어요!\n방문해주시는분들 착오없으시길바랍니다!\n항상감사드립니다!\n더보기\n기간\n2026.06.02. ~ 2026.06.05.\n좋아요\n2026.05.31.\n2026년 5월 31일"", ""마음에온\n알림정기 휴무일 관련\n금주부터 매주화요일 정기휴무일로 지정하였습니다\n방문시에 착오없으시길 바래요!\n좋아요\n2025.11.17.\n2025년 11월 17일"", ""마음에온\n임시휴무임시휴무공지\n개인적인 사정으로 하루쉬어갑니다 ㅠㅠ\n죄송합니다\n기간\n2025.11.04.\n좋아요\n2025.11.04.\n2025년 11월 4일""]",,"[{""keyword"": ""인테리어가 멋져요"", ""count"": ""607""}, {""keyword"": ""디저트가 맛있어요"", ""count"": ""455""}, {""keyword"": ""커피가 맛있어요"", ""count"": ""424""}, {""keyword"": ""음료가 맛있어요"", ""count"": ""372""}, {""keyword"": ""특별한 메뉴가 있어요"", ""count"": ""332""}, {""keyword"": ""친절해요"", ""count"": ""326""}, {""keyword"": ""사진이 잘 나와요"", ""count"": ""306""}, {""keyword"": ""대화하기 좋아요"", ""count"": ""167""}, {""keyword"": ""뷰가 좋아요"", ""count"": ""125""}, {""keyword"": ""매장이 청결해요"", ""count"": ""116""}]","[{""title"": ""소개"", ""body"": ""제주시 칠성로 내에 자리잡고 있는 한옥카페 마음에 온입니다.\n한옥건물의 아름다움속에서 편하게 힐링하고 가셨으면 합니다.\n\n저희가게를 방문하는 모든이에게 따뜻함을 선물하고 싶습니다.\n감사합니다.""}, {""title"": ""편의시설 및 서비스"", ""body"": ""포장\n무선 인터넷""}, {""title"": ""반려동물 동반"", ""body"": ""반려동물 동반 가능""}, {""title"": ""주차"", ""body"": ""주차 불가\n무료주차 1.제주탑동광장 근처 (광장부근에 주차구역은 전부 무료입니다^^) 유료주차장 1.칠성상가 제1공영주차장 - 관덕로13길 13 (저희매장과 제일가까움) 2.북수구 공영 주차장 - 제주시 일도1동 1230-5 3.제일주차빌딩 공영 주차장 - 제주시 관덕로15길 3\n내용 더보기""}, {""title"": ""결제수단"", ""body"": ""지역화폐 (카드형)\n지역화폐 (지류형)\n제로페이\n네이버페이""}, {""title"": ""SNS"", ""body"": ""인스타그램\nhttp://www.instagram.com/oncafe0707\n알고 계신 정보와 다른 정보가 있나요?\n사진으로 간단하게 제보해 주세요.\n정보 수정 제안하기\n이용약관고객센터리뷰운영정책신고센터\n네이버""}]"
118,118,카페관덕,"카페, 디저트",제주 제주시 관덕로 41 1층 카페,,33.5134116,126.5237733,,,https://naver.me/5KbXewN4,461-45-00128,칠성로,success,1_naver_link,naver_link place_id=1831647719,2.1,naver_place,https://map.naver.com/p/entry/place/1831647719,https://map.naver.com/p/entry/place/1831647719,https://pcmap.place.naver.com/place/1831647719/home,1831647719,카페관덕,브런치카페,,신선한 해물이 가득한 칼칼한 해물라면,제주 제주시 관덕로 41 1층 카페,제주 제주시 일도일동 1416-1,"주차는 주변 공영주차장을 이용 부탁드립니다. | 주차에 불편을 드리는 만큼, 맛과 정성으로 모시겠습니다.",,,33.5133949,126.523763,09:00 - 23:00,영업 중,,"{""매일"": {""open"": ""09:00 - 23:00""}}",영업 중 | 23:00에 영업 종료 | 23시 0분에 영업 종료 | 매일 | 09:00 - 23:00 | 접기,단체 이용 가능|무선 인터넷|남/녀 화장실 구분|예약|간편결제|주차,"관덕정 옆 카페관덕입니다. 비빔밥카페 컨셉으로 업그레이드한 카페입니다. 대한민국의 대표음식 비빔밥을 수년 간 연구해오고, 모든 재료에 효소로만 양념을 하여 아토피를 앓는 아이에게 매우 좋은반응과,성인들이 드셔야 하는 효소를 넣고 만든 특별한 비빔밥입니다. 주인(내)이 만든 효소 비빔밥은 당신에게 최고의 인생 맛이 될 것 임을 약속 드립니다.","사용자들의 리뷰를 바탕으로 요약했습니다. |  | 카페관덕은 제주도의 자연을 담은 건강한 메뉴가 특징인 카페입니다. | zeo**** | 감귤 주스와 효소 비빔밥, 소고기 비빔밥 등이 인기 메뉴이며, 사장님의 정성스러운 조리와 친절한 서비스가 돋보입니다. | 141**** | +1 | 원목 가구와 아늑한 분위기로 편안한 시간을 보낼 수 있으며, 직접 캐온 재료로 만든 요리는 속까지 편안하게 해줍니다. | 감자전84 | +1",,,,,,감귤이 그대로!! 감귤소스의 만남|망고 요거트/쥬스(I)|블루베리요거트/쥬스(I)|잔대(야생삼)쥬스(I)|모카라떼(H/I)|바닐라/모카라떼(H/I)|진한커피향이 그대로 카페라떼(H/I)|청귤/레몬에이드(H/I)|과일 고추장 양념과의 콜라보 비빔국수|효소비빔밥(소고기볶음토핑)|효소채소비빔밥(계란후라이토핑)|제주산 고사리 비빔밥(고사리토핑)|용궁(꽃게+전복)해물라면(노스프),카페관덕|브런치카페|제주 제주시 관덕로 41 1층 카페|제주 제주시 일도일동 1416-1|09:00 - 23:00|감귤이 그대로!! 감귤소스의 만남|망고 요거트/쥬스(I)|블루베리요거트/쥬스(I)|잔대(야생삼)쥬스(I)|모카라떼(H/I)|바닐라/모카라떼(H/I)|진한커피향이 그대로 카페라떼(H/I)|청귤/레몬에이드(H/I)|과일 고추장 양념과의 콜라보 비빔국수|효소비빔밥(소고기볶음토핑)|효소채소비빔밥(계란후라이토핑)|제주산 고사리 비빔밥(고사리토핑)|용궁(꽃게+전복)해물라면(노스프)|신선한 해물이 가득한 칼칼한 해물라면|단체 이용 가능|무선 인터넷|남/녀 화장실 구분|간편결제|주차|특별한 메뉴가 있어요|음식이 맛있어요|친절해요|가성비가 좋아요|재료가 신선해요|인테리어가 멋져요|건강한 맛이에요|음료가 맛있어요|대화하기 좋아요|커피가 맛있어요,"[""카페관덕"", ""브런치카페"", ""제주 제주시 관덕로 41 1층 카페"", ""제주 제주시 일도일동 1416-1"", ""09:00 - 23:00"", ""감귤이 그대로!! 감귤소스의 만남"", ""망고 요거트/쥬스(I)"", ""블루베리요거트/쥬스(I)"", ""잔대(야생삼)쥬스(I)"", ""모카라떼(H/I)"", ""바닐라/모카라떼(H/I)"", ""진한커피향이 그대로 카페라떼(H/I)"", ""청귤/레몬에이드(H/I)"", ""과일 고추장 양념과의 콜라보 비빔국수"", ""효소비빔밥(소고기볶음토핑)"", ""효소채소비빔밥(계란후라이토핑)"", ""제주산 고사리 비빔밥(고사리토핑)"", ""용궁(꽃게+전복)해물라면(노스프)"", ""신선한 해물이 가득한 칼칼한 해물라면"", ""단체 이용 가능"", ""무선 인터넷"", ""남/녀 화장실 구분"", ""간편결제"", ""주차"", ""특별한 메뉴가 있어요"", ""음식이 맛있어요"", ""친절해요"", ""가성비가 좋아요"", ""재료가 신선해요"", ""인테리어가 멋져요"", ""건강한 맛이에요"", ""음료가 맛있어요"", ""대화하기 좋아요"", ""커피가 맛있어요""]","{""name"": [""카페관덕""], ""category"": [""브런치카페""], ""address"": [""제주 제주시 관덕로 41 1층 카페"", ""제주 제주시 일도일동 1416-1""], ""hours"": [""09:00 - 23:00""], ""menus"": [""감귤이 그대로!! 감귤소스의 만남"", ""망고 요거트/쥬스(I)"", ""블루베리요거트/쥬스(I)"", ""잔대(야생삼)쥬스(I)"", ""모카라떼(H/I)"", ""바닐라/모카라떼(H/I)"", ""진한커피향이 그대로 카페라떼(H/I)"", ""청귤/레몬에이드(H/I)"", ""과일 고추장 양념과의 콜라보 비빔국수"", ""효소비빔밥(소고기볶음토핑)"", ""효소채소비빔밥(계란후라이토핑)"", ""제주산 고사리 비빔밥(고사리토핑)"", ""용궁(꽃게+전복)해물라면(노스프)""], ""slogan"": [""신선한 해물이 가득한 칼칼한 해물라면""], ""conveniences"": [""단체 이용 가능"", ""무선 인터넷"", ""남/녀 화장실 구분"", ""간편결제"", ""주차""], ""visitor_keywords"": [""특별한 메뉴가 있어요"", ""음식이 맛있어요"", ""친절해요"", ""가성비가 좋아요"", ""재료가 신선해요"", ""인테리어가 멋져요"", ""건강한 맛이에요"", ""음료가 맛있어요"", ""대화하기 좋아요"", ""커피가 맛있어요""]}",https://naver.me/5KbXewN4,,"[""카페관덕\n다음\n알림“과일의 달콤함, 고추장의 매콤함! 신비빔국수 출시!” 8,000원/그릇\n“입안 가득 상큼·매콤·달콤, 과일 고추장 비빔국수”\n“여름엔 시원하게! 과일 고추장 비빔국수로 맛있게 쿨다운”\n“한 그릇에 담은 과일의 신선함과 매콤한 즐거움”\n“비빔국수의 새로운 혁명, 과일 고추장 양념으로 완성하다”\n더보기\n좋아요\n2026.06.19.\n2026년 6월 19일"", ""카페관덕\n다음\nNEW제주 산 김귤냉면 신 출시했습니다! \""여름기한 한정\""\n올여름, 역대급 시원함이 찾아옵니다!\n오직 2026년 여름에만 만날 수 있는 한정 메뉴, [밀감냉면] 출시!\n살얼음 동동 띄운 시원한 육수에 상큼한 밀감의 과즙이 팡팡!\n무더위를 싹 날려버릴 상큼 달콤한 유혹에 빠져보세요. 🍊✨\n더보기\n좋아요\n2026.06.06.\n2026년 6월 6일"", ""카페관덕\n알림모닝커피와 한라봉 토스트 3,900원으로 여러분의 아침을 시작하세요!!\n아침 08시반 부터~11시까지 모닝커피와 직접만든(수작)한라봉 토스트로\n아침을 시작하세요!! (따뜻한 커피로 변경 가능합니다)\n좋아요\n2026.04.01.\n2026년 4월 1일""]",,"[{""keyword"": ""특별한 메뉴가 있어요"", ""count"": ""40""}, {""keyword"": ""음식이 맛있어요"", ""count"": ""26""}, {""keyword"": ""친절해요"", ""count"": ""26""}, {""keyword"": ""가성비가 좋아요"", ""count"": ""22""}, {""keyword"": ""재료가 신선해요"", ""count"": ""17""}, {""keyword"": ""인테리어가 멋져요"", ""count"": ""16""}, {""keyword"": ""건강한 맛이에요"", ""count"": ""13""}, {""keyword"": ""음료가 맛있어요"", ""count"": ""12""}, {""keyword"": ""대화하기 좋아요"", ""count"": ""12""}, {""keyword"": ""커피가 맛있어요"", ""count"": ""11""}]","[{""title"": ""소개"", ""body"": ""관덕정 옆 카페관덕입니다. 비빔밥카페 컨셉으로 업그레이드한 카페입니다. 대한민국의 대표음식 비빔밥을 수년 간 연구해오고, 모든 재료에 효소로만 양념을 하여 아토피를 앓는 아이에게 매우 좋은반응과,성인들이 드셔야 하는 효소를 넣고 만든 특별한 비빔밥입니다. 주인(내)이 만든 효소 비빔밥은 당신에게 최고의 인생 맛이 될 것 임을 약속 드립니다.""}, {""title"": ""편의시설 및 서비스"", ""body"": ""키즈메뉴\n생일/기념일 혜택\n단체 이용 가능\n무선 인터넷\n남/녀 화장실 구분\n예약\n출입구 휠체어 이용가능\n좌석 휠체어 이용가능""}, {""title"": ""주류 및 콜키지"", ""body"": ""콜키지 가능\n와인무료 (최대 1병)\n전통주무료 (최대 1병)\n콜키지는 무료이지만, 와인잔은 제공되지 않는다는 점 양해바랍니다. 콜키지와인(주류)를 드실경우, 안주1개 이상 주문필수입니다. 감사합니다 -주인백-""}, {""title"": ""주차"", ""body"": ""주차가능\n무료\n제주시 일도일동 1401-7로 찍고, 오세요! 밤6시 이후 파킹 가능하지만 자리가 없을 수 도 있습니다.""}, {""title"": ""좌석·공간"", ""body"": ""대관 가능\n빔-프로젝터가 구비되어 있습니다!! 다과 세미나 공간으로 이용해보세요! 공간대여비는 무료입니다.(3시간) *인 1음료 주문* 부탁드립니다.\n단체석\n최소 5명 ~ 최대 30명\n좌식""}, {""title"": ""결제수단"", ""body"": ""지역화폐 (카드형)\n간편결제\n알고 계신 정보와 다른 정보가 있나요?\n사진으로 간단하게 제보해 주세요.\n정보 수정 제안하기\n이용약관고객센터리뷰운영정책신고센터\n네이버""}]"
119,119,맛짱,음식점,제주 제주시 중앙로5길 11,,33.5153795,126.5259175,0507-1302-5226,,https://naver.me/F3Y056zt,273-53-00303,칠성로,success,1_naver_link,naver_link place_id=20362056,5.0,naver_place,https://map.naver.com/p/entry/place/20362056,https://map.naver.com/p/entry/place/20362056,https://pcmap.place.naver.com/place/20362056/home,20362056,맛짱,닭갈비,,,제주 제주시 중앙로5길 11,제주 제주시 일도일동 1276-19,,,,33.5153849,126.5259715,영업 중,영업 중,,{},영업 중,단체 이용 가능|포장|예약|유아의자|주차,"닭갈비, 치즈 닭갈비, 부대찌개",,,,,,,치즈닭갈비|부대찌개|닭갈비|후라이드치킨|닭도리탕,맛짱|닭갈비|제주 제주시 중앙로5길 11|제주 제주시 일도일동 1276-19|영업 중|치즈닭갈비|부대찌개|후라이드치킨|닭도리탕|단체 이용 가능|포장|유아의자|주차|음식이 맛있어요|친절해요|가성비가 좋아요|양이 많아요|특별한 메뉴가 있어요|매장이 넓어요|단체모임 하기 좋아요|인테리어가 멋져요|직접 잘 구워줘요|화장실이 깨끗해요,"[""맛짱"", ""닭갈비"", ""제주 제주시 중앙로5길 11"", ""제주 제주시 일도일동 1276-19"", ""영업 중"", ""치즈닭갈비"", ""부대찌개"", ""후라이드치킨"", ""닭도리탕"", ""단체 이용 가능"", ""포장"", ""유아의자"", ""주차"", ""음식이 맛있어요"", ""친절해요"", ""가성비가 좋아요"", ""양이 많아요"", ""특별한 메뉴가 있어요"", ""매장이 넓어요"", ""단체모임 하기 좋아요"", ""인테리어가 멋져요"", ""직접 잘 구워줘요"", ""화장실이 깨끗해요""]","{""name"": [""맛짱""], ""category"": [""닭갈비""], ""address"": [""제주 제주시 중앙로5길 11"", ""제주 제주시 일도일동 1276-19""], ""hours"": [""영업 중""], ""menus"": [""치즈닭갈비"", ""부대찌개"", ""닭갈비"", ""후라이드치킨"", ""닭도리탕""], ""conveniences"": [""단체 이용 가능"", ""포장"", ""유아의자"", ""주차""], ""visitor_keywords"": [""음식이 맛있어요"", ""친절해요"", ""가성비가 좋아요"", ""양이 많아요"", ""특별한 메뉴가 있어요"", ""매장이 넓어요"", ""단체모임 하기 좋아요"", ""인테리어가 멋져요"", ""직접 잘 구워줘요"", ""화장실이 깨끗해요""]}",https://naver.me/F3Y056zt,,"[""맛짱\n알림네이버 보고 왔다고 말해주시면\""음료 서비스\""\n2명\n2020.12.15.\n2020년 12월 15일""]",,"[{""keyword"": ""음식이 맛있어요"", ""count"": ""15""}, {""keyword"": ""친절해요"", ""count"": ""14""}, {""keyword"": ""가성비가 좋아요"", ""count"": ""12""}, {""keyword"": ""양이 많아요"", ""count"": ""7""}, {""keyword"": ""특별한 메뉴가 있어요"", ""count"": ""4""}, {""keyword"": ""매장이 넓어요"", ""count"": ""3""}, {""keyword"": ""단체모임 하기 좋아요"", ""count"": ""3""}, {""keyword"": ""인테리어가 멋져요"", ""count"": ""2""}, {""keyword"": ""직접 잘 구워줘요"", ""count"": ""2""}, {""keyword"": ""화장실이 깨끗해요"", ""count"": ""2""}]","[{""title"": ""소개"", ""body"": ""닭갈비, 치즈 닭갈비, 부대찌개""}, {""title"": ""편의시설 및 서비스"", ""body"": ""단체 이용 가능\n포장\n예약\n유아의자""}, {""title"": ""주차"", ""body"": ""주차가능\n무료""}, {""title"": ""결제수단"", ""body"": ""지역화폐 (지류형)\n지역화폐 (카드형)\n제로페이\n알고 계신 정보와 다른 정보가 있나요?\n사진으로 간단하게 제보해 주세요.\n정보 수정 제안하기\n이용약관고객센터리뷰운영정책신고센터\n네이버""}]"
120,120,빠쑌삼춘,쇼핑,제주 제주시 관덕로13길 11,,33.5140562,126.5259087,,,https://naver.me/FGEwE7Lj,637-09-03025,칠성로,success,1_naver_link,naver_link place_id=2093975837,1.8,naver_place,https://map.naver.com/p/entry/place/2093975837,https://map.naver.com/p/entry/place/2093975837,https://pcmap.place.naver.com/place/2093975837/home,2093975837,빠쑌삼춘,남성의류,,,제주 제주시 관덕로13길 11,제주 제주시 일도일동 1348-2,,,,33.5140671,126.5258946,10:00 - 22:00,영업 중,,"{""매일"": {""open"": ""10:00 - 22:00""}}",영업 중 | 22:00에 영업 종료 | 22시 0분에 영업 종료 | 매일 | 10:00 - 22:00 | 접기,,"잼잼제주
제주토박이의 제주노상여행 제주애견동반여행
오징어게임 배우가 운영하는 제주 칠성통 힙한 옷가게 빠쑌삼춘
제주 시내에서 가장 활기찬 거리 중 하나인 칠성통 골목을 걷다 보면, 요즘 유독 눈에 띄는 힙한 옷가게 하나가 있습니다. 처음엔 감각적인 외관 때문에 발걸음이 멈췄는데, 알고 보니 이곳의 사장님이 바로 제주 출신 배우 김하영 이라는 사실! 넷플릭스 화제작 오징어 게임에 출연했던 배우가 제주 칠성통 골목에서 직접 운영하는 편집숍이라니, 이색적인 스토리만으로도 이미 궁금증이 생기는 곳입니다. 빠쑌삼춘 제주시 관덕로13길 11 10:00-22:00 010-****-**** 바로 제주 칠성통에 자리한 힙한 옷가게 빠쑌삼춘 이야기입니다. 배우 활동을 하면서도 자신만의 감각을 담아 만든 공간이라고 하는데, 그래서인지 빠쑌삼춘의 분위기부터 남다른 느낌이 들었습니다. 가게 안으로 들어가 보니 전체적인 분위기가 정말 ‘힙하다’는 말이 딱 어울립니다. 요즘 트렌디한 스트릿 감성이 자연스럽게 녹아 있는 공간이라 옷 구경하는 재미가 쏠쏠하더라고요. 빠쑌삼춘 매장은 화려하게 꾸민 느낌보다는 패션 좋아하는 사람들이 모여드는 감각적인 편집숍 분위기라 더 매력적으로 다가왔습니다. 벽면마다 개성 있는 아이템들이 깔끔하게 진열되어 있고, 옷 하나하나가 스타일이 확실해서 그냥 지나치기 어려운 것들이 많았습니다. 특히 빠쑌삼춘의 장점은 스타일에 비해 가격이 생각보다 부담 없다는 점입니다. 보통 이런 힙한 편집숍에 들어가면 가격대가 꽤 높을 것 같다는 선입견이 있는데, 이곳은 29,000원대부터 시작하는 아이템들이 있어서 부담 없이 쇼핑하기 좋습니다. 기본 티셔츠부터 감각적인 셔츠, 스트릿 무드의 아우터, 아기자기한 소품까지 다양하게 준비되어 있어 구경하다 보면 어느새 옷을 한두 개 집어 들게 되더라고요. 옷들의 분위기는 전체적으로 스트릿 감성과 캐주얼 무드가 잘 섞여 있습니다. 너무 과하게 튀지 않으면서도 포인트가 되는 디자인들이 많아서 평소 데일리룩으로 입기에도 좋고, 여행 와서 기념으로 하나 사가기에도 괜찮겠다는 생각이 들었습니다. 칠성통은 원래도 제주에서 쇼핑하기 좋은 골목으로 알려져 있지만, 이렇게 개성 있는 로컬 편집숍이 생기면서 분위기가 더 살아나는 느낌입니다. 배우가 운영하는 공간이라는 재미있는 스토리도 있지만, 무엇보다 옷 자체가 감각적이고 가격도 부담 없어서 구경하는 재미가 꽤 쏠쏠한 곳이었거든요. 제주 여행 중 색다른 쇼핑을 찾고 있다면 빠쑌삼춘에 한 번 들러보세요.
3.9.월
2026년 3월 9일 월요일
이미지 수
16
하영대마왕
제주 빠쑌삼춘 옷가게
제주 빠쑌삼춘 옷가게
제주 빠쑌삼춘 옷가게 입니다 오신분들께 패션을 입혀드린다는게 얼마나 기쁜일인지 모릅니다 관덕로13길11 1층103호 빠쑌삼춘 많이들 구경하세요 저희 빠쑌삼춘 옷가게 많이들 구경 와 주세요 제주 관덕로13길11 1층103호 입니다
1.31.토
2026년 1월 31일 토요일
동영상
로딩중
알고 계신 정보와 다른 정보가 있나요?
사진으로 간단하게 제보해 주세요.
정보 수정 제안하기
이용약관고객센터리뷰운영정책신고센터
네이버",,,,,,,,빠쑌삼춘|남성의류|제주 제주시 관덕로13길 11|제주 제주시 일도일동 1348-2|10:00 - 22:00,"[""빠쑌삼춘"", ""남성의류"", ""제주 제주시 관덕로13길 11"", ""제주 제주시 일도일동 1348-2"", ""10:00 - 22:00""]","{""name"": [""빠쑌삼춘""], ""category"": [""남성의류""], ""address"": [""제주 제주시 관덕로13길 11"", ""제주 제주시 일도일동 1348-2""], ""hours"": [""10:00 - 22:00""]}",https://naver.me/FGEwE7Lj,,"[""빠쑌삼춘\n동영상\n알림빠쑌삼춘 옷가게 입니다 제주 칠성통 에 자리하고 있어요 많이 구경오세요\n신상 많이 나왔습니다 많이 구경오세요\n네이버지도-빠쑌삼춘 검색해서 오시면 됩니다\n가격도 타 보세옷들 보다 저렴하고 고퀄리티를 자랑합니다 많이들 구경 오세요\n1명\n2026.01.06.\n2026년 1월 6일"", ""빠쑌삼춘\n동영상\n알림제주 빠쑌삼춘 보세 옷가게 입니다\n저희 빠쑌삼춘 옷가게는 해바라기분식집 옆에 자리하고 있으며 보세매장 중 가장 저렴하고 퀄리티 높은제품으로 손님들에게도 인기가 있습니다\n저희 빠쑌삼춘 내부랑외부를 안내 영상으로 보여드리겠습니다\n1명\n2026.01.04.\n2026년 1월 4일"", ""빠쑌삼춘\n동영상\n알림제주 칠성통 신 해바라기 분식점 옆에 위치하고 있는 빠쑌삼춘 옷가게입니다\n네이버 통해서 오신분들 반지 하나씩 드릴게요\n많이들 찾아 와 주세요\n빠쑌삼춘 찾아와 주세요\n기간\n2026.01.04. ~ 2026.01.31.\n1명\n2026.01.04.\n2026년 1월 4일""]",,,"[{""title"": ""클립"", ""body"": ""하영대마왕""}, {""title"": ""블로그 리뷰2"", ""body"": ""잼잼제주\n제주토박이의 제주노상여행 제주애견동반여행\n오징어게임 배우가 운영하는 제주 칠성통 힙한 옷가게 빠쑌삼춘\n제주 시내에서 가장 활기찬 거리 중 하나인 칠성통 골목을 걷다 보면, 요즘 유독 눈에 띄는 힙한 옷가게 하나가 있습니다. 처음엔 감각적인 외관 때문에 발걸음이 멈췄는데, 알고 보니 이곳의 사장님이 바로 제주 출신 배우 김하영 이라는 사실! 넷플릭스 화제작 오징어 게임에 출연했던 배우가 제주 칠성통 골목에서 직접 운영하는 편집숍이라니, 이색적인 스토리만으로도 이미 궁금증이 생기는 곳입니다. 빠쑌삼춘 제주시 관덕로13길 11 10:00-22:00 010-****-**** 바로 제주 칠성통에 자리한 힙한 옷가게 빠쑌삼춘 이야기입니다. 배우 활동을 하면서도 자신만의 감각을 담아 만든 공간이라고 하는데, 그래서인지 빠쑌삼춘의 분위기부터 남다른 느낌이 들었습니다. 가게 안으로 들어가 보니 전체적인 분위기가 정말 ‘힙하다’는 말이 딱 어울립니다. 요즘 트렌디한 스트릿 감성이 자연스럽게 녹아 있는 공간이라 옷 구경하는 재미가 쏠쏠하더라고요. 빠쑌삼춘 매장은 화려하게 꾸민 느낌보다는 패션 좋아하는 사람들이 모여드는 감각적인 편집숍 분위기라 더 매력적으로 다가왔습니다. 벽면마다 개성 있는 아이템들이 깔끔하게 진열되어 있고, 옷 하나하나가 스타일이 확실해서 그냥 지나치기 어려운 것들이 많았습니다. 특히 빠쑌삼춘의 장점은 스타일에 비해 가격이 생각보다 부담 없다는 점입니다. 보통 이런 힙한 편집숍에 들어가면 가격대가 꽤 높을 것 같다는 선입견이 있는데, 이곳은 29,000원대부터 시작하는 아이템들이 있어서 부담 없이 쇼핑하기 좋습니다. 기본 티셔츠부터 감각적인 셔츠, 스트릿 무드의 아우터, 아기자기한 소품까지 다양하게 준비되어 있어 구경하다 보면 어느새 옷을 한두 개 집어 들게 되더라고요. 옷들의 분위기는 전체적으로 스트릿 감성과 캐주얼 무드가 잘 섞여 있습니다. 너무 과하게 튀지 않으면서도 포인트가 되는 디자인들이 많아서 평소 데일리룩으로 입기에도 좋고, 여행 와서 기념으로 하나 사가기에도 괜찮겠다는 생각이 들었습니다. 칠성통은 원래도 제주에서 쇼핑하기 좋은 골목으로 알려져 있지만, 이렇게 개성 있는 로컬 편집숍이 생기면서 분위기가 더 살아나는 느낌입니다. 배우가 운영하는 공간이라는 재미있는 스토리도 있지만, 무엇보다 옷 자체가 감각적이고 가격도 부담 없어서 구경하는 재미가 꽤 쏠쏠한 곳이었거든요. 제주 여행 중 색다른 쇼핑을 찾고 있다면 빠쑌삼춘에 한 번 들러보세요.\n3.9.월\n2026년 3월 9일 월요일\n이미지 수\n16\n하영대마왕\n제주 빠쑌삼춘 옷가게\n제주 빠쑌삼춘 옷가게\n제주 빠쑌삼춘 옷가게 입니다 오신분들께 패션을 입혀드린다는게 얼마나 기쁜일인지 모릅니다 관덕로13길11 1층103호 빠쑌삼춘 많이들 구경하세요 저희 빠쑌삼춘 옷가게 많이들 구경 와 주세요 제주 관덕로13길11 1층103호 입니다\n1.31.토\n2026년 1월 31일 토요일\n동영상\n로딩중\n알고 계신 정보와 다른 정보가 있나요?\n사진으로 간단하게 제보해 주세요.\n정보 수정 제안하기\n이용약관고객센터리뷰운영정책신고센터\n네이버""}]"
121,121,유행통신,쇼핑,제주 제주시 일도일동 관덕로13길 11,,33.5140662,126.5258912,,,https://naver.me/x5mZm2e0,664-62-00739,칠성로,success,1_naver_link,naver_link place_id=1403040254,2.7,naver_place,https://map.naver.com/p/entry/place/1403040254,https://map.naver.com/p/entry/place/1403040254,https://pcmap.place.naver.com/place/1403040254/home,1403040254,유행통신,여성의류,,,제주 제주시 일도일동 관덕로13길 11,제주 제주시 일도일동 1348-2,,,,33.514042,126.5258922,,,,{},정보 수정,,,,,,,,,,유행통신|여성의류|제주 제주시 일도일동 관덕로13길 11|제주 제주시 일도일동 1348-2,"[""유행통신"", ""여성의류"", ""제주 제주시 일도일동 관덕로13길 11"", ""제주 제주시 일도일동 1348-2""]","{""name"": [""유행통신""], ""category"": [""여성의류""], ""address"": [""제주 제주시 일도일동 관덕로13길 11"", ""제주 제주시 일도일동 1348-2""]}",https://naver.me/x5mZm2e0,,,,,"[{""title"": ""방문자 리뷰1"", ""body"": ""알고 계신 정보와 다른 정보가 있나요?\n사진으로 간단하게 제보해 주세요.\n정보 수정 제안하기\n이용약관고객센터리뷰운영정책신고센터\n네이버""}]"
122,122,제주조개칼국수,음식점,제주 제주시 관덕로15길 11-1 제주조개칼국수 (1층),,33.5142361,126.5266002,064-723-8777,,https://naver.me/Gsj28NCl,346-44-01097,칠성로,success,1_naver_link,naver_link place_id=1355582216,1.1,naver_place,https://map.naver.com/p/entry/place/1355582216,https://map.naver.com/p/entry/place/1355582216,https://pcmap.place.naver.com/place/1355582216/home,1355582216,제주조개칼국수,"칼국수,만두",,갈비만두와 함께하는 달콤한 마무리,제주 제주시 관덕로15길 11-1 제주조개칼국수 (1층),제주 제주시 일도일동 1335-2,제주시 관덕로 15길 11-1 (1층) | 제주조개칼국수,064-723-8777,https://www.instagram.com/jejujogaekalguksu?igshid=YmMyMTA2M2Y=,33.5142417,126.5266098,월 11:00 - 22:00,영업 중,21:00 라스트오더,"{""목"": {""open"": ""11:00 - 22:00""}, ""금"": {""open"": ""11:00 - 22:00""}, ""토"": {""open"": ""11:00 - 22:00""}, ""일"": {""open"": ""11:00 - 22:00""}, ""월"": {""open"": ""11:00 - 22:00""}, ""화"": {""open"": ""정기휴무 (매주 화요일)""}, ""수"": {""open"": ""11:00 - 22:00""}}",영업 중 | 15:00에 브레이크타임 | 15시 0분에 브레이크타임 | 목 | 11:00 - 22:00 | 15:00 - 17:00 브레이크타임 | 21:00 라스트오더 | 금 | 11:00 - 22:00 | 15:00 - 17:00 브레이크타임 | 21:00 라스트오더 | 토 | 11:00 - 22:00 | 15:00 - 17:00 브레이크타임 | 21:00 라스트오더 | 일 | 11:00 - 22:00 | 15:00 - 17:00 브레이크타임 | 21:00 라스트오더 | 월 | 11:00 - 22:00 | 15:00 - 17:00 브레이크타임 | 21:00 라스트오더 | 화 | 정기휴무 (매주 화요일) | 수 | 11:00 - 22:00 | 15:00 - 17:00 브레이크타임 | 21:00 라스트오더 | 접기,,"상호명 : 제주조개칼국수

주소 : 제주시 관덕로 15길 11-1

전화 : 064-723-8777

---

영업시간
11:00 - 22:00
(라스트오더 21:00)

브레이크타임
15:00 - 17:00
(라스트오더 14:30)

휴무 : 매주 화요일

---

찾아오는 길
제주공항에서
차량으로 10분 이내

제주공항맛집

---

동문시장에서
도보로 5분

동문시장맛집

---

주차 : 근처 공영주차장 (유료, 주차권 미제공)

---
조개가 가득한
이 큰 냄비가
고객님의 마음을 채울 것입니다.

고객님의 귀중한 발걸음을
기다리고 있겠습니다.

---

감사합니다.
접기","사용자들의 리뷰를 바탕으로 요약했습니다. |  | 제주조개칼국수는 신선한 조개와 쫄깃한 자가제면이 특징인 칼국수 전문점입니다. | 미나 | +1 | 기본 조개칼국수는 깔끔한 해물 육수 맛이 일품이며, 매운 얼큰칼국수는 칼칼한 감칠맛으로 인기가 많습니다. | 고운이교정과 강원장 | +2 | 특히 조개가 푸짐하게 들어가 있어 만족스러운 식사를 할 수 있으며, 기본 찬은 셀프바에서 자유롭게 이용 가능합니다. | 솜다리 주인장 | +2",,,,,,조개칼국수|조개얼큰칼국수|조개샤브칼국수|조개샤브얼큰칼국수|조개전골(대)|조개전골[중]|만두|공기밥|음료수|막걸리|소주,"제주조개칼국수|칼국수,만두|제주 제주시 관덕로15길 11-1 제주조개칼국수 (1층)|제주 제주시 일도일동 1335-2|064-723-8777|월 11:00 - 22:00|조개칼국수|조개얼큰칼국수|조개샤브칼국수|조개샤브얼큰칼국수|조개전골(대)|조개전골[중]|만두|공기밥|음료수|막걸리|소주|갈비만두와 함께하는 달콤한 마무리|음식이 맛있어요|재료가 신선해요|양이 많아요|가성비가 좋아요|친절해요|매장이 넓어요|매장이 청결해요|특별한 메뉴가 있어요|혼밥하기 좋아요|화장실이 깨끗해요","[""제주조개칼국수"", ""칼국수,만두"", ""제주 제주시 관덕로15길 11-1 제주조개칼국수 (1층)"", ""제주 제주시 일도일동 1335-2"", ""064-723-8777"", ""월 11:00 - 22:00"", ""조개칼국수"", ""조개얼큰칼국수"", ""조개샤브칼국수"", ""조개샤브얼큰칼국수"", ""조개전골(대)"", ""조개전골[중]"", ""만두"", ""공기밥"", ""음료수"", ""막걸리"", ""소주"", ""갈비만두와 함께하는 달콤한 마무리"", ""음식이 맛있어요"", ""재료가 신선해요"", ""양이 많아요"", ""가성비가 좋아요"", ""친절해요"", ""매장이 넓어요"", ""매장이 청결해요"", ""특별한 메뉴가 있어요"", ""혼밥하기 좋아요"", ""화장실이 깨끗해요""]","{""name"": [""제주조개칼국수""], ""category"": [""칼국수,만두""], ""address"": [""제주 제주시 관덕로15길 11-1 제주조개칼국수 (1층)"", ""제주 제주시 일도일동 1335-2""], ""phone"": [""064-723-8777""], ""hours"": [""월 11:00 - 22:00""], ""menus"": [""조개칼국수"", ""조개얼큰칼국수"", ""조개샤브칼국수"", ""조개샤브얼큰칼국수"", ""조개전골(대)"", ""조개전골[중]"", ""만두"", ""공기밥"", ""음료수"", ""막걸리"", ""소주""], ""slogan"": [""갈비만두와 함께하는 달콤한 마무리""], ""visitor_keywords"": [""음식이 맛있어요"", ""재료가 신선해요"", ""양이 많아요"", ""가성비가 좋아요"", ""친절해요"", ""매장이 넓어요"", ""매장이 청결해요"", ""특별한 메뉴가 있어요"", ""혼밥하기 좋아요"", ""화장실이 깨끗해요""]}",https://naver.me/Gsj28NCl,,"[""제주조개칼국수\n알림#.##(#) 재오픈 합니다.(재료준비중)\n#.##(#)) 재료준비중으로\n##:## 재오픈 합니다.\n감사합니다.\n좋아요\n2026.04.23.\n2026년 4월 23일"", ""제주조개칼국수\n알림9.5(토) 재료소진으로 금일영업을 종료하였습니다. 감사합니다.\n9.5(토) 재료소진으로\n금일영업을 종료하였습니다.\n감사합니다.\n기간\n2026.09.05.\n좋아요\n2026.01.11.\n2026년 1월 11일"", ""제주조개칼국수\n알림제주조개칼국수 OPEN !\n안녕하십니까, 제주조개칼국수입니다.\n긴 시간 동안 잊지 않고 기다려주시며,\n마음속에 간직해 주신 고객님들께\n진심을 담아 깊은 감사의 인사를 전합니다.\n2022년, 설레는 마음으로 처음 문을 열었던\n제주조개칼국수는 여러 가지 사정으로 인해\n갑작스럽게 운영을 멈추게 되었고, 당시 따로\n인사드릴 겨를도 없이 조용히 문을 닫게 되어\n마음속 내내 아쉬움이 컸습니다.\n찾아주셨던 분들께 불편함과 아쉬움을\n드린 점, 진심으로 사과드립니다.\n그동안 부족했던 점들을 하나하나 돌아보며\n더 나은 모습으로 다시 인사드릴 수 있기를 바라는\n마음으로 조심스럽게 준비를 이어 왔습니다.\n그 결과, 2025년 6월 26일 새로운 마음가짐으로\n예전과 같은 상호, 조개와 칼국수의 프로젝트로\n일도1동에 ‘제주조개칼국수’의 문을 열게 되었습니다.\n더 깊은 마음과 정성을 담아,\n귀중한 고객님들을 맞이하고자 합니다.\n한 그릇의 조개칼국수가 지친 하루,\n소중한 일상 속에 즐거움이 될 수 있도록\n모든 음식에 진심을 담아 준비하겠습니다.\n앞으로도 늘 초심을 잃지 않고,\n변함없는 마음으로 정성껏 모시겠습니다.\n늘 건강하시고, 좋은 일만 가득하시길 기원드리며\n일도1동에 위치한 제주조개칼국수에서\n고객님의 귀중한 발걸음을 기다리겠습니다.\n감사합니다.\n- 제주조개칼국수 올림 -\n주소 : 제주시 관덕로 15길 11-1 (1층)\n더보기\n5명\n2025.06.24.\n2025년 6월 24일""]",,"[{""keyword"": ""음식이 맛있어요"", ""count"": ""298""}, {""keyword"": ""재료가 신선해요"", ""count"": ""220""}, {""keyword"": ""양이 많아요"", ""count"": ""206""}, {""keyword"": ""가성비가 좋아요"", ""count"": ""189""}, {""keyword"": ""친절해요"", ""count"": ""139""}, {""keyword"": ""매장이 넓어요"", ""count"": ""86""}, {""keyword"": ""매장이 청결해요"", ""count"": ""62""}, {""keyword"": ""특별한 메뉴가 있어요"", ""count"": ""50""}, {""keyword"": ""혼밥하기 좋아요"", ""count"": ""22""}, {""keyword"": ""화장실이 깨끗해요"", ""count"": ""10""}]","[{""title"": ""소개"", ""body"": ""상호명 : 제주조개칼국수\n\n주소 : 제주시 관덕로 15길 11-1\n\n전화 : 064-723-8777\n\n---\n\n영업시간\n11:00 - 22:00\n(라스트오더 21:00)\n\n브레이크타임\n15:00 - 17:00\n(라스트오더 14:30)\n\n휴무 : 매주 화요일\n\n---\n\n찾아오는 길\n제주공항에서\n차량으로 10분 이내\n\n제주공항맛집\n\n---\n\n동문시장에서\n도보로 5분\n\n동문시장맛집\n\n---\n\n주차 : 근처 공영주차장 (유료, 주차권 미제공)\n\n---\n조개가 가득한\n이 큰 냄비가\n고객님의 마음을 채울 것입니다.\n\n고객님의 귀중한 발걸음을\n기다리고 있겠습니다.\n\n---\n\n감사합니다.\n접기""}, {""title"": ""주차"", ""body"": ""주차 불가""}, {""title"": ""결제수단"", ""body"": ""제로페이""}, {""title"": ""SNS"", ""body"": ""인스타그램\nhttps://www.instagram.com/jejujogaekalguksu?igshid=YmMyMTA2M2Y=\n알고 계신 정보와 다른 정보가 있나요?\n사진으로 간단하게 제보해 주세요.\n정보 수정 제안하기\n이용약관고객센터리뷰운영정책신고센터\n네이버""}]"
123,123,플라네하우스 제주소품샵,쇼핑,제주 제주시 관덕로11길 28 플라네하우스 제주소품샵,,33.5155972,126.5257108,0507-1354-1027,,https://naver.me/Gxk1Ggl0,272-01-03889,칠성로,success,1_naver_link,naver_link place_id=1607070799,1.7,naver_place,https://map.naver.com/p/entry/place/1607070799,https://map.naver.com/p/entry/place/1607070799,https://pcmap.place.naver.com/place/1607070799/home,1607070799,플라네하우스 제주소품샵,인테리어소품,,,제주 제주시 관덕로11길 28 플라네하우스 제주소품샵,제주 제주시 일도일동 1276-21,,,,33.5155898,126.5256949,영업 중,영업 중,,{},영업 중,주차,"플라네하우스만의 감성이 녹아든 제주기념품과 핸드메이드 소품, 단 하나뿐인 빈티지 소품들, silver925 악세사리, 인테리어 소품들을 만나 보실 수 있어요 :)",,,,,,,,플라네하우스 제주소품샵|인테리어소품|제주 제주시 관덕로11길 28 플라네하우스 제주소품샵|제주 제주시 일도일동 1276-21|영업 중|주차|상품이 다양해요|특색 있는 제품이 많아요|품질이 좋아요|예쁜 소품이 많아요|인테리어가 멋져요|선물하기 좋아요|가성비가 좋아요|분위기가 편안해요|아기자기해요|친절해요,"[""플라네하우스 제주소품샵"", ""인테리어소품"", ""제주 제주시 관덕로11길 28 플라네하우스 제주소품샵"", ""제주 제주시 일도일동 1276-21"", ""영업 중"", ""주차"", ""상품이 다양해요"", ""특색 있는 제품이 많아요"", ""품질이 좋아요"", ""예쁜 소품이 많아요"", ""인테리어가 멋져요"", ""선물하기 좋아요"", ""가성비가 좋아요"", ""분위기가 편안해요"", ""아기자기해요"", ""친절해요""]","{""name"": [""플라네하우스 제주소품샵""], ""category"": [""인테리어소품""], ""address"": [""제주 제주시 관덕로11길 28 플라네하우스 제주소품샵"", ""제주 제주시 일도일동 1276-21""], ""hours"": [""영업 중""], ""conveniences"": [""주차""], ""visitor_keywords"": [""상품이 다양해요"", ""특색 있는 제품이 많아요"", ""품질이 좋아요"", ""예쁜 소품이 많아요"", ""인테리어가 멋져요"", ""선물하기 좋아요"", ""가성비가 좋아요"", ""분위기가 편안해요"", ""아기자기해요"", ""친절해요""]}",https://naver.me/Gxk1Ggl0,,"[""플라네하우스 제주소품샵\n알림🤍설연휴기간도 휴무없이 쭉 오픈합니다🤍\n휴무없이 오전 11시부터 오후 8시30분까지 열려있으니 편하게 방문해주세요☺️\n좋아요\n2026.02.14.\n2026년 2월 14일"", ""플라네하우스 제주소품샵\n알림10.10일 목요일 단축 영업시간 안내\n10.10일 목요일은 12시 오픈하여 6시에 닫습니다.\n꼭 확인하시어 헛걸음 하시는일 없으셨으면 좋겠습니다! 감사합니다\n1명\n2024.10.09.\n2024년 10월 9일"", ""플라네하우스 제주소품샵\n임시휴무10.4일 금요일 미뉴얼 임시휴무입니다\n10.4일 금요일 임시휴무입니다\n기간\n2024.10.04.\n좋아요\n2024.10.04.\n2024년 10월 4일""]",,"[{""keyword"": ""상품이 다양해요"", ""count"": ""2859""}, {""keyword"": ""특색 있는 제품이 많아요"", ""count"": ""2308""}, {""keyword"": ""품질이 좋아요"", ""count"": ""2016""}, {""keyword"": ""예쁜 소품이 많아요"", ""count"": ""1948""}, {""keyword"": ""인테리어가 멋져요"", ""count"": ""1944""}, {""keyword"": ""선물하기 좋아요"", ""count"": ""1166""}, {""keyword"": ""가성비가 좋아요"", ""count"": ""578""}, {""keyword"": ""분위기가 편안해요"", ""count"": ""302""}, {""keyword"": ""아기자기해요"", ""count"": ""292""}, {""keyword"": ""친절해요"", ""count"": ""287""}]","[{""title"": ""소개"", ""body"": ""플라네하우스만의 감성이 녹아든 제주기념품과 핸드메이드 소품, 단 하나뿐인 빈티지 소품들, silver925 악세사리, 인테리어 소품들을 만나 보실 수 있어요 :)""}, {""title"": ""대표 키워드"", ""body"": ""제주소품샵제주빈티지소품샵제주시소품샵제주공항소품샵동문시장""}, {""title"": ""주차"", ""body"": ""주차가능\n유료\n최초 30분 무료\n추가 요금 60분당 2,000원, 최대 10,000원\n칠성골공영주차장에 주차 가능하며 30분 무료주차 가능합니다 :)""}, {""title"": ""결제수단"", ""body"": ""제로페이\n네이버페이""}, {""title"": ""SNS"", ""body"": ""인스타그램\nhttps://www.instagram.com/minual_jeju\n알고 계신 정보와 다른 정보가 있나요?\n사진으로 간단하게 제보해 주세요.\n정보 수정 제안하기\n이용약관고객센터리뷰운영정책신고센터\n네이버""}]"
124,124,클림트,"카페, 디저트",제주 제주시 칠성로길 42 1층,,33.5142205,126.5271984,0507-1440-5903,,https://naver.me/5V8h6NiX,775-06-03480,칠성로,success,1_naver_link,naver_link place_id=2027503936,4.4,naver_place,https://map.naver.com/p/entry/place/2027503936,https://map.naver.com/p/entry/place/2027503936,https://pcmap.place.naver.com/place/2027503936/home,2027503936,클림트,"카페,디저트",,귀여운 고양이라떼의 달콤한 유혹,제주 제주시 칠성로길 42 1층,제주 제주시 일도일동 1320-2,,0507-1440-5903,https://www.facebook.com/lkhaknl2002,33.5141817,126.5271904,월 11:00 - 19:00,영업 중,,"{""목"": {""open"": ""11:00 - 19:00""}, ""금"": {""open"": ""11:00 - 19:00""}, ""토"": {""open"": ""11:00 - 19:00""}, ""일"": {""open"": ""13:00 - 19:00""}, ""월"": {""open"": ""11:00 - 19:00""}, ""화"": {""open"": ""11:00 - 19:00""}, ""수"": {""open"": ""정기휴무 (매주 수요일)""}}",영업 중 | 19:00에 영업 종료 | 19시 0분에 영업 종료 | 목 | 11:00 - 19:00 | 금 | 11:00 - 19:00 | 토 | 11:00 - 19:00 | 일 | 13:00 - 19:00 | 월 | 11:00 - 19:00 | 화 | 11:00 - 19:00 | 수 | 정기휴무 (매주 수요일) | 접기,무선 인터넷,"제주시 칠성로 42, 1층 카페 클림트입니다.
다양한 문화 예술 서적들과 커피 그리고 디저트를 즐길 수 있는 공간입니다.
영업시간은 오전 10시30분 부터~ 오후 6시30분까지 입니다.",,,,,,,아메리카노|고양이라떼|옛날팥빙수|2인 옛날팥빙수|클림트 우베 아인슈페너|말차라떼|생강라떼|단팥죽|팥칼국수|제주 허니 감귤 토스트|비엔나커피|청귤에이드|라떼|초코라떼,"클림트|카페,디저트|제주 제주시 칠성로길 42 1층|제주 제주시 일도일동 1320-2|0507-1440-5903|월 11:00 - 19:00|아메리카노|고양이라떼|옛날팥빙수|2인 옛날팥빙수|클림트 우베 아인슈페너|말차라떼|생강라떼|단팥죽|팥칼국수|제주 허니 감귤 토스트|비엔나커피|청귤에이드|라떼|초코라떼|귀여운 고양이라떼의 달콤한 유혹|무선 인터넷|인테리어가 멋져요|친절해요|커피가 맛있어요|디저트가 맛있어요|특별한 메뉴가 있어요|음료가 맛있어요|사진이 잘 나와요|매장이 청결해요|가성비가 좋아요|대화하기 좋아요","[""클림트"", ""카페,디저트"", ""제주 제주시 칠성로길 42 1층"", ""제주 제주시 일도일동 1320-2"", ""0507-1440-5903"", ""월 11:00 - 19:00"", ""아메리카노"", ""고양이라떼"", ""옛날팥빙수"", ""2인 옛날팥빙수"", ""클림트 우베 아인슈페너"", ""말차라떼"", ""생강라떼"", ""단팥죽"", ""팥칼국수"", ""제주 허니 감귤 토스트"", ""비엔나커피"", ""청귤에이드"", ""라떼"", ""초코라떼"", ""귀여운 고양이라떼의 달콤한 유혹"", ""무선 인터넷"", ""인테리어가 멋져요"", ""친절해요"", ""커피가 맛있어요"", ""디저트가 맛있어요"", ""특별한 메뉴가 있어요"", ""음료가 맛있어요"", ""사진이 잘 나와요"", ""매장이 청결해요"", ""가성비가 좋아요"", ""대화하기 좋아요""]","{""name"": [""클림트""], ""category"": [""카페,디저트""], ""address"": [""제주 제주시 칠성로길 42 1층"", ""제주 제주시 일도일동 1320-2""], ""phone"": [""0507-1440-5903""], ""hours"": [""월 11:00 - 19:00""], ""menus"": [""아메리카노"", ""고양이라떼"", ""옛날팥빙수"", ""2인 옛날팥빙수"", ""클림트 우베 아인슈페너"", ""말차라떼"", ""생강라떼"", ""단팥죽"", ""팥칼국수"", ""제주 허니 감귤 토스트"", ""비엔나커피"", ""청귤에이드"", ""라떼"", ""초코라떼""], ""slogan"": [""귀여운 고양이라떼의 달콤한 유혹""], ""conveniences"": [""무선 인터넷""], ""visitor_keywords"": [""인테리어가 멋져요"", ""친절해요"", ""커피가 맛있어요"", ""디저트가 맛있어요"", ""특별한 메뉴가 있어요"", ""음료가 맛있어요"", ""사진이 잘 나와요"", ""매장이 청결해요"", ""가성비가 좋아요"", ""대화하기 좋아요""]}",https://naver.me/5V8h6NiX,,,,"[{""keyword"": ""인테리어가 멋져요"", ""count"": ""15""}, {""keyword"": ""친절해요"", ""count"": ""12""}, {""keyword"": ""커피가 맛있어요"", ""count"": ""10""}, {""keyword"": ""디저트가 맛있어요"", ""count"": ""10""}, {""keyword"": ""특별한 메뉴가 있어요"", ""count"": ""10""}, {""keyword"": ""음료가 맛있어요"", ""count"": ""9""}, {""keyword"": ""사진이 잘 나와요"", ""count"": ""8""}, {""keyword"": ""매장이 청결해요"", ""count"": ""6""}, {""keyword"": ""가성비가 좋아요"", ""count"": ""5""}, {""keyword"": ""대화하기 좋아요"", ""count"": ""5""}]","[{""title"": ""소개"", ""body"": ""제주시 칠성로 42, 1층 카페 클림트입니다.\n다양한 문화 예술 서적들과 커피 그리고 디저트를 즐길 수 있는 공간입니다.\n영업시간은 오전 10시30분 부터~ 오후 6시30분까지 입니다.""}, {""title"": ""편의시설 및 서비스"", ""body"": ""무선 인터넷""}, {""title"": ""SNS"", ""body"": ""페이스북\nhttps://www.facebook.com/lkhaknl2002\n블로그\n블로그\n인스타그램\n인스타그램\n알고 계신 정보와 다른 정보가 있나요?\n사진으로 간단하게 제보해 주세요.\n정보 수정 제안하기\n이용약관고객센터리뷰운영정책신고센터\n네이버""}]"
125,125,메밀밭에가시리 일도점,음식점,제주 제주시 관덕로15길 12 메밀밭에가시리 일도점,,33.5141674,126.5268366,064-900-1183,,https://naver.me/x0XMvNpl,850-07-02829,칠성로,success,1_naver_link,naver_link place_id=2074042714,0.6,naver_place,https://map.naver.com/p/entry/place/2074042714,https://map.naver.com/p/entry/place/2074042714,https://pcmap.place.naver.com/place/2074042714/home,2074042714,메밀밭에가시리 일도점,막국수,,고소한 들기름면과 담백한 육수의 조화,제주 제주시 관덕로15길 12 메밀밭에가시리 일도점,제주 제주시 일도일동 1327-1,"<도보로 오시는 경우> | 제주시청 방면에서 탑동 방향으로 내려오셔서 동문시장 3번 출구 건너편 칠서오 안으로 걸어오시면 메밀밭에가시리 일도점을 만날 수 있습니다. |  | <차량 이용시> | 제주공항 출발시나 차량을 가지고 방문시에는 공항에서 약 15분 가량 소요되며, 상가 근처 주변으로 통행에 방해되지 않도록 정렬주차 해주시면 됩니다. |  | 길 찾기가 어렵다면, 네이버 지도에서 '메밀밭에가시리 일도점' 검색 후 편하게 찾아오세요!",064-900-1183,http://www.jejubuckwheat.co.kr,33.5141655,126.5268307,월 11:00 - 21:00,오늘 휴무,20:30 라스트오더,"{""목"": {""open"": ""정기휴무 (매주 목요일)""}, ""금"": {""open"": ""11:00 - 21:00""}, ""토"": {""open"": ""11:00 - 21:00""}, ""일"": {""open"": ""11:00 - 21:00""}, ""월"": {""open"": ""11:00 - 21:00""}, ""화"": {""open"": ""11:00 - 21:00""}, ""수"": {""open"": ""11:00 - 21:00""}}",오늘 휴무 | 매주 목요일 휴무 | 매주 목요일 휴무 | 목 | 정기휴무 (매주 목요일) | 금 | 11:00 - 21:00 | 15:00 - 17:00 브레이크타임 | 20:30 라스트오더 | 토 | 11:00 - 21:00 | 15:00 - 17:00 브레이크타임 | 20:30 라스트오더 | 일 | 11:00 - 21:00 | 15:00 - 17:00 브레이크타임 | 20:30 라스트오더 | 월 | 11:00 - 21:00 | 15:00 - 17:00 브레이크타임 | 20:30 라스트오더 | 화 | 11:00 - 21:00 | 15:00 - 17:00 브레이크타임 | 20:30 라스트오더 | 수 | 11:00 - 21:00 | 15:00 - 17:00 브레이크타임 | 20:30 라스트오더 | 접기,단체 이용 가능|포장|무선 인터넷|유아의자|간편결제,"메밀은 제주의 척박한 화산토와 거친 기후 속에서 굳건히 자라며, 오랜 세월 제주 사람들의 삶에 깊이 뿌리내린 곡물입니다.

우리는 제주에서 메밀을 정성스레 기르고 수확하여 이 제주의 근본 같은 곡물을 온전히 전하고자 노력합니다.

순도 100% 메밀과 물만으로 반죽해 기존 메밀면의 끊기는 식감을 개선하고 쫄깃함과 구수함을 살린 새로운 메밀면을 개발했습니다.

또한 메밀쌀과 제주의 재료로 자연스럽고 담백한 제주의 맛을 담은 요리를 만들었습니다.

과하지 않고 슴슴하게 여운을 남기는 메밀 본연의 맛과 향으로 제주다운 맛을 지키고자 하는 진심을 담았습니다.","주요 특징을 리뷰를 활용해 요약해 드리겠습니다. |  | 메밀밭에가시리 일도점은 메밀을 주재료로 한 건강한 메뉴가 특징인 식당입니다. | 다온맘김비비 | +2 | 메밀소바, 메밀동치미 물냉면, 메밀만두전골 등 다양한 메뉴가 있으며, 특히 쫄깃한 면발과 고소한 들깨국물, 시원한 소바 육수가 일품입니다. | 주니짱 | +1 | 매장은 넓고 쾌적하며 직원들도 친절해 가족 외식이나 여행 중 방문하기 좋습니다. | 동깨비 | +2",,,,,,"100% 메밀 들기름면|100% 메밀 들깨칼국수|메밀 소불고기 전골(최소 2인 주문)|부대찌개(공기밥2,라면사리1포함)|메밀만두전골|100% 메밀 소바|100% 메밀 동치미 물냉면|100% 메밀 비빔면|100% 메밀 온면|메밀만두(4pcs)|메밀 만두(2pcs)|면사리 추가|공기밥|나쵸|떡갈비(3pcs)|크림생맥주 350cc|카스제로맥주|카스제로맥주 레몬|소주|맥주|음료수","메밀밭에가시리 일도점|막국수|제주 제주시 관덕로15길 12 메밀밭에가시리 일도점|제주 제주시 일도일동 1327-1|064-900-1183|월 11:00 - 21:00|100% 메밀 들기름면|100% 메밀 들깨칼국수|메밀 소불고기 전골(최소 2인 주문)|부대찌개(공기밥2,라면사리1포함)|메밀만두전골|100% 메밀 소바|100% 메밀 동치미 물냉면|100% 메밀 비빔면|100% 메밀 온면|메밀만두(4pcs)|메밀 만두(2pcs)|면사리 추가|공기밥|나쵸|떡갈비(3pcs)|크림생맥주 350cc|카스제로맥주|카스제로맥주 레몬|소주|맥주|음료수|고소한 들기름면과 담백한 육수의 조화|단체 이용 가능|포장|무선 인터넷|유아의자|간편결제|음식이 맛있어요|재료가 신선해요|친절해요|양이 많아요|매장이 청결해요|특별한 메뉴가 있어요|인테리어가 멋져요|매장이 넓어요|혼밥하기 좋아요|가성비가 좋아요","[""메밀밭에가시리 일도점"", ""막국수"", ""제주 제주시 관덕로15길 12 메밀밭에가시리 일도점"", ""제주 제주시 일도일동 1327-1"", ""064-900-1183"", ""월 11:00 - 21:00"", ""100% 메밀 들기름면"", ""100% 메밀 들깨칼국수"", ""메밀 소불고기 전골(최소 2인 주문)"", ""부대찌개(공기밥2,라면사리1포함)"", ""메밀만두전골"", ""100% 메밀 소바"", ""100% 메밀 동치미 물냉면"", ""100% 메밀 비빔면"", ""100% 메밀 온면"", ""메밀만두(4pcs)"", ""메밀 만두(2pcs)"", ""면사리 추가"", ""공기밥"", ""나쵸"", ""떡갈비(3pcs)"", ""크림생맥주 350cc"", ""카스제로맥주"", ""카스제로맥주 레몬"", ""소주"", ""맥주"", ""음료수"", ""고소한 들기름면과 담백한 육수의 조화"", ""단체 이용 가능"", ""포장"", ""무선 인터넷"", ""유아의자"", ""간편결제"", ""음식이 맛있어요"", ""재료가 신선해요"", ""친절해요"", ""양이 많아요"", ""매장이 청결해요"", ""특별한 메뉴가 있어요"", ""인테리어가 멋져요"", ""매장이 넓어요"", ""혼밥하기 좋아요"", ""가성비가 좋아요""]","{""name"": [""메밀밭에가시리 일도점""], ""category"": [""막국수""], ""address"": [""제주 제주시 관덕로15길 12 메밀밭에가시리 일도점"", ""제주 제주시 일도일동 1327-1""], ""phone"": [""064-900-1183""], ""hours"": [""월 11:00 - 21:00""], ""menus"": [""100% 메밀 들기름면"", ""100% 메밀 들깨칼국수"", ""메밀 소불고기 전골(최소 2인 주문)"", ""부대찌개(공기밥2,라면사리1포함)"", ""메밀만두전골"", ""100% 메밀 소바"", ""100% 메밀 동치미 물냉면"", ""100% 메밀 비빔면"", ""100% 메밀 온면"", ""메밀만두(4pcs)"", ""메밀 만두(2pcs)"", ""면사리 추가"", ""공기밥"", ""나쵸"", ""떡갈비(3pcs)"", ""크림생맥주 350cc"", ""카스제로맥주"", ""카스제로맥주 레몬"", ""소주"", ""맥주"", ""음료수""], ""slogan"": [""고소한 들기름면과 담백한 육수의 조화""], ""conveniences"": [""단체 이용 가능"", ""포장"", ""무선 인터넷"", ""유아의자"", ""간편결제""], ""visitor_keywords"": [""음식이 맛있어요"", ""재료가 신선해요"", ""친절해요"", ""양이 많아요"", ""매장이 청결해요"", ""특별한 메뉴가 있어요"", ""인테리어가 멋져요"", ""매장이 넓어요"", ""혼밥하기 좋아요"", ""가성비가 좋아요""]}",https://naver.me/x0XMvNpl,,"[""메밀밭에가시리 일도점\n알림2026 설 연휴 정상영업\n2/16(월)~2/18(수) 설 연휴 정상영업 합니다. 방문에 참고 부탁드립니다. 감사합니다.\n좋아요\n2026.02.05.\n2026년 2월 5일"", ""메밀밭에가시리 일도점\n알림추석 연휴 영업 안내\n📍 표선점\n🔸 10월 7일 (화) 휴무\n이 외 날짜는 정상영업합니다!\n📍 동광점\n🔸 10월 8일 (수) 휴무\n이 외 날짜는 정상영업합니다!\n📍 일도점\n🔸 연휴 기간 내내 정상영업\n가을 바람에 실려오는 고운 달빛처럼,\n여러분의 마음도 따뜻하고 풍요로운 명절이 되시길 바랍니다.🌾🎑\n더보기\n좋아요\n2025.10.04.\n2025년 10월 4일"", ""메밀밭에가시리 일도점\n알림메밀밭에가시리 일도점 오픈\n메밀밭에가시리의 3번째 매장 일도점이 오픈하였습니다.\n부족한 점 많지만 많은 관심과 성원 부탁드리겠습니다.\n1명\n2025.08.04.\n2025년 8월 4일""]",,"[{""keyword"": ""음식이 맛있어요"", ""count"": ""42""}, {""keyword"": ""재료가 신선해요"", ""count"": ""29""}, {""keyword"": ""친절해요"", ""count"": ""23""}, {""keyword"": ""양이 많아요"", ""count"": ""21""}, {""keyword"": ""매장이 청결해요"", ""count"": ""15""}, {""keyword"": ""특별한 메뉴가 있어요"", ""count"": ""13""}, {""keyword"": ""인테리어가 멋져요"", ""count"": ""10""}, {""keyword"": ""매장이 넓어요"", ""count"": ""8""}, {""keyword"": ""혼밥하기 좋아요"", ""count"": ""7""}, {""keyword"": ""가성비가 좋아요"", ""count"": ""7""}]","[{""title"": ""소개"", ""body"": ""메밀은 제주의 척박한 화산토와 거친 기후 속에서 굳건히 자라며, 오랜 세월 제주 사람들의 삶에 깊이 뿌리내린 곡물입니다.\n\n우리는 제주에서 메밀을 정성스레 기르고 수확하여 이 제주의 근본 같은 곡물을 온전히 전하고자 노력합니다.\n\n순도 100% 메밀과 물만으로 반죽해 기존 메밀면의 끊기는 식감을 개선하고 쫄깃함과 구수함을 살린 새로운 메밀면을 개발했습니다.\n\n또한 메밀쌀과 제주의 재료로 자연스럽고 담백한 제주의 맛을 담은 요리를 만들었습니다.\n\n과하지 않고 슴슴하게 여운을 남기는 메밀 본연의 맛과 향으로 제주다운 맛을 지키고자 하는 진심을 담았습니다.""}, {""title"": ""편의시설 및 서비스"", ""body"": ""글루텐프리 메뉴\n단체 이용 가능\n포장\n무선 인터넷\n유아의자""}, {""title"": ""주차"", ""body"": ""주차 불가\n인근 공영주차장에 주차 부탁드립니다.""}, {""title"": ""좌석·공간"", ""body"": ""룸\n최소 4명 ~ 최대 4명\n좌식\n단체석\n최소 8명 ~ 최대 8명""}, {""title"": ""결제수단"", ""body"": ""지역화폐 (모바일형)\n지역화폐 (카드형)\n제로페이\n간편결제""}, {""title"": ""SNS"", ""body"": ""홈페이지\nhttp://www.jejubuckwheat.co.kr\n인스타그램\n인스타그램\n스마트스토어\n스마트스토어\n알고 계신 정보와 다른 정보가 있나요?\n사진으로 간단하게 제보해 주세요.\n정보 수정 제안하기\n이용약관고객센터리뷰운영정책신고센터\n네이버""}]"
127,127,코코,쇼핑,제주 제주시 칠성로길 30 1층,,33.5143498,126.5259441,,,https://naver.me/GlGGjPdU,153-18-02739,칠성로,success,1_naver_link,naver_link place_id=2039233634,2.0,naver_place,https://map.naver.com/p/entry/place/2039233634,https://map.naver.com/p/entry/place/2039233634,https://pcmap.place.naver.com/place/2039233634/home,2039233634,코코,인테리어소품,,,제주 제주시 칠성로길 30 1층,제주 제주시 일도일동 1341-4,칠성로 신해바라기분식 옆 약 10미터 / 마음에 온 앞 약 2미터,,,33.5143559,126.5259639,11:00 - 19:00,영업 중,,"{""매일"": {""open"": ""11:00 - 19:00""}}",영업 중 | 19:00에 영업 종료 | 19시 0분에 영업 종료 | 매일 | 11:00 - 19:00 | 접기,반려동물 동반|간편결제,아기자기한 감성 소품샵,,,,,,,,코코|인테리어소품|제주 제주시 칠성로길 30 1층|제주 제주시 일도일동 1341-4|11:00 - 19:00|반려동물 동반|간편결제,"[""코코"", ""인테리어소품"", ""제주 제주시 칠성로길 30 1층"", ""제주 제주시 일도일동 1341-4"", ""11:00 - 19:00"", ""반려동물 동반"", ""간편결제""]","{""name"": [""코코""], ""category"": [""인테리어소품""], ""address"": [""제주 제주시 칠성로길 30 1층"", ""제주 제주시 일도일동 1341-4""], ""hours"": [""11:00 - 19:00""], ""conveniences"": [""반려동물 동반"", ""간편결제""]}",https://naver.me/GlGGjPdU,,,,,"[{""title"": ""소개"", ""body"": ""아기자기한 감성 소품샵""}, {""title"": ""대표 키워드"", ""body"": ""악세사리칠성로선물용소품샵아기자기""}, {""title"": ""반려동물 동반"", ""body"": ""반려동물 동반 가능""}, {""title"": ""주차"", ""body"": ""주차 불가""}, {""title"": ""결제수단"", ""body"": ""지역화폐 (지류형)\n지역화폐 (카드형)\n지역화폐 (모바일형)\n제로페이\n간편결제\n알고 계신 정보와 다른 정보가 있나요?\n사진으로 간단하게 제보해 주세요.\n정보 수정 제안하기\n이용약관고객센터리뷰운영정책신고센터\n네이버""}]"
128,128,제주아비아,쇼핑,제주 제주시 칠성로길 41 1층,,33.5143949,126.5272435,0507-1322-4571,,https://naver.me/GIGQCDBT,622-61-00795,칠성로,success,1_naver_link,naver_link place_id=2001305194,1.9,naver_place,https://map.naver.com/p/entry/place/2001305194,https://map.naver.com/p/entry/place/2001305194,https://pcmap.place.naver.com/place/2001305194/home,2001305194,제주아비아,인테리어소품,,,제주 제주시 칠성로길 41 1층,제주 제주시 일도일동 1217,북수구 공영주차장 옆 1분거리 | 네이버 지도참고하시면 금방찾아오실수있어요,0507-1322-4571,,33.5144051,126.5272267,월 11:00 - 19:00,영업 중,,"{""목"": {""open"": ""11:00 - 19:00""}, ""금"": {""open"": ""11:00 - 19:00""}, ""토"": {""open"": ""11:00 - 19:00""}, ""일"": {""open"": ""14:00 - 19:00""}, ""월"": {""open"": ""11:00 - 19:00""}, ""화"": {""open"": ""11:00 - 19:00""}, ""수"": {""open"": ""11:00 - 19:00""}}",영업 중 | 19:00에 영업 종료 | 19시 0분에 영업 종료 | 목 | 11:00 - 19:00 | 금 | 11:00 - 19:00 | 토 | 11:00 - 19:00 | 일 | 14:00 - 19:00 | 월 | 11:00 - 19:00 | 화 | 11:00 - 19:00 | 수 | 11:00 - 19:00 | 접기,무선 인터넷|유아의자|남/녀 화장실 구분|단체 이용 가능|대기공간|반려동물 동반|포장|주차,"제주아비아 유럽빈티지, 여성잡화, 여성의류, 악세사리, 제주소품샵, 제주기념품샵",,,,,,,키티몬치치 키링|제주도기념품 할인|2026 키티정품거울|2026 키티정품 다이어리,제주아비아|인테리어소품|제주 제주시 칠성로길 41 1층|제주 제주시 일도일동 1217|0507-1322-4571|월 11:00 - 19:00|키티몬치치 키링|제주도기념품 할인|2026 키티정품거울|2026 키티정품 다이어리|무선 인터넷|유아의자|남/녀 화장실 구분|단체 이용 가능|대기공간|반려동물 동반|포장|주차|상품이 다양해요|예쁜 소품이 많아요|품질이 좋아요|특색 있는 제품이 많아요|선물하기 좋아요|친절해요|인테리어가 멋져요|가성비가 좋아요|트렌디해요|아기자기해요,"[""제주아비아"", ""인테리어소품"", ""제주 제주시 칠성로길 41 1층"", ""제주 제주시 일도일동 1217"", ""0507-1322-4571"", ""월 11:00 - 19:00"", ""키티몬치치 키링"", ""제주도기념품 할인"", ""2026 키티정품거울"", ""2026 키티정품 다이어리"", ""무선 인터넷"", ""유아의자"", ""남/녀 화장실 구분"", ""단체 이용 가능"", ""대기공간"", ""반려동물 동반"", ""포장"", ""주차"", ""상품이 다양해요"", ""예쁜 소품이 많아요"", ""품질이 좋아요"", ""특색 있는 제품이 많아요"", ""선물하기 좋아요"", ""친절해요"", ""인테리어가 멋져요"", ""가성비가 좋아요"", ""트렌디해요"", ""아기자기해요""]","{""name"": [""제주아비아""], ""category"": [""인테리어소품""], ""address"": [""제주 제주시 칠성로길 41 1층"", ""제주 제주시 일도일동 1217""], ""phone"": [""0507-1322-4571""], ""hours"": [""월 11:00 - 19:00""], ""menus"": [""키티몬치치 키링"", ""제주도기념품 할인"", ""2026 키티정품거울"", ""2026 키티정품 다이어리""], ""conveniences"": [""무선 인터넷"", ""유아의자"", ""남/녀 화장실 구분"", ""단체 이용 가능"", ""대기공간"", ""반려동물 동반"", ""포장"", ""주차""], ""visitor_keywords"": [""상품이 다양해요"", ""예쁜 소품이 많아요"", ""품질이 좋아요"", ""특색 있는 제품이 많아요"", ""선물하기 좋아요"", ""친절해요"", ""인테리어가 멋져요"", ""가성비가 좋아요"", ""트렌디해요"", ""아기자기해요""]}",https://naver.me/GIGQCDBT,,"[""제주아비아\nNEW키티 레어템 신상들 많이 입고되었어요.\n키티 레어템 신상들 많이 입고되었어요.\n1명\n2026.06.13.\n2026년 6월 13일"", ""제주아비아\nNEW키티 거즈면 100% 비치타월 담요. 에어컨이불 입고되었어요.\n키티 거즈면 100% 비치타월 담요. 에어컨이불 입고되었어요.\n국내제작 제품으로 백화점가 49000원.\n저희 제주아비아에서는 26000원 판매중이에요.\n실물정말 이뻐요. 강력추천드려요\n더보기\n3명\n2026.06.11.\n2026년 6월 11일"", ""제주아비아\n동영상\n알림헬로키티 레어템 신상들 한가득 입고되었어요\n💝 제주 동문시장 칠성로 상점가\n헬로키티 레어템 천국 제주아비아 입니다\n💝💖 온라인에도 안풀린 헬로키티 레어템 신상들 많이 입고되었어요\n💝 레어템 키티트레이,키티 도시락세트,키티 파자마\n키티 하와이시리즈,키티커터칼세트,키티비치가방\n키티 캐리어,키티 주걱시즌2 모델부터\n💕 요즘핫한 키티무전기,키티스웨이드가방,키티수전\n키티주방가위,키티도마,키티녹음기키링,태닝키티 세라믹시리즈,키티신상키캡들,키티 멜라닌그릇,머그 키티무드등 , 키티신상지갑\n파우치 키티 두쫀쿠 말랑이 키티타월 , 키티욕실용품\n키티신상키링 키티거울신상,키티무드등,키티가방,\n키티핸드백등\n엉첨많이 입고되었어요 💕\n국내제작 손수건,파우치등\n스웨이드 가방\n키티 욕실용품,주방용품까지\n💘 키티 일본정품 타포린백 균일가 5800원\n등등 놀라운 특가전을 놓치지마세요.\n💝많이 놀러오셔서 득템하세요 💘💘\n매장에서는 각종 특가행사 진행중이에요.\n많이많이 오셔서 득템하세요 😍\n더보기\n4명\n2026.05.15.\n2026년 5월 15일""]",,"[{""keyword"": ""상품이 다양해요"", ""count"": ""243""}, {""keyword"": ""예쁜 소품이 많아요"", ""count"": ""183""}, {""keyword"": ""품질이 좋아요"", ""count"": ""169""}, {""keyword"": ""특색 있는 제품이 많아요"", ""count"": ""167""}, {""keyword"": ""선물하기 좋아요"", ""count"": ""91""}, {""keyword"": ""친절해요"", ""count"": ""79""}, {""keyword"": ""인테리어가 멋져요"", ""count"": ""77""}, {""keyword"": ""가성비가 좋아요"", ""count"": ""54""}, {""keyword"": ""트렌디해요"", ""count"": ""36""}, {""keyword"": ""아기자기해요"", ""count"": ""34""}]","[{""title"": ""소개"", ""body"": ""제주아비아 유럽빈티지, 여성잡화, 여성의류, 악세사리, 제주소품샵, 제주기념품샵""}, {""title"": ""대표 키워드"", ""body"": ""유럽빈티지제주소품샵제주기념품샵제주엔틱동문시장소품샵""}, {""title"": ""편의시설 및 서비스"", ""body"": ""무선 인터넷\n유아의자\n남/녀 화장실 구분\n단체 이용 가능\n대기공간\n포장""}, {""title"": ""반려동물 동반"", ""body"": ""반려동물 동반 가능""}, {""title"": ""주차"", ""body"": ""주차가능\n무료\n북수구 공영주차장 30분 무료 이용 가능.""}, {""title"": ""결제수단"", ""body"": ""지역화폐 (카드형)\n지역화폐 (모바일형)""}, {""title"": ""SNS"", ""body"": ""인스타그램\nhttps://www.instagram.com/jejuavia\n알고 계신 정보와 다른 정보가 있나요?\n사진으로 간단하게 제보해 주세요.\n정보 수정 제안하기\n이용약관고객센터리뷰운영정책신고센터\n네이버""}]"
129,129,제주 자작 제주혼술바 탑동 4호점,음식점,제주 제주시 칠성로길 8 1층,,33.513545,126.5238978,0507-1434-1037,,https://naver.me/G1m9bwiU,386-38-01454,칠성로,success,1_naver_link,naver_link place_id=2094911675,1.6,naver_place,https://map.naver.com/p/entry/place/2094911675,https://map.naver.com/p/entry/place/2094911675,https://pcmap.place.naver.com/place/2094911675/home,2094911675,제주 자작 제주혼술바 탑동 4호점,바(BAR),,도민과 관광객이 모두 사랑하는 바,제주 제주시 칠성로길 8 1층,제주 제주시 일도일동 1416-2,,,,33.5135333,126.5238886,,,,{},,남/녀 화장실 구분|대기공간|노키즈존|무선 인터넷|단체 이용 가능|간편결제,"!탑동점 모든 주류 여성분 할인 50%!

제주 혼술바 자작 自酌.

자작은 다른 공간에 비해 음악 소리도 잔잔하고 손님들과의 소통을 가장 소중한 가치로 여기는 공간입니다.

고급스로운 우드톤 인테리어에 매일 사람들로 북적이지만, 정신없고 시끄럽지 않은, 은은한 긴장감이 흐르는 자작.

내향적인 손님들도 가장 편하게 찾아주시는 공간.
낯선 대화가 자연스럽게 이루어지는 공간.

새로운 교류의장 이 될 수 있도록 모든 직원들이 최선을 다하고 있으니 언제든 가벼운 마음으로 찾아주세요.

탑동점은 두개의 공간으로 나뉩니다.
칵테일바 석,이자카야 석(소주판매)
자작1,3호점이 같은매장에 분리되어 있다고 생각하시면 됩니다.

들어올 땐 혼자,혹은 소수지만 나갈 땐 다수인 공간 자작 제주 혼술바.
일상에 지친 우리를 끌어내줄수 있는 공간.
제주도 혼술바는 자작을 믿고 와주시면 돼요!
---
! 체크 포인트 !
1. 매장별 빈자리 공지는 인스타그램 에서 매일 확인 가능
2. 자작은 20.30대 손님들을 위주로 운영하는 매장입니다.
만 37세 이상은 입장이 어려운 점 양해 부탁드립니다.
3. 분위기를 해치는 지나친 플러팅은 경고 없이 즉시 퇴장 조치될 수 있어요.
4. 사장님, 직원, 알바 모두 혼자 온 손님이 어색하지 않게 도와드려요!
---
탑동점 1개 ! 제주 연동에만 1,2,3호점! 3개!
제주도에서 가장 호텔 많고,숙소, 술집, 혼술까지 한 번에 해결 되는 최고의 위치.각 매장 별 특징이 다릅니다. 네이버에서 각 매장 별 특징을 확인 후 방문해 주세요.
---
!각 지점 소개 (취향에 따라 방문해주세요)!

자작 탑동본점 제주혼술바 이용은 (19:00~06:00)
워크인 자유입장 입니다. 칵테일바35석+이자카야35석 총 70석.
(빈자리 인스타 확인)

혼자도 좋지만 가끔 대화도 해보고 싶을 때 편하게 들러주시면 행복한 추억을 쌓으실 수 있을 거에요!

여행객들 끼리 시시한 일상 얘기를 하며
여행 친구, 좋은 친구 생기는 일은 언제나 의미 있는
순간 입니다.

다른 곳 대비 비교적 음악도 잔잔하게 흘러서
비교적 손님들과의 시시한 대화가 원활하고 제주도 여행객만의 열려 있는 따듯한 감성이 가득한 곳. i분들이 e가 되는 공간 1위라고 자부할 수 있습니다.

문의 사항은 인스타그램 dm / 매장 전화로 문의 주세요.
접기","사용자 리뷰를 바탕으로 매력 포인트를 요약했습니다. |  | 제주 자작 제주혼술바 탑동 4호점은 혼술하기 좋은 분위기와 메뉴로 인기를 끌고 있습니다. | 신선한 재료로 만든 육토마키와 해물나가사키짬뽕, 수제샤베트 등의 메뉴가 있으며, 논알콜 칵테일과 다양한 위스키 선택지가 매력적입니다. | 70석 규모의 넓은 공간과 두 가지 컨셉 존으로 구성되어 있어 편안하게 즐길 수 있습니다.",,,,,,"칵테일|당일 손질 신선 연어!|당일 손질 2+한우육회|오뎅탕,나가사키 짬뽕 등등|산토리생맥/소주/맥주|위스키|육토마키(한우+연어) 일본식 김밥","제주 자작 제주혼술바 탑동 4호점|바(BAR)|제주 제주시 칠성로길 8 1층|제주 제주시 일도일동 1416-2|칵테일|당일 손질 신선 연어!|당일 손질 2+한우육회|오뎅탕,나가사키 짬뽕 등등|산토리생맥/소주/맥주|위스키|육토마키(한우+연어) 일본식 김밥|도민과 관광객이 모두 사랑하는 바|남/녀 화장실 구분|대기공간|노키즈존|무선 인터넷|단체 이용 가능|간편결제|술이 다양해요|음식이 맛있어요|대화하기 좋아요|인테리어가 멋져요|음악이 좋아요|혼술하기 좋아요|기본 안주가 좋아요|친절해요|특별한 메뉴가 있어요|가성비가 좋아요","[""제주 자작 제주혼술바 탑동 4호점"", ""바(BAR)"", ""제주 제주시 칠성로길 8 1층"", ""제주 제주시 일도일동 1416-2"", ""칵테일"", ""당일 손질 신선 연어!"", ""당일 손질 2+한우육회"", ""오뎅탕,나가사키 짬뽕 등등"", ""산토리생맥/소주/맥주"", ""위스키"", ""육토마키(한우+연어) 일본식 김밥"", ""도민과 관광객이 모두 사랑하는 바"", ""남/녀 화장실 구분"", ""대기공간"", ""노키즈존"", ""무선 인터넷"", ""단체 이용 가능"", ""간편결제"", ""술이 다양해요"", ""음식이 맛있어요"", ""대화하기 좋아요"", ""인테리어가 멋져요"", ""음악이 좋아요"", ""혼술하기 좋아요"", ""기본 안주가 좋아요"", ""친절해요"", ""특별한 메뉴가 있어요"", ""가성비가 좋아요""]","{""name"": [""제주 자작 제주혼술바 탑동 4호점""], ""category"": [""바(BAR)""], ""address"": [""제주 제주시 칠성로길 8 1층"", ""제주 제주시 일도일동 1416-2""], ""menus"": [""칵테일"", ""당일 손질 신선 연어!"", ""당일 손질 2+한우육회"", ""오뎅탕,나가사키 짬뽕 등등"", ""산토리생맥/소주/맥주"", ""위스키"", ""육토마키(한우+연어) 일본식 김밥""], ""slogan"": [""도민과 관광객이 모두 사랑하는 바""], ""conveniences"": [""남/녀 화장실 구분"", ""대기공간"", ""노키즈존"", ""무선 인터넷"", ""단체 이용 가능"", ""간편결제""], ""visitor_keywords"": [""술이 다양해요"", ""음식이 맛있어요"", ""대화하기 좋아요"", ""인테리어가 멋져요"", ""음악이 좋아요"", ""혼술하기 좋아요"", ""기본 안주가 좋아요"", ""친절해요"", ""특별한 메뉴가 있어요"", ""가성비가 좋아요""]}",https://naver.me/G1m9bwiU,,"[""제주 자작 제주혼술바 탑동 4호점\n공지\n동영상\n알림8월 한달간 성수기 시작❤️하루종일 만석❗️이유불문 여성할인 50%🔥\n본점 (칵테일바)\n영업시간 19:30~06:00(워크인 자유 입장)\n빈 좌석 공지는 인스타 스토리로 업로드 됩니다!(@jeju_jajac)\n안주는 무료 기본 안주만 있으나 외부 음식 반입 가능합니다.\n웨이팅이 있을수있으니 매장으로 전화후 방문 추천드립니다!\n만석기준 1시간 반 간격으로 자리 섞는점 양해 부탁드려요!\n2호점 (칵테일바)\n제주 유일 예약제 혼술바인 만큼 낭만도 보장합니다!\n예약제&워크인\n1부 20:00~22:00 15~20명 정도 사람들이 모여 간단한 진행도 하고\n자연스러운 대화가 오가는건 제주 1등 자부합니다!\n중간에 자리도 한번섞습니다!\n2부 22:00~06:00 워크인 입장\n만석기준 1시간 반 간격으로 자리 섞는점 양해 부탁드려요!\n3호점 (이자카야)\n영업시간 18:30~06:00\n전국 최초 이자카야 혼술바! 맛,분위기 다 보장 합니다!\n웨이팅이 있을수있으니 매장으로 전화후 방문 추천드립니다!\n4호점 (칵테일바&이자카야)\n영업시간 19:00~06:00\n1,3호점 합친 공간! 제주도에서 가장 넓은 혼술바 라고 보시면 돼요!\n1,2,3호점 과 다르게 혼술바가 더 많은 탑동에 위치해 있습니다!\n오시면 귀여운 강아지도(꼬똥)도 있어요!\n더보기\n기간\n2026.01.16. ~ 2026.06.30.\n좋아요\n2025.07.23.\n2025년 7월 23일"", ""제주 자작 제주혼술바 탑동 4호점\n공지\n동영상\n동영상\n알림제주 내 최다호점 최고 핫플 자작! 4호점은 이자카야 안주까지! (고퀄)\n탑동점(4호점은) 공간이 분리되어 있습니다.\n(자작 1,3호점이 공존하는 복합형 공간입니다.)\n제주 혼술바 자작 自酌.\n자작은 다른 공간에 비해 음악 소리도 잔잔하고 손님들과의 소통을 가장 소중한 가치로 여기는 공간입니다.\n고급스로운 우드톤 인테리어에 매일 사람들로 북적이지만, 정신없고 시끄럽지 않은, 은은한 긴장감이 흐르는 자작.\n내향적인 손님들도 가장 편하게 찾아주시는 공간.\n낯선 대화가 자연스럽게 이루어지는 공간.\n새로운 교류의장 이 될 수 있도록 모든 직원들이 최선을 다하고 있으니 언제든 가벼운 마음으로 찾아주세요.\n더보기\n기간\n2026.01.16. ~ 2026.07.30.\n좋아요\n2025.09.07.\n2025년 9월 7일""]",,"[{""keyword"": ""술이 다양해요"", ""count"": ""259""}, {""keyword"": ""음식이 맛있어요"", ""count"": ""254""}, {""keyword"": ""대화하기 좋아요"", ""count"": ""193""}, {""keyword"": ""인테리어가 멋져요"", ""count"": ""175""}, {""keyword"": ""음악이 좋아요"", ""count"": ""151""}, {""keyword"": ""혼술하기 좋아요"", ""count"": ""136""}, {""keyword"": ""기본 안주가 좋아요"", ""count"": ""130""}, {""keyword"": ""친절해요"", ""count"": ""119""}, {""keyword"": ""특별한 메뉴가 있어요"", ""count"": ""74""}, {""keyword"": ""가성비가 좋아요"", ""count"": ""36""}]","[{""title"": ""소개"", ""body"": ""!탑동점 모든 주류 여성분 할인 50%!\n\n제주 혼술바 자작 自酌.\n\n자작은 다른 공간에 비해 음악 소리도 잔잔하고 손님들과의 소통을 가장 소중한 가치로 여기는 공간입니다.\n\n고급스로운 우드톤 인테리어에 매일 사람들로 북적이지만, 정신없고 시끄럽지 않은, 은은한 긴장감이 흐르는 자작.\n\n내향적인 손님들도 가장 편하게 찾아주시는 공간.\n낯선 대화가 자연스럽게 이루어지는 공간.\n\n새로운 교류의장 이 될 수 있도록 모든 직원들이 최선을 다하고 있으니 언제든 가벼운 마음으로 찾아주세요.\n\n탑동점은 두개의 공간으로 나뉩니다.\n칵테일바 석,이자카야 석(소주판매)\n자작1,3호점이 같은매장에 분리되어 있다고 생각하시면 됩니다.\n\n들어올 땐 혼자,혹은 소수지만 나갈 땐 다수인 공간 자작 제주 혼술바.\n일상에 지친 우리를 끌어내줄수 있는 공간.\n제주도 혼술바는 자작을 믿고 와주시면 돼요!\n---\n! 체크 포인트 !\n1. 매장별 빈자리 공지는 인스타그램 에서 매일 확인 가능\n2. 자작은 20.30대 손님들을 위주로 운영하는 매장입니다.\n만 37세 이상은 입장이 어려운 점 양해 부탁드립니다.\n3. 분위기를 해치는 지나친 플러팅은 경고 없이 즉시 퇴장 조치될 수 있어요.\n4. 사장님, 직원, 알바 모두 혼자 온 손님이 어색하지 않게 도와드려요!\n---\n탑동점 1개 ! 제주 연동에만 1,2,3호점! 3개!\n제주도에서 가장 호텔 많고,숙소, 술집, 혼술까지 한 번에 해결 되는 최고의 위치.각 매장 별 특징이 다릅니다. 네이버에서 각 매장 별 특징을 확인 후 방문해 주세요.\n---\n!각 지점 소개 (취향에 따라 방문해주세요)!\n\n자작 탑동본점 제주혼술바 이용은 (19:00~06:00)\n워크인 자유입장 입니다. 칵테일바35석+이자카야35석 총 70석.\n(빈자리 인스타 확인)\n\n혼자도 좋지만 가끔 대화도 해보고 싶을 때 편하게 들러주시면 행복한 추억을 쌓으실 수 있을 거에요!\n\n여행객들 끼리 시시한 일상 얘기를 하며\n여행 친구, 좋은 친구 생기는 일은 언제나 의미 있는\n순간 입니다.\n\n다른 곳 대비 비교적 음악도 잔잔하게 흘러서\n비교적 손님들과의 시시한 대화가 원활하고 제주도 여행객만의 열려 있는 따듯한 감성이 가득한 곳. i분들이 e가 되는 공간 1위라고 자부할 수 있습니다.\n\n문의 사항은 인스타그램 dm / 매장 전화로 문의 주세요.\n접기""}, {""title"": ""편의시설 및 서비스"", ""body"": ""남/녀 화장실 구분\n대기공간\n무선 인터넷\n단체 이용 가능""}, {""title"": ""노키즈존"", ""body"": ""노키즈존 운영""}, {""title"": ""주차"", ""body"": ""주차 불가""}, {""title"": ""좌석·공간"", ""body"": ""바테이블""}, {""title"": ""결제수단"", ""body"": ""제로페이\n간편결제""}, {""title"": ""SNS"", ""body"": ""인스타그램\nhttps://www.instagram.com/jeju_jajac4_topdong?igsh=MTNzejY0NjVreGJ4cw%3D%3D&utm_source=qr\n알고 계신 정보와 다른 정보가 있나요?\n사진으로 간단하게 제보해 주세요.\n정보 수정 제안하기\n이용약관고객센터리뷰운영정책신고센터\n네이버""}]"
130,130,233빈티지,쇼핑,제주 제주시 관덕로11길 12 233 빈티지,,33.5140487,126.5255529,0507-1343-2914,,https://naver.me/55PxEoJY,729-65-00740,칠성로,success,1_naver_link,naver_link place_id=2059910506,0.0,naver_place,https://map.naver.com/p/entry/place/2059910506,https://map.naver.com/p/entry/place/2059910506,https://pcmap.place.naver.com/place/2059910506/home,2059910506,리틀무드,유아동복,,,제주 제주시 관덕로11길 12 리틀무드,제주 제주시 일도일동 1360,,,,33.5140486,126.5255528,13:00에 영업 시작,영업 전,,{},영업 전13:00에 영업 시작,단체 이용 가능|간편결제,"아동복과 소품 소매점
리틀무드

* 주차 *
가게 앞 주차 공간 없습니다! 근처 5분거리 공영주차장 이용 바랍니다!!! (1시간 무료)",,,,,,,,리틀무드|유아동복|제주 제주시 관덕로11길 12 리틀무드|제주 제주시 일도일동 1360|13:00에 영업 시작|단체 이용 가능|간편결제|안내|방문 키워드 통계 그래프 예시입니다.|현재 2명 참여|10명 이상 참여하면|방문 키워드 통계가 공개됩니다!|최신순|채원40|팔로우|품질이 좋아요|사이즈가 다양해요|특색 있는 제품이 많아요|친절해요|분위기가 편안해요|반응 남기기|방문일|25.8.31.일|2025년 8월 31일 일요일|1번째 방문|인증 수단,"[""리틀무드"", ""유아동복"", ""제주 제주시 관덕로11길 12 리틀무드"", ""제주 제주시 일도일동 1360"", ""13:00에 영업 시작"", ""단체 이용 가능"", ""간편결제"", ""안내"", ""방문 키워드 통계 그래프 예시입니다."", ""현재 2명 참여"", ""10명 이상 참여하면"", ""방문 키워드 통계가 공개됩니다!"", ""최신순"", ""채원40"", ""팔로우"", ""품질이 좋아요"", ""사이즈가 다양해요"", ""특색 있는 제품이 많아요"", ""친절해요"", ""분위기가 편안해요"", ""반응 남기기"", ""방문일"", ""25.8.31.일"", ""2025년 8월 31일 일요일"", ""1번째 방문"", ""인증 수단""]","{""name"": [""리틀무드""], ""category"": [""유아동복""], ""address"": [""제주 제주시 관덕로11길 12 리틀무드"", ""제주 제주시 일도일동 1360""], ""hours"": [""13:00에 영업 시작""], ""conveniences"": [""단체 이용 가능"", ""간편결제""], ""visitor_keywords"": [""안내"", ""방문 키워드 통계 그래프 예시입니다."", ""현재 2명 참여"", ""10명 이상 참여하면"", ""방문 키워드 통계가 공개됩니다!"", ""최신순"", ""채원40"", ""팔로우"", ""품질이 좋아요"", ""사이즈가 다양해요"", ""특색 있는 제품이 많아요"", ""친절해요"", ""분위기가 편안해요"", ""반응 남기기"", ""방문일"", ""25.8.31.일"", ""2025년 8월 31일 일요일"", ""1번째 방문"", ""인증 수단""]}",https://naver.me/55PxEoJY,,,,"[""안내"", ""방문 키워드 통계 그래프 예시입니다."", ""현재 2명 참여"", ""10명 이상 참여하면"", ""방문 키워드 통계가 공개됩니다!"", ""최신순"", ""채원40"", ""팔로우"", ""품질이 좋아요"", ""사이즈가 다양해요"", ""특색 있는 제품이 많아요"", ""친절해요"", ""분위기가 편안해요"", ""반응 남기기"", ""방문일"", ""25.8.31.일"", ""2025년 8월 31일 일요일"", ""1번째 방문"", ""인증 수단""]","[{""title"": ""소개"", ""body"": ""아동복과 소품 소매점\n리틀무드\n\n* 주차 *\n가게 앞 주차 공간 없습니다! 근처 5분거리 공영주차장 이용 바랍니다!!! (1시간 무료)""}, {""title"": ""대표 키워드"", ""body"": ""제주소품소품샵아동복제주아동복제주아기옷가게""}, {""title"": ""편의시설 및 서비스"", ""body"": ""단체 이용 가능""}, {""title"": ""주차"", ""body"": ""주차 불가""}, {""title"": ""결제수단"", ""body"": ""지역화폐 (카드형)\n지역화폐 (모바일형)\n지역화폐 (지류형)\n제로페이\n네이버페이\n간편결제""}, {""title"": ""SNS"", ""body"": ""인스타그램\nhttps://www.instagram.com/233_vintage.kkk/\n알고 계신 정보와 다른 정보가 있나요?\n사진으로 간단하게 제보해 주세요.\n정보 수정 제안하기\n이용약관고객센터리뷰운영정책신고센터\n네이버""}]"
131,131,코디-신,쇼핑,제주 제주시 칠성로길 46,,33.5141575,126.5276629,,,https://naver.me/xfbYTrN2,616-30-95750,칠성로,success,1_naver_link,naver_link place_id=1012453510,0.8,naver_place,https://map.naver.com/p/entry/place/1012453510,https://map.naver.com/p/entry/place/1012453510,https://pcmap.place.naver.com/place/1012453510/home,1012453510,코디-신,패션,,,제주 제주시 칠성로길 46,제주 제주시 일도일동 1212,,,,33.5141569,126.5276545,,,,{},,,"안내
사진/영상 리뷰만
최신순
리뷰 제공 기준
리뷰 클렌징 시스템 작동중입니다
modelguy
리뷰 769사진 2
팔로우
옷예쁩니다
종류가 다양해요
독특한 디자인이 많아요
스타일 추천을 잘해줘요
반응 남기기
방문일
22.11.18.금
2022년 11월 18일 금요일
1번째 방문
인증 수단
영수증
이용약관고객센터리뷰운영정책신고센터
네이버",,,,,,,,코디-신|패션|제주 제주시 칠성로길 46|제주 제주시 일도일동 1212|안내|방문 키워드 통계 그래프 예시입니다.|현재 1명 참여|10명 이상 참여하면|방문 키워드 통계가 공개됩니다!|최신순|modelguy|팔로우|옷예쁩니다|종류가 다양해요|독특한 디자인이 많아요|스타일 추천을 잘해줘요|반응 남기기|방문일|22.11.18.금|2022년 11월 18일 금요일|1번째 방문|인증 수단|영수증,"[""코디-신"", ""패션"", ""제주 제주시 칠성로길 46"", ""제주 제주시 일도일동 1212"", ""안내"", ""방문 키워드 통계 그래프 예시입니다."", ""현재 1명 참여"", ""10명 이상 참여하면"", ""방문 키워드 통계가 공개됩니다!"", ""최신순"", ""modelguy"", ""팔로우"", ""옷예쁩니다"", ""종류가 다양해요"", ""독특한 디자인이 많아요"", ""스타일 추천을 잘해줘요"", ""반응 남기기"", ""방문일"", ""22.11.18.금"", ""2022년 11월 18일 금요일"", ""1번째 방문"", ""인증 수단"", ""영수증""]","{""name"": [""코디-신""], ""category"": [""패션""], ""address"": [""제주 제주시 칠성로길 46"", ""제주 제주시 일도일동 1212""], ""visitor_keywords"": [""안내"", ""방문 키워드 통계 그래프 예시입니다."", ""현재 1명 참여"", ""10명 이상 참여하면"", ""방문 키워드 통계가 공개됩니다!"", ""최신순"", ""modelguy"", ""팔로우"", ""옷예쁩니다"", ""종류가 다양해요"", ""독특한 디자인이 많아요"", ""스타일 추천을 잘해줘요"", ""반응 남기기"", ""방문일"", ""22.11.18.금"", ""2022년 11월 18일 금요일"", ""1번째 방문"", ""인증 수단"", ""영수증""]}",https://naver.me/xfbYTrN2,,,,"[""안내"", ""방문 키워드 통계 그래프 예시입니다."", ""현재 1명 참여"", ""10명 이상 참여하면"", ""방문 키워드 통계가 공개됩니다!"", ""최신순"", ""modelguy"", ""팔로우"", ""옷예쁩니다"", ""종류가 다양해요"", ""독특한 디자인이 많아요"", ""스타일 추천을 잘해줘요"", ""반응 남기기"", ""방문일"", ""22.11.18.금"", ""2022년 11월 18일 금요일"", ""1번째 방문"", ""인증 수단"", ""영수증""]","[{""title"": ""이런 점이 좋았어요"", ""body"": ""안내\n방문 키워드 통계 그래프 예시입니다.\n현재 1명 참여\n10명 이상 참여하면\n방문 키워드 통계가 공개됩니다!""}, {""title"": ""리뷰1"", ""body"": ""안내\n사진/영상 리뷰만\n최신순\n리뷰 제공 기준\n리뷰 클렌징 시스템 작동중입니다\nmodelguy\n리뷰 769사진 2\n팔로우\n옷예쁩니다\n종류가 다양해요\n독특한 디자인이 많아요\n스타일 추천을 잘해줘요\n반응 남기기\n방문일\n22.11.18.금\n2022년 11월 18일 금요일\n1번째 방문\n인증 수단\n영수증\n이용약관고객센터리뷰운영정책신고센터\n네이버""}]"
132,132,해바라기본점,음식점,제주 제주시 칠성로길 34-1,,33.5142889,126.5264163,064-757-3277,,https://naver.me/xKERg5Ny,698-32-01641,칠성로,success,1_naver_link,naver_link place_id=20507945,8.0,naver_place,https://map.naver.com/p/entry/place/20507945,https://map.naver.com/p/entry/place/20507945,https://pcmap.place.naver.com/place/20507945/home,20507945,해바라기본점,한식,,20년 전통이 담긴 특별한 순두부찌개,제주 제주시 칠성로길 34-1 해바라기본점,제주 제주시 일도일동 1337-1,,064-757-3277,,33.5142177,126.5264019,10:00 - 21:00,영업 중,,"{""매일"": {""open"": ""10:00 - 21:00""}}",영업 중 | 21:00에 영업 종료 | 21시 0분에 영업 종료 | 매일 | 10:00 - 21:00 | 접기,,"1979년부터 이어온 손맛 해바라기분식 본점입니다.
알고 계신 정보와 다른 정보가 있나요?
사진으로 간단하게 제보해 주세요.
정보 수정 제안하기
이용약관고객센터리뷰운영정책신고센터
네이버","리뷰를 기반으로 주요 특징을 정리하면 다음과 같습니다. |  | 해바라기본점은 제주 향토적인 맛을 느낄 수 있는 순두부찌개와 비빔밥, 냄비우동 등 다양한 한식 메뉴를 제공합니다. | 제주또민 | +2 | 순두부찌개는 고기 민찌가 풍부하게 들어가 씹는 맛이 좋고, 비빔밥은 오이, 콩나물 등 신선한 재료가 듬뿍 들어가 건강한 맛을 선사합니다. | 슝슝 | +2 | 오징어젓갈과 같은 셀프 반찬도 맛있어 만족도가 높은 식당입니다. | 떠나윤 | +2",,,,,,순두부|김치찌개|참치찌개|오뎅김치|비빔밥|냄비우동|비빔국수|국수,해바라기본점|한식|제주 제주시 칠성로길 34-1 해바라기본점|제주 제주시 일도일동 1337-1|064-757-3277|10:00 - 21:00|순두부|김치찌개|참치찌개|오뎅김치|비빔밥|냄비우동|비빔국수|국수|20년 전통이 담긴 특별한 순두부찌개|음식이 맛있어요|가성비가 좋아요|특별한 메뉴가 있어요|혼밥하기 좋아요|양이 많아요|친절해요|재료가 신선해요|반찬이 잘 나와요|음식이 빨리 나와요|주차하기 편해요,"[""해바라기본점"", ""한식"", ""제주 제주시 칠성로길 34-1 해바라기본점"", ""제주 제주시 일도일동 1337-1"", ""064-757-3277"", ""10:00 - 21:00"", ""순두부"", ""김치찌개"", ""참치찌개"", ""오뎅김치"", ""비빔밥"", ""냄비우동"", ""비빔국수"", ""국수"", ""20년 전통이 담긴 특별한 순두부찌개"", ""음식이 맛있어요"", ""가성비가 좋아요"", ""특별한 메뉴가 있어요"", ""혼밥하기 좋아요"", ""양이 많아요"", ""친절해요"", ""재료가 신선해요"", ""반찬이 잘 나와요"", ""음식이 빨리 나와요"", ""주차하기 편해요""]","{""name"": [""해바라기본점""], ""category"": [""한식""], ""address"": [""제주 제주시 칠성로길 34-1 해바라기본점"", ""제주 제주시 일도일동 1337-1""], ""phone"": [""064-757-3277""], ""hours"": [""10:00 - 21:00""], ""menus"": [""순두부"", ""김치찌개"", ""참치찌개"", ""오뎅김치"", ""비빔밥"", ""냄비우동"", ""비빔국수"", ""국수""], ""slogan"": [""20년 전통이 담긴 특별한 순두부찌개""], ""visitor_keywords"": [""음식이 맛있어요"", ""가성비가 좋아요"", ""특별한 메뉴가 있어요"", ""혼밥하기 좋아요"", ""양이 많아요"", ""친절해요"", ""재료가 신선해요"", ""반찬이 잘 나와요"", ""음식이 빨리 나와요"", ""주차하기 편해요""]}",https://naver.me/xKERg5Ny,,,,"[{""keyword"": ""음식이 맛있어요"", ""count"": ""1280""}, {""keyword"": ""가성비가 좋아요"", ""count"": ""519""}, {""keyword"": ""특별한 메뉴가 있어요"", ""count"": ""435""}, {""keyword"": ""혼밥하기 좋아요"", ""count"": ""337""}, {""keyword"": ""양이 많아요"", ""count"": ""303""}, {""keyword"": ""친절해요"", ""count"": ""175""}, {""keyword"": ""재료가 신선해요"", ""count"": ""156""}, {""keyword"": ""반찬이 잘 나와요"", ""count"": ""66""}, {""keyword"": ""음식이 빨리 나와요"", ""count"": ""59""}, {""keyword"": ""주차하기 편해요"", ""count"": ""39""}]","[{""title"": ""소개"", ""body"": ""1979년부터 이어온 손맛 해바라기분식 본점입니다.\n알고 계신 정보와 다른 정보가 있나요?\n사진으로 간단하게 제보해 주세요.\n정보 수정 제안하기\n이용약관고객센터리뷰운영정책신고센터\n네이버""}]"
133,133,만만한복,기타,제주 제주시 관덕로 39 1층,,33.5133655,126.5236051,064-748-1107,,https://naver.me/GEXER3JI,616-27-28756,칠성로,success,1_naver_link,naver_link place_id=1083930111,8.7,naver_place,https://map.naver.com/p/entry/place/1083930111,https://map.naver.com/p/entry/place/1083930111,https://pcmap.place.naver.com/place/1083930111/home,1083930111,만만한복,한복대여,,,제주 제주시 관덕로 39 1층,제주 제주시 일도일동 1413-1,,064-748-1107,,33.5133443,126.5235153,영업 중,영업 중,,{},영업 중,예약|무선 인터넷|남/녀 화장실 구분|방문접수/출장|단체 이용 가능|대기공간|주차,"육군 만기전역, 토종 한국인이 운영하는 한복대여점입니다
제주목관아에서 제일 가까운 한복대여점. 도보 1분거리
한복대여료 20,000원~
제주도최대규모
济州岛韩服
满满韩服
韩服租赁费 2万韩币~
济州岛最大规模",,,,,,,,만만한복|한복대여|제주 제주시 관덕로 39 1층|제주 제주시 일도일동 1413-1|064-748-1107|영업 중|무선 인터넷|남/녀 화장실 구분|방문접수/출장|단체 이용 가능|대기공간|주차|친절해요|옷이 다양해요|시설이 깔끔해요|옷이 예뻐요|가격이 합리적이에요|사이즈가 다양해요|상담이 자세해요|반납이 편해요|옷 관리가 잘 되어있어요|스타일 추천을 잘해줘요,"[""만만한복"", ""한복대여"", ""제주 제주시 관덕로 39 1층"", ""제주 제주시 일도일동 1413-1"", ""064-748-1107"", ""영업 중"", ""무선 인터넷"", ""남/녀 화장실 구분"", ""방문접수/출장"", ""단체 이용 가능"", ""대기공간"", ""주차"", ""친절해요"", ""옷이 다양해요"", ""시설이 깔끔해요"", ""옷이 예뻐요"", ""가격이 합리적이에요"", ""사이즈가 다양해요"", ""상담이 자세해요"", ""반납이 편해요"", ""옷 관리가 잘 되어있어요"", ""스타일 추천을 잘해줘요""]","{""name"": [""만만한복""], ""category"": [""한복대여""], ""address"": [""제주 제주시 관덕로 39 1층"", ""제주 제주시 일도일동 1413-1""], ""phone"": [""064-748-1107""], ""hours"": [""영업 중""], ""conveniences"": [""무선 인터넷"", ""남/녀 화장실 구분"", ""방문접수/출장"", ""단체 이용 가능"", ""대기공간"", ""주차""], ""visitor_keywords"": [""친절해요"", ""옷이 다양해요"", ""시설이 깔끔해요"", ""옷이 예뻐요"", ""가격이 합리적이에요"", ""사이즈가 다양해요"", ""상담이 자세해요"", ""반납이 편해요"", ""옷 관리가 잘 되어있어요"", ""스타일 추천을 잘해줘요""]}",https://naver.me/GEXER3JI,,"[""만만한복\n알림친구들과 함께라면 더욱 즐거워요^^\n혼자도 좋지만 친구들과 함께라면 더욱 즐겁고 비용도 내려갑니다^^\n좋아요\n2023.05.03.\n2023년 5월 3일"", ""만만한복\n알림만만한복의 시작\n제주시 구도심에 나타난 한복대여전문점 만만한복.\n많은 사랑부탁드립니다\n좋아요\n2023.04.25.\n2023년 4월 25일""]",,"[{""keyword"": ""친절해요"", ""count"": ""13""}, {""keyword"": ""옷이 다양해요"", ""count"": ""12""}, {""keyword"": ""시설이 깔끔해요"", ""count"": ""10""}, {""keyword"": ""옷이 예뻐요"", ""count"": ""9""}, {""keyword"": ""가격이 합리적이에요"", ""count"": ""7""}, {""keyword"": ""사이즈가 다양해요"", ""count"": ""5""}, {""keyword"": ""상담이 자세해요"", ""count"": ""4""}, {""keyword"": ""반납이 편해요"", ""count"": ""4""}, {""keyword"": ""옷 관리가 잘 되어있어요"", ""count"": ""3""}, {""keyword"": ""스타일 추천을 잘해줘요"", ""count"": ""3""}]","[{""title"": ""소개"", ""body"": ""육군 만기전역, 토종 한국인이 운영하는 한복대여점입니다\n제주목관아에서 제일 가까운 한복대여점. 도보 1분거리\n한복대여료 20,000원~\n제주도최대규모\n济州岛韩服\n满满韩服\n韩服租赁费 2万韩币~\n济州岛最大规模""}, {""title"": ""대표 키워드"", ""body"": ""제주도한복제주한복제주도교복제주한복대여제주목관아""}, {""title"": ""편의시설 및 서비스"", ""body"": ""예약\n무선 인터넷\n남/녀 화장실 구분\n방문접수/출장\n단체 이용 가능\n대기공간""}, {""title"": ""주차"", ""body"": ""주차가능\n무료\n제주목관아 무료주차장 밎 유료공영주차장 이용바랍니다 무료주차장 주소 제주시 관덕로 25(삼도이동 1045) 주차 후 만만한복으로 오세요\n내용 더보기""}, {""title"": ""결제수단"", ""body"": ""지역화폐 (카드형)""}, {""title"": ""SNS"", ""body"": ""인스타그램\nhttps://www.instagram.com/manman_hanbok?igsh=MXNoZjQxMXA2cWozbA==\n알고 계신 정보와 다른 정보가 있나요?\n사진으로 간단하게 제보해 주세요.\n정보 수정 제안하기\n이용약관고객센터리뷰운영정책신고센터\n네이버""}]"
134,134,어라운드,쇼핑,제주 제주시 관덕로15길 14 1층 around,,33.5145288,126.526796,,,https://naver.me/xKyt7Dlx,818-04-01539,칠성로,success,1_naver_link,naver_link place_id=1484691157,3.4,naver_place,https://map.naver.com/p/entry/place/1484691157,https://map.naver.com/p/entry/place/1484691157,https://pcmap.place.naver.com/place/1484691157/home,1484691157,어라운드,패션,,,제주 제주시 관덕로15길 14 1층 around,제주 제주시 일도일동 1311,,,,33.5145094,126.5267671,,,,{},,,"인스타그램
https://www.instagram.com/aroundjeju
알고 계신 정보와 다른 정보가 있나요?
사진으로 간단하게 제보해 주세요.
정보 수정 제안하기
이용약관고객센터리뷰운영정책신고센터
네이버",,,,,,,,어라운드|패션|제주 제주시 관덕로15길 14 1층 around|제주 제주시 일도일동 1311|안내|방문 키워드 통계 그래프 예시입니다.|현재 2명 참여|10명 이상 참여하면|방문 키워드 통계가 공개됩니다!|최신순|태연파파|팔로우|사장님이 정말 친절하시고|꼼꼼하게 스타일 추천도 해주셔서 좋았어요|주변 지인들에게도 많이 추천하고 있습니다|번창하세요^^|친절해요|스타일 추천을 잘해줘요|품질이 좋아요|독특한 디자인이 많아요|A/S가 세심해요|반응 남기기|방문일,"[""어라운드"", ""패션"", ""제주 제주시 관덕로15길 14 1층 around"", ""제주 제주시 일도일동 1311"", ""안내"", ""방문 키워드 통계 그래프 예시입니다."", ""현재 2명 참여"", ""10명 이상 참여하면"", ""방문 키워드 통계가 공개됩니다!"", ""최신순"", ""태연파파"", ""팔로우"", ""사장님이 정말 친절하시고"", ""꼼꼼하게 스타일 추천도 해주셔서 좋았어요"", ""주변 지인들에게도 많이 추천하고 있습니다"", ""번창하세요^^"", ""친절해요"", ""스타일 추천을 잘해줘요"", ""품질이 좋아요"", ""독특한 디자인이 많아요"", ""A/S가 세심해요"", ""반응 남기기"", ""방문일""]","{""name"": [""어라운드""], ""category"": [""패션""], ""address"": [""제주 제주시 관덕로15길 14 1층 around"", ""제주 제주시 일도일동 1311""], ""visitor_keywords"": [""안내"", ""방문 키워드 통계 그래프 예시입니다."", ""현재 2명 참여"", ""10명 이상 참여하면"", ""방문 키워드 통계가 공개됩니다!"", ""최신순"", ""태연파파"", ""팔로우"", ""사장님이 정말 친절하시고"", ""꼼꼼하게 스타일 추천도 해주셔서 좋았어요"", ""주변 지인들에게도 많이 추천하고 있습니다"", ""번창하세요^^"", ""친절해요"", ""스타일 추천을 잘해줘요"", ""품질이 좋아요"", ""독특한 디자인이 많아요"", ""A/S가 세심해요"", ""반응 남기기"", ""방문일""]}",https://naver.me/xKyt7Dlx,,,,"[""안내"", ""방문 키워드 통계 그래프 예시입니다."", ""현재 2명 참여"", ""10명 이상 참여하면"", ""방문 키워드 통계가 공개됩니다!"", ""최신순"", ""태연파파"", ""팔로우"", ""사장님이 정말 친절하시고"", ""꼼꼼하게 스타일 추천도 해주셔서 좋았어요"", ""주변 지인들에게도 많이 추천하고 있습니다"", ""번창하세요^^"", ""친절해요"", ""스타일 추천을 잘해줘요"", ""품질이 좋아요"", ""독특한 디자인이 많아요"", ""A/S가 세심해요"", ""반응 남기기"", ""방문일""]","[{""title"": ""주차"", ""body"": ""주차 불가""}, {""title"": ""결제수단"", ""body"": ""지역화폐 (지류형)\n지역화폐 (카드형)\n제로페이""}, {""title"": ""SNS"", ""body"": ""인스타그램\nhttps://www.instagram.com/aroundjeju\n알고 계신 정보와 다른 정보가 있나요?\n사진으로 간단하게 제보해 주세요.\n정보 수정 제안하기\n이용약관고객센터리뷰운영정책신고센터\n네이버""}]"
135,135,뉴스페이스커피,"카페, 디저트",제주 제주시 서부두남길 14,,33.5154503,126.5276541,,,https://naver.me/I5yqrg7h,421-10-00884,칠성로,success,1_naver_link,naver_link place_id=2009105788,5.2,naver_place,https://map.naver.com/p/entry/place/2009105788,https://map.naver.com/p/entry/place/2009105788,https://pcmap.place.naver.com/place/2009105788/home,2009105788,뉴스페이스커피,"카페,디저트",,특별한 서비스로 더 특별한 경험,"제주 제주시 서부두남길 14 1, 2층",제주 제주시 건입동 1378-4,"제주 동문시장, 산지천 근처 흑돼지거리 끝 온차 맡은편, 흰색 2층 건물에 빨간색 하트 로고를 찾아오세요. 북수구 또는 산짓물 공영주차장을 이용하시면 주차가 편리합니다.",,https://www.instagram.com/newspace_coffee?igsh=MXhyc3l0N3Vzc2N2bA%3D%3D&utm_source=qr,33.5154118,126.5276221,월 정기휴무 (매주 월요일),영업 중,17:30에 라스트오더 | 17시 30분에 라스트오더 | 17:30 라스트오더,"{""목"": {""open"": ""11:00 - 18:00""}, ""금"": {""open"": ""11:00 - 18:00""}, ""토"": {""open"": ""11:00 - 18:00""}, ""일"": {""open"": ""12:00 - 18:00""}, ""월"": {""open"": ""정기휴무 (매주 월요일)""}, ""화"": {""open"": ""11:00 - 18:00""}, ""수"": {""open"": ""11:00 - 18:00""}}",영업 중 | 17:30에 라스트오더 | 17시 30분에 라스트오더 | 목 | 11:00 - 18:00 | 17:30 라스트오더 | 금 | 11:00 - 18:00 | 17:30 라스트오더 | 토 | 11:00 - 18:00 | 17:30 라스트오더 | 일 | 12:00 - 18:00 | 17:30 라스트오더 | 월 | 정기휴무 (매주 월요일) | 화 | 11:00 - 18:00 | 17:30 라스트오더 | 수 | 11:00 - 18:00 | 17:30 라스트오더 | 접기,예약|무선 인터넷|배달|포장|반려동물 동반,"제주 흑돼지거리에서 즐기는 흑돼지미트파이,
계절마다 제주에서 기른 과일과 채소들을 사용해
음료와 음식을 만들고 사랑을 가득 담아 드려요:)","사용자들의 리뷰를 바탕으로 요약했습니다. |  | 뉴스페이스커피는 제주 여행 중 우연히 발견하기 좋은 카페로, 맛있는 커피와 친절한 사장님이 인상적입니다. | Swindler J | +1 | 디카페인 바닐라라떼는 적당한 달달함이 매력적이며, 두쫀쿠와 같은 특별한 메뉴도 준비되어 있습니다. | 도대구 | +1 | 2층 공간은 편안하게 머무르기 좋으며, 세심한 인테리어와 음악이 어우러져 여행 중 휴식을 취하기에 이상적입니다. | st**** | +1",,,,,,아메리카노,"뉴스페이스커피|카페,디저트|제주 제주시 서부두남길 14 1, 2층|제주 제주시 건입동 1378-4|월 정기휴무 (매주 월요일)|아메리카노|특별한 서비스로 더 특별한 경험|무선 인터넷|배달|포장|반려동물 동반|커피가 맛있어요|디저트가 맛있어요|친절해요|인테리어가 멋져요|음료가 맛있어요|매장이 청결해요|사진이 잘 나와요|특별한 메뉴가 있어요|가성비가 좋아요|아늑해요","[""뉴스페이스커피"", ""카페,디저트"", ""제주 제주시 서부두남길 14 1, 2층"", ""제주 제주시 건입동 1378-4"", ""월 정기휴무 (매주 월요일)"", ""아메리카노"", ""특별한 서비스로 더 특별한 경험"", ""무선 인터넷"", ""배달"", ""포장"", ""반려동물 동반"", ""커피가 맛있어요"", ""디저트가 맛있어요"", ""친절해요"", ""인테리어가 멋져요"", ""음료가 맛있어요"", ""매장이 청결해요"", ""사진이 잘 나와요"", ""특별한 메뉴가 있어요"", ""가성비가 좋아요"", ""아늑해요""]","{""name"": [""뉴스페이스커피""], ""category"": [""카페,디저트""], ""address"": [""제주 제주시 서부두남길 14 1, 2층"", ""제주 제주시 건입동 1378-4""], ""hours"": [""월 정기휴무 (매주 월요일)""], ""menus"": [""아메리카노""], ""slogan"": [""특별한 서비스로 더 특별한 경험""], ""conveniences"": [""무선 인터넷"", ""배달"", ""포장"", ""반려동물 동반""], ""visitor_keywords"": [""커피가 맛있어요"", ""디저트가 맛있어요"", ""친절해요"", ""인테리어가 멋져요"", ""음료가 맛있어요"", ""매장이 청결해요"", ""사진이 잘 나와요"", ""특별한 메뉴가 있어요"", ""가성비가 좋아요"", ""아늑해요""]}",https://naver.me/I5yqrg7h,,"[""뉴스페이스커피\n임시휴무육지 출장 으로 9/7(월) - 9/8(화) 쉬어갑니다!\n방문에 불편함 없도록 참고해주세요!\n기간\n2026.09.07. ~ 2026.09.08.\n좋아요\n3일 전\n3일 전"", ""뉴스페이스커피\n동영상\n알림빠르고 정확한 소식은, @newspace_coffee\n인스타그램 스토리를 확인해주세요!\n기간\n2026.08.27.\n좋아요\n2026.08.27.\n2026년 8월 27일"", ""뉴스페이스커피\n임시휴무7/30-8/3 여름방학 입니다.\n방문 시 참고해주세요\n기간\n2026.07.30. ~ 2026.08.02.\n좋아요\n2026.07.30.\n2026년 7월 30일""]",,"[{""keyword"": ""커피가 맛있어요"", ""count"": ""34""}, {""keyword"": ""디저트가 맛있어요"", ""count"": ""22""}, {""keyword"": ""친절해요"", ""count"": ""22""}, {""keyword"": ""인테리어가 멋져요"", ""count"": ""21""}, {""keyword"": ""음료가 맛있어요"", ""count"": ""16""}, {""keyword"": ""매장이 청결해요"", ""count"": ""13""}, {""keyword"": ""사진이 잘 나와요"", ""count"": ""6""}, {""keyword"": ""특별한 메뉴가 있어요"", ""count"": ""6""}, {""keyword"": ""가성비가 좋아요"", ""count"": ""5""}, {""keyword"": ""아늑해요"", ""count"": ""4""}]","[{""title"": ""소개"", ""body"": ""제주 흑돼지거리에서 즐기는 흑돼지미트파이,\n계절마다 제주에서 기른 과일과 채소들을 사용해\n음료와 음식을 만들고 사랑을 가득 담아 드려요:)""}, {""title"": ""편의시설 및 서비스"", ""body"": ""예약\n무선 인터넷\n배달\n포장""}, {""title"": ""반려동물 동반"", ""body"": ""반려동물 동반 가능""}, {""title"": ""주차"", ""body"": ""주차 불가\n매장 근처 북수구 또는 산짓물 공영주차장 이용을 추천 드립니다 :)""}, {""title"": ""좌석·공간"", ""body"": ""카운터석\n바테이블""}, {""title"": ""SNS"", ""body"": ""인스타그램\nhttps://www.instagram.com/newspace_coffee?igsh=MXhyc3l0N3Vzc2N2bA%3D%3D&utm_source=qr\n알고 계신 정보와 다른 정보가 있나요?\n사진으로 간단하게 제보해 주세요.\n정보 수정 제안하기\n이용약관고객센터리뷰운영정책신고센터\n네이버""}]"
136,136,문화공간 휴,기타,제주 제주시 중앙로8길 2 1층,,33.5149627,126.5242284,0507-1353-9837,,https://naver.me/xcnGVHZO,885-02-01587,칠성로,success,1_naver_link,naver_link place_id=35418130,1.2,naver_place,https://map.naver.com/p/entry/place/35418130,https://map.naver.com/p/entry/place/35418130,https://pcmap.place.naver.com/place/35418130/home,35418130,문화공간 휴,한복대여,,,제주 제주시 중앙로8길 2 1층,제주 제주시 일도일동 1280-13,[대중교통] | 탑동입구 정류장에서 하차 후 50m 도보로 이동해주세요. | 관덕정입구 정류장에서 하차 후 100m 도보로 이동해주세요. | [자가용] | 제주시 중앙로8길 2 네비 검색후 오시면 됩니다.,0507-1353-9837,,33.5149654,126.5242155,10:00 - 18:00,영업 중,,"{""매일"": {""open"": ""10:00 - 18:00""}}",영업 중 | 18:00에 영업 종료 | 18시 0분에 영업 종료 | 매일 | 10:00 - 18:00 | 접기,무선 인터넷|단체 이용 가능|남/녀 화장실 구분|예약,"문화공간 휴는 제주도를 찾는 내,외국인 관광객에게 여행 정보 제공은 물론 제주목관아를 중심으로 한 여행 체험 상품(한복 대여 및 촬영)의 운영, 각종 미팅과 회의를 진행할 수 있는 서비스를 제공합니다.
증명사진관, 퍼스널 컬러 등 다양한 문화체험을 진행합니다.",,,,,,,휴 한복대여 2시간부터|휴 한복대여+촬영,문화공간 휴|한복대여|제주 제주시 중앙로8길 2 1층|제주 제주시 일도일동 1280-13|0507-1353-9837|10:00 - 18:00|휴 한복대여 2시간부터|휴 한복대여+촬영|무선 인터넷|단체 이용 가능|남/녀 화장실 구분,"[""문화공간 휴"", ""한복대여"", ""제주 제주시 중앙로8길 2 1층"", ""제주 제주시 일도일동 1280-13"", ""0507-1353-9837"", ""10:00 - 18:00"", ""휴 한복대여 2시간부터"", ""휴 한복대여+촬영"", ""무선 인터넷"", ""단체 이용 가능"", ""남/녀 화장실 구분""]","{""name"": [""문화공간 휴""], ""category"": [""한복대여""], ""address"": [""제주 제주시 중앙로8길 2 1층"", ""제주 제주시 일도일동 1280-13""], ""phone"": [""0507-1353-9837""], ""hours"": [""10:00 - 18:00""], ""menus"": [""휴 한복대여 2시간부터"", ""휴 한복대여+촬영""], ""conveniences"": [""무선 인터넷"", ""단체 이용 가능"", ""남/녀 화장실 구분""]}",https://naver.me/xcnGVHZO,,"[""문화공간 휴\n알림예약 후 방문해 주시면 조금 더 편한 서비스를 받으실 수 있습니다.(준비 과정을 줄일 수 있습니다.) 물론 그냥 방문해 주셔도 전혀 문제 없습니다.\n좋아요\n2019.08.28.\n2019년 8월 28일""]",,,"[{""title"": ""소개"", ""body"": ""문화공간 휴는 제주도를 찾는 내,외국인 관광객에게 여행 정보 제공은 물론 제주목관아를 중심으로 한 여행 체험 상품(한복 대여 및 촬영)의 운영, 각종 미팅과 회의를 진행할 수 있는 서비스를 제공합니다.\n증명사진관, 퍼스널 컬러 등 다양한 문화체험을 진행합니다.""}, {""title"": ""대표 키워드"", ""body"": ""제주도한복제주한복체험제주한복대여증명사진목관아한복""}, {""title"": ""편의시설 및 서비스"", ""body"": ""무선 인터넷\n단체 이용 가능\n남/녀 화장실 구분\n예약""}, {""title"": ""주차"", ""body"": ""주차 불가\n본 건물 옆 유료 주차장이 위치해있습니다.""}, {""title"": ""SNS"", ""body"": ""인스타그램\nhttps://www.instagram.com/jeju_hue_hanbok/\n홈페이지\n홈페이지\n알고 계신 정보와 다른 정보가 있나요?\n사진으로 간단하게 제보해 주세요.\n정보 수정 제안하기\n이용약관고객센터리뷰운영정책신고센터\n네이버""}]"
137,137,아꼬미상점,쇼핑,제주 제주시 칠성로길 38 1층 아꼬미상점,,33.514272,126.5269179,,,https://naver.me/FAP9ylIf,195-22-02083,칠성로,success,1_naver_link,naver_link place_id=2028659653,0.0,naver_place,https://map.naver.com/p/entry/place/2028659653,https://map.naver.com/p/entry/place/2028659653,https://pcmap.place.naver.com/place/2028659653/home,2028659653,아꼬미상점,인테리어소품,,,제주 제주시 칠성로길 38 1층 아꼬미상점,제주 제주시 일도일동 1328,,,,33.514272,126.5269179,오늘 휴무,오늘 휴무,,{},오늘 휴무,주차,"아꼽다는 제주도 방언으로
귀엽다는 뜻이에요 :)

빈티지 키덜트 제품부터 인테리어,
핸드메이드 제품까지
폭닥폭닥 아꼬운 소품이 모여있는
작은 공간입니다",,,,,,,,아꼬미상점|인테리어소품|제주 제주시 칠성로길 38 1층 아꼬미상점|제주 제주시 일도일동 1328|오늘 휴무|주차|상품이 다양해요|예쁜 소품이 많아요|특색 있는 제품이 많아요|품질이 좋아요|선물하기 좋아요|친절해요|인테리어가 멋져요|아기자기해요|분위기가 편안해요|트렌디해요,"[""아꼬미상점"", ""인테리어소품"", ""제주 제주시 칠성로길 38 1층 아꼬미상점"", ""제주 제주시 일도일동 1328"", ""오늘 휴무"", ""주차"", ""상품이 다양해요"", ""예쁜 소품이 많아요"", ""특색 있는 제품이 많아요"", ""품질이 좋아요"", ""선물하기 좋아요"", ""친절해요"", ""인테리어가 멋져요"", ""아기자기해요"", ""분위기가 편안해요"", ""트렌디해요""]","{""name"": [""아꼬미상점""], ""category"": [""인테리어소품""], ""address"": [""제주 제주시 칠성로길 38 1층 아꼬미상점"", ""제주 제주시 일도일동 1328""], ""hours"": [""오늘 휴무""], ""conveniences"": [""주차""], ""visitor_keywords"": [""상품이 다양해요"", ""예쁜 소품이 많아요"", ""특색 있는 제품이 많아요"", ""품질이 좋아요"", ""선물하기 좋아요"", ""친절해요"", ""인테리어가 멋져요"", ""아기자기해요"", ""분위기가 편안해요"", ""트렌디해요""]}",https://naver.me/FAP9ylIf,,"[""아꼬미상점\n공지\n알림9월 8일 영업관련\n안녕하세요 좋은 화요일 오전입니다:)\n오후 1시 오픈완료했습니다\n기다려주셔서 감사합니다\n더위 조심하시구 행복한 하루 보내시길 바래요 ¨̮\n더보기\n좋아요\n2일 전\n2일 전"", ""아꼬미상점\n알림설 연휴 영업시간\n안녕하세요 ☺️\n2026년 설 연휴 영업시간입니다\n2/16 (월) 11:30-19:00\n2/17 (화) 휴무\n2/18 (수) 11:30-19:00\n새해 복 많이 받으시고\n건강하고 행복한 2026년 보내세요:)\n더보기\n1명\n2026.02.13.\n2026년 2월 13일"", ""아꼬미상점\n임시휴무2월 휴무\n안녕하세요☺️\n2월은 가족여행이있어서 일주일 휴무가있어요 !\n2/3(화) 오후 6시 마감\n2/4(수)-2/9(월) 휴무입니다\n감사합니다:)\n더보기\n기간\n2026.02.04. ~ 2026.02.09.\n1명\n2026.02.02.\n2026년 2월 2일""]",,"[{""keyword"": ""상품이 다양해요"", ""count"": ""105""}, {""keyword"": ""예쁜 소품이 많아요"", ""count"": ""90""}, {""keyword"": ""특색 있는 제품이 많아요"", ""count"": ""84""}, {""keyword"": ""품질이 좋아요"", ""count"": ""59""}, {""keyword"": ""선물하기 좋아요"", ""count"": ""42""}, {""keyword"": ""친절해요"", ""count"": ""40""}, {""keyword"": ""인테리어가 멋져요"", ""count"": ""36""}, {""keyword"": ""아기자기해요"", ""count"": ""23""}, {""keyword"": ""분위기가 편안해요"", ""count"": ""16""}, {""keyword"": ""트렌디해요"", ""count"": ""12""}]","[{""title"": ""소개"", ""body"": ""아꼽다는 제주도 방언으로\n귀엽다는 뜻이에요 :)\n\n빈티지 키덜트 제품부터 인테리어,\n핸드메이드 제품까지\n폭닥폭닥 아꼬운 소품이 모여있는\n작은 공간입니다""}, {""title"": ""대표 키워드"", ""body"": ""제주도소품샵소품샵빈티지키덜트제주소품샵""}, {""title"": ""주차"", ""body"": ""주차가능\n유료\n최초 30분 무료\n추가 요금 60분당 2,000원, 최대 10,000원\n북수구 공영주차장 30분 무료 주차 가능합니다 :)""}, {""title"": ""결제수단"", ""body"": ""네이버페이""}, {""title"": ""SNS"", ""body"": ""유튜브\nhttps://youtube.com/@아꼬미상점\n인스타그램\n인스타그램\n알고 계신 정보와 다른 정보가 있나요?\n사진으로 간단하게 제보해 주세요.\n정보 수정 제안하기\n이용약관고객센터리뷰운영정책신고센터\n네이버""}]"
138,138,제주복이당,"카페, 디저트",제주 제주시 관덕로11길 15 2층,,33.5144061,126.5253215,0507-1335-7105,,https://naver.me/G4GVNoti,619-04-64432,칠성로,success,1_naver_link,naver_link place_id=2093052488,0.8,naver_place,https://map.naver.com/p/entry/place/2093052488,https://map.naver.com/p/entry/place/2093052488,https://pcmap.place.naver.com/place/2093052488/home,2093052488,제주복이당,베이커리,,아이들의 웃음소리 가득한 모찌 맛집,제주 제주시 관덕로11길 15 2층,제주 제주시 일도일동 1296-2,칠성로 중앙 빈폴매장2층입니다,0507-1335-7105,,33.5144051,126.5253125,10:00 - 21:00,영업 중,,"{""매일"": {""open"": ""10:00 - 21:00""}}",영업 중 | 21:00에 영업 종료 | 21시 0분에 영업 종료 | 매일 | 10:00 - 21:00 | 접기,포장|배달|예약|무선 인터넷|남/녀 화장실 구분|간편결제,제주복이당 생과일모찌전문점,"리뷰를 기반으로 주요 특징을 정리하면 다음과 같습니다. |  | 제주복이당은 다양한 과일 모찌와 생과일 아이스크림, 보냉 포장이 가능한 디저트를 제공하는 제주 동문시장 근처 카페입니다. | 작가 해밀 김진영 | +1 | 통망고모찌, 모듬과일세트, 생망고우유빙수 등 신선한 제주 과일을 활용한 메뉴가 인기입니다. | 푸드스틸러 | +2 | 키오스크로 편리하게 주문 가능하며, 선물용 포장도 깔끔하게 제공되어 제주 여행 기념품으로 추천합니다. | 이오 | +2",,,,,,통애플망고모듬세트(하루한정판매)|모듬과일세트|보냉가방(항공기내이용가능)|생애플망고우유빙수|초코오레오빙수|나는딸기만세트|딸기감귤세트|감귤모찌세트|통애플망고모찌|제주 통감귤모찌|여름딸기모찌(고랭지강원도)|애플포도모찌|블랙사파이어모찌|골드키위모찌|파인모찌|망고.감귤.수박쥬스|생애플망고아이스크림(상하목장)|초코오레오아이스크림|메론아이스크림(상하목장)|복숭아아이스크림(상하목장)|여름생딸기아이스크림(상하목장)|두바이아이스크림(상하목장)|소프트아이스크림(상하목장)|아메리카노|카페라떼,제주복이당|베이커리|제주 제주시 관덕로11길 15 2층|제주 제주시 일도일동 1296-2|0507-1335-7105|10:00 - 21:00|통애플망고모듬세트(하루한정판매)|모듬과일세트|보냉가방(항공기내이용가능)|생애플망고우유빙수|초코오레오빙수|나는딸기만세트|딸기감귤세트|감귤모찌세트|통애플망고모찌|제주 통감귤모찌|여름딸기모찌(고랭지강원도)|애플포도모찌|블랙사파이어모찌|골드키위모찌|파인모찌|망고.감귤.수박쥬스|생애플망고아이스크림(상하목장)|초코오레오아이스크림|메론아이스크림(상하목장)|복숭아아이스크림(상하목장)|여름생딸기아이스크림(상하목장)|두바이아이스크림(상하목장)|소프트아이스크림(상하목장)|아메리카노|카페라떼|아이들의 웃음소리 가득한 모찌 맛집|포장|배달|무선 인터넷|남/녀 화장실 구분|간편결제|특별한 메뉴가 있어요|인테리어가 멋져요|친절해요|디저트가 맛있어요|음료가 맛있어요|가성비가 좋아요|빵이 맛있어요|대화하기 좋아요|음식이 맛있어요|재료가 신선해요,"[""제주복이당"", ""베이커리"", ""제주 제주시 관덕로11길 15 2층"", ""제주 제주시 일도일동 1296-2"", ""0507-1335-7105"", ""10:00 - 21:00"", ""통애플망고모듬세트(하루한정판매)"", ""모듬과일세트"", ""보냉가방(항공기내이용가능)"", ""생애플망고우유빙수"", ""초코오레오빙수"", ""나는딸기만세트"", ""딸기감귤세트"", ""감귤모찌세트"", ""통애플망고모찌"", ""제주 통감귤모찌"", ""여름딸기모찌(고랭지강원도)"", ""애플포도모찌"", ""블랙사파이어모찌"", ""골드키위모찌"", ""파인모찌"", ""망고.감귤.수박쥬스"", ""생애플망고아이스크림(상하목장)"", ""초코오레오아이스크림"", ""메론아이스크림(상하목장)"", ""복숭아아이스크림(상하목장)"", ""여름생딸기아이스크림(상하목장)"", ""두바이아이스크림(상하목장)"", ""소프트아이스크림(상하목장)"", ""아메리카노"", ""카페라떼"", ""아이들의 웃음소리 가득한 모찌 맛집"", ""포장"", ""배달"", ""무선 인터넷"", ""남/녀 화장실 구분"", ""간편결제"", ""특별한 메뉴가 있어요"", ""인테리어가 멋져요"", ""친절해요"", ""디저트가 맛있어요"", ""음료가 맛있어요"", ""가성비가 좋아요"", ""빵이 맛있어요"", ""대화하기 좋아요"", ""음식이 맛있어요"", ""재료가 신선해요""]","{""name"": [""제주복이당""], ""category"": [""베이커리""], ""address"": [""제주 제주시 관덕로11길 15 2층"", ""제주 제주시 일도일동 1296-2""], ""phone"": [""0507-1335-7105""], ""hours"": [""10:00 - 21:00""], ""menus"": [""통애플망고모듬세트(하루한정판매)"", ""모듬과일세트"", ""보냉가방(항공기내이용가능)"", ""생애플망고우유빙수"", ""초코오레오빙수"", ""나는딸기만세트"", ""딸기감귤세트"", ""감귤모찌세트"", ""통애플망고모찌"", ""제주 통감귤모찌"", ""여름딸기모찌(고랭지강원도)"", ""애플포도모찌"", ""블랙사파이어모찌"", ""골드키위모찌"", ""파인모찌"", ""망고.감귤.수박쥬스"", ""생애플망고아이스크림(상하목장)"", ""초코오레오아이스크림"", ""메론아이스크림(상하목장)"", ""복숭아아이스크림(상하목장)"", ""여름생딸기아이스크림(상하목장)"", ""두바이아이스크림(상하목장)"", ""소프트아이스크림(상하목장)"", ""아메리카노"", ""카페라떼""], ""slogan"": [""아이들의 웃음소리 가득한 모찌 맛집""], ""conveniences"": [""포장"", ""배달"", ""무선 인터넷"", ""남/녀 화장실 구분"", ""간편결제""], ""visitor_keywords"": [""특별한 메뉴가 있어요"", ""인테리어가 멋져요"", ""친절해요"", ""디저트가 맛있어요"", ""음료가 맛있어요"", ""가성비가 좋아요"", ""빵이 맛있어요"", ""대화하기 좋아요"", ""음식이 맛있어요"", ""재료가 신선해요""]}",https://naver.me/G4GVNoti,,"[""제주복이당\n공지\n알림365일영업~여름딸기모찌있습니다~^^전화❌ 예약❌ 그냥 오시면 됩니다\n모찌는 수령 여부와 상관없이 계속 정성껏 만들고 있습니다 😊전화 문의나 방문 없이도 편하게 오셔서 구매 가능합니다!\n언제든지 들러주세요 🙌신선하고 쫀득한 모찌, 항상 준비되어 있습니다 🍡\n🚨 오늘도 모찌 계속 생산 중!\n수령 여부 상관없이 계속 만들고 있어요👉 전화❌ 예약❌ 그냥 오시면 됩니다\n늦게 오시면 품절될 수 있긴?절대품절없어요 😭지금 바로 들러주세요!\n더보기\n1명\n2026.03.18.\n2026년 3월 18일"", ""제주복이당\n알림제주 복이당 오시는길\n동문시장도보5분거리 칠성통 빈폴매장 2층으로 올라오시면됩니다\n좋아요\n2026.02.02.\n2026년 2월 2일"", ""제주복이당\n알림복이당 이용시 꿀팁\n🍓과일의신선함을위해 모찌는 매일 새로만듭니다\n🍊당일생산!당일판매!당일섭취\n🍇항공이동시 보냉가방에 보관 기내반입 권장드립니다\n🍋복이당은 \""복이오는집\"" 이라는 뜻입니다\n\""우리는 모찌를만들지만 사실은 작은복을 포장하고있습니다\""🪭\n더보기\n좋아요\n2026.02.02.\n2026년 2월 2일""]",,"[{""keyword"": ""특별한 메뉴가 있어요"", ""count"": ""106""}, {""keyword"": ""인테리어가 멋져요"", ""count"": ""56""}, {""keyword"": ""친절해요"", ""count"": ""52""}, {""keyword"": ""디저트가 맛있어요"", ""count"": ""51""}, {""keyword"": ""음료가 맛있어요"", ""count"": ""39""}, {""keyword"": ""가성비가 좋아요"", ""count"": ""37""}, {""keyword"": ""빵이 맛있어요"", ""count"": ""36""}, {""keyword"": ""대화하기 좋아요"", ""count"": ""36""}, {""keyword"": ""음식이 맛있어요"", ""count"": ""33""}, {""keyword"": ""재료가 신선해요"", ""count"": ""29""}]","[{""title"": ""소개"", ""body"": ""제주복이당 생과일모찌전문점""}, {""title"": ""편의시설 및 서비스"", ""body"": ""유기농 메뉴\n포장\n배달\n예약\n무선 인터넷\n남/녀 화장실 구분""}, {""title"": ""주차"", ""body"": ""주차 불가""}, {""title"": ""좌석·공간"", ""body"": ""입식\n좌식""}, {""title"": ""결제수단"", ""body"": ""지역화폐 (카드형)\n지역화폐 (모바일형)\n제로페이\n간편결제\n알고 계신 정보와 다른 정보가 있나요?\n사진으로 간단하게 제보해 주세요.\n정보 수정 제안하기\n이용약관고객센터리뷰운영정책신고센터\n네이버""}]"
139,139,카페봄봄 제주칠성점,"카페, 디저트",제주 제주시 관덕로11길 18 1층,,33.5147249,126.5256669,064-753-2456,,https://naver.me/5qLcKipI,324-06-00835,칠성로,success,1_naver_link,naver_link place_id=2096510262,0.2,naver_place,https://map.naver.com/p/entry/place/2096510262,https://map.naver.com/p/entry/place/2096510262,https://pcmap.place.naver.com/place/2096510262/home,2096510262,카페봄봄 제주칠성점,카페,,,제주 제주시 관덕로11길 18 1층,제주 제주시 일도1동 1300-23,중앙로 칠성로 상점가 시티오브드림사거리에 위치합니다. | 차없는 거리이나 테이크아웃할 수 있도록 10분정도 정차가능합니다,064-753-2456,,33.5147233,126.5256684,09:30 - 21:20,영업 중,,"{""매일"": {""open"": ""09:30 - 21:20""}}",영업 중 | 21:20에 영업 종료 | 21시 20분에 영업 종료 | 매일 | 09:30 - 21:20 | 접기,포장|배달|간편결제,"안녕하세요 카페봄봄 칠성점입니다.
저희 가게는 중앙로 칠성로상점가 중앙에 위치합니다.
한층 업그레이드된 스폐셜티 원두와 신선한1등급 서울우유를 사용합니다.
봄을 닮은 싱그러움과 함께 항상 고객님들을 응원하는 봄봄이 되겠습니다",,,,,,,(Hot)아메리카노,카페봄봄 제주칠성점|카페|제주 제주시 관덕로11길 18 1층|제주 제주시 일도1동 1300-23|064-753-2456|09:30 - 21:20|(Hot)아메리카노|포장|배달|간편결제,"[""카페봄봄 제주칠성점"", ""카페"", ""제주 제주시 관덕로11길 18 1층"", ""제주 제주시 일도1동 1300-23"", ""064-753-2456"", ""09:30 - 21:20"", ""(Hot)아메리카노"", ""포장"", ""배달"", ""간편결제""]","{""name"": [""카페봄봄 제주칠성점""], ""category"": [""카페""], ""address"": [""제주 제주시 관덕로11길 18 1층"", ""제주 제주시 일도1동 1300-23""], ""phone"": [""064-753-2456""], ""hours"": [""09:30 - 21:20""], ""menus"": [""(Hot)아메리카노""], ""conveniences"": [""포장"", ""배달"", ""간편결제""]}",https://naver.me/5qLcKipI,,,,,"[{""title"": ""소개"", ""body"": ""안녕하세요 카페봄봄 칠성점입니다.\n저희 가게는 중앙로 칠성로상점가 중앙에 위치합니다.\n한층 업그레이드된 스폐셜티 원두와 신선한1등급 서울우유를 사용합니다.\n봄을 닮은 싱그러움과 함께 항상 고객님들을 응원하는 봄봄이 되겠습니다""}, {""title"": ""편의시설 및 서비스"", ""body"": ""포장\n배달""}, {""title"": ""주차"", ""body"": ""주차 불가""}, {""title"": ""결제수단"", ""body"": ""지역화폐 (카드형)\n간편결제\n알고 계신 정보와 다른 정보가 있나요?\n사진으로 간단하게 제보해 주세요.\n정보 수정 제안하기\n이용약관고객센터리뷰운영정책신고센터\n네이버""}]"
140,140,탑부평 본점,음식점,제주 제주시 관덕로15길 26 관덕로15길26,,33.515524,126.5269697,064-721-7869,,https://naver.me/IDFUHwoy,616-20-70105,칠성로,success,1_naver_link,naver_link place_id=16735897,1.8,naver_place,https://map.naver.com/p/entry/place/16735897,https://map.naver.com/p/entry/place/16735897,https://pcmap.place.naver.com/place/16735897/home,16735897,탑부평 본점,돼지고기구이,Y,세트 메뉴로 든든하게 즐기는 제주 맛,제주 제주시 관덕로15길 26 관덕로15길26,제주 제주시 건입동 1381-1,흑돼지거리 초입,064-721-7869,https://blog.naver.com/topbupyeong064,33.5155083,126.526975,11:00 - 23:00,영업 중,,"{""매일"": {""open"": ""11:00 - 23:00""}}",영업 중 | 23:00에 영업 종료 | 23시 0분에 영업 종료 | 매일 | 11:00 - 23:00 | 접기,,"성인12인 이상 단체 예약시 고기류10% 할인 행사중
** 전화 문의 필수","사용자 리뷰에 기반해 정리한 정보는 다음과 같습니다. |  | 탑부평 본점은 제주 흑돼지 맛집으로, 신선한 고기와 다양한 세트 메뉴가 인기입니다. | 프디무스 | +1 | 특히 2인 세트에는 흑돼지 모둠과 전복, 찌개, 계란찜, 냉면이 포함되어 있어 푸짐하게 즐길 수 있습니다. | 윤쌤 | +2 | 고기는 잡내 없이 육즙이 풍부하며, 사장님이 직접 구워주셔서 편리합니다. | jeo**** | +2 | 된장찌개는 두부와 버섯이 듬뿍 들어가 구수한 맛을 자랑합니다. | 프디무스 | +2",주간 기준  | 인기 많은 메뉴 | 1 | 순위 변동 없음 | 흑돼지오겹살200g | 2 | 순위 변동 없음 | 오겹살200g | 3 | 순위 상승 | 대패오겹살200g | 목요일 오후 7시  | 가장 인기에요! | 17시 방문자35% | 17 | 18시 방문자21% | 19시 방문자66% | 19 | 20시 방문자27% | 21시 방문자3% | 21 | 1회 결제 시 평균 7만원대 지불해요.,"[{""rank"": 1, ""trend"": """", ""name"": ""변동 없음 흑돼지오겹살200g""}, {""rank"": 2, ""trend"": """", ""name"": ""변동 없음 오겹살200g""}, {""rank"": 3, ""trend"": ""상승"", ""name"": ""대패오겹살200g""}]",목요일 오후 7시 가장 인기에요,"[{""hour"": 17, ""pct"": 35}, {""hour"": 18, ""pct"": 21}, {""hour"": 19, ""pct"": 66}, {""hour"": 20, ""pct"": 27}, {""hour"": 21, ""pct"": 3}]",1회 결제 시 평균 7만원대,4인 세트|3인 세트|2인 세트|흑돼지오겹살|흑돼지목살|오겹살|대패오겹살|목살|가브리살|항정살,탑부평 본점|돼지고기구이|제주 제주시 관덕로15길 26 관덕로15길26|제주 제주시 건입동 1381-1|064-721-7869|11:00 - 23:00|4인 세트|3인 세트|2인 세트|흑돼지오겹살|흑돼지목살|오겹살|대패오겹살|목살|가브리살|항정살|변동 없음 흑돼지오겹살200g|변동 없음 오겹살200g|대패오겹살200g|세트 메뉴로 든든하게 즐기는 제주 맛|음식이 맛있어요|친절해요|고기 질이 좋아요|양이 많아요|매장이 넓어요|가성비가 좋아요|재료가 신선해요|단체모임 하기 좋아요|매장이 청결해요|직접 잘 구워줘요,"[""탑부평 본점"", ""돼지고기구이"", ""제주 제주시 관덕로15길 26 관덕로15길26"", ""제주 제주시 건입동 1381-1"", ""064-721-7869"", ""11:00 - 23:00"", ""4인 세트"", ""3인 세트"", ""2인 세트"", ""흑돼지오겹살"", ""흑돼지목살"", ""오겹살"", ""대패오겹살"", ""목살"", ""가브리살"", ""항정살"", ""변동 없음 흑돼지오겹살200g"", ""변동 없음 오겹살200g"", ""대패오겹살200g"", ""세트 메뉴로 든든하게 즐기는 제주 맛"", ""음식이 맛있어요"", ""친절해요"", ""고기 질이 좋아요"", ""양이 많아요"", ""매장이 넓어요"", ""가성비가 좋아요"", ""재료가 신선해요"", ""단체모임 하기 좋아요"", ""매장이 청결해요"", ""직접 잘 구워줘요""]","{""name"": [""탑부평 본점""], ""category"": [""돼지고기구이""], ""address"": [""제주 제주시 관덕로15길 26 관덕로15길26"", ""제주 제주시 건입동 1381-1""], ""phone"": [""064-721-7869""], ""hours"": [""11:00 - 23:00""], ""menus"": [""4인 세트"", ""3인 세트"", ""2인 세트"", ""흑돼지오겹살"", ""흑돼지목살"", ""오겹살"", ""대패오겹살"", ""목살"", ""가브리살"", ""항정살""], ""popular_menus"": [""변동 없음 흑돼지오겹살200g"", ""변동 없음 오겹살200g"", ""대패오겹살200g""], ""slogan"": [""세트 메뉴로 든든하게 즐기는 제주 맛""], ""visitor_keywords"": [""음식이 맛있어요"", ""친절해요"", ""고기 질이 좋아요"", ""양이 많아요"", ""매장이 넓어요"", ""가성비가 좋아요"", ""재료가 신선해요"", ""단체모임 하기 좋아요"", ""매장이 청결해요"", ""직접 잘 구워줘요""]}",https://naver.me/IDFUHwoy,,"[""탑부평 본점\n알림단체 예약 문의\n성인 12인 이상 단체 예약 확정시 고기류 10% 할인 적용됩니다. 전화 예약 문의바랍니다.\n1명\n2025.10.19.\n2025년 10월 19일""]",,"[{""keyword"": ""음식이 맛있어요"", ""count"": ""297""}, {""keyword"": ""친절해요"", ""count"": ""146""}, {""keyword"": ""고기 질이 좋아요"", ""count"": ""105""}, {""keyword"": ""양이 많아요"", ""count"": ""77""}, {""keyword"": ""매장이 넓어요"", ""count"": ""73""}, {""keyword"": ""가성비가 좋아요"", ""count"": ""56""}, {""keyword"": ""재료가 신선해요"", ""count"": ""43""}, {""keyword"": ""단체모임 하기 좋아요"", ""count"": ""37""}, {""keyword"": ""매장이 청결해요"", ""count"": ""32""}, {""keyword"": ""직접 잘 구워줘요"", ""count"": ""28""}]","[{""title"": ""소개"", ""body"": ""성인12인 이상 단체 예약시 고기류10% 할인 행사중\n** 전화 문의 필수""}, {""title"": ""인증 정보"", ""body"": ""농림축산식품부 제공\n안심식당\n\n안심식당은 '덜어먹기 가능한 도구 비치・제공', '위생적 수저관리' , '종사자마스크 착용'을 준수하는 곳으로 소재지 지자체의 인증을 받은 음식점 입니다.""}, {""title"": ""위생 정보"", ""body"": ""세스코 멤버스\n2026.09\n2027년08월\n 최근 통합방제 점검월""}, {""title"": ""결제수단"", ""body"": ""지역화폐 (지류형)\n지역화폐 (카드형)""}, {""title"": ""SNS"", ""body"": ""블로그\nhttps://blog.naver.com/topbupyeong064\n인스타그램\n인스타그램\n알고 계신 정보와 다른 정보가 있나요?\n사진으로 간단하게 제보해 주세요.\n정보 수정 제안하기\n이용약관고객센터리뷰운영정책신고센터\n네이버""}]"
141,141,오조,쇼핑,제주 제주시 칠성로길 33 오조,,33.5145124,126.5263464,0507-1410-9794,,https://naver.me/5v3FBdWa,816-26-02058,칠성로,success,1_naver_link,naver_link place_id=2000662564,0.5,naver_place,https://map.naver.com/p/entry/place/2000662564,https://map.naver.com/p/entry/place/2000662564,https://pcmap.place.naver.com/place/2000662564/home,2000662564,오조,"귀금속,시계",,,제주 제주시 칠성로길 33 오조,제주 제주시 일도1동 1303,,,,33.5145157,126.5263435,영업 중,영업 중,,{},영업 중,무선 인터넷|포장|간편결제|반려동물 동반,"안녕하세요, 아일랜드 감성의 제주 주얼리 브랜드 Ojoh입니다.
찾아주셔서 감사합니다 :)",,,,,,,,"오조|귀금속,시계|제주 제주시 칠성로길 33 오조|제주 제주시 일도1동 1303|영업 중|무선 인터넷|포장|간편결제|반려동물 동반|안내|방문 키워드 통계 그래프 예시입니다.|현재 3명 참여|10명 이상 참여하면|방문 키워드 통계가 공개됩니다!|최신순|유유4026|팔로우|별점|아 동문시장 근처여서 가는김에 들리기좋음!!|사장님 다음 제주올때 또올게요~!!|상품이 다양해요|독특한 디자인이 많아요|선물하기 좋아요|친절해요|주차하기 편해요|반응 남기기|방문일","[""오조"", ""귀금속,시계"", ""제주 제주시 칠성로길 33 오조"", ""제주 제주시 일도1동 1303"", ""영업 중"", ""무선 인터넷"", ""포장"", ""간편결제"", ""반려동물 동반"", ""안내"", ""방문 키워드 통계 그래프 예시입니다."", ""현재 3명 참여"", ""10명 이상 참여하면"", ""방문 키워드 통계가 공개됩니다!"", ""최신순"", ""유유4026"", ""팔로우"", ""별점"", ""아 동문시장 근처여서 가는김에 들리기좋음!!"", ""사장님 다음 제주올때 또올게요~!!"", ""상품이 다양해요"", ""독특한 디자인이 많아요"", ""선물하기 좋아요"", ""친절해요"", ""주차하기 편해요"", ""반응 남기기"", ""방문일""]","{""name"": [""오조""], ""category"": [""귀금속,시계""], ""address"": [""제주 제주시 칠성로길 33 오조"", ""제주 제주시 일도1동 1303""], ""hours"": [""영업 중""], ""conveniences"": [""무선 인터넷"", ""포장"", ""간편결제"", ""반려동물 동반""], ""visitor_keywords"": [""안내"", ""방문 키워드 통계 그래프 예시입니다."", ""현재 3명 참여"", ""10명 이상 참여하면"", ""방문 키워드 통계가 공개됩니다!"", ""최신순"", ""유유4026"", ""팔로우"", ""별점"", ""아 동문시장 근처여서 가는김에 들리기좋음!!"", ""사장님 다음 제주올때 또올게요~!!"", ""상품이 다양해요"", ""독특한 디자인이 많아요"", ""선물하기 좋아요"", ""친절해요"", ""주차하기 편해요"", ""반응 남기기"", ""방문일""]}",https://naver.me/5v3FBdWa,,,,"[""안내"", ""방문 키워드 통계 그래프 예시입니다."", ""현재 3명 참여"", ""10명 이상 참여하면"", ""방문 키워드 통계가 공개됩니다!"", ""최신순"", ""유유4026"", ""팔로우"", ""별점"", ""점"", ""아 동문시장 근처여서 가는김에 들리기좋음!!"", ""사장님 다음 제주올때 또올게요~!!"", ""상품이 다양해요"", ""독특한 디자인이 많아요"", ""선물하기 좋아요"", ""친절해요"", ""주차하기 편해요"", ""반응 남기기"", ""방문일""]","[{""title"": ""소개"", ""body"": ""안녕하세요, 아일랜드 감성의 제주 주얼리 브랜드 Ojoh입니다.\n찾아주셔서 감사합니다 :)""}, {""title"": ""대표 키워드"", ""body"": ""실버주얼리제주주얼리제주악세사리샵실버반지커스텀목걸이""}, {""title"": ""편의시설 및 서비스"", ""body"": ""무선 인터넷\n포장""}, {""title"": ""반려동물 동반"", ""body"": ""반려동물 동반 가능\n반려견과 함께하는 방문을 환영합니다. 매장에서는 안고 둘러봐 주시면 감사하겠습니다 :)""}, {""title"": ""주차"", ""body"": ""주차 불가\n1. 칠성상가 제1 공영 주차장 2. 북수구 공영 주차장 3. 탑동입구 노상 공영 주차장 4. 산짓물 공영 주차장 5. 제주탑동광장 근처 주차 구역(무료)\n내용 더보기""}, {""title"": ""결제수단"", ""body"": ""지역화폐 (지류형)\n지역화폐 (카드형)\n지역화폐 (모바일형)\n제로페이\n간편결제""}, {""title"": ""SNS"", ""body"": ""홈페이지\nhttp://ojoh.co.kr\n인스타그램\n인스타그램\n알고 계신 정보와 다른 정보가 있나요?\n사진으로 간단하게 제보해 주세요.\n정보 수정 제안하기\n이용약관고객센터리뷰운영정책신고센터\n네이버""}]"
142,142,야커피,"카페, 디저트",제주 제주시 중앙로7길 25 1층,,33.5148983,126.5274059,,,https://naver.me/5gFLZmxq,855-73-00516,칠성로,success,1_naver_link,naver_link place_id=1667552947,6.2,naver_place,https://map.naver.com/p/entry/place/1667552947,https://map.naver.com/p/entry/place/1667552947,https://pcmap.place.naver.com/place/1667552947/home,1667552947,야커피,"카페,디저트",,조용한 공간에서의 여유로운 시간,제주 제주시 중앙로7길 25 1층,제주 제주시 일도일동 1220-2,"공항과 인접해있는 동문시장, 산지천, 탑동, 칠성통 주변 | 달마갈비와 소품샵 섬조각 사이에 위치한 카페 YAH",,https://www.instagram.com/ihope_y.a.h,33.51488,126.5273423,월 08:00 - 19:00,영업 중,18:30에 라스트오더 | 18시 30분에 라스트오더 | 18:30 라스트오더 | 21:30 라스트오더,"{""목"": {""open"": ""08:00 - 19:00""}, ""금"": {""open"": ""08:00 - 19:00""}, ""토"": {""open"": ""12:00 - 22:00""}, ""일"": {""open"": ""12:00 - 22:00""}, ""월"": {""open"": ""08:00 - 19:00""}, ""화"": {""open"": ""08:00 - 19:00""}, ""수"": {""open"": ""08:00 - 19:00""}}",영업 중 | 18:30에 라스트오더 | 18시 30분에 라스트오더 | 목 | 08:00 - 19:00 | 18:30 라스트오더 | 금 | 08:00 - 19:00 | 18:30 라스트오더 | 토 | 12:00 - 22:00 | 21:30 라스트오더 | 일 | 12:00 - 22:00 | 21:30 라스트오더 | 월 | 08:00 - 19:00 | 18:30 라스트오더 | 화 | 08:00 - 19:00 | 18:30 라스트오더 | 수 | 08:00 - 19:00 | 18:30 라스트오더 | 접기,포장|예약|무선 인터넷|배달|간편결제,"* 제주공항과 동문시장, 산지천에 인접한 작은 커피바 야커피입니다.

* 제주의 다양한 로스터리 원두를 셀렉하여 내려드리는 핸드드립과
다양한 취향에 맞게 드실 수 있는 에스프레소가 있습니다.

* 매장에서 직접 굽는 디저트들이 준비되어 있습니다.

* 주말에는 매장에서 좀 더 다양한 주류를 즐길 수 있습니다.","사용자 리뷰를 요약하면 다음과 같습니다. |  | 야커피는 제주시에서 핸드드립 커피와 에스프레소를 전문으로 하는 아담한 카페입니다. | wj | +2 | 원두 선택의 폭이 넓고 디카페인 옵션도 있어 커피 애호가들에게 추천합니다. | 윤짱 | +2 | 베리허니그릭요거트와 다크초코버터떡 같은 수제 디저트도 맛있으며, 혼카하기 좋은 바 자리와 감성적인 인테리어가 특징입니다. | 위아투영다영 | +1 | 여행 중 방문하기 좋은 공간으로 인기가 많습니다. | 뽈뽈뚜 | +2",,,,,,레몬티라미수|초당옥수수크림브륄레|핸드드립|에스프레소 (로마노 콘판나 쇼콜라)|베리허니그릭요거트|버드와이저 330ml|[하겐다즈] 마카다미아넛 아이스크림|아메리카노|카페라떼|바닐라라떼/ 헤이즐넛라떼/ 연유라떼|카푸치노 (ICE 가능)|콜드브루|아인슈페너|레몬제스트에이드|오트초코|스티븐스미스티|버터스카치바|그래놀라바스크치즈케이크|초코러스크|비스킷스콘|브라운비스코티|다크초코버터떡(2pcs)|그래놀라버터떡 (2pcs),"야커피|카페,디저트|제주 제주시 중앙로7길 25 1층|제주 제주시 일도일동 1220-2|월 08:00 - 19:00|레몬티라미수|초당옥수수크림브륄레|핸드드립|에스프레소 (로마노 콘판나 쇼콜라)|베리허니그릭요거트|버드와이저 330ml|[하겐다즈] 마카다미아넛 아이스크림|아메리카노|카페라떼|바닐라라떼/ 헤이즐넛라떼/ 연유라떼|카푸치노 (ICE 가능)|콜드브루|아인슈페너|레몬제스트에이드|오트초코|스티븐스미스티|버터스카치바|그래놀라바스크치즈케이크|초코러스크|비스킷스콘|브라운비스코티|다크초코버터떡(2pcs)|그래놀라버터떡 (2pcs)|조용한 공간에서의 여유로운 시간|포장|무선 인터넷|배달|간편결제|커피가 맛있어요|인테리어가 멋져요|친절해요|디저트가 맛있어요|사진이 잘 나와요|특별한 메뉴가 있어요|음료가 맛있어요|아늑해요|대화하기 좋아요|음악이 좋아요","[""야커피"", ""카페,디저트"", ""제주 제주시 중앙로7길 25 1층"", ""제주 제주시 일도일동 1220-2"", ""월 08:00 - 19:00"", ""레몬티라미수"", ""초당옥수수크림브륄레"", ""핸드드립"", ""에스프레소 (로마노 콘판나 쇼콜라)"", ""베리허니그릭요거트"", ""버드와이저 330ml"", ""[하겐다즈] 마카다미아넛 아이스크림"", ""아메리카노"", ""카페라떼"", ""바닐라라떼/ 헤이즐넛라떼/ 연유라떼"", ""카푸치노 (ICE 가능)"", ""콜드브루"", ""아인슈페너"", ""레몬제스트에이드"", ""오트초코"", ""스티븐스미스티"", ""버터스카치바"", ""그래놀라바스크치즈케이크"", ""초코러스크"", ""비스킷스콘"", ""브라운비스코티"", ""다크초코버터떡(2pcs)"", ""그래놀라버터떡 (2pcs)"", ""조용한 공간에서의 여유로운 시간"", ""포장"", ""무선 인터넷"", ""배달"", ""간편결제"", ""커피가 맛있어요"", ""인테리어가 멋져요"", ""친절해요"", ""디저트가 맛있어요"", ""사진이 잘 나와요"", ""특별한 메뉴가 있어요"", ""음료가 맛있어요"", ""아늑해요"", ""대화하기 좋아요"", ""음악이 좋아요""]","{""name"": [""야커피""], ""category"": [""카페,디저트""], ""address"": [""제주 제주시 중앙로7길 25 1층"", ""제주 제주시 일도일동 1220-2""], ""hours"": [""월 08:00 - 19:00""], ""menus"": [""레몬티라미수"", ""초당옥수수크림브륄레"", ""핸드드립"", ""에스프레소 (로마노 콘판나 쇼콜라)"", ""베리허니그릭요거트"", ""버드와이저 330ml"", ""[하겐다즈] 마카다미아넛 아이스크림"", ""아메리카노"", ""카페라떼"", ""바닐라라떼/ 헤이즐넛라떼/ 연유라떼"", ""카푸치노 (ICE 가능)"", ""콜드브루"", ""아인슈페너"", ""레몬제스트에이드"", ""오트초코"", ""스티븐스미스티"", ""버터스카치바"", ""그래놀라바스크치즈케이크"", ""초코러스크"", ""비스킷스콘"", ""브라운비스코티"", ""다크초코버터떡(2pcs)"", ""그래놀라버터떡 (2pcs)""], ""slogan"": [""조용한 공간에서의 여유로운 시간""], ""conveniences"": [""포장"", ""무선 인터넷"", ""배달"", ""간편결제""], ""visitor_keywords"": [""커피가 맛있어요"", ""인테리어가 멋져요"", ""친절해요"", ""디저트가 맛있어요"", ""사진이 잘 나와요"", ""특별한 메뉴가 있어요"", ""음료가 맛있어요"", ""아늑해요"", ""대화하기 좋아요"", ""음악이 좋아요""]}",https://naver.me/5gFLZmxq,,"[""야커피\n알림8월, 야커피 2주년\n야커피 2주년을 맞이해 준비한 이달의 커피입니다. 감사합니다.\nBlend info\n- Ethiopia Sidama Bensa Keramo\n지역 : Keramo, Bensa, Sidama\n품종 : 74158\n고도 : 2,000 - 2,300m\n가공 : Natural\n- Colombia Finca La Loma Whisky Barrel Aged Washed\n지역 : Tolima\n품종 : Caturra, Bourbon\n고도 : 1,650m\n가공 : Whisky Barrel Aged Washed\n- Costa Rica Granitos de Altura Paraiso Geisha Red Honey\n지역 : Santa Maria de Dota, Tarrazu\n품종 : Geisha\n고도 : 1,900m\n가공 : Red Honey\n더보기\n좋아요\n2025.08.01.\n2025년 8월 1일"", ""야커피\n알림여름 시즌 브루잉 : 수박\n“COLOMBIA CAMPO HERMOSO\nCATURRA HONEY WATERMELON MOSSTO”\n콜롬비아의 작은 농장에서 길러지고 가공된 이 커피는\n뚜렷하고 맑은 수박의 달달한 늬앙스가 느껴집니다.\n수박이 더위를 물리치는 시원한 제철 과일이듯\n야커피에서도 올 여름 시원하게 보내실 수 있도록\n핸드드립으로 드실 수 있게 준비했습니다.\n추가로 다른 버전의 커피도 준비중에 있습니다. Coming soon ~ 🍉\n더보기\n좋아요\n2025.07.13.\n2025년 7월 13일"", ""야커피\n알림여름 시즌 디저트 : 레몬\n7월 소개할 디저트는 레몬 티라미수입니다.\n여름 한정으로 선보이는 레몬 티라미수는\n생 레몬즙을 넣은 커드와 레몬 마스카포네 크림이 들어가며\n위엔 레몬 제스트와 레몬칩으로 마무리한 맑고 상큼한 디저트입니다🍋\n묵직한 커피보다는 산뜻한 핸드드립 커피와 추천드립니다.\n☕️추천 커피 : 콜롬비아 파라이소92 진저레모네이드 decaf ☕️\n더보기\n좋아요\n2025.06.30.\n2025년 6월 30일""]",,"[{""keyword"": ""커피가 맛있어요"", ""count"": ""79""}, {""keyword"": ""인테리어가 멋져요"", ""count"": ""69""}, {""keyword"": ""친절해요"", ""count"": ""58""}, {""keyword"": ""디저트가 맛있어요"", ""count"": ""44""}, {""keyword"": ""사진이 잘 나와요"", ""count"": ""28""}, {""keyword"": ""특별한 메뉴가 있어요"", ""count"": ""25""}, {""keyword"": ""음료가 맛있어요"", ""count"": ""23""}, {""keyword"": ""아늑해요"", ""count"": ""12""}, {""keyword"": ""대화하기 좋아요"", ""count"": ""11""}, {""keyword"": ""음악이 좋아요"", ""count"": ""7""}]","[{""title"": ""소개"", ""body"": ""* 제주공항과 동문시장, 산지천에 인접한 작은 커피바 야커피입니다.\n\n* 제주의 다양한 로스터리 원두를 셀렉하여 내려드리는 핸드드립과\n다양한 취향에 맞게 드실 수 있는 에스프레소가 있습니다.\n\n* 매장에서 직접 굽는 디저트들이 준비되어 있습니다.\n\n* 주말에는 매장에서 좀 더 다양한 주류를 즐길 수 있습니다.""}, {""title"": ""편의시설 및 서비스"", ""body"": ""핸드드립\n포장\n예약\n무선 인터넷\n배달""}, {""title"": ""주차"", ""body"": ""주차 불가\n가게 주변으로 여러곳의 유료주차장이 있습니다. 주차권은 없는 점 양해 부탁드립니다 :)""}, {""title"": ""좌석·공간"", ""body"": ""바테이블""}, {""title"": ""결제수단"", ""body"": ""지역화폐 (지류형)\n지역화폐 (카드형)\n지역화폐 (모바일형)\n제로페이\n간편결제""}, {""title"": ""SNS"", ""body"": ""인스타그램\nhttps://www.instagram.com/ihope_y.a.h\n알고 계신 정보와 다른 정보가 있나요?\n사진으로 간단하게 제보해 주세요.\n정보 수정 제안하기\n이용약관고객센터리뷰운영정책신고센터\n네이버""}]"
143,143,웰컴버거,음식점,제주 제주시 중앙로7길 31 1층 웰컴버거,,33.5149025,126.5280115,070-7834-5054,,https://naver.me/F0zL1o5a,323-81-04024,칠성로,success,1_naver_link,naver_link place_id=1622751515,0.0,naver_place,https://map.naver.com/p/entry/place/1622751515,https://map.naver.com/p/entry/place/1622751515,https://pcmap.place.naver.com/place/1622751515/home,1622751515,웰컴버거,햄버거,,레드락 맥주와 찰떡궁합 버거 한 상,제주 제주시 중앙로7길 31 1층 웰컴버거,제주 제주시 일도1동 1251,- 북수구 공영주차장 입구 바로 앞 | - 고씨주택 바로 옆 | - 동문시장에서 도보 5분,070-7834-5054,http://www.instagram.com/welcomeburger_jeju,33.5149025,126.5280115,월 11:30 - 21:00,영업 중,"14:30에 라스트오더 | 14시 30분에 라스트오더 | 14:30, 20:30 라스트오더","{""목"": {""open"": ""11:30 - 21:00""}, ""금"": {""open"": ""11:30 - 21:00""}, ""토"": {""open"": ""11:30 - 21:00""}, ""일"": {""open"": ""11:30 - 21:00""}, ""월"": {""open"": ""11:30 - 21:00""}, ""화"": {""open"": ""정기휴무 (매주 화요일)""}, ""수"": {""open"": ""11:30 - 21:00""}}","영업 중 | 14:30에 라스트오더 | 14시 30분에 라스트오더 | 목 | 11:30 - 21:00 | 15:00 - 17:00 브레이크타임 | 14:30, 20:30 라스트오더 | 금 | 11:30 - 21:00 | 15:00 - 17:00 브레이크타임 | 14:30, 20:30 라스트오더 | 토 | 11:30 - 21:00 | 15:00 - 17:00 브레이크타임 | 14:30, 20:30 라스트오더 | 일 | 11:30 - 21:00 | 15:00 - 17:00 브레이크타임 | 14:30, 20:30 라스트오더 | 월 | 11:30 - 21:00 | 15:00 - 17:00 브레이크타임 | 14:30, 20:30 라스트오더 | 화 | 정기휴무 (매주 화요일) | 수 | 11:30 - 21:00 | 15:00 - 17:00 브레이크타임 | 14:30, 20:30 라스트오더 | 접기",단체 이용 가능|포장|무선 인터넷|남/녀 화장실 구분|유아의자|예약|배달|간편결제|주차,"안녕하세요! 웰컴버거는 구제주 탑동 산지천에 위치한 수제버거샵입니다 :)

부드러운 브리오쉬번에 직접 만든 소고기 100% 패티로 맛있게 그릴에 SMASHED! 해서 구워 버거를 내드립니다!

찐 미국식 스매시버거의 맛과 힘차고 친절한 인사로 반겨드려요!

- 웰컴치즈버거
- 웰컴더블버거
- 디럭스버거
- 미트칠리버거
- 과카몰리버거
- 야자수버거

인스타그램 : @welcomeburger_jeju
접기","사용자 리뷰를 바탕으로 주요 특징을 요약했습니다. |  | 웰컴버거는 제주시에 위치한 수제버거 전문점으로, 신선한 재료와 독특한 메뉴로 유명합니다. | SOO | +2 | 인기 메뉴인 야자수버거는 고수와 파인애플이 조화롭게 어우러져 특별한 맛을 선사하며, 미트칠리프라이와 버팔로윙(10조각)도 인기 메뉴입니다. | 줄란 | +2",,,,,,스파이시치킨버거|야자수버거|웰컴더블버거|버팔로윙(10조각)|나쵸슈프림|미트칠리프라이|과카몰리버거|미트칠리버거|디럭스 버거|웰컴치즈버거|치킨 텐더(4조각)|프렌치프라이|스텔라(생맥주)|레드락(생맥주)|바닐라밀크쉐이크|콜라/스프라이드/제로콜라/닥터페퍼|세트 추가(미트칠리프라이+탄산음료)|세트 추가(프렌치프라이+음료)|패티 추가,웰컴버거|햄버거|제주 제주시 중앙로7길 31 1층 웰컴버거|제주 제주시 일도1동 1251|070-7834-5054|월 11:30 - 21:00|스파이시치킨버거|야자수버거|웰컴더블버거|버팔로윙(10조각)|나쵸슈프림|미트칠리프라이|과카몰리버거|미트칠리버거|디럭스 버거|웰컴치즈버거|치킨 텐더(4조각)|프렌치프라이|스텔라(생맥주)|레드락(생맥주)|바닐라밀크쉐이크|콜라/스프라이드/제로콜라/닥터페퍼|세트 추가(미트칠리프라이+탄산음료)|세트 추가(프렌치프라이+음료)|패티 추가|레드락 맥주와 찰떡궁합 버거 한 상|단체 이용 가능|포장|무선 인터넷|남/녀 화장실 구분|유아의자|배달|간편결제|주차|음식이 맛있어요|재료가 신선해요|인테리어가 멋져요|친절해요|특별한 메뉴가 있어요|매장이 청결해요|매장이 넓어요|혼밥하기 좋아요|양이 많아요|가성비가 좋아요,"[""웰컴버거"", ""햄버거"", ""제주 제주시 중앙로7길 31 1층 웰컴버거"", ""제주 제주시 일도1동 1251"", ""070-7834-5054"", ""월 11:30 - 21:00"", ""스파이시치킨버거"", ""야자수버거"", ""웰컴더블버거"", ""버팔로윙(10조각)"", ""나쵸슈프림"", ""미트칠리프라이"", ""과카몰리버거"", ""미트칠리버거"", ""디럭스 버거"", ""웰컴치즈버거"", ""치킨 텐더(4조각)"", ""프렌치프라이"", ""스텔라(생맥주)"", ""레드락(생맥주)"", ""바닐라밀크쉐이크"", ""콜라/스프라이드/제로콜라/닥터페퍼"", ""세트 추가(미트칠리프라이+탄산음료)"", ""세트 추가(프렌치프라이+음료)"", ""패티 추가"", ""레드락 맥주와 찰떡궁합 버거 한 상"", ""단체 이용 가능"", ""포장"", ""무선 인터넷"", ""남/녀 화장실 구분"", ""유아의자"", ""배달"", ""간편결제"", ""주차"", ""음식이 맛있어요"", ""재료가 신선해요"", ""인테리어가 멋져요"", ""친절해요"", ""특별한 메뉴가 있어요"", ""매장이 청결해요"", ""매장이 넓어요"", ""혼밥하기 좋아요"", ""양이 많아요"", ""가성비가 좋아요""]","{""name"": [""웰컴버거""], ""category"": [""햄버거""], ""address"": [""제주 제주시 중앙로7길 31 1층 웰컴버거"", ""제주 제주시 일도1동 1251""], ""phone"": [""070-7834-5054""], ""hours"": [""월 11:30 - 21:00""], ""menus"": [""스파이시치킨버거"", ""야자수버거"", ""웰컴더블버거"", ""버팔로윙(10조각)"", ""나쵸슈프림"", ""미트칠리프라이"", ""과카몰리버거"", ""미트칠리버거"", ""디럭스 버거"", ""웰컴치즈버거"", ""치킨 텐더(4조각)"", ""프렌치프라이"", ""스텔라(생맥주)"", ""레드락(생맥주)"", ""바닐라밀크쉐이크"", ""콜라/스프라이드/제로콜라/닥터페퍼"", ""세트 추가(미트칠리프라이+탄산음료)"", ""세트 추가(프렌치프라이+음료)"", ""패티 추가""], ""slogan"": [""레드락 맥주와 찰떡궁합 버거 한 상""], ""conveniences"": [""단체 이용 가능"", ""포장"", ""무선 인터넷"", ""남/녀 화장실 구분"", ""유아의자"", ""배달"", ""간편결제"", ""주차""], ""visitor_keywords"": [""음식이 맛있어요"", ""재료가 신선해요"", ""인테리어가 멋져요"", ""친절해요"", ""특별한 메뉴가 있어요"", ""매장이 청결해요"", ""매장이 넓어요"", ""혼밥하기 좋아요"", ""양이 많아요"", ""가성비가 좋아요""]}",https://naver.me/F0zL1o5a,,"[""웰컴버거\n공지\nNEW치킨버거 판매 시작❤️‍🔥\n복날에 이벤트로 판매했던 스파이시치킨버거를 정식 메뉴로 출시했습니다! 두툼한 국내산 닭다리살을 사용하여 바삭하게 튀기고, 매콤달콤한 핫허니소스와 함께 즐기실 수 있도록 만들어드립니다❤️‍🔥\n좋아요\n5일 전\n5일 전"", ""웰컴버거\n공지\n알림8월 17일 월요일 재료소진 조기마감\n안녕하세요 웰컴버거입니다. 연휴 내내 너무 많은 손님분들께서 감사하게도 웰컴버거를 찾아주셨습니다. 여유있게 재료를 준비해두었으나 그마저 모두 소진이 되어, 오늘 8월 17일 월요일 영업은 오후 1시47분 기준으로 마감합니다. 죄송합니다. 좋은 하루 보내세요!\n좋아요\n2026.08.17.\n2026년 8월 17일"", ""웰컴버거\n공지\nEVENT레드락 생맥주 1+1 쿠폰 받으세요!\n레드락 생맥주 1+1 쿠폰을 다운받으실 수 있습니다!\n웰컴버거 알림받기를 하시고, 쿠폰을 다운받으세요.\n매장에 방문하셔서 버거/사이드 메뉴 주문하시고 레드락 생맥주를 구매하시면 1잔을 무료로 드립니다!\n기간\n2026.08.12. ~ 2026.08.19.\n좋아요\n2026.08.12.\n2026년 8월 12일""]",,"[{""keyword"": ""음식이 맛있어요"", ""count"": ""1158""}, {""keyword"": ""재료가 신선해요"", ""count"": ""713""}, {""keyword"": ""인테리어가 멋져요"", ""count"": ""523""}, {""keyword"": ""친절해요"", ""count"": ""493""}, {""keyword"": ""특별한 메뉴가 있어요"", ""count"": ""433""}, {""keyword"": ""매장이 청결해요"", ""count"": ""258""}, {""keyword"": ""매장이 넓어요"", ""count"": ""241""}, {""keyword"": ""혼밥하기 좋아요"", ""count"": ""238""}, {""keyword"": ""양이 많아요"", ""count"": ""223""}, {""keyword"": ""가성비가 좋아요"", ""count"": ""83""}]","[{""title"": ""소개"", ""body"": ""안녕하세요! 웰컴버거는 구제주 탑동 산지천에 위치한 수제버거샵입니다 :)\n\n부드러운 브리오쉬번에 직접 만든 소고기 100% 패티로 맛있게 그릴에 SMASHED! 해서 구워 버거를 내드립니다!\n\n찐 미국식 스매시버거의 맛과 힘차고 친절한 인사로 반겨드려요!\n\n- 웰컴치즈버거\n- 웰컴더블버거\n- 디럭스버거\n- 미트칠리버거\n- 과카몰리버거\n- 야자수버거\n\n인스타그램 : @welcomeburger_jeju\n접기""}, {""title"": ""위생 정보"", ""body"": ""세스코 멤버스\n2026.09\n2027년08월\n 최근 통합방제 점검월""}, {""title"": ""편의시설 및 서비스"", ""body"": ""단체 이용 가능\n포장\n무선 인터넷\n남/녀 화장실 구분\n유아의자\n예약\n배달""}, {""title"": ""반려동물 동반"", ""body"": ""반려동물 동반 불가""}, {""title"": ""주류 및 콜키지"", ""body"": ""콜키지 불가\n외부 주류 반입은 허용되지 않습니다.""}, {""title"": ""주차"", ""body"": ""주차가능\n무료\n인근 대체 주차장 안내\n북수구공영주차장이 장소에서 20m\n제주 제주시 일도1동 1230-5\n가게 앞 주차칸이 있으나 자리가 많지 않아 항상 붐비는 편입니다. 가게 바로 앞 북수구 공영주차장 혹은 산짓물 공영주차장 등 이용 추천드립니다. <북수구 공영주차장> 30분 무료 / 1시간 1,500원! <주차장 상세 내용> - 주차요금 징수시간 : 9:00~20:00 - 주차요금 : 최초 30분 무료 / 최초 30분 초과~45분까지 1,000원 / 15분 초과 시 마다 500원 / 1일 주차 10,000원 - 경형자동차/전기자동차/제주 4.3사건 희생자 및 유족 : 50% 감면 - 유공 납세자/자 원봉사 마일리지/장애인 1-3등급 : 최초 3시간 요금면제 - 헌혈증(2년 이내)/장애인 4-6등급/국가유공자/5.18민주유공자/고엽제 후유의증환자/임산부/의사상자/기증확인증 : 최초 3시간 50% 감면\n내용 더보기""}, {""title"": ""좌석·공간"", ""body"": ""대관 가능\n최소 30명 이상 대관 가능합니다. 이용 시간 및 비용은 별도 문의 부탁드립니다.\n1인석\n연인석\n단체석\n최소 4명 ~ 최대 30명""}, {""title"": ""결제수단"", ""body"": ""지역화폐 (카드형)\n지역화폐 (모바일형)\n제로페이\n간편결제""}, {""title"": ""SNS"", ""body"": ""인스타그램\nhttp://www.instagram.com/welcomeburger_jeju\n알고 계신 정보와 다른 정보가 있나요?\n사진으로 간단하게 제보해 주세요.\n정보 수정 제안하기\n이용약관고객센터리뷰운영정책신고센터\n네이버""}]"
144,144,스튜디오춘우,기타,제주 제주시 관덕로13길 10-1 지하,,33.5139041,126.526091,0507-1331-6254,,https://naver.me/xv6jkHdc,175-37-01366,칠성로,success,1_naver_link,naver_link place_id=2040077319,1.0,naver_place,https://map.naver.com/p/entry/place/2040077319,https://map.naver.com/p/entry/place/2040077319,https://pcmap.place.naver.com/place/2040077319/home,2040077319,스튜디오춘우,"사진,스튜디오",,,제주 제주시 관덕로13길 10-1 지하,제주 제주시 일도일동 1350-1,북수구공영주차장 및 산짓물공영주차장을 이용해야 합니다.,0507-1331-6254,,33.5139039,126.5260797,15:00 - 22:00,영업 전,출장시 영업시간 내에 자리 비울 수가 있습니다.,"{""매일"": {""open"": ""15:00 - 22:00""}}",영업 전 | 15:00에 영업 시작 | 15시 0분에 영업 시작 | 매일 | 15:00 - 22:00 | - 출장시 영업시간 내에 자리 비울 수가 있습니다. | 접기,예약|무선 인터넷|간편결제,"스튜디오춘우는 예약제로 운영됩니다.
촬영 중에는 응대가 어려울 수 있어
문의는 인스타 DM으로 부탁드려요 :)

'증명'이라는 말 그대로,
본인의 있는 그대로의 모습을 담고 싶습니다.
보정은 과하지 않게,
사진은 오래도록 남을 수 있게.

사진을 통해 자신을 더 좋아하게 되는 경험,
그 시작을 스튜디오 춘우에서 함께하세요.",,,,,,,,"스튜디오춘우|사진,스튜디오|제주 제주시 관덕로13길 10-1 지하|제주 제주시 일도일동 1350-1|0507-1331-6254|15:00 - 22:00|무선 인터넷|간편결제|친절해요|보정을 꼼꼼하게 해줘요|자연스럽게 연출해줘요|시설이 깔끔해요|분위기가 편안해요|가격이 합리적이에요|파우더룸이 잘 되어있어요|세트장 구성이 다양해요|사진 컨셉이 다양해요|주차하기 편해요","[""스튜디오춘우"", ""사진,스튜디오"", ""제주 제주시 관덕로13길 10-1 지하"", ""제주 제주시 일도일동 1350-1"", ""0507-1331-6254"", ""15:00 - 22:00"", ""무선 인터넷"", ""간편결제"", ""친절해요"", ""보정을 꼼꼼하게 해줘요"", ""자연스럽게 연출해줘요"", ""시설이 깔끔해요"", ""분위기가 편안해요"", ""가격이 합리적이에요"", ""파우더룸이 잘 되어있어요"", ""세트장 구성이 다양해요"", ""사진 컨셉이 다양해요"", ""주차하기 편해요""]","{""name"": [""스튜디오춘우""], ""category"": [""사진,스튜디오""], ""address"": [""제주 제주시 관덕로13길 10-1 지하"", ""제주 제주시 일도일동 1350-1""], ""phone"": [""0507-1331-6254""], ""hours"": [""15:00 - 22:00""], ""conveniences"": [""무선 인터넷"", ""간편결제""], ""visitor_keywords"": [""친절해요"", ""보정을 꼼꼼하게 해줘요"", ""자연스럽게 연출해줘요"", ""시설이 깔끔해요"", ""분위기가 편안해요"", ""가격이 합리적이에요"", ""파우더룸이 잘 되어있어요"", ""세트장 구성이 다양해요"", ""사진 컨셉이 다양해요"", ""주차하기 편해요""]}",https://naver.me/xv6jkHdc,,"[""스튜디오춘우\nEVENTEVENT 👉 스튜디오춘우 연말연초 이벤트 (12/22~01/31)\n안녕하세요, 스튜디오 춘우입니다. ✨\n한 해의 끝과 새로운 시작을 맞아\n연말연초 한정 증명사진 이벤트를 준비했습니다.\n📅 이벤트 기간 : 12월 22일 ~ 1월 31일\n• 일반 증명사진 : 40,000원 → 25,000원\n• 증명 프로필 : 55,000원 → 40,000원\n👉 이벤트 참여 시\nSNS 업로드 동의 및 네이버 리뷰 작성 부탁드립니다 🙏\n올해의 나를 정리하고,\n새해의 나를 준비하는 사진.\n스튜디오춘우에서 남겨보세요.\n📸 Instagram : @studio_chunwoo\n더보기\n기간\n2025.12.22. ~ 2026.01.31.\n좋아요\n2025.12.21.\n2025년 12월 21일""]",,"[{""keyword"": ""친절해요"", ""count"": ""29""}, {""keyword"": ""보정을 꼼꼼하게 해줘요"", ""count"": ""26""}, {""keyword"": ""자연스럽게 연출해줘요"", ""count"": ""25""}, {""keyword"": ""시설이 깔끔해요"", ""count"": ""20""}, {""keyword"": ""분위기가 편안해요"", ""count"": ""15""}, {""keyword"": ""가격이 합리적이에요"", ""count"": ""12""}, {""keyword"": ""파우더룸이 잘 되어있어요"", ""count"": ""10""}, {""keyword"": ""세트장 구성이 다양해요"", ""count"": ""2""}, {""keyword"": ""사진 컨셉이 다양해요"", ""count"": ""2""}, {""keyword"": ""주차하기 편해요"", ""count"": ""2""}]","[{""title"": ""소개"", ""body"": ""스튜디오춘우는 예약제로 운영됩니다.\n촬영 중에는 응대가 어려울 수 있어\n문의는 인스타 DM으로 부탁드려요 :)\n\n'증명'이라는 말 그대로,\n본인의 있는 그대로의 모습을 담고 싶습니다.\n보정은 과하지 않게,\n사진은 오래도록 남을 수 있게.\n\n사진을 통해 자신을 더 좋아하게 되는 경험,\n그 시작을 스튜디오 춘우에서 함께하세요.""}, {""title"": ""대표 키워드"", ""body"": ""증명사진제주증명사진여권사진증명프로필프로필사진""}, {""title"": ""편의시설 및 서비스"", ""body"": ""예약\n무선 인터넷""}, {""title"": ""주차"", ""body"": ""주차 불가\n북수구공영주차장 및 산짓물공영주차장을 이용해야 합니다.""}, {""title"": ""결제수단"", ""body"": ""지역화폐 (카드형)\n제로페이\n간편결제""}, {""title"": ""SNS"", ""body"": ""인스타그램\nhttps://www.instagram.com/studio_chunwoo\n알고 계신 정보와 다른 정보가 있나요?\n사진으로 간단하게 제보해 주세요.\n정보 수정 제안하기\n이용약관고객센터리뷰운영정책신고센터\n네이버""}]"
145,145,제주하람스튜디오,기타,제주 제주시 칠성로길 12,,33.5137686,126.524258,,,https://naver.me/IMZVPkMm,259-13-02992,칠성로,success,1_naver_link,naver_link place_id=2095882357,1.3,naver_place,https://map.naver.com/p/entry/place/2095882357,https://map.naver.com/p/entry/place/2095882357,https://pcmap.place.naver.com/place/2095882357/home,2095882357,제주하람스튜디오,아기사진전문,,,제주 제주시 칠성로길 12,제주 제주시 일도1동 1379,테일러메이드 골프웨어 매장 차없는거리로 관덕정 방면 100m직진 하시면 됩니다 :),0507-1422-7037,,33.5137574,126.5242633,09:00 - 18:00,영업 중,,"{""매일"": {""open"": ""09:00 - 18:00""}}",영업 중 | 18:00에 영업 종료 | 18시 0분에 영업 종료 | 매일 | 09:00 - 18:00 | 접기,예약|유아의자|유아시설 (놀이방)|대기공간|무선 인터넷|주차,"제주시에서 아이들의 소중한 기념일을 기록하는
'제주하람스튜디오' 입니다.

저희는 하루에 많은 팀을 받지 않습니다.
아이를 너무나 사랑하는 아기엄마대표 작가가 직접, 오직 한 가족만을 위해 스튜디오 전체를 비워두는 프라이빗 시스템으로 운영됩니다.

낯선 공간이 무서운 우리 아기들에게는 적응할 시간이 필요합니다.
앞뒤 예약 시간을 넉넉히 두어, 아기가 편안하게 웃을 때까지 기다려주고 눈을 맞추며 촬영합니다.
감사합니다 :)",,,,,,,,제주하람스튜디오|아기사진전문|제주 제주시 칠성로길 12|제주 제주시 일도1동 1379|0507-1422-7037|09:00 - 18:00|유아의자|유아시설 (놀이방)|대기공간|무선 인터넷|주차,"[""제주하람스튜디오"", ""아기사진전문"", ""제주 제주시 칠성로길 12"", ""제주 제주시 일도1동 1379"", ""0507-1422-7037"", ""09:00 - 18:00"", ""유아의자"", ""유아시설 (놀이방)"", ""대기공간"", ""무선 인터넷"", ""주차""]","{""name"": [""제주하람스튜디오""], ""category"": [""아기사진전문""], ""address"": [""제주 제주시 칠성로길 12"", ""제주 제주시 일도1동 1379""], ""phone"": [""0507-1422-7037""], ""hours"": [""09:00 - 18:00""], ""conveniences"": [""유아의자"", ""유아시설 (놀이방)"", ""대기공간"", ""무선 인터넷"", ""주차""]}",https://naver.me/IMZVPkMm,,"[""제주하람스튜디오\n알림🤍 아기의 가장 소중한 순간을 기록합니다\n안녕하세요, 제주하람스튜디오입니다.🤍\n아기의 백일, 돌, 생일처럼 한 번뿐인 소중한 순간을 오래도록 기억할 수 있도록 자연스럽고 따뜻한 분위기로 촬영해드립니다.\n✔ 제주공항에서 차량 10분\n✔ 아기 놀이방 & 수유실 완비\n✔ 아기 컨디션에 맞춘 여유로운 촬영\n✔ 가족사진 함께 촬영 가능\n소중한 추억을 제주하람스튜디오에서 함께 남겨보세요.\n더보기\n1명\n2026.07.14.\n2026년 7월 14일"", ""제주하람스튜디오\n알림엄마가 만든, 엄마가 편한 스튜디오\n엄마가 되고 나니, 비로소 보이는 것들이 생겼습니다.\n아기에게 온전히 집중하다 보면\n정작 엄마 자신은 뒤로 밀려나고,\n촬영을 마치고 돌아가실 때\n조금은 지친 모습의 엄마들을 보며\n‘엄마가 편한 스튜디오’를 꼭 만들고 싶었습니다.\n수유실과 아기 놀이공간을 갖춘,\n아기뿐만 아니라\n엄마도 편안하게 머물 수 있는 공간.\n제주하람스튜디오가\n곧 오픈 이벤트로 인사드릴게요 😊\n많이 기대해주세요 ♥\n더보기\n1명\n2026.04.22.\n2026년 4월 22일"", ""제주하람스튜디오\n알림제주하람스튜디오 OPEN\n제주하람스튜디오가 곧 공사를 마무리하고\n5월 5일 OPEN합니다 :)\n엄마가 만든, 엄마가 편한 공간\n수유실과 아기 놀이방까지 준비된\n아기와 부모님 모두 편안한 스튜디오입니다.\n상차림 촬영부터 호리존 촬영까지\n한 공간에서 자연스럽게 이어지는\n우리만의 특별한 촬영 공간,\n곧 하나씩 소개해드릴게요 🤍\n오픈 일정 및 예약 안내도\n순차적으로 공지드리겠습니다.\n더보기\n2명\n2026.04.22.\n2026년 4월 22일""]",,,"[{""title"": ""소개"", ""body"": ""제주시에서 아이들의 소중한 기념일을 기록하는\n'제주하람스튜디오' 입니다.\n\n저희는 하루에 많은 팀을 받지 않습니다.\n아이를 너무나 사랑하는 아기엄마대표 작가가 직접, 오직 한 가족만을 위해 스튜디오 전체를 비워두는 프라이빗 시스템으로 운영됩니다.\n\n낯선 공간이 무서운 우리 아기들에게는 적응할 시간이 필요합니다.\n앞뒤 예약 시간을 넉넉히 두어, 아기가 편안하게 웃을 때까지 기다려주고 눈을 맞추며 촬영합니다.\n감사합니다 :)""}, {""title"": ""대표 키워드"", ""body"": ""제주시아기사진동문시장아기사진제주돌스냅제주스냅셀프돌상""}, {""title"": ""편의시설 및 서비스"", ""body"": ""예약\n유아의자\n유아시설 (놀이방)\n대기공간\n무선 인터넷""}, {""title"": ""주차"", ""body"": ""주차가능\n무료\n인근 공영주차장 이용 시 무료 주차권을 지급해 드리며, 상세한 주차장 주소와 오시는 길은 예약 확정 시 문자로 한 번 더 꼼꼼하게 안내해 드리겠습니다.""}, {""title"": ""결제수단"", ""body"": ""지역화폐 (카드형)""}, {""title"": ""SNS"", ""body"": ""블로그\nhttps://blog.naver.com/jejuharam\n인스타그램\n인스타그램\n알고 계신 정보와 다른 정보가 있나요?\n사진으로 간단하게 제보해 주세요.\n정보 수정 제안하기\n이용약관고객센터리뷰운영정책신고센터\n네이버""}]"
146,146,ABC마트 GS 제주칠성점,쇼핑,제주 제주시 관덕로11길 6,,33.5137122,126.525567,02-1588-9667,,https://naver.me/GWeHtvhT,201-81-76174,칠성로,success,1_naver_link,naver_link place_id=19774166,8.8,naver_place,https://map.naver.com/p/entry/place/19774166,https://map.naver.com/p/entry/place/19774166,https://pcmap.place.naver.com/place/19774166/home,19774166,ABC마트 GS 제주칠성점,신발,,,제주 제주시 관덕로11길 6,제주 제주시 일도일동 1355-4,,02-1588-9667,,33.5136372,126.5255356,영업 중,영업 중,,{},영업 중,,"홈페이지
http://abcmart.a-rt.com/
블로그
블로그
인스타그램
인스타그램
페이스북
페이스북
알고 계신 정보와 다른 정보가 있나요?
사진으로 간단하게 제보해 주세요.
정보 수정 제안하기
이용약관고객센터리뷰운영정책신고센터
네이버",,,,,,,,ABC마트 GS 제주칠성점|신발|제주 제주시 관덕로11길 6|제주 제주시 일도일동 1355-4|02-1588-9667|영업 중|친절해요|종류가 다양해요|품질이 좋아요|가성비가 좋아요|매장이 넓어요|독특한 디자인이 많아요|분위기가 편안해요|스타일 추천을 잘해줘요|A/S가 세심해요|사이즈가 다양해요,"[""ABC마트 GS 제주칠성점"", ""신발"", ""제주 제주시 관덕로11길 6"", ""제주 제주시 일도일동 1355-4"", ""02-1588-9667"", ""영업 중"", ""친절해요"", ""종류가 다양해요"", ""품질이 좋아요"", ""가성비가 좋아요"", ""매장이 넓어요"", ""독특한 디자인이 많아요"", ""분위기가 편안해요"", ""스타일 추천을 잘해줘요"", ""A/S가 세심해요"", ""사이즈가 다양해요""]","{""name"": [""ABC마트 GS 제주칠성점""], ""category"": [""신발""], ""address"": [""제주 제주시 관덕로11길 6"", ""제주 제주시 일도일동 1355-4""], ""phone"": [""02-1588-9667""], ""hours"": [""영업 중""], ""visitor_keywords"": [""친절해요"", ""종류가 다양해요"", ""품질이 좋아요"", ""가성비가 좋아요"", ""매장이 넓어요"", ""독특한 디자인이 많아요"", ""분위기가 편안해요"", ""스타일 추천을 잘해줘요"", ""A/S가 세심해요"", ""사이즈가 다양해요""]}",https://naver.me/GWeHtvhT,,,,"[{""keyword"": ""친절해요"", ""count"": ""172""}, {""keyword"": ""종류가 다양해요"", ""count"": ""166""}, {""keyword"": ""품질이 좋아요"", ""count"": ""131""}, {""keyword"": ""가성비가 좋아요"", ""count"": ""112""}, {""keyword"": ""매장이 넓어요"", ""count"": ""109""}, {""keyword"": ""독특한 디자인이 많아요"", ""count"": ""43""}, {""keyword"": ""분위기가 편안해요"", ""count"": ""31""}, {""keyword"": ""스타일 추천을 잘해줘요"", ""count"": ""29""}, {""keyword"": ""A/S가 세심해요"", ""count"": ""12""}, {""keyword"": ""사이즈가 다양해요"", ""count"": ""7""}]","[{""title"": ""결제수단"", ""body"": ""제로페이""}, {""title"": ""SNS"", ""body"": ""홈페이지\nhttp://abcmart.a-rt.com/\n블로그\n블로그\n인스타그램\n인스타그램\n페이스북\n페이스북\n알고 계신 정보와 다른 정보가 있나요?\n사진으로 간단하게 제보해 주세요.\n정보 수정 제안하기\n이용약관고객센터리뷰운영정책신고센터\n네이버""}]"
147,147,ABC마트 ST 제주칠성점,쇼핑,제주 제주시 중앙로5길 6 제주코리아극장,,33.5152281,126.5253343,02-1588-9667,,https://naver.me/5wWLSGhR,201-81-76174,칠성로,success,1_naver_link,naver_link place_id=1817133560,12.2,naver_place,https://map.naver.com/p/entry/place/1817133560,https://map.naver.com/p/entry/place/1817133560,https://pcmap.place.naver.com/place/1817133560/home,1817133560,ABC마트 ST 제주칠성점,신발,,,제주 제주시 중앙로5길 6 제주코리아극장,제주 제주시 일도일동 1298-16,,02-1588-9667,,33.5153227,126.5254,영업 중,영업 중,,{},영업 중,,"홈페이지
http://abcmart.a-rt.com/
블로그
블로그
인스타그램
인스타그램
페이스북
페이스북
알고 계신 정보와 다른 정보가 있나요?
사진으로 간단하게 제보해 주세요.
정보 수정 제안하기
이용약관고객센터리뷰운영정책신고센터
네이버",,,,,,,,ABC마트 ST 제주칠성점|신발|제주 제주시 중앙로5길 6 제주코리아극장|제주 제주시 일도일동 1298-16|02-1588-9667|영업 중|친절해요|종류가 다양해요|가성비가 좋아요|품질이 좋아요|매장이 넓어요|스타일 추천을 잘해줘요|분위기가 편안해요|독특한 디자인이 많아요|사이즈가 다양해요|주차하기 편해요|운동화|득템,"[""ABC마트 ST 제주칠성점"", ""신발"", ""제주 제주시 중앙로5길 6 제주코리아극장"", ""제주 제주시 일도일동 1298-16"", ""02-1588-9667"", ""영업 중"", ""친절해요"", ""종류가 다양해요"", ""가성비가 좋아요"", ""품질이 좋아요"", ""매장이 넓어요"", ""스타일 추천을 잘해줘요"", ""분위기가 편안해요"", ""독특한 디자인이 많아요"", ""사이즈가 다양해요"", ""주차하기 편해요"", ""운동화"", ""득템""]","{""name"": [""ABC마트 ST 제주칠성점""], ""category"": [""신발""], ""address"": [""제주 제주시 중앙로5길 6 제주코리아극장"", ""제주 제주시 일도일동 1298-16""], ""phone"": [""02-1588-9667""], ""hours"": [""영업 중""], ""visitor_keywords"": [""친절해요"", ""종류가 다양해요"", ""가성비가 좋아요"", ""품질이 좋아요"", ""매장이 넓어요"", ""스타일 추천을 잘해줘요"", ""분위기가 편안해요"", ""독특한 디자인이 많아요"", ""사이즈가 다양해요"", ""주차하기 편해요""], ""hashtags"": [""운동화"", ""득템""], ""body_hashtags"": [""운동화"", ""득템""]}",https://naver.me/5wWLSGhR,,,,"[{""keyword"": ""친절해요"", ""count"": ""206""}, {""keyword"": ""종류가 다양해요"", ""count"": ""193""}, {""keyword"": ""가성비가 좋아요"", ""count"": ""156""}, {""keyword"": ""품질이 좋아요"", ""count"": ""121""}, {""keyword"": ""매장이 넓어요"", ""count"": ""115""}, {""keyword"": ""스타일 추천을 잘해줘요"", ""count"": ""40""}, {""keyword"": ""분위기가 편안해요"", ""count"": ""36""}, {""keyword"": ""독특한 디자인이 많아요"", ""count"": ""31""}, {""keyword"": ""사이즈가 다양해요"", ""count"": ""13""}, {""keyword"": ""주차하기 편해요"", ""count"": ""7""}]","[{""title"": ""결제수단"", ""body"": ""제로페이""}, {""title"": ""SNS"", ""body"": ""홈페이지\nhttp://abcmart.a-rt.com/\n블로그\n블로그\n인스타그램\n인스타그램\n페이스북\n페이스북\n알고 계신 정보와 다른 정보가 있나요?\n사진으로 간단하게 제보해 주세요.\n정보 수정 제안하기\n이용약관고객센터리뷰운영정책신고센터\n네이버""}]"
148,148,아트박스 제주칠성점,쇼핑,제주 제주시 관덕로11길 1,,33.5134974,126.5252006,0507-1422-0792,,https://naver.me/Fr7pkoVI,214-8106825,칠성로,success,1_naver_link,naver_link place_id=36994368,10.6,naver_place,https://map.naver.com/p/entry/place/36994368,https://map.naver.com/p/entry/place/36994368,https://pcmap.place.naver.com/place/36994368/home,36994368,아트박스 제주칠성점,"문구,팬시용품",,,제주 제주시 관덕로11길 1,제주 제주시 일도일동 1358-4,,,,33.5134784,126.5253128,영업 중,영업 중,,{},영업 중,,"오늘을 더 새롭게, 더 행복하게, 더 가치있게!
일상에 즐거움을 더하는 라이프스타일 브랜드 '아트박스(ARTBOX)'",,,,,,,,"아트박스 제주칠성점|문구,팬시용품|제주 제주시 관덕로11길 1|제주 제주시 일도일동 1358-4|영업 중|종류가 다양해요|매장이 넓어요|특색 있는 제품이 많아요|친절해요|가성비가 좋아요|시설이 깔끔해요|품질이 좋아요|분위기가 편안해요|비싼 만큼 가치있어요|예쁜 소품이 많아요","[""아트박스 제주칠성점"", ""문구,팬시용품"", ""제주 제주시 관덕로11길 1"", ""제주 제주시 일도일동 1358-4"", ""영업 중"", ""종류가 다양해요"", ""매장이 넓어요"", ""특색 있는 제품이 많아요"", ""친절해요"", ""가성비가 좋아요"", ""시설이 깔끔해요"", ""품질이 좋아요"", ""분위기가 편안해요"", ""비싼 만큼 가치있어요"", ""예쁜 소품이 많아요""]","{""name"": [""아트박스 제주칠성점""], ""category"": [""문구,팬시용품""], ""address"": [""제주 제주시 관덕로11길 1"", ""제주 제주시 일도일동 1358-4""], ""hours"": [""영업 중""], ""visitor_keywords"": [""종류가 다양해요"", ""매장이 넓어요"", ""특색 있는 제품이 많아요"", ""친절해요"", ""가성비가 좋아요"", ""시설이 깔끔해요"", ""품질이 좋아요"", ""분위기가 편안해요"", ""비싼 만큼 가치있어요"", ""예쁜 소품이 많아요""]}",https://naver.me/Fr7pkoVI,,,,"[{""keyword"": ""종류가 다양해요"", ""count"": ""451""}, {""keyword"": ""매장이 넓어요"", ""count"": ""224""}, {""keyword"": ""특색 있는 제품이 많아요"", ""count"": ""176""}, {""keyword"": ""친절해요"", ""count"": ""162""}, {""keyword"": ""가성비가 좋아요"", ""count"": ""158""}, {""keyword"": ""시설이 깔끔해요"", ""count"": ""101""}, {""keyword"": ""품질이 좋아요"", ""count"": ""93""}, {""keyword"": ""분위기가 편안해요"", ""count"": ""57""}, {""keyword"": ""비싼 만큼 가치있어요"", ""count"": ""18""}, {""keyword"": ""예쁜 소품이 많아요"", ""count"": ""9""}]","[{""title"": ""소개"", ""body"": ""오늘을 더 새롭게, 더 행복하게, 더 가치있게!\n일상에 즐거움을 더하는 라이프스타일 브랜드 '아트박스(ARTBOX)'""}, {""title"": ""대표 키워드"", ""body"": ""아트박스artbox디자인문구ARTBOX선물""}, {""title"": ""결제수단"", ""body"": ""제로페이\n네이버페이""}, {""title"": ""SNS"", ""body"": ""홈페이지\nhttps://www.poom.co.kr/\n유튜브\n유튜브\n인스타그램\n인스타그램\n알고 계신 정보와 다른 정보가 있나요?\n사진으로 간단하게 제보해 주세요.\n정보 수정 제안하기\n이용약관고객센터리뷰운영정책신고센터\n네이버""}]"
149,149,폴더 제주점,쇼핑,제주 제주시 관덕로11길 5,,33.513688,126.525202,064-759-9302,,https://naver.me/xQe4xrN7,483-85-00139,칠성로,success,1_naver_link,naver_link place_id=37426707,,naver_place,https://map.naver.com/p/entry/place/37426707,https://map.naver.com/p/entry/place/37426707,https://pcmap.place.naver.com/place/37426707/home,37426707,,,,,,,,,,,,,,,{},,,,,,,,,,,,[],{},https://naver.me/xQe4xrN7,,,,,
150,150,백억커피 제주동문점,"카페, 디저트",제주 제주시 관덕로11길 11 1층,,33.5141335,126.5253739,064-722-1205,,https://naver.me/5UTw6eu8,825-03-03595,칠성로,success,1_naver_link,naver_link place_id=2059061563,1.6,naver_place,https://map.naver.com/p/entry/place/2059061563,https://map.naver.com/p/entry/place/2059061563,https://pcmap.place.naver.com/place/2059061563/home,2059061563,백억커피 제주동문점,"카페,디저트",Y,,제주 제주시 관덕로11길 11 1층,제주 제주시 일도1동 1360-2,,0507-1348-1205,https://www.metaflyer.io/L/l13H2IG8Oq,33.5141325,126.5253562,월 11:00 - 21:00,영업 중,포장 & 배달은 21시 00분까지 운영합니다.,"{""목"": {""open"": ""11:00 - 21:00""}, ""금"": {""open"": ""11:00 - 21:00""}, ""토"": {""open"": ""11:00 - 21:00""}, ""일"": {""open"": ""11:00 - 21:00""}, ""월"": {""open"": ""11:00 - 21:00""}, ""화"": {""open"": ""11:00 - 21:00""}, ""수"": {""open"": ""11:00 - 21:00""}}",영업 중 | 21:00에 영업 종료 | 21시 0분에 영업 종료 | 목 | 11:00 - 21:00 | 금 | 11:00 - 21:00 | 토 | 11:00 - 21:00 | 일 | 11:00 - 21:00 | 월 | 11:00 - 21:00 | 화 | 11:00 - 21:00 | 수 | 11:00 - 21:00 | - 포장 & 배달은 21시 00분까지 운영합니다. | 접기,포장|단체 이용 가능|배달|무선 인터넷|간편결제,부자되세요! 백억커피 제주동문점입니다.,,주간 기준  | 인기 많은 메뉴 | 1 | 순위 변동 없음 | ★카라멜팝콘M | 2 | 순위 상승 | ★복숭아아이스티 | 3 | 순위 상승 | ★카페라떼 | 목요일 오후 3시  | 가장 인기에요! | 13시 방문자49% | 13 | 14시 방문자49% | 15시 방문자63% | 15 | 16시 방문자46% | 17시 방문자61% | 17 | 1회 결제 시 평균 1만원 미만대 지불해요.,"[{""rank"": 1, ""trend"": """", ""name"": ""변동 없음 ★카라멜팝콘M""}, {""rank"": 2, ""trend"": ""상승"", ""name"": ""★복숭아아이스티""}, {""rank"": 3, ""trend"": ""상승"", ""name"": ""★카페라떼""}]",목요일 오후 3시 가장 인기에요,"[{""hour"": 13, ""pct"": 49}, {""hour"": 14, ""pct"": 49}, {""hour"": 15, ""pct"": 63}, {""hour"": 16, ""pct"": 46}, {""hour"": 17, ""pct"": 61}]",1회 결제 시 평균 1만원 미만대 지불해요.,아메리카노,"백억커피 제주동문점|카페,디저트|제주 제주시 관덕로11길 11 1층|제주 제주시 일도1동 1360-2|0507-1348-1205|월 11:00 - 21:00|아메리카노|변동 없음 ★카라멜팝콘M|★복숭아아이스티|★카페라떼|포장|단체 이용 가능|배달|무선 인터넷|간편결제|커피가 맛있어요|친절해요|가성비가 좋아요|디저트가 맛있어요|음료가 맛있어요|매장이 청결해요|인테리어가 멋져요|특별한 메뉴가 있어요|집중하기 좋아요|사진이 잘 나와요","[""백억커피 제주동문점"", ""카페,디저트"", ""제주 제주시 관덕로11길 11 1층"", ""제주 제주시 일도1동 1360-2"", ""0507-1348-1205"", ""월 11:00 - 21:00"", ""아메리카노"", ""변동 없음 ★카라멜팝콘M"", ""★복숭아아이스티"", ""★카페라떼"", ""포장"", ""단체 이용 가능"", ""배달"", ""무선 인터넷"", ""간편결제"", ""커피가 맛있어요"", ""친절해요"", ""가성비가 좋아요"", ""디저트가 맛있어요"", ""음료가 맛있어요"", ""매장이 청결해요"", ""인테리어가 멋져요"", ""특별한 메뉴가 있어요"", ""집중하기 좋아요"", ""사진이 잘 나와요""]","{""name"": [""백억커피 제주동문점""], ""category"": [""카페,디저트""], ""address"": [""제주 제주시 관덕로11길 11 1층"", ""제주 제주시 일도1동 1360-2""], ""phone"": [""0507-1348-1205""], ""hours"": [""월 11:00 - 21:00""], ""menus"": [""아메리카노""], ""popular_menus"": [""변동 없음 ★카라멜팝콘M"", ""★복숭아아이스티"", ""★카페라떼""], ""conveniences"": [""포장"", ""단체 이용 가능"", ""배달"", ""무선 인터넷"", ""간편결제""], ""visitor_keywords"": [""커피가 맛있어요"", ""친절해요"", ""가성비가 좋아요"", ""디저트가 맛있어요"", ""음료가 맛있어요"", ""매장이 청결해요"", ""인테리어가 멋져요"", ""특별한 메뉴가 있어요"", ""집중하기 좋아요"", ""사진이 잘 나와요""]}",https://naver.me/5UTw6eu8,,,,"[{""keyword"": ""커피가 맛있어요"", ""count"": ""17""}, {""keyword"": ""친절해요"", ""count"": ""13""}, {""keyword"": ""가성비가 좋아요"", ""count"": ""11""}, {""keyword"": ""디저트가 맛있어요"", ""count"": ""9""}, {""keyword"": ""음료가 맛있어요"", ""count"": ""7""}, {""keyword"": ""매장이 청결해요"", ""count"": ""5""}, {""keyword"": ""인테리어가 멋져요"", ""count"": ""3""}, {""keyword"": ""특별한 메뉴가 있어요"", ""count"": ""3""}, {""keyword"": ""집중하기 좋아요"", ""count"": ""2""}, {""keyword"": ""사진이 잘 나와요"", ""count"": ""1""}]","[{""title"": ""소개"", ""body"": ""부자되세요! 백억커피 제주동문점입니다.""}, {""title"": ""위생 정보"", ""body"": ""세스코 멤버스\n2026.08\n2027년08월\n 최근 통합방제 점검월""}, {""title"": ""편의시설 및 서비스"", ""body"": ""포장\n단체 이용 가능\n배달\n무선 인터넷""}, {""title"": ""주차"", ""body"": ""주차 불가""}, {""title"": ""결제수단"", ""body"": ""간편결제""}, {""title"": ""SNS"", ""body"": ""홈페이지\nhttps://www.metaflyer.io/L/l13H2IG8Oq\n알고 계신 정보와 다른 정보가 있나요?\n사진으로 간단하게 제보해 주세요.\n정보 수정 제안하기\n이용약관고객센터리뷰운영정책신고센터\n네이버""}]"
152,152,녹다(NOKDA),"카페, 디저트",제주 제주시 관덕로11길 34,,33.5159497,126.5257996,,,https://naver.me/5Q3V9dWs,,칠성로,success,1_naver_link,naver_link place_id=1899730009,0.0,naver_place,https://map.naver.com/p/entry/place/1899730009,https://map.naver.com/p/entry/place/1899730009,https://pcmap.place.naver.com/place/1899730009/home,1899730009,제주더큰내일센터,지방행정기관,,,제주 제주시 관덕로11길 34,제주 제주시 건입동 1401-1,,064-720-8900,https://www.jdnc.or.kr,33.5159497,126.5257996,09:00 - 18:00,운영 중,,"{""매일"": {""open"": ""09:00 - 18:00""}}",운영 중 | 18:00에 운영 종료 | 18시 0분에 운영 종료 | 매일 | 09:00 - 18:00 | 접기,,"드리자면 2017년도부터 국제자유도시 종합 계획에 포함되어 진행되었으며, 2018년도 제주더큰내일센터 설치와 운영계획 수립 보고를 진행하여, 2019년도 2월에 T/F팀에 구성 후 2019년도의 3월부터 6월 공개채용과 함께 입주공간과 리모델링 후 9월에 개소하였습니다. 현재 참여자는 100명 선별이 되었고요 ~ 2020년부터 매년 150명의 참여자를 선발하고 있습니다. 센터의 벽면에는 읽고 싶은 최신간 책들이 가득했고, 유리문 안쪽의 주방은 너무 넓어서 청년들이 무엇을 해도 될 정도로 넉넉하고 커다랬습니다. 이곳에서, 청년들은 각자 하고 싶은 일을 해내기 위해 역량을 강화하고 있었습니다. 그리고 제주더큰내일센터는 취업·창업 통합 플랫폼의 역할을 톡톡히 하고 있었습니다. 청년과 기업을 일자리로 연결하고, 청년 예비 창업가가 꿈꾸는 사업을 위해 아이디어 발굴을 돕고 구체적인 멘토링을 진행하고 있었습니다. 더 큰 센터를 거쳐 간 청년들이 창업한 공간의 기록 이곳에서 교육을 체계적으로 받은 뒤 창업을 진행한 공간이 기록되어 있었습니다. 나도 저기에 이름을 달겠다는 생각으로 열심히 하고 있을 더큰내일센터의 예비창업자들이 어서 이곳에 기록되기를 바랍니다! 이곳은 더큰내일 스튜디오입니다. 1인 미디어 또는 유튜브 제작을 위한 공간이 필요하다면, 제주에 거주하시는 분들! 이곳을 방문하셔서 이용하시면 됩니다 :) 개인 사물함과 넓~은 공간 보이시죠 ~ 청년들은 이 공간에서 줌 수업으로 공부를 하고 사업에 필요한 서류를 작성하고 있었어요 창업을 위해 취업을 위해 각자의 꿈을 가지고 제주더큰내일센터를 활발하게 이용하는 모습이었습니다. 또한 본인만의 고민을 적어보는 공간이...
22.9.27.화
2022년 9월 27일 화요일
이미지 수
24
로딩중
알고 계신",,,,,,,,제주더큰내일센터|지방행정기관|제주 제주시 관덕로11길 34|제주 제주시 건입동 1401-1|064-720-8900|09:00 - 18:00,"[""제주더큰내일센터"", ""지방행정기관"", ""제주 제주시 관덕로11길 34"", ""제주 제주시 건입동 1401-1"", ""064-720-8900"", ""09:00 - 18:00""]","{""name"": [""제주더큰내일센터""], ""category"": [""지방행정기관""], ""address"": [""제주 제주시 관덕로11길 34"", ""제주 제주시 건입동 1401-1""], ""phone"": [""064-720-8900""], ""hours"": [""09:00 - 18:00""]}",https://naver.me/5Q3V9dWs,,,,,"[{""title"": ""소개"", ""body"": ""제주더큰내일센터는 제주의 미래를 위한 프로젝트를 창출할 수 있는 혁신적 인재를 육성하는 기관입니다. 그리고 청년들이 실행을 통해 제주 미래를 직접 만들어 가는 과정을 함께 하고자 합니다.""}, {""title"": ""대표 키워드"", ""body"": ""더큰내일센터제주더큰내일선터제주청년취업혁신인재더큰내일""}, {""title"": ""SNS"", ""body"": ""홈페이지\nhttps://www.jdnc.or.kr\n알고 계신 정보와 다른 정보가 있나요?\n사진으로 간단하게 제보해 주세요.\n정보 수정 제안하기\n이용약관고객센터리뷰운영정책신고센터\n네이버""}]"
153,153,농업회사법인주식회사 이시보,음식점,제주 제주시 관덕로11길 34,,33.5159499,126.5257996,,,https://naver.me/5Q3V9dWs,,칠성로,success,1_naver_link,naver_link place_id=1899730009,0.0,naver_place,https://map.naver.com/p/entry/place/1899730009,https://map.naver.com/p/entry/place/1899730009,https://pcmap.place.naver.com/place/1899730009/home,1899730009,제주더큰내일센터,지방행정기관,,,제주 제주시 관덕로11길 34,제주 제주시 건입동 1401-1,,064-720-8900,https://www.jdnc.or.kr,33.5159497,126.5257996,09:00 - 18:00,운영 중,,"{""매일"": {""open"": ""09:00 - 18:00""}}",운영 중 | 18:00에 운영 종료 | 18시 0분에 운영 종료 | 매일 | 09:00 - 18:00 | 접기,,"드리자면 2017년도부터 국제자유도시 종합 계획에 포함되어 진행되었으며, 2018년도 제주더큰내일센터 설치와 운영계획 수립 보고를 진행하여, 2019년도 2월에 T/F팀에 구성 후 2019년도의 3월부터 6월 공개채용과 함께 입주공간과 리모델링 후 9월에 개소하였습니다. 현재 참여자는 100명 선별이 되었고요 ~ 2020년부터 매년 150명의 참여자를 선발하고 있습니다. 센터의 벽면에는 읽고 싶은 최신간 책들이 가득했고, 유리문 안쪽의 주방은 너무 넓어서 청년들이 무엇을 해도 될 정도로 넉넉하고 커다랬습니다. 이곳에서, 청년들은 각자 하고 싶은 일을 해내기 위해 역량을 강화하고 있었습니다. 그리고 제주더큰내일센터는 취업·창업 통합 플랫폼의 역할을 톡톡히 하고 있었습니다. 청년과 기업을 일자리로 연결하고, 청년 예비 창업가가 꿈꾸는 사업을 위해 아이디어 발굴을 돕고 구체적인 멘토링을 진행하고 있었습니다. 더 큰 센터를 거쳐 간 청년들이 창업한 공간의 기록 이곳에서 교육을 체계적으로 받은 뒤 창업을 진행한 공간이 기록되어 있었습니다. 나도 저기에 이름을 달겠다는 생각으로 열심히 하고 있을 더큰내일센터의 예비창업자들이 어서 이곳에 기록되기를 바랍니다! 이곳은 더큰내일 스튜디오입니다. 1인 미디어 또는 유튜브 제작을 위한 공간이 필요하다면, 제주에 거주하시는 분들! 이곳을 방문하셔서 이용하시면 됩니다 :) 개인 사물함과 넓~은 공간 보이시죠 ~ 청년들은 이 공간에서 줌 수업으로 공부를 하고 사업에 필요한 서류를 작성하고 있었어요 창업을 위해 취업을 위해 각자의 꿈을 가지고 제주더큰내일센터를 활발하게 이용하는 모습이었습니다. 또한 본인만의 고민을 적어보는 공간이...
22.9.27.화
2022년 9월 27일 화요일
이미지 수
24
로딩중
알고 계신",,,,,,,,제주더큰내일센터|지방행정기관|제주 제주시 관덕로11길 34|제주 제주시 건입동 1401-1|064-720-8900|09:00 - 18:00,"[""제주더큰내일센터"", ""지방행정기관"", ""제주 제주시 관덕로11길 34"", ""제주 제주시 건입동 1401-1"", ""064-720-8900"", ""09:00 - 18:00""]","{""name"": [""제주더큰내일센터""], ""category"": [""지방행정기관""], ""address"": [""제주 제주시 관덕로11길 34"", ""제주 제주시 건입동 1401-1""], ""phone"": [""064-720-8900""], ""hours"": [""09:00 - 18:00""]}",https://naver.me/5Q3V9dWs,,,,,"[{""title"": ""소개"", ""body"": ""제주더큰내일센터는 제주의 미래를 위한 프로젝트를 창출할 수 있는 혁신적 인재를 육성하는 기관입니다. 그리고 청년들이 실행을 통해 제주 미래를 직접 만들어 가는 과정을 함께 하고자 합니다.""}, {""title"": ""대표 키워드"", ""body"": ""더큰내일센터제주더큰내일선터제주청년취업혁신인재더큰내일""}, {""title"": ""SNS"", ""body"": ""홈페이지\nhttps://www.jdnc.or.kr\n알고 계신 정보와 다른 정보가 있나요?\n사진으로 간단하게 제보해 주세요.\n정보 수정 제안하기\n이용약관고객센터리뷰운영정책신고센터\n네이버""}]"
154,154,오효,"카페, 디저트",제주 제주시 관덕로11길 34,,33.5159497,126.5257996,,,https://naver.me/5Q3V9dWs,,칠성로,success,1_naver_link,naver_link place_id=1899730009,0.0,naver_place,https://map.naver.com/p/entry/place/1899730009,https://map.naver.com/p/entry/place/1899730009,https://pcmap.place.naver.com/place/1899730009/home,1899730009,제주더큰내일센터,지방행정기관,,,제주 제주시 관덕로11길 34,제주 제주시 건입동 1401-1,,064-720-8900,https://www.jdnc.or.kr,33.5159497,126.5257996,09:00 - 18:00,운영 중,,"{""매일"": {""open"": ""09:00 - 18:00""}}",운영 중 | 18:00에 운영 종료 | 18시 0분에 운영 종료 | 매일 | 09:00 - 18:00 | 접기,,"드리자면 2017년도부터 국제자유도시 종합 계획에 포함되어 진행되었으며, 2018년도 제주더큰내일센터 설치와 운영계획 수립 보고를 진행하여, 2019년도 2월에 T/F팀에 구성 후 2019년도의 3월부터 6월 공개채용과 함께 입주공간과 리모델링 후 9월에 개소하였습니다. 현재 참여자는 100명 선별이 되었고요 ~ 2020년부터 매년 150명의 참여자를 선발하고 있습니다. 센터의 벽면에는 읽고 싶은 최신간 책들이 가득했고, 유리문 안쪽의 주방은 너무 넓어서 청년들이 무엇을 해도 될 정도로 넉넉하고 커다랬습니다. 이곳에서, 청년들은 각자 하고 싶은 일을 해내기 위해 역량을 강화하고 있었습니다. 그리고 제주더큰내일센터는 취업·창업 통합 플랫폼의 역할을 톡톡히 하고 있었습니다. 청년과 기업을 일자리로 연결하고, 청년 예비 창업가가 꿈꾸는 사업을 위해 아이디어 발굴을 돕고 구체적인 멘토링을 진행하고 있었습니다. 더 큰 센터를 거쳐 간 청년들이 창업한 공간의 기록 이곳에서 교육을 체계적으로 받은 뒤 창업을 진행한 공간이 기록되어 있었습니다. 나도 저기에 이름을 달겠다는 생각으로 열심히 하고 있을 더큰내일센터의 예비창업자들이 어서 이곳에 기록되기를 바랍니다! 이곳은 더큰내일 스튜디오입니다. 1인 미디어 또는 유튜브 제작을 위한 공간이 필요하다면, 제주에 거주하시는 분들! 이곳을 방문하셔서 이용하시면 됩니다 :) 개인 사물함과 넓~은 공간 보이시죠 ~ 청년들은 이 공간에서 줌 수업으로 공부를 하고 사업에 필요한 서류를 작성하고 있었어요 창업을 위해 취업을 위해 각자의 꿈을 가지고 제주더큰내일센터를 활발하게 이용하는 모습이었습니다. 또한 본인만의 고민을 적어보는 공간이...
22.9.27.화
2022년 9월 27일 화요일
이미지 수
24
로딩중
알고 계신",,,,,,,,제주더큰내일센터|지방행정기관|제주 제주시 관덕로11길 34|제주 제주시 건입동 1401-1|064-720-8900|09:00 - 18:00,"[""제주더큰내일센터"", ""지방행정기관"", ""제주 제주시 관덕로11길 34"", ""제주 제주시 건입동 1401-1"", ""064-720-8900"", ""09:00 - 18:00""]","{""name"": [""제주더큰내일센터""], ""category"": [""지방행정기관""], ""address"": [""제주 제주시 관덕로11길 34"", ""제주 제주시 건입동 1401-1""], ""phone"": [""064-720-8900""], ""hours"": [""09:00 - 18:00""]}",https://naver.me/5Q3V9dWs,,,,,"[{""title"": ""소개"", ""body"": ""제주더큰내일센터는 제주의 미래를 위한 프로젝트를 창출할 수 있는 혁신적 인재를 육성하는 기관입니다. 그리고 청년들이 실행을 통해 제주 미래를 직접 만들어 가는 과정을 함께 하고자 합니다.""}, {""title"": ""대표 키워드"", ""body"": ""더큰내일센터제주더큰내일선터제주청년취업혁신인재더큰내일""}, {""title"": ""SNS"", ""body"": ""홈페이지\nhttps://www.jdnc.or.kr\n알고 계신 정보와 다른 정보가 있나요?\n사진으로 간단하게 제보해 주세요.\n정보 수정 제안하기\n이용약관고객센터리뷰운영정책신고센터\n네이버""}]"
164,164,블레스크,"카페, 디저트",제주 제주시 중앙로 52 1F,,33.5136254,126.5245255,,,https://naver.me/5OtfDDFP,,칠성로,success,1_naver_link,naver_link place_id=2056181850,0.0,naver_place,https://map.naver.com/p/entry/place/2056181850,https://map.naver.com/p/entry/place/2056181850,https://pcmap.place.naver.com/place/2056181850/home,2056181850,블레스크,"카페,디저트",,고소한 스콘과 함께하는 여유로운 시간,제주 제주시 중앙로 52 1F,제주 제주시 일도일동 1373-2,"천년타워 맞은편, 초록색으로 새롭게 리모델링된 건물 1층에 있습니다.",0507-1371-3523,https://www.instagram.com/blesk_coffee,33.5136254,126.5245255,월 11:30 - 17:00,영업 중,,"{""목"": {""open"": ""11:30 - 17:00""}, ""금"": {""open"": ""11:30 - 17:00""}, ""토"": {""open"": ""09:00 - 14:00""}, ""일"": {""open"": ""정기휴무 (매주 일요일)""}, ""월"": {""open"": ""11:30 - 17:00""}, ""화"": {""open"": ""11:30 - 17:00""}, ""수"": {""open"": ""11:30 - 17:00""}}",영업 중 | 17:00에 영업 종료 | 17시 0분에 영업 종료 | 목 | 11:30 - 17:00 | 금 | 11:30 - 17:00 | 토 | 09:00 - 14:00 | 일 | 정기휴무 (매주 일요일) | 월 | 11:30 - 17:00 | 화 | 11:30 - 17:00 | 수 | 11:30 - 17:00 | 09/25 추석 휴무 | 접기,단체 이용 가능|포장|무선 인터넷|대기공간|간편결제,"제주 탑동 카페, Blesk
아침 9시 오픈으로 여유로운 하루의 시작을 함께합니다.
부드러운 커피와 기분 좋은 한 잔,
편안한 시간을 즐길 수 있는 공간입니다.","사용자 리뷰를 바탕으로 주요 특징을 요약했습니다. |  | 블레스크는 다양한 음료와 디저트를 제공하는 카페로, 특히 그릭요거트빙수와 제주말차라떼가 인기 메뉴입니다. | gusrudal30 | +1 | 사장님의 친절한 서비스와 편안한 분위기가 매력적이며, 당근감귤 착즙쥬스와 같은 독특한 음료도 즐길 수 있습니다. | osa**** | +2 | 테이크아웃이 가능하며, 아늑한 공간에서 여유로운 시간을 보내기 좋습니다. | 오드리서80 | +1",,,,,,아메리카노|카페라떼|카페모카|바닐라빈라떼|바닐라크림라떼|제주청귤 시나몬 티|리얼 복숭아 아이스티|제주말차라떼|다크초코라떼|캐모마일/얼그레이|요거트스무디(딸기/블루베리/망고)|에이드(레몬/자몽/청포도)|100%착즙쥬스(당근감귤 등)|BLESK 커피|BLESK 스무디|BLESK 에이드|스콘 / 쿠키 / 브라우니 / 초콜렛,"블레스크|카페,디저트|제주 제주시 중앙로 52 1F|제주 제주시 일도일동 1373-2|0507-1371-3523|월 11:30 - 17:00|아메리카노|카페라떼|카페모카|바닐라빈라떼|바닐라크림라떼|제주청귤 시나몬 티|리얼 복숭아 아이스티|제주말차라떼|다크초코라떼|캐모마일/얼그레이|요거트스무디(딸기/블루베리/망고)|에이드(레몬/자몽/청포도)|100%착즙쥬스(당근감귤 등)|BLESK 커피|BLESK 스무디|BLESK 에이드|스콘 / 쿠키 / 브라우니 / 초콜렛|고소한 스콘과 함께하는 여유로운 시간|단체 이용 가능|포장|무선 인터넷|대기공간|간편결제|커피가 맛있어요|친절해요|디저트가 맛있어요|음료가 맛있어요|인테리어가 멋져요|매장이 청결해요|대화하기 좋아요|특별한 메뉴가 있어요|음악이 좋아요|화장실이 깨끗해요","[""블레스크"", ""카페,디저트"", ""제주 제주시 중앙로 52 1F"", ""제주 제주시 일도일동 1373-2"", ""0507-1371-3523"", ""월 11:30 - 17:00"", ""아메리카노"", ""카페라떼"", ""카페모카"", ""바닐라빈라떼"", ""바닐라크림라떼"", ""제주청귤 시나몬 티"", ""리얼 복숭아 아이스티"", ""제주말차라떼"", ""다크초코라떼"", ""캐모마일/얼그레이"", ""요거트스무디(딸기/블루베리/망고)"", ""에이드(레몬/자몽/청포도)"", ""100%착즙쥬스(당근감귤 등)"", ""BLESK 커피"", ""BLESK 스무디"", ""BLESK 에이드"", ""스콘 / 쿠키 / 브라우니 / 초콜렛"", ""고소한 스콘과 함께하는 여유로운 시간"", ""단체 이용 가능"", ""포장"", ""무선 인터넷"", ""대기공간"", ""간편결제"", ""커피가 맛있어요"", ""친절해요"", ""디저트가 맛있어요"", ""음료가 맛있어요"", ""인테리어가 멋져요"", ""매장이 청결해요"", ""대화하기 좋아요"", ""특별한 메뉴가 있어요"", ""음악이 좋아요"", ""화장실이 깨끗해요""]","{""name"": [""블레스크""], ""category"": [""카페,디저트""], ""address"": [""제주 제주시 중앙로 52 1F"", ""제주 제주시 일도일동 1373-2""], ""phone"": [""0507-1371-3523""], ""hours"": [""월 11:30 - 17:00""], ""menus"": [""아메리카노"", ""카페라떼"", ""카페모카"", ""바닐라빈라떼"", ""바닐라크림라떼"", ""제주청귤 시나몬 티"", ""리얼 복숭아 아이스티"", ""제주말차라떼"", ""다크초코라떼"", ""캐모마일/얼그레이"", ""요거트스무디(딸기/블루베리/망고)"", ""에이드(레몬/자몽/청포도)"", ""100%착즙쥬스(당근감귤 등)"", ""BLESK 커피"", ""BLESK 스무디"", ""BLESK 에이드"", ""스콘 / 쿠키 / 브라우니 / 초콜렛""], ""slogan"": [""고소한 스콘과 함께하는 여유로운 시간""], ""conveniences"": [""단체 이용 가능"", ""포장"", ""무선 인터넷"", ""대기공간"", ""간편결제""], ""visitor_keywords"": [""커피가 맛있어요"", ""친절해요"", ""디저트가 맛있어요"", ""음료가 맛있어요"", ""인테리어가 멋져요"", ""매장이 청결해요"", ""대화하기 좋아요"", ""특별한 메뉴가 있어요"", ""음악이 좋아요"", ""화장실이 깨끗해요""]}",https://naver.me/5OtfDDFP,,,,"[{""keyword"": ""커피가 맛있어요"", ""count"": ""35""}, {""keyword"": ""친절해요"", ""count"": ""29""}, {""keyword"": ""디저트가 맛있어요"", ""count"": ""25""}, {""keyword"": ""음료가 맛있어요"", ""count"": ""22""}, {""keyword"": ""인테리어가 멋져요"", ""count"": ""18""}, {""keyword"": ""매장이 청결해요"", ""count"": ""17""}, {""keyword"": ""대화하기 좋아요"", ""count"": ""11""}, {""keyword"": ""특별한 메뉴가 있어요"", ""count"": ""10""}, {""keyword"": ""음악이 좋아요"", ""count"": ""5""}, {""keyword"": ""화장실이 깨끗해요"", ""count"": ""4""}]","[{""title"": ""소개"", ""body"": ""제주 탑동 카페, Blesk\n아침 9시 오픈으로 여유로운 하루의 시작을 함께합니다.\n부드러운 커피와 기분 좋은 한 잔,\n편안한 시간을 즐길 수 있는 공간입니다.""}, {""title"": ""위생 정보"", ""body"": ""세스코 멤버스\n2026.08\n2027년08월\n 최근 통합방제 점검월""}, {""title"": ""편의시설 및 서비스"", ""body"": ""단체 이용 가능\n포장\n무선 인터넷\n대기공간""}, {""title"": ""주차"", ""body"": ""주차 불가\n매장 특성상 주차는 어려운 점 양해 부탁드립니다. 근처 공영주차장 이용 부탁드려요. 1인 매장이라 손님 응대 중 에는 전화 받기 어려운 경우가 많습니다. 방문 전 참고 부 탁드립니다.""}, {""title"": ""좌석·공간"", ""body"": ""좌식\n카운터석""}, {""title"": ""결제수단"", ""body"": ""지역화폐 (카드형)\n지역화폐 (모바일형)\n제로페이\n간편결제""}, {""title"": ""SNS"", ""body"": ""인스타그램\nhttps://www.instagram.com/blesk_coffee\n알고 계신 정보와 다른 정보가 있나요?\n사진으로 간단하게 제보해 주세요.\n정보 수정 제안하기\n이용약관고객센터리뷰운영정책신고센터\n네이버""}]"
165,165,샌드데이,음식점,4호,,33.5130126,126.524503,010-4699-5667,,https://naver.me/GScS8jUb,,지하상가,success,1_naver_link,naver_link place_id=31315546,0.1,naver_place,https://map.naver.com/p/entry/place/31315546,https://map.naver.com/p/entry/place/31315546,https://pcmap.place.naver.com/place/31315546/home,31315546,샌드데이 제주중앙지하상가점,카페,,,제주 제주시 일도일동 중앙로 60 제주중앙지하상가 3,제주 제주시 일도일동 1425-3,,064-753-8006,,33.5130126,126.5245022,영업 중,영업 중,,{},영업 중,,,,,,,,,,샌드데이 제주중앙지하상가점|카페|제주 제주시 일도일동 중앙로 60 제주중앙지하상가 3|제주 제주시 일도일동 1425-3|064-753-8006|영업 중|친절해요|가성비가 좋아요|커피가 맛있어요|디저트가 맛있어요|음료가 맛있어요|특별한 메뉴가 있어요|건강한 맛이에요|매장이 넓어요|매장이 청결해요,"[""샌드데이 제주중앙지하상가점"", ""카페"", ""제주 제주시 일도일동 중앙로 60 제주중앙지하상가 3"", ""제주 제주시 일도일동 1425-3"", ""064-753-8006"", ""영업 중"", ""친절해요"", ""가성비가 좋아요"", ""커피가 맛있어요"", ""디저트가 맛있어요"", ""음료가 맛있어요"", ""특별한 메뉴가 있어요"", ""건강한 맛이에요"", ""매장이 넓어요"", ""매장이 청결해요""]","{""name"": [""샌드데이 제주중앙지하상가점""], ""category"": [""카페""], ""address"": [""제주 제주시 일도일동 중앙로 60 제주중앙지하상가 3"", ""제주 제주시 일도일동 1425-3""], ""phone"": [""064-753-8006""], ""hours"": [""영업 중""], ""visitor_keywords"": [""친절해요"", ""가성비가 좋아요"", ""커피가 맛있어요"", ""디저트가 맛있어요"", ""음료가 맛있어요"", ""특별한 메뉴가 있어요"", ""건강한 맛이에요"", ""매장이 넓어요"", ""매장이 청결해요""]}",https://naver.me/GScS8jUb,,,,"[{""keyword"": ""친절해요"", ""count"": ""7""}, {""keyword"": ""가성비가 좋아요"", ""count"": ""5""}, {""keyword"": ""커피가 맛있어요"", ""count"": ""3""}, {""keyword"": ""디저트가 맛있어요"", ""count"": ""3""}, {""keyword"": ""음료가 맛있어요"", ""count"": ""3""}, {""keyword"": ""특별한 메뉴가 있어요"", ""count"": ""2""}, {""keyword"": ""건강한 맛이에요"", ""count"": ""2""}, {""keyword"": ""매장이 넓어요"", ""count"": ""1""}, {""keyword"": ""매장이 청결해요"", ""count"": ""1""}]","[{""title"": ""결제수단"", ""body"": ""제로페이\n알고 계신 정보와 다른 정보가 있나요?\n사진으로 간단하게 제보해 주세요.\n정보 수정 제안하기\n이용약관고객센터리뷰운영정책신고센터\n네이버""}]"
166,166,머쉬,쇼핑,9호,,33.513007,126.524649,064-751-4133,,,,지하상가,success,2_address_match,주소일치(exact_or_contains) query=제주 머쉬,19.9,naver_place,https://map.naver.com/p/entry/place/1148534788,https://map.naver.com/p/entry/place/1148534788,https://pcmap.place.naver.com/place/1148534788/home,1148534788,머쉬,패션,,,제주 제주시 일도일동 중앙로 60 중앙지하상가 9호,제주 제주시 일도일동 1425-3,,,,33.5131838,126.5246152,,,,{},정보 수정,,,,,,,,,,머쉬|패션|제주 제주시 일도일동 중앙로 60 중앙지하상가 9호|제주 제주시 일도일동 1425-3,"[""머쉬"", ""패션"", ""제주 제주시 일도일동 중앙로 60 중앙지하상가 9호"", ""제주 제주시 일도일동 1425-3""]","{""name"": [""머쉬""], ""category"": [""패션""], ""address"": [""제주 제주시 일도일동 중앙로 60 중앙지하상가 9호"", ""제주 제주시 일도일동 1425-3""]}",머쉬 | 제주 머쉬,,,,,"[{""title"": ""결제수단"", ""body"": ""제로페이\n알고 계신 정보와 다른 정보가 있나요?\n사진으로 간단하게 제보해 주세요.\n정보 수정 제안하기\n이용약관고객센터리뷰운영정책신고센터\n네이버""}]"
167,167,빠레트,쇼핑,"10,11호",,33.5130048,126.524684,064-722-5523,,,,지하상가,fail,5_fail,매칭 실패,5713.0,naver_place,https://map.naver.com/p/entry/place/1566134608,https://map.naver.com/p/entry/place/1566134608,https://pcmap.place.naver.com/place/1566134608/home,1566134608,바닐라파레트,"카페,디저트",,명란마요 소금빵으로 입안 가득 행복,제주 제주시 진군길 56-2 1층바닐라파레트,제주 제주시 노형동 763-8,,0507-1491-1149,https://www.instagram.com/vanilla_palette/,33.4771129,126.4806009,월 10:00 - 22:00,영업 중,,"{""목"": {""open"": ""10:00 - 22:00""}, ""금"": {""open"": ""10:00 - 22:00""}, ""토"": {""open"": ""12:00 - 21:00""}, ""일"": {""open"": ""12:00 - 21:00""}, ""월"": {""open"": ""10:00 - 22:00""}, ""화"": {""open"": ""10:00 - 22:00""}, ""수"": {""open"": ""10:00 - 22:00""}}",영업 중 | 22:00에 영업 종료 | 22시 0분에 영업 종료 | 목 | 10:00 - 22:00 | 금 | 10:00 - 22:00 | 토 | 12:00 - 21:00 | 일 | 12:00 - 21:00 | 월 | 10:00 - 22:00 | 화 | 10:00 - 22:00 | 수 | 10:00 - 22:00 | 접기,무선 인터넷|포장|배달|단체 이용 가능|예약|주차,,,,,,,,딸기 산도|명란마요 쌀 소금빵|테린느|치즈케이크|쑥크림라떼|바닐라크림라떼|피자 쌀 소금빵|감자사라다 쌀 소금빵,"바닐라파레트|카페,디저트|제주 제주시 진군길 56-2 1층바닐라파레트|제주 제주시 노형동 763-8|0507-1491-1149|월 10:00 - 22:00|딸기 산도|명란마요 쌀 소금빵|테린느|치즈케이크|쑥크림라떼|바닐라크림라떼|피자 쌀 소금빵|감자사라다 쌀 소금빵|명란마요 소금빵으로 입안 가득 행복|무선 인터넷|포장|배달|단체 이용 가능|주차","[""바닐라파레트"", ""카페,디저트"", ""제주 제주시 진군길 56-2 1층바닐라파레트"", ""제주 제주시 노형동 763-8"", ""0507-1491-1149"", ""월 10:00 - 22:00"", ""딸기 산도"", ""명란마요 쌀 소금빵"", ""테린느"", ""치즈케이크"", ""쑥크림라떼"", ""바닐라크림라떼"", ""피자 쌀 소금빵"", ""감자사라다 쌀 소금빵"", ""명란마요 소금빵으로 입안 가득 행복"", ""무선 인터넷"", ""포장"", ""배달"", ""단체 이용 가능"", ""주차""]","{""name"": [""바닐라파레트""], ""category"": [""카페,디저트""], ""address"": [""제주 제주시 진군길 56-2 1층바닐라파레트"", ""제주 제주시 노형동 763-8""], ""phone"": [""0507-1491-1149""], ""hours"": [""월 10:00 - 22:00""], ""menus"": [""딸기 산도"", ""명란마요 쌀 소금빵"", ""테린느"", ""치즈케이크"", ""쑥크림라떼"", ""바닐라크림라떼"", ""피자 쌀 소금빵"", ""감자사라다 쌀 소금빵""], ""slogan"": [""명란마요 소금빵으로 입안 가득 행복""], ""conveniences"": [""무선 인터넷"", ""포장"", ""배달"", ""단체 이용 가능"", ""주차""]}",빠레트 | 제주 빠레트 | 빠레트 쇼핑,,,,,
168,168,지하상가슈퍼,쇼핑,"12,13호",,33.5130037,126.524725,064-752-5005,,,,지하상가,success,4_coord_close_auto,좌표 17m ≤ 80m,17.0,naver_place,https://map.naver.com/p/entry/place/31269480,https://map.naver.com/p/entry/place/31269480,https://pcmap.place.naver.com/place/31269480/home,31269480,슈퍼마켓 제주중앙지하상가점,패션,,,제주 제주시 일도일동 중앙로 60 제주중앙지하상가 33,제주 제주시 일도일동 1425-3,,,,33.5130874,126.5245715,,,,{},정보 수정,,,,,,,,,,슈퍼마켓 제주중앙지하상가점|패션|제주 제주시 일도일동 중앙로 60 제주중앙지하상가 33|제주 제주시 일도일동 1425-3,"[""슈퍼마켓 제주중앙지하상가점"", ""패션"", ""제주 제주시 일도일동 중앙로 60 제주중앙지하상가 33"", ""제주 제주시 일도일동 1425-3""]","{""name"": [""슈퍼마켓 제주중앙지하상가점""], ""category"": [""패션""], ""address"": [""제주 제주시 일도일동 중앙로 60 제주중앙지하상가 33"", ""제주 제주시 일도일동 1425-3""]}",지하상가슈퍼 | 제주 지하상가슈퍼 | 지하상가슈퍼 쇼핑 | 제주 지하상가슈퍼 쇼핑,,,,,"[{""title"": ""결제수단"", ""body"": ""제로페이\n알고 계신 정보와 다른 정보가 있나요?\n사진으로 간단하게 제보해 주세요.\n정보 수정 제안하기\n이용약관고객센터리뷰운영정책신고센터\n네이버""}]"
169,169,애플2,쇼핑,14호,,33.5130327,126.524761,064-723-4726,,,,지하상가,fail,5_fail,매칭 실패,5052.1,naver_place,https://map.naver.com/p/entry/place/1308687290,https://map.naver.com/p/entry/place/1308687290,https://pcmap.place.naver.com/place/1308687290/home,1308687290,애플정신건강의학과의원,정신건강의학과,,,제주 제주시 연북로 38 연동타운 3층,제주 제주시 노형동 725-2,,0507-1399-9575,,33.4816236,126.4853928,월 09:00 - 19:00,진료 중,,"{""목"": {""open"": ""09:00 - 17:00""}, ""금"": {""open"": ""09:00 - 13:00""}, ""토"": {""open"": ""09:00 - 13:00""}, ""일"": {""open"": ""정기휴무 (매주 일요일)""}, ""월"": {""open"": ""09:00 - 19:00""}, ""화"": {""open"": ""09:00 - 19:00""}, ""수"": {""open"": ""09:00 - 13:00""}}",진료 중 | 17:00에 진료 종료 | 17시 0분에 진료 종료 | 목 | 09:00 - 17:00 | 금 | 09:00 - 13:00 | 토 | 09:00 - 13:00 | 일 | 정기휴무 (매주 일요일) | 월 | 09:00 - 19:00 | 화 | 09:00 - 19:00 | 수 | 09:00 - 13:00 | 09/24-09/26 추석 연휴 휴무 | 접기,예약|주차,,,,,,,,,애플정신건강의학과의원|정신건강의학과|제주 제주시 연북로 38 연동타운 3층|제주 제주시 노형동 725-2|0507-1399-9575|월 09:00 - 19:00|주차,"[""애플정신건강의학과의원"", ""정신건강의학과"", ""제주 제주시 연북로 38 연동타운 3층"", ""제주 제주시 노형동 725-2"", ""0507-1399-9575"", ""월 09:00 - 19:00"", ""주차""]","{""name"": [""애플정신건강의학과의원""], ""category"": [""정신건강의학과""], ""address"": [""제주 제주시 연북로 38 연동타운 3층"", ""제주 제주시 노형동 725-2""], ""phone"": [""0507-1399-9575""], ""hours"": [""월 09:00 - 19:00""], ""conveniences"": [""주차""]}",애플2 | 제주 애플2 | 애플2 쇼핑,,,,,
170,170,양키즈,쇼핑,15호,,33.5130305,126.524744,010-5627-1066,,,,지하상가,success,2_address_match,주소일치(exact_or_contains) query=양키즈,17.6,naver_place,https://map.naver.com/p/entry/place/1839621244,https://map.naver.com/p/entry/place/1839621244,https://pcmap.place.naver.com/place/1839621244/home,1839621244,양키즈,유아동복,,,제주 제주시 일도일동 중앙로 60 중앙지하상가 15호,제주 제주시 일도일동 1425-3,,,,33.5131588,126.524632,,,,{},정보 수정,,,,,,,,,,양키즈|유아동복|제주 제주시 일도일동 중앙로 60 중앙지하상가 15호|제주 제주시 일도일동 1425-3,"[""양키즈"", ""유아동복"", ""제주 제주시 일도일동 중앙로 60 중앙지하상가 15호"", ""제주 제주시 일도일동 1425-3""]","{""name"": [""양키즈""], ""category"": [""유아동복""], ""address"": [""제주 제주시 일도일동 중앙로 60 중앙지하상가 15호"", ""제주 제주시 일도일동 1425-3""]}",양키즈,,,,,"[{""title"": ""결제수단"", ""body"": ""제로페이\n알고 계신 정보와 다른 정보가 있나요?\n사진으로 간단하게 제보해 주세요.\n정보 수정 제안하기\n이용약관고객센터리뷰운영정책신고센터\n네이버""}]"
171,171,그레이,쇼핑,16호,,33.5130316,126.52472,010-4124-9598,,,,지하상가,success,2_address_match,주소일치(exact_or_contains) query=그레이 쇼핑,19.5,naver_place,https://map.naver.com/p/entry/place/1969388343,https://map.naver.com/p/entry/place/1969388343,https://pcmap.place.naver.com/place/1969388343/home,1969388343,그레이,패션,,,제주 제주시 일도일동 중앙로 60 16호,제주 제주시 일도일동 1425-3,,,,33.5131838,126.5246152,,,,{},정보 수정,,,,,,,,,,그레이|패션|제주 제주시 일도일동 중앙로 60 16호|제주 제주시 일도일동 1425-3,"[""그레이"", ""패션"", ""제주 제주시 일도일동 중앙로 60 16호"", ""제주 제주시 일도일동 1425-3""]","{""name"": [""그레이""], ""category"": [""패션""], ""address"": [""제주 제주시 일도일동 중앙로 60 16호"", ""제주 제주시 일도일동 1425-3""]}",그레이 | 제주 그레이 | 그레이 쇼핑,,,,,"[{""title"": ""결제수단"", ""body"": ""제로페이\n알고 계신 정보와 다른 정보가 있나요?\n사진으로 간단하게 제보해 주세요.\n정보 수정 제안하기\n이용약관고객센터리뷰운영정책신고센터\n네이버""}]"
172,172,페피트,쇼핑,17호,,33.5130327,126.524698,070-7794-5603,,,,지하상가,fail,5_fail,매칭 실패,331627.4,naver_place,https://map.naver.com/p/entry/place/1786398155,https://map.naver.com/p/entry/place/1786398155,https://pcmap.place.naver.com/place/1786398155/home,1786398155,페피트,카페,,깔끔한 공간에서 즐기는 여유로운 휴식,충남 공주시 웅진로 161 1층,충남 공주시 중동 141-2,,,,36.4547066,127.1243506,,,,{},,단체 이용 가능|포장|배달|무선 인터넷|주차,,,,,,,,리얼수박주스|쑥덕쑥덕|슈크럼블 라떼|흑임자 라떼|바질토마토에이드|얼그레이 바닐라 티 라떼|빠초쉐|빠카쉐|빠초라떼|빠카라떼|아메리카노|바닐라 라떼|아인슈페너|헤이즐넛초콜렛|시나몬캐럿|샤보이 티라미수|크로플|소금빵|블루베리 베이글|플레인 베이글|자몽에이드|오미자에이드|체리콕|체리에이드|유자크러쉬|플레인요거트 프라페|뽕따크러쉬|메롱크러쉬|아몬드바나나|망고주스|딸기주스|히비스커스|복숭아 아이스티|오미자차|얼그레이|캐모마일|페퍼민트|초코라떼|녹차라떼|돌체라떼,"페피트|카페|충남 공주시 웅진로 161 1층|충남 공주시 중동 141-2|리얼수박주스|쑥덕쑥덕|슈크럼블 라떼|흑임자 라떼|바질토마토에이드|얼그레이 바닐라 티 라떼|빠초쉐|빠카쉐|빠초라떼|빠카라떼|아메리카노|바닐라 라떼|아인슈페너|헤이즐넛초콜렛|시나몬캐럿|샤보이 티라미수|크로플|소금빵|블루베리 베이글|플레인 베이글|자몽에이드|오미자에이드|체리콕|체리에이드|유자크러쉬|플레인요거트 프라페|뽕따크러쉬|메롱크러쉬|아몬드바나나|망고주스|딸기주스|히비스커스|복숭아 아이스티|오미자차|얼그레이|캐모마일|페퍼민트|초코라떼|녹차라떼|돌체라떼|깔끔한 공간에서 즐기는 여유로운 휴식|단체 이용 가능|포장|배달|무선 인터넷|주차|안내|15회13명 참여|""커피가 맛있어요""|이 키워드를 선택한 인원|""음료가 맛있어요""|""디저트가 맛있어요""|""특별한 메뉴가 있어요""|""인테리어가 멋져요""|다음|딸기라떼2|라떼2|아메리카노2|커피2|쿠키1","[""페피트"", ""카페"", ""충남 공주시 웅진로 161 1층"", ""충남 공주시 중동 141-2"", ""리얼수박주스"", ""쑥덕쑥덕"", ""슈크럼블 라떼"", ""흑임자 라떼"", ""바질토마토에이드"", ""얼그레이 바닐라 티 라떼"", ""빠초쉐"", ""빠카쉐"", ""빠초라떼"", ""빠카라떼"", ""아메리카노"", ""바닐라 라떼"", ""아인슈페너"", ""헤이즐넛초콜렛"", ""시나몬캐럿"", ""샤보이 티라미수"", ""크로플"", ""소금빵"", ""블루베리 베이글"", ""플레인 베이글"", ""자몽에이드"", ""오미자에이드"", ""체리콕"", ""체리에이드"", ""유자크러쉬"", ""플레인요거트 프라페"", ""뽕따크러쉬"", ""메롱크러쉬"", ""아몬드바나나"", ""망고주스"", ""딸기주스"", ""히비스커스"", ""복숭아 아이스티"", ""오미자차"", ""얼그레이"", ""캐모마일"", ""페퍼민트"", ""초코라떼"", ""녹차라떼"", ""돌체라떼"", ""깔끔한 공간에서 즐기는 여유로운 휴식"", ""단체 이용 가능"", ""포장"", ""배달"", ""무선 인터넷"", ""주차"", ""안내"", ""15회13명 참여"", ""\""커피가 맛있어요\"""", ""이 키워드를 선택한 인원"", ""\""음료가 맛있어요\"""", ""\""디저트가 맛있어요\"""", ""\""특별한 메뉴가 있어요\"""", ""\""인테리어가 멋져요\"""", ""다음"", ""딸기라떼2"", ""라떼2"", ""아메리카노2"", ""커피2"", ""쿠키1""]","{""name"": [""페피트""], ""category"": [""카페""], ""address"": [""충남 공주시 웅진로 161 1층"", ""충남 공주시 중동 141-2""], ""menus"": [""리얼수박주스"", ""쑥덕쑥덕"", ""슈크럼블 라떼"", ""흑임자 라떼"", ""바질토마토에이드"", ""얼그레이 바닐라 티 라떼"", ""빠초쉐"", ""빠카쉐"", ""빠초라떼"", ""빠카라떼"", ""아메리카노"", ""바닐라 라떼"", ""아인슈페너"", ""헤이즐넛초콜렛"", ""시나몬캐럿"", ""샤보이 티라미수"", ""크로플"", ""소금빵"", ""블루베리 베이글"", ""플레인 베이글"", ""자몽에이드"", ""오미자에이드"", ""체리콕"", ""체리에이드"", ""유자크러쉬"", ""플레인요거트 프라페"", ""뽕따크러쉬"", ""메롱크러쉬"", ""아몬드바나나"", ""망고주스"", ""딸기주스"", ""히비스커스"", ""복숭아 아이스티"", ""오미자차"", ""얼그레이"", ""캐모마일"", ""페퍼민트"", ""초코라떼"", ""녹차라떼"", ""돌체라떼""], ""slogan"": [""깔끔한 공간에서 즐기는 여유로운 휴식""], ""conveniences"": [""단체 이용 가능"", ""포장"", ""배달"", ""무선 인터넷"", ""주차""], ""visitor_keywords"": [""안내"", ""15회13명 참여"", ""\""커피가 맛있어요\"""", ""이 키워드를 선택한 인원"", ""\""음료가 맛있어요\"""", ""\""디저트가 맛있어요\"""", ""\""특별한 메뉴가 있어요\"""", ""\""인테리어가 멋져요\"""", ""다음"", ""딸기라떼2"", ""라떼2"", ""아메리카노2"", ""커피2"", ""쿠키1""]}",페피트 | 제주 페피트 | 페피트 쇼핑 | 제주 페피트 쇼핑,,,,"[""안내"", ""15회13명 참여"", ""\""커피가 맛있어요\"""", ""이 키워드를 선택한 인원"", ""\""음료가 맛있어요\"""", ""\""디저트가 맛있어요\"""", ""\""특별한 메뉴가 있어요\"""", ""\""인테리어가 멋져요\"""", ""다음"", ""메뉴"", ""딸기라떼2"", ""라떼2"", ""아메리카노2"", ""커피2"", ""쿠키1""]",
173,173,제인,쇼핑,18호,,33.513035,126.524673,070-2696-4120,,,,지하상가,success,4_coord_close_auto,좌표 0m ≤ 80m,0.1,naver_place,https://map.naver.com/p/entry/place/31269435,https://map.naver.com/p/entry/place/31269435,https://pcmap.place.naver.com/place/31269435/home,31269435,제인 제주중앙지하상가점,패션,,,제주 제주시 일도일동 중앙로 60 제주중앙지하상가 18,제주 제주시 일도일동 1425-3,,064-702-4120,,33.5130341,126.5246735,,,,{},,,"안내
사진/영상 리뷰만
최신순
리뷰 제공 기준
리뷰 클렌징 시스템 작동중입니다
Mimi7820
리뷰 445사진 122
팔로우
양도 많아 사장님이 메뉴 조정해 주셔서 너무 좋았어요.
남기지 않고 잘 먹고 왔어요.
성게 비빔밥이 특히 맛있어요.
품질이 좋아요
가성비가 좋아요
친절해요
분위기가 편안해요
스타일 추천을 잘해줘요
반응 남기기
방문일
23.8.5.토
2023년 8월 5일 토요일
1번째 방문
인증 수단
영수증",,,,,,,,제인 제주중앙지하상가점|패션|제주 제주시 일도일동 중앙로 60 제주중앙지하상가 18|제주 제주시 일도일동 1425-3|064-702-4120|안내|방문 키워드 통계 그래프 예시입니다.|현재 2명 참여|10명 이상 참여하면|방문 키워드 통계가 공개됩니다!|최신순|Mimi7820|팔로우|남기지 않고 잘 먹고 왔어요.|성게 비빔밥이 특히 맛있어요.|품질이 좋아요|가성비가 좋아요|친절해요|분위기가 편안해요|스타일 추천을 잘해줘요|반응 남기기|방문일|23.8.5.토|2023년 8월 5일 토요일,"[""제인 제주중앙지하상가점"", ""패션"", ""제주 제주시 일도일동 중앙로 60 제주중앙지하상가 18"", ""제주 제주시 일도일동 1425-3"", ""064-702-4120"", ""안내"", ""방문 키워드 통계 그래프 예시입니다."", ""현재 2명 참여"", ""10명 이상 참여하면"", ""방문 키워드 통계가 공개됩니다!"", ""최신순"", ""Mimi7820"", ""팔로우"", ""남기지 않고 잘 먹고 왔어요."", ""성게 비빔밥이 특히 맛있어요."", ""품질이 좋아요"", ""가성비가 좋아요"", ""친절해요"", ""분위기가 편안해요"", ""스타일 추천을 잘해줘요"", ""반응 남기기"", ""방문일"", ""23.8.5.토"", ""2023년 8월 5일 토요일""]","{""name"": [""제인 제주중앙지하상가점""], ""category"": [""패션""], ""address"": [""제주 제주시 일도일동 중앙로 60 제주중앙지하상가 18"", ""제주 제주시 일도일동 1425-3""], ""phone"": [""064-702-4120""], ""visitor_keywords"": [""안내"", ""방문 키워드 통계 그래프 예시입니다."", ""현재 2명 참여"", ""10명 이상 참여하면"", ""방문 키워드 통계가 공개됩니다!"", ""최신순"", ""Mimi7820"", ""팔로우"", ""남기지 않고 잘 먹고 왔어요."", ""성게 비빔밥이 특히 맛있어요."", ""품질이 좋아요"", ""가성비가 좋아요"", ""친절해요"", ""분위기가 편안해요"", ""스타일 추천을 잘해줘요"", ""반응 남기기"", ""방문일"", ""23.8.5.토"", ""2023년 8월 5일 토요일""]}",제인 | 제주 제인 | 제인 쇼핑,,,,"[""안내"", ""방문 키워드 통계 그래프 예시입니다."", ""현재 2명 참여"", ""10명 이상 참여하면"", ""방문 키워드 통계가 공개됩니다!"", ""최신순"", ""Mimi7820"", ""팔로우"", ""남기지 않고 잘 먹고 왔어요."", ""성게 비빔밥이 특히 맛있어요."", ""품질이 좋아요"", ""가성비가 좋아요"", ""친절해요"", ""분위기가 편안해요"", ""스타일 추천을 잘해줘요"", ""반응 남기기"", ""방문일"", ""23.8.5.토"", ""2023년 8월 5일 토요일""]","[{""title"": ""이런 점이 좋았어요"", ""body"": ""안내\n방문 키워드 통계 그래프 예시입니다.\n현재 2명 참여\n10명 이상 참여하면\n방문 키워드 통계가 공개됩니다!""}, {""title"": ""사진·영상 리뷰"", ""body"": """"}, {""title"": ""리뷰1"", ""body"": ""안내\n사진/영상 리뷰만\n최신순\n리뷰 제공 기준\n리뷰 클렌징 시스템 작동중입니다\nMimi7820\n리뷰 445사진 122\n팔로우\n양도 많아 사장님이 메뉴 조정해 주셔서 너무 좋았어요.\n남기지 않고 잘 먹고 왔어요.\n성게 비빔밥이 특히 맛있어요.\n품질이 좋아요\n가성비가 좋아요\n친절해요\n분위기가 편안해요\n스타일 추천을 잘해줘요\n반응 남기기\n방문일\n23.8.5.토\n2023년 8월 5일 토요일\n1번째 방문\n인증 수단\n영수증""}, {""title"": ""키워드·별점 리뷰1"", ""body"": ""dhf****\n리뷰 747\n팔로우\n친절해요\n반응 남기기\n방문일\n24.1.9.화\n2024년 1월 9일 화요일\n1번째 방문\n인증 수단\n영수증\n이용약관고객센터리뷰운영정책신고센터\n네이버""}]"
174,174,핑크,쇼핑,19호,,33.513035,126.52465,010-5434-1952,,,,지하상가,success,2_address_match,주소일치(exact_or_contains) query=핑크 쇼핑,16.9,naver_place,https://map.naver.com/p/entry/place/1614367352,https://map.naver.com/p/entry/place/1614367352,https://pcmap.place.naver.com/place/1614367352/home,1614367352,핑크,패션,,,제주 제주시 일도일동 중앙로 60 중앙지하상가 19호,제주 제주시 일도일동 1425-3,,,,33.5131838,126.5246152,,,,{},,,,,,,,,,,핑크|패션|제주 제주시 일도일동 중앙로 60 중앙지하상가 19호|제주 제주시 일도일동 1425-3|친절해요|주차하기 편해요|독특한 디자인이 많아요|가성비가 좋아요|품질이 좋아요|스타일 추천을 잘해줘요|종류가 다양해요|분위기가 편안해요,"[""핑크"", ""패션"", ""제주 제주시 일도일동 중앙로 60 중앙지하상가 19호"", ""제주 제주시 일도일동 1425-3"", ""친절해요"", ""주차하기 편해요"", ""독특한 디자인이 많아요"", ""가성비가 좋아요"", ""품질이 좋아요"", ""스타일 추천을 잘해줘요"", ""종류가 다양해요"", ""분위기가 편안해요""]","{""name"": [""핑크""], ""category"": [""패션""], ""address"": [""제주 제주시 일도일동 중앙로 60 중앙지하상가 19호"", ""제주 제주시 일도일동 1425-3""], ""visitor_keywords"": [""친절해요"", ""주차하기 편해요"", ""독특한 디자인이 많아요"", ""가성비가 좋아요"", ""품질이 좋아요"", ""스타일 추천을 잘해줘요"", ""종류가 다양해요"", ""분위기가 편안해요""]}",핑크 | 제주 핑크 | 핑크 쇼핑,,,,"[{""keyword"": ""친절해요"", ""count"": ""4""}, {""keyword"": ""주차하기 편해요"", ""count"": ""4""}, {""keyword"": ""독특한 디자인이 많아요"", ""count"": ""3""}, {""keyword"": ""가성비가 좋아요"", ""count"": ""2""}, {""keyword"": ""품질이 좋아요"", ""count"": ""2""}, {""keyword"": ""스타일 추천을 잘해줘요"", ""count"": ""2""}, {""keyword"": ""종류가 다양해요"", ""count"": ""2""}, {""keyword"": ""분위기가 편안해요"", ""count"": ""1""}]","[{""title"": ""결제수단"", ""body"": ""제로페이\n알고 계신 정보와 다른 정보가 있나요?\n사진으로 간단하게 제보해 주세요.\n정보 수정 제안하기\n이용약관고객센터리뷰운영정책신고센터\n네이버""}]"
175,175,데이지,쇼핑,20호,,33.5130394,126.524591,010-8662-6905,,,,지하상가,fail,5_fail,매칭 실패,1416.9,naver_place,https://map.naver.com/p/entry/place/1364240256,https://map.naver.com/p/entry/place/1364240256,https://pcmap.place.naver.com/place/1364240256/home,1364240256,아스타호텔 데이지 레스토랑,양식,,,제주 제주시 서사로 129,제주 제주시 삼도1동 535-10,,064-710-1135,,33.5008273,126.5202292,06:30 - 22:00,영업 중,21:30에 라스트오더 | 21시 30분에 라스트오더 | 21:30 라스트오더,"{""매일"": {""open"": ""06:30 - 22:00""}}",영업 중 | 21:30에 라스트오더 | 21시 30분에 라스트오더 | 매일 | 06:30 - 22:00 | 21:30 라스트오더 | 접기,,,,,,,,,,아스타호텔 데이지 레스토랑|양식|제주 제주시 서사로 129|제주 제주시 삼도1동 535-10|064-710-1135|06:30 - 22:00,"[""아스타호텔 데이지 레스토랑"", ""양식"", ""제주 제주시 서사로 129"", ""제주 제주시 삼도1동 535-10"", ""064-710-1135"", ""06:30 - 22:00""]","{""name"": [""아스타호텔 데이지 레스토랑""], ""category"": [""양식""], ""address"": [""제주 제주시 서사로 129"", ""제주 제주시 삼도1동 535-10""], ""phone"": [""064-710-1135""], ""hours"": [""06:30 - 22:00""]}",데이지 | 제주 데이지,,,,,
176,176,미,쇼핑,21호,,33.5130406,126.524568,010-5322-3702,,,,지하상가,fail,5_fail,매칭 실패,311.8,naver_place,https://map.naver.com/p/entry/place/2053642222,https://map.naver.com/p/entry/place/2053642222,https://pcmap.place.naver.com/place/2053642222/home,2053642222,렌즈미 제주점,콘택트렌즈전문,,,제주 제주시 관덕로11길 29 렌즈미 제주점,제주 제주시 일도1동 1275-3,,,https://www.lens-me.com/shop/index.php,33.5157409,126.5254755,월 11:00 - 21:00,오늘 휴무,,"{""목"": {""open"": ""휴무""}, ""금"": {""open"": ""11:00 - 21:00""}, ""토"": {""open"": ""11:00 - 21:00""}, ""일"": {""open"": ""11:00 - 21:00""}, ""월"": {""open"": ""11:00 - 21:00""}, ""화"": {""open"": ""11:00 - 21:00""}, ""수"": {""open"": ""11:00 - 21:00""}}",오늘 휴무 | 09/10 휴무 | 09/10 휴무 | 목(9/10) | 휴무 | 금 | 11:00 - 21:00 | 토 | 11:00 - 21:00 | 일 | 11:00 - 21:00 | 월 | 11:00 - 21:00 | 화 | 11:00 - 21:00 | 수 | 11:00 - 21:00 | 접기,,,,,,,,,한달용(1Month / 2P) 1+1|원데이 (1DAY / 10P)|원데이 (1DAY / 10P) 1+1|원데이 (1DAY / 30P)|원데이 (1DAY / 30P) 1+1|난시 한달용(1Month/2P)1+1|코스튬용 칼라 렌즈(매장문의)|클렌미 드롭(습윤제) 30ml,렌즈미 제주점|콘택트렌즈전문|제주 제주시 관덕로11길 29 렌즈미 제주점|제주 제주시 일도1동 1275-3|월 11:00 - 21:00|한달용(1Month / 2P) 1+1|원데이 (1DAY / 10P)|원데이 (1DAY / 10P) 1+1|원데이 (1DAY / 30P)|원데이 (1DAY / 30P) 1+1|난시 한달용(1Month/2P)1+1|코스튬용 칼라 렌즈(매장문의)|클렌미 드롭(습윤제) 30ml|렌즈미|렌즈미제주점|제주렌즈|제주컬러렌즈|제주렌즈샵|제주쇼핑|제주여행|제주핫플|제주여행코스|제주가볼만한곳,"[""렌즈미 제주점"", ""콘택트렌즈전문"", ""제주 제주시 관덕로11길 29 렌즈미 제주점"", ""제주 제주시 일도1동 1275-3"", ""월 11:00 - 21:00"", ""한달용(1Month / 2P) 1+1"", ""원데이 (1DAY / 10P)"", ""원데이 (1DAY / 10P) 1+1"", ""원데이 (1DAY / 30P)"", ""원데이 (1DAY / 30P) 1+1"", ""난시 한달용(1Month/2P)1+1"", ""코스튬용 칼라 렌즈(매장문의)"", ""클렌미 드롭(습윤제) 30ml"", ""렌즈미"", ""렌즈미제주점"", ""제주렌즈"", ""제주컬러렌즈"", ""제주렌즈샵"", ""제주쇼핑"", ""제주여행"", ""제주핫플"", ""제주여행코스"", ""제주가볼만한곳""]","{""name"": [""렌즈미 제주점""], ""category"": [""콘택트렌즈전문""], ""address"": [""제주 제주시 관덕로11길 29 렌즈미 제주점"", ""제주 제주시 일도1동 1275-3""], ""hours"": [""월 11:00 - 21:00""], ""menus"": [""한달용(1Month / 2P) 1+1"", ""원데이 (1DAY / 10P)"", ""원데이 (1DAY / 10P) 1+1"", ""원데이 (1DAY / 30P)"", ""원데이 (1DAY / 30P) 1+1"", ""난시 한달용(1Month/2P)1+1"", ""코스튬용 칼라 렌즈(매장문의)"", ""클렌미 드롭(습윤제) 30ml""], ""hashtags"": [""렌즈미"", ""렌즈미제주점"", ""제주렌즈"", ""제주컬러렌즈"", ""제주렌즈샵"", ""제주쇼핑"", ""제주여행"", ""제주핫플"", ""제주여행코스"", ""제주가볼만한곳""], ""body_hashtags"": [""렌즈미"", ""렌즈미제주점"", ""제주렌즈"", ""제주컬러렌즈"", ""제주렌즈샵"", ""제주쇼핑"", ""제주여행"", ""제주핫플"", ""제주여행코스"", ""제주가볼만한곳""]}",미 | 제주 미 | 미 쇼핑 | 제주 미 쇼핑,,,,,
177,177,마인,쇼핑,22호,,33.5130394,126.524545,010-8520-3310,,,,지하상가,fail,5_fail,매칭 실패,5155.7,naver_place,https://map.naver.com/p/entry/place/1670275304,https://map.naver.com/p/entry/place/1670275304,https://pcmap.place.naver.com/place/1670275304/home,1670275304,브로마인,"미용문신,반영구화장",,,제주 제주시 인다13길 52 1층,제주 제주시 아라일동 6158-3,"샵 주변 공영주차장 있고요, 건물 바로 앞 주차공간 이용가능합니다.",0507-1395-0253,,33.472328,126.5511531,월 11:00 - 20:00,영업 중,,"{""목"": {""open"": ""11:00 - 20:00""}, ""금"": {""open"": ""11:00 - 20:00""}, ""토"": {""open"": ""11:00 - 20:00""}, ""일"": {""open"": ""11:00 - 20:00""}, ""월"": {""open"": ""11:00 - 20:00""}, ""화"": {""open"": ""11:00 - 20:00""}, ""수"": {""open"": ""11:00 - 20:00""}}",영업 중 | 20:00에 영업 종료 | 20시 0분에 영업 종료 | 목 | 11:00 - 20:00 | 금 | 11:00 - 20:00 | 토 | 11:00 - 20:00 | 일 | 11:00 - 20:00 | 월 | 11:00 - 20:00 | 화 | 11:00 - 20:00 | 수 | 11:00 - 20:00 | 접기,예약|대기공간|간편결제|주차,,,,,,,,인생역점 복점|수분촉촉 속눈썹펌|눈썹정리 브로우리프트펌,"브로마인|미용문신,반영구화장|제주 제주시 인다13길 52 1층|제주 제주시 아라일동 6158-3|0507-1395-0253|월 11:00 - 20:00|인생역점 복점|수분촉촉 속눈썹펌|눈썹정리 브로우리프트펌|대기공간|간편결제|주차","[""브로마인"", ""미용문신,반영구화장"", ""제주 제주시 인다13길 52 1층"", ""제주 제주시 아라일동 6158-3"", ""0507-1395-0253"", ""월 11:00 - 20:00"", ""인생역점 복점"", ""수분촉촉 속눈썹펌"", ""눈썹정리 브로우리프트펌"", ""대기공간"", ""간편결제"", ""주차""]","{""name"": [""브로마인""], ""category"": [""미용문신,반영구화장""], ""address"": [""제주 제주시 인다13길 52 1층"", ""제주 제주시 아라일동 6158-3""], ""phone"": [""0507-1395-0253""], ""hours"": [""월 11:00 - 20:00""], ""menus"": [""인생역점 복점"", ""수분촉촉 속눈썹펌"", ""눈썹정리 브로우리프트펌""], ""conveniences"": [""대기공간"", ""간편결제"", ""주차""]}",마인 | 제주 마인,,,,,
178,178,린다,쇼핑,23호,,33.5130417,126.524521,064-752-2582,,,,지하상가,success,4_coord_close_auto,좌표 0m ≤ 80m,0.0,naver_place,https://map.naver.com/p/entry/place/12022063,https://map.naver.com/p/entry/place/12022063,https://pcmap.place.naver.com/place/12022063/home,12022063,린다 제주중앙지하상가점,의류제작,,,,제주 제주시 일도1동 1425-3,,,,33.5130414,126.5245209,,,,{},정보 수정,,"ch****
22.6.151번째 방문영수증
좋아요
로딩중
알고 계신 정보와 다른 정보가 있나요?
사진으로 간단하게 제보해 주세요.
정보 수정 제안하기
이용약관고객센터리뷰운영정책신고센터
네이버",,,,,,,,린다 제주중앙지하상가점|의류제작|제주 제주시 일도1동 1425-3,"[""린다 제주중앙지하상가점"", ""의류제작"", ""제주 제주시 일도1동 1425-3""]","{""name"": [""린다 제주중앙지하상가점""], ""category"": [""의류제작""], ""address"": [""제주 제주시 일도1동 1425-3""]}",린다 | 제주 린다,,,,,"[{""title"": ""방문자 리뷰3"", ""body"": ""ch****\n22.6.151번째 방문영수증\n좋아요\n로딩중\n알고 계신 정보와 다른 정보가 있나요?\n사진으로 간단하게 제보해 주세요.\n정보 수정 제안하기\n이용약관고객센터리뷰운영정책신고센터\n네이버""}]"
179,179,수,쇼핑,24호,,33.5130372,126.524497,010-8664-2348,,,,지하상가,fail,5_fail,매칭 실패,1964.3,naver_place,https://map.naver.com/p/entry/place/32305117,https://map.naver.com/p/entry/place/32305117,https://pcmap.place.naver.com/place/32305117/home,32305117,덱스터 제주점,"블라인드,버티컬",,,제주 제주시 용해로 77 1층,제주 제주시 용담2동 881-32,"제주특별자치도 용해로77.1층. |  | 문의전화 064-799,4240.010-3439-4243 |  | 주차는 건물 옆.우측 주차장 주차하시면 됩니다",0507-1325-4240,,33.5103907,126.5035484,09:00 - 20:00,영업 중,방문 하시기전 확인 전화 부탁드립니다,"{""매일"": {""open"": ""09:00 - 20:00""}}",영업 중 | 20:00에 영업 종료 | 20시 0분에 영업 종료 | 매일 | 09:00 - 20:00 | - 방문 하시기전 확인 전화 부탁드립니다 | 접기,방문접수/출장|예약|무선 인터넷|배달|단체 이용 가능|간편결제|주차|발렛파킹,,,,,,,,콤비블라인드|암막블라인드|트리플쉐이드|알미늄블라인드|허니콤블라인드|우드블라인드|유니글라이드,"덱스터 제주점|블라인드,버티컬|제주 제주시 용해로 77 1층|제주 제주시 용담2동 881-32|0507-1325-4240|09:00 - 20:00|콤비블라인드|암막블라인드|트리플쉐이드|알미늄블라인드|허니콤블라인드|우드블라인드|유니글라이드|방문접수/출장|무선 인터넷|배달|단체 이용 가능|간편결제|주차|발렛파킹","[""덱스터 제주점"", ""블라인드,버티컬"", ""제주 제주시 용해로 77 1층"", ""제주 제주시 용담2동 881-32"", ""0507-1325-4240"", ""09:00 - 20:00"", ""콤비블라인드"", ""암막블라인드"", ""트리플쉐이드"", ""알미늄블라인드"", ""허니콤블라인드"", ""우드블라인드"", ""유니글라이드"", ""방문접수/출장"", ""무선 인터넷"", ""배달"", ""단체 이용 가능"", ""간편결제"", ""주차"", ""발렛파킹""]","{""name"": [""덱스터 제주점""], ""category"": [""블라인드,버티컬""], ""address"": [""제주 제주시 용해로 77 1층"", ""제주 제주시 용담2동 881-32""], ""phone"": [""0507-1325-4240""], ""hours"": [""09:00 - 20:00""], ""menus"": [""콤비블라인드"", ""암막블라인드"", ""트리플쉐이드"", ""알미늄블라인드"", ""허니콤블라인드"", ""우드블라인드"", ""유니글라이드""], ""conveniences"": [""방문접수/출장"", ""무선 인터넷"", ""배달"", ""단체 이용 가능"", ""간편결제"", ""주차"", ""발렛파킹""]}",수 | 제주 수 | 수 쇼핑,,,,,
180,180,산도롱앤드또똣,음식점,25호,,33.5130529,126.524474,010-3699-6119,,,,지하상가,fail,5_fail,매칭 실패,,,,,,,,,,,,,,,,,,,,,{},,,,,,,,,,,,[],{},산도롱앤드또똣 | 제주 산도롱앤드또똣 | 산도롱앤드또똣 음식점 | 제주 산도롱앤드또똣 음식점,,,,,
181,181,인스타일,쇼핑,"26,27호",,33.5131021,126.524421,010-9470-1565,,,,지하상가,success,4_coord_close_auto,좌표 3m ≤ 80m,3.4,naver_place,https://map.naver.com/p/entry/place/35841975,https://map.naver.com/p/entry/place/35841975,https://pcmap.place.naver.com/place/35841975/home,35841975,인스타일 제주중앙지하상가점,패션,,,제주 제주시 일도일동 중앙로 60 제주중앙지하상가 59,제주 제주시 일도일동 1425-3,,064-758-1988,,33.5131315,126.5244107,,,,{},정보 수정,,,,,,,,,,인스타일 제주중앙지하상가점|패션|제주 제주시 일도일동 중앙로 60 제주중앙지하상가 59|제주 제주시 일도일동 1425-3|064-758-1988,"[""인스타일 제주중앙지하상가점"", ""패션"", ""제주 제주시 일도일동 중앙로 60 제주중앙지하상가 59"", ""제주 제주시 일도일동 1425-3"", ""064-758-1988""]","{""name"": [""인스타일 제주중앙지하상가점""], ""category"": [""패션""], ""address"": [""제주 제주시 일도일동 중앙로 60 제주중앙지하상가 59"", ""제주 제주시 일도일동 1425-3""], ""phone"": [""064-758-1988""]}",인스타일 | 제주 인스타일 | 인스타일 쇼핑 | 제주 인스타일 쇼핑,,,,,"[{""title"": ""결제수단"", ""body"": ""제로페이\n알고 계신 정보와 다른 정보가 있나요?\n사진으로 간단하게 제보해 주세요.\n정보 수정 제안하기\n이용약관고객센터리뷰운영정책신고센터\n네이버""}]"
182,182,코봉고키즈,쇼핑,28호,,33.5131009,126.524456,064-757-8588,,,,지하상가,fail,5_fail,매칭 실패,,,,,,,,,,,,,,,,,,,,,{},,,,,,,,,,,,[],{},코봉고키즈 | 제주 코봉고키즈 | 코봉고키즈 쇼핑 | 제주 코봉고키즈 쇼핑,,,,,
183,183,뿌뽕,쇼핑,32호,,33.5130976,126.524549,010-5833-2486,,,,지하상가,success,2_address_match,주소일치(exact_or_contains) query=뿌뽕,10.3,naver_place,https://map.naver.com/p/entry/place/1788118500,https://map.naver.com/p/entry/place/1788118500,https://pcmap.place.naver.com/place/1788118500/home,1788118500,뿌뽕,여성의류,,,제주 제주시 일도일동 중앙로 60 32호,제주 제주시 일도일동 1425-3,,,,33.5131588,126.524632,,,,{},,,,,,,,,,,뿌뽕|여성의류|제주 제주시 일도일동 중앙로 60 32호|제주 제주시 일도일동 1425-3|안내|방문 키워드 통계 그래프 예시입니다.|현재 1명 참여|10명 이상 참여하면|방문 키워드 통계가 공개됩니다!|최신순|땡시리|팔로우|ㅈㅇ|품질이 좋아요|가성비가 좋아요|반응 남기기|방문일|24.2.2.금|2024년 2월 2일 금요일|1번째 방문|인증 수단|영수증,"[""뿌뽕"", ""여성의류"", ""제주 제주시 일도일동 중앙로 60 32호"", ""제주 제주시 일도일동 1425-3"", ""안내"", ""방문 키워드 통계 그래프 예시입니다."", ""현재 1명 참여"", ""10명 이상 참여하면"", ""방문 키워드 통계가 공개됩니다!"", ""최신순"", ""땡시리"", ""팔로우"", ""ㅈㅇ"", ""품질이 좋아요"", ""가성비가 좋아요"", ""반응 남기기"", ""방문일"", ""24.2.2.금"", ""2024년 2월 2일 금요일"", ""1번째 방문"", ""인증 수단"", ""영수증""]","{""name"": [""뿌뽕""], ""category"": [""여성의류""], ""address"": [""제주 제주시 일도일동 중앙로 60 32호"", ""제주 제주시 일도일동 1425-3""], ""visitor_keywords"": [""안내"", ""방문 키워드 통계 그래프 예시입니다."", ""현재 1명 참여"", ""10명 이상 참여하면"", ""방문 키워드 통계가 공개됩니다!"", ""최신순"", ""땡시리"", ""팔로우"", ""ㅈㅇ"", ""품질이 좋아요"", ""가성비가 좋아요"", ""반응 남기기"", ""방문일"", ""24.2.2.금"", ""2024년 2월 2일 금요일"", ""1번째 방문"", ""인증 수단"", ""영수증""]}",뿌뽕,,,,"[""안내"", ""방문 키워드 통계 그래프 예시입니다."", ""현재 1명 참여"", ""10명 이상 참여하면"", ""방문 키워드 통계가 공개됩니다!"", ""최신순"", ""땡시리"", ""팔로우"", ""ㅈㅇ"", ""품질이 좋아요"", ""가성비가 좋아요"", ""반응 남기기"", ""방문일"", ""24.2.2.금"", ""2024년 2월 2일 금요일"", ""1번째 방문"", ""인증 수단"", ""영수증"", ""네이버""]","[{""title"": ""결제수단"", ""body"": ""제로페이\n알고 계신 정보와 다른 정보가 있나요?\n사진으로 간단하게 제보해 주세요.\n정보 수정 제안하기\n이용약관고객센터리뷰운영정책신고센터\n네이버""}]"
184,184,뽐뽐,쇼핑,34호,,33.5130953,126.524598,010-4226-8583,,,,지하상가,fail,5_fail,매칭 실패,13290.4,naver_place,https://map.naver.com/p/entry/place/1292775098,https://map.naver.com/p/entry/place/1292775098,https://pcmap.place.naver.com/place/1292775098/home,1292775098,선물가게바나나 제주 기념품샵 함덕점,"판촉,기념품",,,제주 제주시 조천읍 신북로 491-9 3층,제주 제주시 조천읍 함덕리 1020-2,,,,33.5437983,126.6631673,영업 중,영업 중,,{},영업 중,무선 인터넷|포장|남/녀 화장실 구분|주차,,,,,,,,동백물티슈|제주 지비츠|실내용 디퓨저,"선물가게바나나 제주 기념품샵 함덕점|판촉,기념품|제주 제주시 조천읍 신북로 491-9 3층|제주 제주시 조천읍 함덕리 1020-2|영업 중|동백물티슈|제주 지비츠|실내용 디퓨저|무선 인터넷|포장|남/녀 화장실 구분|주차|안내|828회2|774명 참여|""종류가 다양해요""|이 키워드를 선택한 인원|""친절해요""|""가성비가 좋아요""|""주차하기 편해요""|""뷰가 좋아요""|동영상|다음|최신순","[""선물가게바나나 제주 기념품샵 함덕점"", ""판촉,기념품"", ""제주 제주시 조천읍 신북로 491-9 3층"", ""제주 제주시 조천읍 함덕리 1020-2"", ""영업 중"", ""동백물티슈"", ""제주 지비츠"", ""실내용 디퓨저"", ""무선 인터넷"", ""포장"", ""남/녀 화장실 구분"", ""주차"", ""안내"", ""828회2"", ""774명 참여"", ""\""종류가 다양해요\"""", ""이 키워드를 선택한 인원"", ""\""친절해요\"""", ""\""가성비가 좋아요\"""", ""\""주차하기 편해요\"""", ""\""뷰가 좋아요\"""", ""동영상"", ""다음"", ""최신순""]","{""name"": [""선물가게바나나 제주 기념품샵 함덕점""], ""category"": [""판촉,기념품""], ""address"": [""제주 제주시 조천읍 신북로 491-9 3층"", ""제주 제주시 조천읍 함덕리 1020-2""], ""hours"": [""영업 중""], ""menus"": [""동백물티슈"", ""제주 지비츠"", ""실내용 디퓨저""], ""conveniences"": [""무선 인터넷"", ""포장"", ""남/녀 화장실 구분"", ""주차""], ""visitor_keywords"": [""안내"", ""828회2"", ""774명 참여"", ""\""종류가 다양해요\"""", ""이 키워드를 선택한 인원"", ""\""친절해요\"""", ""\""가성비가 좋아요\"""", ""\""주차하기 편해요\"""", ""\""뷰가 좋아요\"""", ""동영상"", ""다음"", ""최신순""]}",뽐뽐 | 제주 뽐뽐 | 뽐뽐 쇼핑 | 제주 뽐뽐 쇼핑,,,,"[""안내"", ""2,828회2,774명 참여"", ""\""종류가 다양해요\"""", ""이 키워드를 선택한 인원"", ""\""친절해요\"""", ""\""가성비가 좋아요\"""", ""\""주차하기 편해요\"""", ""\""뷰가 좋아요\"""", ""동영상"", ""다음"", ""최신순""]",
185,185,미선이네,쇼핑,"35,36호",,33.5130931,126.524646,064-752-8304,,,,지하상가,success,4_coord_close_auto,좌표 0m ≤ 80m,0.1,naver_place,https://map.naver.com/p/entry/place/31269464,https://map.naver.com/p/entry/place/31269464,https://pcmap.place.naver.com/place/31269464/home,31269464,미선이네 제주중앙지하상가점,패션,,,제주 제주시 일도일동 중앙로 60 제주중앙지하상가 35,제주 제주시 일도일동 1425-3,,064-752-8304,,33.5130932,126.5246469,,,,{},,,,,,,,,,,미선이네 제주중앙지하상가점|패션|제주 제주시 일도일동 중앙로 60 제주중앙지하상가 35|제주 제주시 일도일동 1425-3|064-752-8304|친절해요|가성비가 좋아요|품질이 좋아요|스타일 추천을 잘해줘요|종류가 다양해요,"[""미선이네 제주중앙지하상가점"", ""패션"", ""제주 제주시 일도일동 중앙로 60 제주중앙지하상가 35"", ""제주 제주시 일도일동 1425-3"", ""064-752-8304"", ""친절해요"", ""가성비가 좋아요"", ""품질이 좋아요"", ""스타일 추천을 잘해줘요"", ""종류가 다양해요""]","{""name"": [""미선이네 제주중앙지하상가점""], ""category"": [""패션""], ""address"": [""제주 제주시 일도일동 중앙로 60 제주중앙지하상가 35"", ""제주 제주시 일도일동 1425-3""], ""phone"": [""064-752-8304""], ""visitor_keywords"": [""친절해요"", ""가성비가 좋아요"", ""품질이 좋아요"", ""스타일 추천을 잘해줘요"", ""종류가 다양해요""]}",미선이네 | 제주 미선이네 | 미선이네 쇼핑,,,,"[{""keyword"": ""친절해요"", ""count"": ""10""}, {""keyword"": ""가성비가 좋아요"", ""count"": ""6""}, {""keyword"": ""품질이 좋아요"", ""count"": ""4""}, {""keyword"": ""스타일 추천을 잘해줘요"", ""count"": ""2""}, {""keyword"": ""종류가 다양해요"", ""count"": ""1""}]","[{""title"": ""결제수단"", ""body"": ""제로페이\n알고 계신 정보와 다른 정보가 있나요?\n사진으로 간단하게 제보해 주세요.\n정보 수정 제안하기\n이용약관고객센터리뷰운영정책신고센터\n네이버""}]"
186,186,봄날,쇼핑,37호,,33.5130898,126.524702,064-702-6851,,,,지하상가,success,4_coord_close_auto,좌표 13m ≤ 80m,13.2,naver_place,https://map.naver.com/p/entry/place/1439201484,https://map.naver.com/p/entry/place/1439201484,https://pcmap.place.naver.com/place/1439201484/home,1439201484,봄날,종합도소매,,,제주 제주시 일도일동 중앙로 60 중앙지하상가 (일도일동) 봄날 봄날,제주 제주시 일도일동 1425-3,,064-712-6851,,33.5131838,126.5246152,,,,{},정보 수정,,"rhdwn048919
22.9.21번째 방문영수증
굿
알고 계신 정보와 다른 정보가 있나요?
사진으로 간단하게 제보해 주세요.
정보 수정 제안하기
이용약관고객센터리뷰운영정책신고센터
네이버",,,,,,,,봄날|종합도소매|제주 제주시 일도일동 중앙로 60 중앙지하상가 (일도일동) 봄날 봄날|제주 제주시 일도일동 1425-3|064-712-6851,"[""봄날"", ""종합도소매"", ""제주 제주시 일도일동 중앙로 60 중앙지하상가 (일도일동) 봄날 봄날"", ""제주 제주시 일도일동 1425-3"", ""064-712-6851""]","{""name"": [""봄날""], ""category"": [""종합도소매""], ""address"": [""제주 제주시 일도일동 중앙로 60 중앙지하상가 (일도일동) 봄날 봄날"", ""제주 제주시 일도일동 1425-3""], ""phone"": [""064-712-6851""]}",봄날 | 제주 봄날,,,,,"[{""title"": ""방문자 리뷰7"", ""body"": ""rhdwn048919\n22.9.21번째 방문영수증\n굿\n알고 계신 정보와 다른 정보가 있나요?\n사진으로 간단하게 제보해 주세요.\n정보 수정 제안하기\n이용약관고객센터리뷰운영정책신고센터\n네이버""}]"
187,187,영타운,쇼핑,"38,39호",,33.5130886,126.524736,064-752-2073,,,,지하상가,success,4_coord_close_auto,좌표 0m ≤ 80m,0.1,naver_place,https://map.naver.com/p/entry/place/31269486,https://map.naver.com/p/entry/place/31269486,https://pcmap.place.naver.com/place/31269486/home,31269486,영타운 제주중앙지하상가점,패션,,,제주 제주시 일도일동 중앙로 60 제주중앙지하상가 38,제주 제주시 일도일동 1425-3,,064-752-2073,,33.5130891,126.5247361,,,,{},정보 수정,,,,,,,,,,영타운 제주중앙지하상가점|패션|제주 제주시 일도일동 중앙로 60 제주중앙지하상가 38|제주 제주시 일도일동 1425-3|064-752-2073,"[""영타운 제주중앙지하상가점"", ""패션"", ""제주 제주시 일도일동 중앙로 60 제주중앙지하상가 38"", ""제주 제주시 일도일동 1425-3"", ""064-752-2073""]","{""name"": [""영타운 제주중앙지하상가점""], ""category"": [""패션""], ""address"": [""제주 제주시 일도일동 중앙로 60 제주중앙지하상가 38"", ""제주 제주시 일도일동 1425-3""], ""phone"": [""064-752-2073""]}",영타운 | 제주 영타운,,,,,
188,188,빅토리아,쇼핑,40호,,33.5130875,126.524769,064-702-9033,,,,지하상가,success,4_coord_close_auto,좌표 0m ≤ 80m,0.1,naver_place,https://map.naver.com/p/entry/place/31269505,https://map.naver.com/p/entry/place/31269505,https://pcmap.place.naver.com/place/31269505/home,31269505,빅토리아 제주중앙지하상가점,패션,,,,제주 제주시 일도1동 1425-3,,,,33.5130875,126.52477,,,,{},,,,,,,,,,,빅토리아 제주중앙지하상가점|패션|제주 제주시 일도1동 1425-3|안내|방문 키워드 통계 그래프 예시입니다.|현재 2명 참여|10명 이상 참여하면|방문 키워드 통계가 공개됩니다!|최신순|soosoosoosoo|팔로우|양갱 종류가 다양하고 달지않고 맛있어요|주차하기 편해요|품질이 좋아요|가성비가 좋아요|종류가 다양해요|독특한 디자인이 많아요|반응 남기기|방문일|23.5.12.금|2023년 5월 12일 금요일|1번째 방문,"[""빅토리아 제주중앙지하상가점"", ""패션"", ""제주 제주시 일도1동 1425-3"", ""안내"", ""방문 키워드 통계 그래프 예시입니다."", ""현재 2명 참여"", ""10명 이상 참여하면"", ""방문 키워드 통계가 공개됩니다!"", ""최신순"", ""soosoosoosoo"", ""팔로우"", ""양갱 종류가 다양하고 달지않고 맛있어요"", ""주차하기 편해요"", ""품질이 좋아요"", ""가성비가 좋아요"", ""종류가 다양해요"", ""독특한 디자인이 많아요"", ""반응 남기기"", ""방문일"", ""23.5.12.금"", ""2023년 5월 12일 금요일"", ""1번째 방문""]","{""name"": [""빅토리아 제주중앙지하상가점""], ""category"": [""패션""], ""address"": [""제주 제주시 일도1동 1425-3""], ""visitor_keywords"": [""안내"", ""방문 키워드 통계 그래프 예시입니다."", ""현재 2명 참여"", ""10명 이상 참여하면"", ""방문 키워드 통계가 공개됩니다!"", ""최신순"", ""soosoosoosoo"", ""팔로우"", ""양갱 종류가 다양하고 달지않고 맛있어요"", ""주차하기 편해요"", ""품질이 좋아요"", ""가성비가 좋아요"", ""종류가 다양해요"", ""독특한 디자인이 많아요"", ""반응 남기기"", ""방문일"", ""23.5.12.금"", ""2023년 5월 12일 금요일"", ""1번째 방문""]}",빅토리아 | 제주 빅토리아,,,,"[""안내"", ""방문 키워드 통계 그래프 예시입니다."", ""현재 2명 참여"", ""10명 이상 참여하면"", ""방문 키워드 통계가 공개됩니다!"", ""최신순"", ""soosoosoosoo"", ""팔로우"", ""양갱 종류가 다양하고 달지않고 맛있어요"", ""주차하기 편해요"", ""품질이 좋아요"", ""가성비가 좋아요"", ""종류가 다양해요"", ""독특한 디자인이 많아요"", ""반응 남기기"", ""방문일"", ""23.5.12.금"", ""2023년 5월 12일 금요일"", ""1번째 방문""]","[{""title"": ""결제수단"", ""body"": ""제로페이\n알고 계신 정보와 다른 정보가 있나요?\n사진으로 간단하게 제보해 주세요.\n정보 수정 제안하기\n이용약관고객센터리뷰운영정책신고센터\n네이버""}]"
189,189,앤의공방,기타,41호,,33.5130752,126.524795,010-4263-2836,,,,지하상가,success,2_address_match,주소일치(exact_or_contains) query=앤의공방,43.2,naver_place,https://map.naver.com/p/entry/place/2018995856,https://map.naver.com/p/entry/place/2018995856,https://pcmap.place.naver.com/place/2018995856/home,2018995856,앤의 공방,뜨개,,,제주 제주시 중앙로 60 중앙지하상가 41호,제주 제주시 일도일동 1454-2,중앙지하상가 6번 출구로 내려오시면 바로 앞에 있어요,0507-1300-1341,,33.5128347,126.5244294,월 13:00 - 19:00,영업 중,,"{""목"": {""open"": ""13:00 - 19:00""}, ""금"": {""open"": ""13:00 - 19:00""}, ""토"": {""open"": ""13:00 - 19:00""}, ""일"": {""open"": ""13:00 - 19:00""}, ""월"": {""open"": ""13:00 - 19:00""}, ""화"": {""open"": ""정기휴무 (매주 화요일)""}, ""수"": {""open"": ""13:00 - 19:00""}}",영업 중 | 19:00에 영업 종료 | 19시 0분에 영업 종료 | 목 | 13:00 - 19:00 | 금 | 13:00 - 19:00 | 토 | 13:00 - 19:00 | 일 | 13:00 - 19:00 | 월 | 13:00 - 19:00 | 화 | 정기휴무 (매주 화요일) | 수 | 13:00 - 19:00 | 접기,,"엠제이공인중개사
엠제이공인중개사
[260620] 바람불어 쉬는 날
삼다도라 했다. 돌과 해녀와 바람이 많은 섬이라 했는데 실질적으로 와 닿은 적은 없었다. 그런데 어제와 오늘은 달랐다. 몰아치는 바람때문에 몸을 가누지 못할 정도였다. 이른 아침부터 동네 산책하며 목적지로 걸어가는데 힘들었다. 가다가 빗방울이 몰아치는 순간도 있었다. 하늘을 올려다 보면 선명했다. 대체 어느 구름에서 비가 내리는 것인지 구분이 되지 않았다. 사진 속 어느 하늘을 봐도 비가 쏟아질 구름은 아닌데, 분명 빗줄기가 떨어지고 있었고 옷과 가방은 비에 젖고 있었다. 바람이 워낙 강하게 불어서 빗줄기 조차도 몸을 가누지 못하고 쓸려 가는 것인가... 비바람을 온 몸으로 맞으며 걷다가 낯이 익어 반ㄱㅏ웠던 곳이 동문시장이다. 와 본 곳이네... 하고 고개를 들어 보니 자주 왔던 시장이었다. 야시장에도 왔었고 갈치조림 먹으러도 왔었고, 돌아갈 때 선물을 사러 오기도 했던 곳이다. 그러고보니 제주 올 때마다 여러 번 들렀던 곳이다. 사람들이 북적거릴 때만 왔던 곳이지만 횡한 모습도 정겹다. 이젠 오메기떡 파는 곳도 어딘지 구분이 갈 정도이다. 올레길 18코스를 걷기위해 출발은 했다. 오후에 지인과의 약속으로 오전에 잠깐이라도 걷기로 했다. 출발지점인 김만덕 기념관에 와서 인증 도장을 찍고 천천히 걸었다. 주정공장수용소 4.3역사관에서는 나도 모르게 숙연해 졌다. 잠시 묵념하고 다시 걸음을 옮겼다. 친절하게 바닥에 벽화마을이라는 표시가 되어 있어서 따라 걸으면 길을 잃을 일이 없었다. 잠깐 사진을 찍느라 한눈 판 사이에 다른 길로 접어 들어도 금방 다시 돌아 나올 수 있었다. 벽화 마을이라고는 하지만 생활 형태는 오래 전 모습을 유지하고 있다. 서울의 신림동 재개발 지역과 비슷한 모습을 한 곳들도 보였다. 뭐 눈에는 뭐만 보인다고 하나...부동산을 업으로 한지 얼마나 되었다고 재개발 이슈들만 눈에 또렷하게 들어 온다. 바람을 피해 카페로 대피했는데 운좋게 좋은 곳을 찾을 수 있었다. 위 영상은 바람의 양상을 기록하기 위해 만든 동영상이다. 비바람만 피하자고 찾아 들어간 카페가 기대 이상으로 좋아서 아늑하게 나만의 시간을 가졌다. 계획에 없던 브런치를 먹고, 책도 보고 새로운 여행 계획도 세웠다. 두어 시간 몰입해서 무언가를 해 내고 나니 뿌듯함에 기분이 좋아졌다. 몰입 후의 테이블 상태였다. 뿌듯한 느낌을 남겨 두기 위해 기록해 두었다. 약속 시간에 맞춰 찾아간 지인의 공방에서 바람을 잊고 뜨개질에 몰두하며 깊은 수다를 떨었다. 취미라고 하기에는 가볍지 않은 취향이 맞으니...
6.20.토
2026년 6월 20일 토요일
이미지 수
42
로딩중
알고 계신 정보와 다른 정보가 있나요?
사진으로 간단하게 제보해 주세요.
정보 수정 제안하기
이용약관고객센터리뷰운영정책신고센터
네이버",,,,,,,,앤의 공방|뜨개|제주 제주시 중앙로 60 중앙지하상가 41호|제주 제주시 일도일동 1454-2|0507-1300-1341|월 13:00 - 19:00,"[""앤의 공방"", ""뜨개"", ""제주 제주시 중앙로 60 중앙지하상가 41호"", ""제주 제주시 일도일동 1454-2"", ""0507-1300-1341"", ""월 13:00 - 19:00""]","{""name"": [""앤의 공방""], ""category"": [""뜨개""], ""address"": [""제주 제주시 중앙로 60 중앙지하상가 41호"", ""제주 제주시 일도일동 1454-2""], ""phone"": [""0507-1300-1341""], ""hours"": [""월 13:00 - 19:00""]}",앤의공방,,,,,"[{""title"": ""블로그 리뷰1"", ""body"": ""엠제이공인중개사\n엠제이공인중개사\n[260620] 바람불어 쉬는 날\n삼다도라 했다. 돌과 해녀와 바람이 많은 섬이라 했는데 실질적으로 와 닿은 적은 없었다. 그런데 어제와 오늘은 달랐다. 몰아치는 바람때문에 몸을 가누지 못할 정도였다. 이른 아침부터 동네 산책하며 목적지로 걸어가는데 힘들었다. 가다가 빗방울이 몰아치는 순간도 있었다. 하늘을 올려다 보면 선명했다. 대체 어느 구름에서 비가 내리는 것인지 구분이 되지 않았다. 사진 속 어느 하늘을 봐도 비가 쏟아질 구름은 아닌데, 분명 빗줄기가 떨어지고 있었고 옷과 가방은 비에 젖고 있었다. 바람이 워낙 강하게 불어서 빗줄기 조차도 몸을 가누지 못하고 쓸려 가는 것인가... 비바람을 온 몸으로 맞으며 걷다가 낯이 익어 반ㄱㅏ웠던 곳이 동문시장이다. 와 본 곳이네... 하고 고개를 들어 보니 자주 왔던 시장이었다. 야시장에도 왔었고 갈치조림 먹으러도 왔었고, 돌아갈 때 선물을 사러 오기도 했던 곳이다. 그러고보니 제주 올 때마다 여러 번 들렀던 곳이다. 사람들이 북적거릴 때만 왔던 곳이지만 횡한 모습도 정겹다. 이젠 오메기떡 파는 곳도 어딘지 구분이 갈 정도이다. 올레길 18코스를 걷기위해 출발은 했다. 오후에 지인과의 약속으로 오전에 잠깐이라도 걷기로 했다. 출발지점인 김만덕 기념관에 와서 인증 도장을 찍고 천천히 걸었다. 주정공장수용소 4.3역사관에서는 나도 모르게 숙연해 졌다. 잠시 묵념하고 다시 걸음을 옮겼다. 친절하게 바닥에 벽화마을이라는 표시가 되어 있어서 따라 걸으면 길을 잃을 일이 없었다. 잠깐 사진을 찍느라 한눈 판 사이에 다른 길로 접어 들어도 금방 다시 돌아 나올 수 있었다. 벽화 마을이라고는 하지만 생활 형태는 오래 전 모습을 유지하고 있다. 서울의 신림동 재개발 지역과 비슷한 모습을 한 곳들도 보였다. 뭐 눈에는 뭐만 보인다고 하나...부동산을 업으로 한지 얼마나 되었다고 재개발 이슈들만 눈에 또렷하게 들어 온다. 바람을 피해 카페로 대피했는데 운좋게 좋은 곳을 찾을 수 있었다. 위 영상은 바람의 양상을 기록하기 위해 만든 동영상이다. 비바람만 피하자고 찾아 들어간 카페가 기대 이상으로 좋아서 아늑하게 나만의 시간을 가졌다. 계획에 없던 브런치를 먹고, 책도 보고 새로운 여행 계획도 세웠다. 두어 시간 몰입해서 무언가를 해 내고 나니 뿌듯함에 기분이 좋아졌다. 몰입 후의 테이블 상태였다. 뿌듯한 느낌을 남겨 두기 위해 기록해 두었다. 약속 시간에 맞춰 찾아간 지인의 공방에서 바람을 잊고 뜨개질에 몰두하며 깊은 수다를 떨었다. 취미라고 하기에는 가볍지 않은 취향이 맞으니...\n6.20.토\n2026년 6월 20일 토요일\n이미지 수\n42\n로딩중\n알고 계신 정보와 다른 정보가 있나요?\n사진으로 간단하게 제보해 주세요.\n정보 수정 제안하기\n이용약관고객센터리뷰운영정책신고센터\n네이버""}]"
190,190,르피타,쇼핑,"42,43호",,33.5130819,126.524843,064-721-0906,,,,지하상가,fail,5_fail,매칭 실패,143580.7,naver_place,https://map.naver.com/p/entry/place/1976604370,https://map.naver.com/p/entry/place/1976604370,https://pcmap.place.naver.com/place/1976604370/home,1976604370,르피타 롯데아울렛남악점,여성캐주얼,,,전남광주 무안군 삼향읍 남악로162번길 80 롯데아울렛 남악점 1층,전남광주 무안군 삼향읍 남악리 2622,,061-801-2142,,34.803361,126.4642668,영업 중,영업 중,,{},영업 중,,,,,,,,,,"르피타 롯데아울렛남악점|여성캐주얼|전남광주 무안군 삼향읍 남악로162번길 80 롯데아울렛 남악점 1층|전남광주 무안군 삼향읍 남악리 2622|061-801-2142|영업 중|안내|102회90명 참여|""친절해요""|이 키워드를 선택한 인원|""가성비가 좋아요""|""품질이 좋아요""|""종류가 다양해요""|""독특한 디자인이 많아요""|4.6382개 평점(71명 참여)|최신순|jhj****|팔로우|저렴하게 잘샀어요|품질이 좋아요","[""르피타 롯데아울렛남악점"", ""여성캐주얼"", ""전남광주 무안군 삼향읍 남악로162번길 80 롯데아울렛 남악점 1층"", ""전남광주 무안군 삼향읍 남악리 2622"", ""061-801-2142"", ""영업 중"", ""안내"", ""102회90명 참여"", ""\""친절해요\"""", ""이 키워드를 선택한 인원"", ""\""가성비가 좋아요\"""", ""\""품질이 좋아요\"""", ""\""종류가 다양해요\"""", ""\""독특한 디자인이 많아요\"""", ""4.6382개 평점(71명 참여)"", ""최신순"", ""jhj****"", ""팔로우"", ""저렴하게 잘샀어요"", ""품질이 좋아요""]","{""name"": [""르피타 롯데아울렛남악점""], ""category"": [""여성캐주얼""], ""address"": [""전남광주 무안군 삼향읍 남악로162번길 80 롯데아울렛 남악점 1층"", ""전남광주 무안군 삼향읍 남악리 2622""], ""phone"": [""061-801-2142""], ""hours"": [""영업 중""], ""visitor_keywords"": [""안내"", ""102회90명 참여"", ""\""친절해요\"""", ""이 키워드를 선택한 인원"", ""\""가성비가 좋아요\"""", ""\""품질이 좋아요\"""", ""\""종류가 다양해요\"""", ""\""독특한 디자인이 많아요\"""", ""4.6382개 평점(71명 참여)"", ""최신순"", ""jhj****"", ""팔로우"", ""저렴하게 잘샀어요"", ""품질이 좋아요""]}",르피타 | 제주 르피타 | 르피타 쇼핑 | 제주 르피타 쇼핑,,,,"[""안내"", ""102회90명 참여"", ""\""친절해요\"""", ""이 키워드를 선택한 인원"", ""\""가성비가 좋아요\"""", ""\""품질이 좋아요\"""", ""\""종류가 다양해요\"""", ""\""독특한 디자인이 많아요\"""", ""4.6382개 평점(71명 참여)"", ""최신순"", ""jhj****"", ""팔로우"", ""저렴하게 잘샀어요"", ""품질이 좋아요""]",
191,191,금광,쇼핑,"44,45호",,33.5131132,126.524831,010-8586-0844,,,,지하상가,fail,5_fail,매칭 실패,1562.1,naver_place,https://map.naver.com/p/entry/place/237367256,https://map.naver.com/p/entry/place/237367256,https://pcmap.place.naver.com/place/237367256/home,237367256,금광종합건설,건물건설,,,제주 제주시 서광로18길 5-19 금광아이빌 201호,제주 제주시 삼도일동 572-15,,064-712-3047,,33.4993235,126.5216126,,,,{},정보 수정,,,,,,,,,,금광종합건설|건물건설|제주 제주시 서광로18길 5-19 금광아이빌 201호|제주 제주시 삼도일동 572-15|064-712-3047,"[""금광종합건설"", ""건물건설"", ""제주 제주시 서광로18길 5-19 금광아이빌 201호"", ""제주 제주시 삼도일동 572-15"", ""064-712-3047""]","{""name"": [""금광종합건설""], ""category"": [""건물건설""], ""address"": [""제주 제주시 서광로18길 5-19 금광아이빌 201호"", ""제주 제주시 삼도일동 572-15""], ""phone"": [""064-712-3047""]}",금광 | 제주 금광,,,,,
192,192,사이버세대,쇼핑,"46,47호",,33.5131155,126.524786,064-722-4446,,,,지하상가,success,4_coord_close_auto,좌표 0m ≤ 80m,0.1,naver_place,https://map.naver.com/p/entry/place/31269507,https://map.naver.com/p/entry/place/31269507,https://pcmap.place.naver.com/place/31269507/home,31269507,사이버세대 제주중앙지하상가점,패션,,,"제주 제주시 일도일동 중앙로 60 제주중앙지하상가 46,47",제주 제주시 일도일동 1425-3,,064-722-4446,,33.5131155,126.524785,,,,{},,,"안내
사진/영상 리뷰만
최신순
리뷰 제공 기준
리뷰 클렌징 시스템 작동중입니다
전외경
리뷰 1,136사진 1팔로워 1
팔로우
언니하고지하상가가ㅛ다가바지산다고따라갔다가내가큰사이즈가있어서조끼를하나샀다괞찬었다
친절해요
스타일 추천을 잘해줘요
반응 남기기
방문일
23.6.28.수
2023년 6월 28일 수요일
1번째 방문
인증 수단
영수증
땡시리
리뷰 2,580사진 71
팔로우
ㅈㅇ
반응 남기기
방문일
22.6.26.일
2022년 6월 26일 일요일
1번째 방문
인증 수단
영수증
아꼬운오름
리뷰 1,287사진 478
팔로우
굿
반응 남기기
방문일
22.5.6.금
2022년 5월 6일 금요일
1번째 방문
인증 수단
영수증
가으리59
리뷰 217사진 15
팔로우
무난한 가격~~
다양하게 있으면 좋겠습니다.
반응 남기기
방문일
22.1.23.일
2022년 1월 23일 일요일
1번째 방문
인증 수단
영수증
그리니1216
리뷰 719사진 153팔로워 5
팔로우
별점
4
점
옷 구매햇어요!
반응 남기기
방문일
21.7.9.금
2021년 7월 9일 금요일
1번째 방문
인증 수단
영수증",,,,,,,,"사이버세대 제주중앙지하상가점|패션|제주 제주시 일도일동 중앙로 60 제주중앙지하상가 46,47|제주 제주시 일도일동 1425-3|064-722-4446|안내|방문 키워드 통계 그래프 예시입니다.|현재 1명 참여|10명 이상 참여하면|방문 키워드 통계가 공개됩니다!|최신순|전외경|팔로우|친절해요|스타일 추천을 잘해줘요|반응 남기기|방문일|23.6.28.수|2023년 6월 28일 수요일|1번째 방문|인증 수단|영수증|땡시리","[""사이버세대 제주중앙지하상가점"", ""패션"", ""제주 제주시 일도일동 중앙로 60 제주중앙지하상가 46,47"", ""제주 제주시 일도일동 1425-3"", ""064-722-4446"", ""안내"", ""방문 키워드 통계 그래프 예시입니다."", ""현재 1명 참여"", ""10명 이상 참여하면"", ""방문 키워드 통계가 공개됩니다!"", ""최신순"", ""전외경"", ""팔로우"", ""친절해요"", ""스타일 추천을 잘해줘요"", ""반응 남기기"", ""방문일"", ""23.6.28.수"", ""2023년 6월 28일 수요일"", ""1번째 방문"", ""인증 수단"", ""영수증"", ""땡시리""]","{""name"": [""사이버세대 제주중앙지하상가점""], ""category"": [""패션""], ""address"": [""제주 제주시 일도일동 중앙로 60 제주중앙지하상가 46,47"", ""제주 제주시 일도일동 1425-3""], ""phone"": [""064-722-4446""], ""visitor_keywords"": [""안내"", ""방문 키워드 통계 그래프 예시입니다."", ""현재 1명 참여"", ""10명 이상 참여하면"", ""방문 키워드 통계가 공개됩니다!"", ""최신순"", ""전외경"", ""팔로우"", ""친절해요"", ""스타일 추천을 잘해줘요"", ""반응 남기기"", ""방문일"", ""23.6.28.수"", ""2023년 6월 28일 수요일"", ""1번째 방문"", ""인증 수단"", ""영수증"", ""땡시리""]}",사이버세대 | 제주 사이버세대 | 사이버세대 쇼핑 | 제주 사이버세대 쇼핑,,,,"[""안내"", ""방문 키워드 통계 그래프 예시입니다."", ""현재 1명 참여"", ""10명 이상 참여하면"", ""방문 키워드 통계가 공개됩니다!"", ""최신순"", ""전외경"", ""팔로우"", ""친절해요"", ""스타일 추천을 잘해줘요"", ""반응 남기기"", ""방문일"", ""23.6.28.수"", ""2023년 6월 28일 수요일"", ""1번째 방문"", ""인증 수단"", ""영수증"", ""땡시리""]","[{""title"": ""이런 점이 좋았어요"", ""body"": ""안내\n방문 키워드 통계 그래프 예시입니다.\n현재 1명 참여\n10명 이상 참여하면\n방문 키워드 통계가 공개됩니다!""}, {""title"": ""리뷰5"", ""body"": ""안내\n사진/영상 리뷰만\n최신순\n리뷰 제공 기준\n리뷰 클렌징 시스템 작동중입니다\n전외경\n리뷰 1,136사진 1팔로워 1\n팔로우\n언니하고지하상가가ㅛ다가바지산다고따라갔다가내가큰사이즈가있어서조끼를하나샀다괞찬었다\n친절해요\n스타일 추천을 잘해줘요\n반응 남기기\n방문일\n23.6.28.수\n2023년 6월 28일 수요일\n1번째 방문\n인증 수단\n영수증\n땡시리\n리뷰 2,580사진 71\n팔로우\nㅈㅇ\n반응 남기기\n방문일\n22.6.26.일\n2022년 6월 26일 일요일\n1번째 방문\n인증 수단\n영수증\n아꼬운오름\n리뷰 1,287사진 478\n팔로우\n굿\n반응 남기기\n방문일\n22.5.6.금\n2022년 5월 6일 금요일\n1번째 방문\n인증 수단\n영수증\n가으리59\n리뷰 217사진 15\n팔로우\n무난한 가격~~\n다양하게 있으면 좋겠습니다.\n반응 남기기\n방문일\n22.1.23.일\n2022년 1월 23일 일요일\n1번째 방문\n인증 수단\n영수증\n그리니1216\n리뷰 719사진 153팔로워 5\n팔로우\n별점\n4\n점\n옷 구매햇어요!\n반응 남기기\n방문일\n21.7.9.금\n2021년 7월 9일 금요일\n1번째 방문\n인증 수단\n영수증""}, {""title"": ""키워드·별점 리뷰1"", ""body"": ""배불124\n리뷰 1,788사진 802팔로워 36\n팔로우\n별점\n4\n점\n반응 남기기\n방문일\n19.4.17.수\n2019년 4월 17일 수요일\n1번째 방문\n인증 수단\n영수증\n이용약관고객센터리뷰운영정책신고센터\n네이버""}]"
193,193,샤인,쇼핑,"48,49호",,33.5131177,126.524739,010-2051-4480,,,,지하상가,success,4_coord_close_auto,좌표 11m ≤ 80m,10.9,naver_place,https://map.naver.com/p/entry/place/1929004458,https://map.naver.com/p/entry/place/1929004458,https://pcmap.place.naver.com/place/1929004458/home,1929004458,샤인,패션잡화,,,제주 제주시 일도일동 중앙로 60 중앙지하상가 104호,제주 제주시 일도일동 1425-3,,,,33.5131588,126.524632,,,,{},정보 수정,,,,,,,,,,샤인|패션잡화|제주 제주시 일도일동 중앙로 60 중앙지하상가 104호|제주 제주시 일도일동 1425-3,"[""샤인"", ""패션잡화"", ""제주 제주시 일도일동 중앙로 60 중앙지하상가 104호"", ""제주 제주시 일도일동 1425-3""]","{""name"": [""샤인""], ""category"": [""패션잡화""], ""address"": [""제주 제주시 일도일동 중앙로 60 중앙지하상가 104호"", ""제주 제주시 일도일동 1425-3""]}",샤인 | 제주 샤인 | 샤인 쇼핑,,,,,"[{""title"": ""결제수단"", ""body"": ""제로페이\n알고 계신 정보와 다른 정보가 있나요?\n사진으로 간단하게 제보해 주세요.\n정보 수정 제안하기\n이용약관고객센터리뷰운영정책신고센터\n네이버""}]"
194,194,더샘,쇼핑,"50,51호",,33.5131155,126.52468,064-755-7654,,,,지하상가,success,4_coord_close_auto,좌표 0m ≤ 80m,0.2,naver_place,https://map.naver.com/p/entry/place/31315972,https://map.naver.com/p/entry/place/31315972,https://pcmap.place.naver.com/place/31315972/home,31315972,더샘 제주중앙지하상가점,"화장품,향수",,,"제주 제주시 관덕로17길 27-1 제주중앙지하상가 50,51",제주 제주시 일도1동 1492-1,,064-755-7654,,33.5131148,126.5246785,영업 중,영업 중,,{},영업 중,,"홈페이지
http://www.thesaemcosmetic.com/
알고 계신 정보와 다른 정보가 있나요?
사진으로 간단하게 제보해 주세요.
정보 수정 제안하기
이용약관고객센터리뷰운영정책신고센터
네이버",,,,,,,,"더샘 제주중앙지하상가점|화장품,향수|제주 제주시 관덕로17길 27-1 제주중앙지하상가 50,51|제주 제주시 일도1동 1492-1|064-755-7654|영업 중|안내|방문 키워드 통계 그래프 예시입니다.|현재 9명 참여|10명 이상 참여하면|방문 키워드 통계가 공개됩니다!|최신순|shim332097|팔로우|친절하고 가성비가 좋아요.|가성비가 좋아요|품질이 좋아요|반응 남기기|방문일|23.7.18.화|2023년 7월 18일 화요일|1번째 방문|인증 수단|영수증|망붕쓰","[""더샘 제주중앙지하상가점"", ""화장품,향수"", ""제주 제주시 관덕로17길 27-1 제주중앙지하상가 50,51"", ""제주 제주시 일도1동 1492-1"", ""064-755-7654"", ""영업 중"", ""안내"", ""방문 키워드 통계 그래프 예시입니다."", ""현재 9명 참여"", ""10명 이상 참여하면"", ""방문 키워드 통계가 공개됩니다!"", ""최신순"", ""shim332097"", ""팔로우"", ""친절하고 가성비가 좋아요."", ""가성비가 좋아요"", ""품질이 좋아요"", ""반응 남기기"", ""방문일"", ""23.7.18.화"", ""2023년 7월 18일 화요일"", ""1번째 방문"", ""인증 수단"", ""영수증"", ""망붕쓰""]","{""name"": [""더샘 제주중앙지하상가점""], ""category"": [""화장품,향수""], ""address"": [""제주 제주시 관덕로17길 27-1 제주중앙지하상가 50,51"", ""제주 제주시 일도1동 1492-1""], ""phone"": [""064-755-7654""], ""hours"": [""영업 중""], ""visitor_keywords"": [""안내"", ""방문 키워드 통계 그래프 예시입니다."", ""현재 9명 참여"", ""10명 이상 참여하면"", ""방문 키워드 통계가 공개됩니다!"", ""최신순"", ""shim332097"", ""팔로우"", ""친절하고 가성비가 좋아요."", ""가성비가 좋아요"", ""품질이 좋아요"", ""반응 남기기"", ""방문일"", ""23.7.18.화"", ""2023년 7월 18일 화요일"", ""1번째 방문"", ""인증 수단"", ""영수증"", ""망붕쓰""]}",더샘 | 제주 더샘 | 더샘 쇼핑 | 제주 더샘 쇼핑,,,,"[""안내"", ""방문 키워드 통계 그래프 예시입니다."", ""현재 9명 참여"", ""10명 이상 참여하면"", ""방문 키워드 통계가 공개됩니다!"", ""최신순"", ""shim332097"", ""팔로우"", ""친절하고 가성비가 좋아요."", ""가성비가 좋아요"", ""품질이 좋아요"", ""반응 남기기"", ""방문일"", ""23.7.18.화"", ""2023년 7월 18일 화요일"", ""1번째 방문"", ""인증 수단"", ""영수증"", ""망붕쓰""]","[{""title"": ""대표 키워드"", ""body"": ""더샘하라케케컨실러클렌징워터""}, {""title"": ""결제수단"", ""body"": ""제로페이""}, {""title"": ""SNS"", ""body"": ""홈페이지\nhttp://www.thesaemcosmetic.com/\n알고 계신 정보와 다른 정보가 있나요?\n사진으로 간단하게 제보해 주세요.\n정보 수정 제안하기\n이용약관고객센터리뷰운영정책신고센터\n네이버""}]"
195,195,우노꼬레,쇼핑,"52,53호",,33.5131255,126.524572,064-722-7654,,https://naver.me/5eDWU2HP,,지하상가,success,1_naver_link,naver_link place_id=31269396,0.1,naver_place,https://map.naver.com/p/entry/place/31269396,https://map.naver.com/p/entry/place/31269396,https://pcmap.place.naver.com/place/31269396/home,31269396,우노꼬레 제주중앙지하상가점,패션,,,"제주 제주시 일도일동 중앙로 60 제주중앙지하상가 52,53",제주 제주시 일도일동 1425-3,,064-722-7654,,33.513125,126.5245726,,,,{},,,,,,,,,,,"우노꼬레 제주중앙지하상가점|패션|제주 제주시 일도일동 중앙로 60 제주중앙지하상가 52,53|제주 제주시 일도일동 1425-3|064-722-7654|품질이 좋아요|친절해요|종류가 다양해요|가성비가 좋아요|스타일 추천을 잘해줘요|분위기가 편안해요|A/S가 세심해요|독특한 디자인이 많아요|주차하기 편해요|비싼 만큼 가치있어요","[""우노꼬레 제주중앙지하상가점"", ""패션"", ""제주 제주시 일도일동 중앙로 60 제주중앙지하상가 52,53"", ""제주 제주시 일도일동 1425-3"", ""064-722-7654"", ""품질이 좋아요"", ""친절해요"", ""종류가 다양해요"", ""가성비가 좋아요"", ""스타일 추천을 잘해줘요"", ""분위기가 편안해요"", ""A/S가 세심해요"", ""독특한 디자인이 많아요"", ""주차하기 편해요"", ""비싼 만큼 가치있어요""]","{""name"": [""우노꼬레 제주중앙지하상가점""], ""category"": [""패션""], ""address"": [""제주 제주시 일도일동 중앙로 60 제주중앙지하상가 52,53"", ""제주 제주시 일도일동 1425-3""], ""phone"": [""064-722-7654""], ""visitor_keywords"": [""품질이 좋아요"", ""친절해요"", ""종류가 다양해요"", ""가성비가 좋아요"", ""스타일 추천을 잘해줘요"", ""분위기가 편안해요"", ""A/S가 세심해요"", ""독특한 디자인이 많아요"", ""주차하기 편해요"", ""비싼 만큼 가치있어요""]}",https://naver.me/5eDWU2HP,,,,"[{""keyword"": ""품질이 좋아요"", ""count"": ""13""}, {""keyword"": ""친절해요"", ""count"": ""11""}, {""keyword"": ""종류가 다양해요"", ""count"": ""11""}, {""keyword"": ""가성비가 좋아요"", ""count"": ""7""}, {""keyword"": ""스타일 추천을 잘해줘요"", ""count"": ""6""}, {""keyword"": ""분위기가 편안해요"", ""count"": ""3""}, {""keyword"": ""A/S가 세심해요"", ""count"": ""1""}, {""keyword"": ""독특한 디자인이 많아요"", ""count"": ""1""}, {""keyword"": ""주차하기 편해요"", ""count"": ""1""}, {""keyword"": ""비싼 만큼 가치있어요"", ""count"": ""1""}]","[{""title"": ""결제수단"", ""body"": ""제로페이\n알고 계신 정보와 다른 정보가 있나요?\n사진으로 간단하게 제보해 주세요.\n정보 수정 제안하기\n이용약관고객센터리뷰운영정책신고센터\n네이버""}]"
196,196,케이샵,쇼핑,54호,,33.5131267,126.524515,064-702-0515,,,,지하상가,fail,5_fail,매칭 실패,3698.9,naver_place,https://map.naver.com/p/entry/place/1136523753,https://map.naver.com/p/entry/place/1136523753,https://pcmap.place.naver.com/place/1136523753/home,1136523753,와인창고 본점,주류,,,제주 제주시 연북로 424 101호,제주 제주시 도남동 411-6,,,,33.4799113,126.5266912,영업 중,영업 중,,{},영업 중,주차,,,,,,,,데일리와인|수제맥주|샴페인|내추럴와인|리큐르,"와인창고 본점|주류|제주 제주시 연북로 424 101호|제주 제주시 도남동 411-6|영업 중|데일리와인|수제맥주|샴페인|내추럴와인|리큐르|주차|안내|247회907명 참여|""종류가 다양해요""|이 키워드를 선택한 인원|""친절해요""|""매장이 넓어요""|""주차하기 편해요""|""가격이 합리적이에요""|동영상|다음|최신순","[""와인창고 본점"", ""주류"", ""제주 제주시 연북로 424 101호"", ""제주 제주시 도남동 411-6"", ""영업 중"", ""데일리와인"", ""수제맥주"", ""샴페인"", ""내추럴와인"", ""리큐르"", ""주차"", ""안내"", ""247회907명 참여"", ""\""종류가 다양해요\"""", ""이 키워드를 선택한 인원"", ""\""친절해요\"""", ""\""매장이 넓어요\"""", ""\""주차하기 편해요\"""", ""\""가격이 합리적이에요\"""", ""동영상"", ""다음"", ""최신순""]","{""name"": [""와인창고 본점""], ""category"": [""주류""], ""address"": [""제주 제주시 연북로 424 101호"", ""제주 제주시 도남동 411-6""], ""hours"": [""영업 중""], ""menus"": [""데일리와인"", ""수제맥주"", ""샴페인"", ""내추럴와인"", ""리큐르""], ""conveniences"": [""주차""], ""visitor_keywords"": [""안내"", ""247회907명 참여"", ""\""종류가 다양해요\"""", ""이 키워드를 선택한 인원"", ""\""친절해요\"""", ""\""매장이 넓어요\"""", ""\""주차하기 편해요\"""", ""\""가격이 합리적이에요\"""", ""동영상"", ""다음"", ""최신순""]}",케이샵 | 제주 케이샵,,,,"[""안내"", ""1,247회907명 참여"", ""\""종류가 다양해요\"""", ""이 키워드를 선택한 인원"", ""\""친절해요\"""", ""\""매장이 넓어요\"""", ""\""주차하기 편해요\"""", ""\""가격이 합리적이에요\"""", ""동영상"", ""다음"", ""최신순""]",
197,197,캐릭터,쇼핑,"56,57호",,33.5131289,126.524454,010-3639-4882,,,,지하상가,fail,5_fail,매칭 실패,1178.2,naver_place,https://map.naver.com/p/entry/place/1994814050,https://map.naver.com/p/entry/place/1994814050,https://pcmap.place.naver.com/place/1994814050/home,1994814050,천사들의놀이터,유아동복,,,제주 제주시 동광로1길 28 1층,제주 제주시 이도일동 1256-25,광양초등학교 옆 공영주차장 30분 무료이용 가능합니다.,0507-1316-3975,,33.5030566,126.5283987,월 12:00 - 19:00,영업 중,,"{""목"": {""open"": ""12:00 - 19:00""}, ""금"": {""open"": ""12:00 - 19:00""}, ""토"": {""open"": ""12:00 - 19:00""}, ""일"": {""open"": ""정기휴무 (매주 일요일)""}, ""월"": {""open"": ""12:00 - 19:00""}, ""화"": {""open"": ""12:00 - 19:00""}, ""수"": {""open"": ""12:00 - 19:00""}}",영업 중 | 19:00에 영업 종료 | 19시 0분에 영업 종료 | 목 | 12:00 - 19:00 | 금 | 12:00 - 19:00 | 토 | 12:00 - 19:00 | 일 | 정기휴무 (매주 일요일) | 월 | 12:00 - 19:00 | 화 | 12:00 - 19:00 | 수 | 12:00 - 19:00 | 접기,무선 인터넷|반려동물 동반|주차,,,,,,,,LED산리오지비츠|멍뭉이상하세트|톰과제리상하세트|기획여름상하세트,천사들의놀이터|유아동복|제주 제주시 동광로1길 28 1층|제주 제주시 이도일동 1256-25|0507-1316-3975|월 12:00 - 19:00|LED산리오지비츠|멍뭉이상하세트|톰과제리상하세트|기획여름상하세트|무선 인터넷|반려동물 동반|주차,"[""천사들의놀이터"", ""유아동복"", ""제주 제주시 동광로1길 28 1층"", ""제주 제주시 이도일동 1256-25"", ""0507-1316-3975"", ""월 12:00 - 19:00"", ""LED산리오지비츠"", ""멍뭉이상하세트"", ""톰과제리상하세트"", ""기획여름상하세트"", ""무선 인터넷"", ""반려동물 동반"", ""주차""]","{""name"": [""천사들의놀이터""], ""category"": [""유아동복""], ""address"": [""제주 제주시 동광로1길 28 1층"", ""제주 제주시 이도일동 1256-25""], ""phone"": [""0507-1316-3975""], ""hours"": [""월 12:00 - 19:00""], ""menus"": [""LED산리오지비츠"", ""멍뭉이상하세트"", ""톰과제리상하세트"", ""기획여름상하세트""], ""conveniences"": [""무선 인터넷"", ""반려동물 동반"", ""주차""]}",캐릭터 | 제주 캐릭터 | 캐릭터 쇼핑,,,,,
198,198,소쿠리2,쇼핑,"58,59호",,33.5131289,126.524454,010-3698-4242,,,,지하상가,success,4_coord_close_auto,좌표 23m ≤ 80m,22.5,naver_place,https://map.naver.com/p/entry/place/1804011797,https://map.naver.com/p/entry/place/1804011797,https://pcmap.place.naver.com/place/1804011797/home,1804011797,소쿠리,"판촉,기념품",,,"제주 제주시 중앙로 60 중앙지하상가 58호,59호",제주 제주시 일도일동 1454-2,,,,33.5129264,126.5244482,영업 중,영업 중,,{},영업 중,남/녀 화장실 구분|단체 이용 가능|포장,"제주 소쿠리 소품샵입니다. JEJU GIFT SHOP
SOKURI",,,,,,,,"소쿠리|판촉,기념품|제주 제주시 중앙로 60 중앙지하상가 58호,59호|제주 제주시 일도일동 1454-2|영업 중|남/녀 화장실 구분|단체 이용 가능|포장|친절해요|종류가 다양해요|가성비가 좋아요|품질이 좋아요|특색 있는 제품이 많아요|분위기가 편안해요|선물하기 좋아요|비싼 만큼 가치있어요|추천을 잘해줘요|매장이 넓어요","[""소쿠리"", ""판촉,기념품"", ""제주 제주시 중앙로 60 중앙지하상가 58호,59호"", ""제주 제주시 일도일동 1454-2"", ""영업 중"", ""남/녀 화장실 구분"", ""단체 이용 가능"", ""포장"", ""친절해요"", ""종류가 다양해요"", ""가성비가 좋아요"", ""품질이 좋아요"", ""특색 있는 제품이 많아요"", ""분위기가 편안해요"", ""선물하기 좋아요"", ""비싼 만큼 가치있어요"", ""추천을 잘해줘요"", ""매장이 넓어요""]","{""name"": [""소쿠리""], ""category"": [""판촉,기념품""], ""address"": [""제주 제주시 중앙로 60 중앙지하상가 58호,59호"", ""제주 제주시 일도일동 1454-2""], ""hours"": [""영업 중""], ""conveniences"": [""남/녀 화장실 구분"", ""단체 이용 가능"", ""포장""], ""visitor_keywords"": [""친절해요"", ""종류가 다양해요"", ""가성비가 좋아요"", ""품질이 좋아요"", ""특색 있는 제품이 많아요"", ""분위기가 편안해요"", ""선물하기 좋아요"", ""비싼 만큼 가치있어요"", ""추천을 잘해줘요"", ""매장이 넓어요""]}",소쿠리2 | 제주 소쿠리2 | 소쿠리2 쇼핑 | 제주 소쿠리2 쇼핑,,"[""소쿠리\nEVENT소쿠리 영수증 리뷰 EVENT 🏝️\n🍊선물을 증정해드립니다!\n참여하고 득템해가시요 ~~ 🤍\n기간\n2025.12.31.\n1명\n2025.03.20.\n2025년 3월 20일"", ""소쿠리\n알림소쿠리를 찾아오시는 분께 알립니다 🤎\n안녕하세요🍊제주 중앙지하상가 7번 출구로 내려오시면 58,59호 소쿠리를 빠르게 찾을 수 있답니다~\n1명\n2024.10.08.\n2024년 10월 8일""]",,"[{""keyword"": ""친절해요"", ""count"": ""13""}, {""keyword"": ""종류가 다양해요"", ""count"": ""13""}, {""keyword"": ""가성비가 좋아요"", ""count"": ""11""}, {""keyword"": ""품질이 좋아요"", ""count"": ""9""}, {""keyword"": ""특색 있는 제품이 많아요"", ""count"": ""6""}, {""keyword"": ""분위기가 편안해요"", ""count"": ""4""}, {""keyword"": ""선물하기 좋아요"", ""count"": ""2""}, {""keyword"": ""비싼 만큼 가치있어요"", ""count"": ""2""}, {""keyword"": ""추천을 잘해줘요"", ""count"": ""2""}, {""keyword"": ""매장이 넓어요"", ""count"": ""2""}]","[{""title"": ""소개"", ""body"": ""제주 소쿠리 소품샵입니다. JEJU GIFT SHOP\nSOKURI""}, {""title"": ""대표 키워드"", ""body"": ""선물가게기념품제주선물소품샵제주여행""}, {""title"": ""편의시설 및 서비스"", ""body"": ""남/녀 화장실 구분\n단체 이용 가능\n포장""}, {""title"": ""SNS"", ""body"": ""인스타그램\nhttps://www.instagram.com/sokuridamda\n알고 계신 정보와 다른 정보가 있나요?\n사진으로 간단하게 제보해 주세요.\n정보 수정 제안하기\n이용약관고객센터리뷰운영정책신고센터\n네이버""}]"
199,199,오투,쇼핑,"60,61호",,33.5131915,126.524426,064-722-1988,,,,지하상가,success,4_coord_close_auto,좌표 18m ≤ 80m,17.6,naver_place,https://map.naver.com/p/entry/place/1223843547,https://map.naver.com/p/entry/place/1223843547,https://pcmap.place.naver.com/place/1223843547/home,1223843547,오투,속옷,,,제주 제주시 일도일동 중앙로 60,제주 제주시 일도일동 1425-3,,054-722-1988,,33.5131838,126.5246152,,,,{},,,,,,,,,,,오투|속옷|제주 제주시 일도일동 중앙로 60|제주 제주시 일도일동 1425-3|054-722-1988|안내|방문 키워드 통계 그래프 예시입니다.|현재 9명 참여|10명 이상 참여하면|방문 키워드 통계가 공개됩니다!|최신순|전외경|팔로우|가성비가 좋아요|종류가 다양해요|친절해요|반응 남기기|방문일|24.2.13.화|2024년 2월 13일 화요일|1번째 방문|인증 수단|영수증|가로수77,"[""오투"", ""속옷"", ""제주 제주시 일도일동 중앙로 60"", ""제주 제주시 일도일동 1425-3"", ""054-722-1988"", ""안내"", ""방문 키워드 통계 그래프 예시입니다."", ""현재 9명 참여"", ""10명 이상 참여하면"", ""방문 키워드 통계가 공개됩니다!"", ""최신순"", ""전외경"", ""팔로우"", ""가성비가 좋아요"", ""종류가 다양해요"", ""친절해요"", ""반응 남기기"", ""방문일"", ""24.2.13.화"", ""2024년 2월 13일 화요일"", ""1번째 방문"", ""인증 수단"", ""영수증"", ""가로수77""]","{""name"": [""오투""], ""category"": [""속옷""], ""address"": [""제주 제주시 일도일동 중앙로 60"", ""제주 제주시 일도일동 1425-3""], ""phone"": [""054-722-1988""], ""visitor_keywords"": [""안내"", ""방문 키워드 통계 그래프 예시입니다."", ""현재 9명 참여"", ""10명 이상 참여하면"", ""방문 키워드 통계가 공개됩니다!"", ""최신순"", ""전외경"", ""팔로우"", ""가성비가 좋아요"", ""종류가 다양해요"", ""친절해요"", ""반응 남기기"", ""방문일"", ""24.2.13.화"", ""2024년 2월 13일 화요일"", ""1번째 방문"", ""인증 수단"", ""영수증"", ""가로수77""]}",오투 | 제주 오투,,,,"[""안내"", ""방문 키워드 통계 그래프 예시입니다."", ""현재 9명 참여"", ""10명 이상 참여하면"", ""방문 키워드 통계가 공개됩니다!"", ""최신순"", ""전외경"", ""팔로우"", ""가성비가 좋아요"", ""종류가 다양해요"", ""친절해요"", ""반응 남기기"", ""방문일"", ""24.2.13.화"", ""2024년 2월 13일 화요일"", ""1번째 방문"", ""인증 수단"", ""영수증"", ""가로수77""]","[{""title"": ""결제수단"", ""body"": ""제로페이\n알고 계신 정보와 다른 정보가 있나요?\n사진으로 간단하게 제보해 주세요.\n정보 수정 제안하기\n이용약관고객센터리뷰운영정책신고센터\n네이버""}]"
200,200,미샤,쇼핑,62~65호,,33.5131893,126.524496,064-758-6225,,https://naver.me/xlld06Af,,지하상가,success,1_naver_link,naver_link place_id=21718679,0.1,naver_place,https://map.naver.com/p/entry/place/21718679,https://map.naver.com/p/entry/place/21718679,https://pcmap.place.naver.com/place/21718679/home,21718679,미샤 제주지하상가점,"화장품,향수",,,제주 제주시 일도일동 중앙로 60 중앙지하상가,제주 제주시 일도일동 1425-3,,064-758-6225,,33.5131887,126.5244952,영업 중,영업 중,,{},영업 중,,,,,,,,,,"미샤 제주지하상가점|화장품,향수|제주 제주시 일도일동 중앙로 60 중앙지하상가|제주 제주시 일도일동 1425-3|064-758-6225|영업 중|가성비가 좋아요|종류가 다양해요|친절해요|품질이 좋아요|주차하기 편해요|특색 있는 제품이 많아요|매장이 넓어요","[""미샤 제주지하상가점"", ""화장품,향수"", ""제주 제주시 일도일동 중앙로 60 중앙지하상가"", ""제주 제주시 일도일동 1425-3"", ""064-758-6225"", ""영업 중"", ""가성비가 좋아요"", ""종류가 다양해요"", ""친절해요"", ""품질이 좋아요"", ""주차하기 편해요"", ""특색 있는 제품이 많아요"", ""매장이 넓어요""]","{""name"": [""미샤 제주지하상가점""], ""category"": [""화장품,향수""], ""address"": [""제주 제주시 일도일동 중앙로 60 중앙지하상가"", ""제주 제주시 일도일동 1425-3""], ""phone"": [""064-758-6225""], ""hours"": [""영업 중""], ""visitor_keywords"": [""가성비가 좋아요"", ""종류가 다양해요"", ""친절해요"", ""품질이 좋아요"", ""주차하기 편해요"", ""특색 있는 제품이 많아요"", ""매장이 넓어요""]}",https://naver.me/xlld06Af,,,,"[{""keyword"": ""가성비가 좋아요"", ""count"": ""11""}, {""keyword"": ""종류가 다양해요"", ""count"": ""6""}, {""keyword"": ""친절해요"", ""count"": ""4""}, {""keyword"": ""품질이 좋아요"", ""count"": ""3""}, {""keyword"": ""주차하기 편해요"", ""count"": ""1""}, {""keyword"": ""특색 있는 제품이 많아요"", ""count"": ""1""}, {""keyword"": ""매장이 넓어요"", ""count"": ""1""}]","[{""title"": ""대표 키워드"", ""body"": ""화장품메이크업미샤엠플선크림""}, {""title"": ""결제수단"", ""body"": ""제로페이\n알고 계신 정보와 다른 정보가 있나요?\n사진으로 간단하게 제보해 주세요.\n정보 수정 제안하기\n이용약관고객센터리뷰운영정책신고센터\n네이버""}]"
201,201,토니모리,쇼핑,"66,67호",,33.5131803,126.524576,064-755-1177,,,,지하상가,success,4_coord_close_auto,좌표 38m ≤ 80m,38.2,naver_place,https://map.naver.com/p/entry/place/12803533,https://map.naver.com/p/entry/place/12803533,https://pcmap.place.naver.com/place/12803533/home,12803533,토니모리 제주점,"화장품,향수",,,제주 제주시 일도일동 중앙로 60 중앙지하상가,제주 제주시 일도일동 1425-3,,064-755-1177,,33.512844,126.524493,영업 중,영업 중,,{},영업 중,,"토니모리 브랜드 스토리는 아름다운 마법의 숲 이라는 의미를 지니고 태어났습니다.
피부의 휴식, 피부의 프로방스, 피부의 아름다움을 지향하며 편안한 느낌으로 다가 가기를 희망하는 브랜드 입니다.",,,,,,,,"토니모리 제주점|화장품,향수|제주 제주시 일도일동 중앙로 60 중앙지하상가|제주 제주시 일도일동 1425-3|064-755-1177|영업 중|안내|방문 키워드 통계 그래프 예시입니다.|현재 5명 참여|10명 이상 참여하면|방문 키워드 통계가 공개됩니다!|4.5519개 평점(19명 참여)|최신순|앞으로5240|팔로우|사장님이 친절해서 좋아요|할인 들어간 제품을 살 때도|행사 중인 상품을 살 때도|샘플 꼭 챙겨주십니다|가성비가 좋아요|친절해요|분위기가 편안해요|시설이 깔끔해요|반응 남기기","[""토니모리 제주점"", ""화장품,향수"", ""제주 제주시 일도일동 중앙로 60 중앙지하상가"", ""제주 제주시 일도일동 1425-3"", ""064-755-1177"", ""영업 중"", ""안내"", ""방문 키워드 통계 그래프 예시입니다."", ""현재 5명 참여"", ""10명 이상 참여하면"", ""방문 키워드 통계가 공개됩니다!"", ""4.5519개 평점(19명 참여)"", ""최신순"", ""앞으로5240"", ""팔로우"", ""사장님이 친절해서 좋아요"", ""할인 들어간 제품을 살 때도"", ""행사 중인 상품을 살 때도"", ""샘플 꼭 챙겨주십니다"", ""가성비가 좋아요"", ""친절해요"", ""분위기가 편안해요"", ""시설이 깔끔해요"", ""반응 남기기""]","{""name"": [""토니모리 제주점""], ""category"": [""화장품,향수""], ""address"": [""제주 제주시 일도일동 중앙로 60 중앙지하상가"", ""제주 제주시 일도일동 1425-3""], ""phone"": [""064-755-1177""], ""hours"": [""영업 중""], ""visitor_keywords"": [""안내"", ""방문 키워드 통계 그래프 예시입니다."", ""현재 5명 참여"", ""10명 이상 참여하면"", ""방문 키워드 통계가 공개됩니다!"", ""4.5519개 평점(19명 참여)"", ""최신순"", ""앞으로5240"", ""팔로우"", ""사장님이 친절해서 좋아요"", ""할인 들어간 제품을 살 때도"", ""행사 중인 상품을 살 때도"", ""샘플 꼭 챙겨주십니다"", ""가성비가 좋아요"", ""친절해요"", ""분위기가 편안해요"", ""시설이 깔끔해요"", ""반응 남기기""]}",토니모리 | 제주 토니모리 | 토니모리 쇼핑 | 제주 토니모리 쇼핑,,,,"[""안내"", ""방문 키워드 통계 그래프 예시입니다."", ""현재 5명 참여"", ""10명 이상 참여하면"", ""방문 키워드 통계가 공개됩니다!"", ""4.5519개 평점(19명 참여)"", ""최신순"", ""앞으로5240"", ""팔로우"", ""사장님이 친절해서 좋아요"", ""할인 들어간 제품을 살 때도,"", ""행사 중인 상품을 살 때도"", ""샘플 꼭 챙겨주십니다"", ""가성비가 좋아요"", ""친절해요"", ""분위기가 편안해요"", ""시설이 깔끔해요"", ""반응 남기기""]","[{""title"": ""소개"", ""body"": ""토니모리 브랜드 스토리는 아름다운 마법의 숲 이라는 의미를 지니고 태어났습니다.\n피부의 휴식, 피부의 프로방스, 피부의 아름다움을 지향하며 편안한 느낌으로 다가 가기를 희망하는 브랜드 입니다.""}, {""title"": ""대표 키워드"", ""body"": ""화장품기초화장품색조화장품헤어제품바디제품""}, {""title"": ""결제수단"", ""body"": ""네이버페이""}, {""title"": ""SNS"", ""body"": ""홈페이지\nhttp://tonystreet.com\n알고 계신 정보와 다른 정보가 있나요?\n사진으로 간단하게 제보해 주세요.\n정보 수정 제안하기\n이용약관고객센터리뷰운영정책신고센터\n네이버""}]"
202,202,찐찐제주,쇼핑,"68,69,82~84호",,33.5131949,126.524686,064-753-4882,,,,지하상가,success,4_coord_close_auto,좌표 8m ≤ 80m,7.9,naver_place,https://map.naver.com/p/entry/place/2036936207,https://map.naver.com/p/entry/place/2036936207,https://pcmap.place.naver.com/place/2036936207/home,2036936207,찐찐 제주,"특산물,관광민예품",,,제주 제주시 중앙로 60 68호,제주 제주시 일도일동 1454-2,,,,33.5131361,126.5246376,영업 중,영업 중,,{},영업 중,간편결제,"지역화폐 (지류형)
지역화폐 (카드형)
지역화폐 (모바일형)
제로페이
간편결제
알고 계신 정보와 다른 정보가 있나요?
사진으로 간단하게 제보해 주세요.
정보 수정 제안하기
이용약관고객센터리뷰운영정책신고센터
네이버",,,,,,,,"찐찐 제주|특산물,관광민예품|제주 제주시 중앙로 60 68호|제주 제주시 일도일동 1454-2|영업 중|간편결제|안내|방문 키워드 통계 그래프 예시입니다.|현재 6명 참여|10명 이상 참여하면|방문 키워드 통계가 공개됩니다!|최신순|sexy pretty1004|팔로우|종류가 다양해요|아기자기해요|친절해요|선물하기 좋아요|추천을 잘해줘요|반응 남기기|방문일|1.2.금|2026년 1월 2일 금요일|1번째 방문|인증 수단","[""찐찐 제주"", ""특산물,관광민예품"", ""제주 제주시 중앙로 60 68호"", ""제주 제주시 일도일동 1454-2"", ""영업 중"", ""간편결제"", ""안내"", ""방문 키워드 통계 그래프 예시입니다."", ""현재 6명 참여"", ""10명 이상 참여하면"", ""방문 키워드 통계가 공개됩니다!"", ""최신순"", ""sexy pretty1004"", ""팔로우"", ""종류가 다양해요"", ""아기자기해요"", ""친절해요"", ""선물하기 좋아요"", ""추천을 잘해줘요"", ""반응 남기기"", ""방문일"", ""1.2.금"", ""2026년 1월 2일 금요일"", ""1번째 방문"", ""인증 수단""]","{""name"": [""찐찐 제주""], ""category"": [""특산물,관광민예품""], ""address"": [""제주 제주시 중앙로 60 68호"", ""제주 제주시 일도일동 1454-2""], ""hours"": [""영업 중""], ""conveniences"": [""간편결제""], ""visitor_keywords"": [""안내"", ""방문 키워드 통계 그래프 예시입니다."", ""현재 6명 참여"", ""10명 이상 참여하면"", ""방문 키워드 통계가 공개됩니다!"", ""최신순"", ""sexy pretty1004"", ""팔로우"", ""종류가 다양해요"", ""아기자기해요"", ""친절해요"", ""선물하기 좋아요"", ""추천을 잘해줘요"", ""반응 남기기"", ""방문일"", ""1.2.금"", ""2026년 1월 2일 금요일"", ""1번째 방문"", ""인증 수단""]}",찐찐제주 | 제주 찐찐제주 | 찐찐제주 쇼핑 | 제주 찐찐제주 쇼핑,,,,"[""안내"", ""방문 키워드 통계 그래프 예시입니다."", ""현재 6명 참여"", ""10명 이상 참여하면"", ""방문 키워드 통계가 공개됩니다!"", ""최신순"", ""sexy pretty1004"", ""팔로우"", ""종류가 다양해요"", ""아기자기해요"", ""친절해요"", ""선물하기 좋아요"", ""추천을 잘해줘요"", ""반응 남기기"", ""방문일"", ""1.2.금"", ""2026년 1월 2일 금요일"", ""1번째 방문"", ""인증 수단""]","[{""title"": ""대표 키워드"", ""body"": ""기념품특산품소품SouvenirLocalGoods""}, {""title"": ""결제수단"", ""body"": ""지역화폐 (지류형)\n지역화폐 (카드형)\n지역화폐 (모바일형)\n제로페이\n간편결제\n알고 계신 정보와 다른 정보가 있나요?\n사진으로 간단하게 제보해 주세요.\n정보 수정 제안하기\n이용약관고객센터리뷰운영정책신고센터\n네이버""}]"
203,203,링스,쇼핑,70~72호,,33.5131781,126.524753,064-727-6500,,,,지하상가,success,4_coord_close_auto,좌표 13m ≤ 80m,12.8,naver_place,https://map.naver.com/p/entry/place/1524651515,https://map.naver.com/p/entry/place/1524651515,https://pcmap.place.naver.com/place/1524651515/home,1524651515,링스스포츠,스포츠의류,,,제주 제주시 중앙로 60,제주 제주시 일도1동 1425-3,,064-727-6500,,33.5131839,126.5246153,,,,{},,,,,,,,,,,링스스포츠|스포츠의류|제주 제주시 중앙로 60|제주 제주시 일도1동 1425-3|064-727-6500|안내|방문 키워드 통계 그래프 예시입니다.|현재 8명 참여|10명 이상 참여하면|방문 키워드 통계가 공개됩니다!|3.6513개 평점(11명 참여)|최신순|qia****|팔로우|디자인도 독특해요~|품질이 좋아요|가성비가 좋아요|종류가 다양해요|반응 남기기|방문일|24.10.18.금|2024년 10월 18일 금요일|1번째 방문,"[""링스스포츠"", ""스포츠의류"", ""제주 제주시 중앙로 60"", ""제주 제주시 일도1동 1425-3"", ""064-727-6500"", ""안내"", ""방문 키워드 통계 그래프 예시입니다."", ""현재 8명 참여"", ""10명 이상 참여하면"", ""방문 키워드 통계가 공개됩니다!"", ""3.6513개 평점(11명 참여)"", ""최신순"", ""qia****"", ""팔로우"", ""디자인도 독특해요~"", ""품질이 좋아요"", ""가성비가 좋아요"", ""종류가 다양해요"", ""반응 남기기"", ""방문일"", ""24.10.18.금"", ""2024년 10월 18일 금요일"", ""1번째 방문""]","{""name"": [""링스스포츠""], ""category"": [""스포츠의류""], ""address"": [""제주 제주시 중앙로 60"", ""제주 제주시 일도1동 1425-3""], ""phone"": [""064-727-6500""], ""visitor_keywords"": [""안내"", ""방문 키워드 통계 그래프 예시입니다."", ""현재 8명 참여"", ""10명 이상 참여하면"", ""방문 키워드 통계가 공개됩니다!"", ""3.6513개 평점(11명 참여)"", ""최신순"", ""qia****"", ""팔로우"", ""디자인도 독특해요~"", ""품질이 좋아요"", ""가성비가 좋아요"", ""종류가 다양해요"", ""반응 남기기"", ""방문일"", ""24.10.18.금"", ""2024년 10월 18일 금요일"", ""1번째 방문""]}",링스 | 제주 링스 | 링스 쇼핑,,,,"[""안내"", ""방문 키워드 통계 그래프 예시입니다."", ""현재 8명 참여"", ""10명 이상 참여하면"", ""방문 키워드 통계가 공개됩니다!"", ""3.6513개 평점(11명 참여)"", ""최신순"", ""qia****"", ""팔로우"", ""디자인도 독특해요~"", ""품질이 좋아요"", ""가성비가 좋아요"", ""종류가 다양해요"", ""반응 남기기"", ""방문일"", ""24.10.18.금"", ""2024년 10월 18일 금요일"", ""1번째 방문""]","[{""title"": ""결제수단"", ""body"": ""제로페이\n알고 계신 정보와 다른 정보가 있나요?\n사진으로 간단하게 제보해 주세요.\n정보 수정 제안하기\n이용약관고객센터리뷰운영정책신고센터\n네이버""}]"
204,204,아리따움,쇼핑,73~75호,,33.5131747,126.524822,064-752-7771,,,,지하상가,success,4_coord_close_auto,좌표 52m ≤ 80m,52.5,naver_place,https://map.naver.com/p/entry/place/31315993,https://map.naver.com/p/entry/place/31315993,https://pcmap.place.naver.com/place/31315993/home,31315993,아리따움 제주중앙점,"화장품,향수",,,"제주 제주시 중앙로 60 중앙지하상가 73호, 74호, 75호",제주 제주시 일도일동 1454-2,,064-752-7771,,33.5128347,126.5244294,영업 중,영업 중,,{},영업 중,,"제로페이
네이버페이
알고 계신 정보와 다른 정보가 있나요?
사진으로 간단하게 제보해 주세요.
정보 수정 제안하기
이용약관고객센터리뷰운영정책신고센터
네이버",,,,,,,,"아리따움 제주중앙점|화장품,향수|제주 제주시 중앙로 60 중앙지하상가 73호, 74호, 75호|제주 제주시 일도일동 1454-2|064-752-7771|영업 중|안내|방문 키워드 통계 그래프 예시입니다.|현재 9명 참여|10명 이상 참여하면|방문 키워드 통계가 공개됩니다!|4.6173개 평점(34명 참여)|최신순|둘리4|팔로우|좋아요|친절해요|분위기가 편안해요|시설이 깔끔해요|반응 남기기|방문일|24.4.8.월|2024년 4월 8일 월요일|1번째 방문","[""아리따움 제주중앙점"", ""화장품,향수"", ""제주 제주시 중앙로 60 중앙지하상가 73호, 74호, 75호"", ""제주 제주시 일도일동 1454-2"", ""064-752-7771"", ""영업 중"", ""안내"", ""방문 키워드 통계 그래프 예시입니다."", ""현재 9명 참여"", ""10명 이상 참여하면"", ""방문 키워드 통계가 공개됩니다!"", ""4.6173개 평점(34명 참여)"", ""최신순"", ""둘리4"", ""팔로우"", ""좋아요"", ""친절해요"", ""분위기가 편안해요"", ""시설이 깔끔해요"", ""반응 남기기"", ""방문일"", ""24.4.8.월"", ""2024년 4월 8일 월요일"", ""1번째 방문""]","{""name"": [""아리따움 제주중앙점""], ""category"": [""화장품,향수""], ""address"": [""제주 제주시 중앙로 60 중앙지하상가 73호, 74호, 75호"", ""제주 제주시 일도일동 1454-2""], ""phone"": [""064-752-7771""], ""hours"": [""영업 중""], ""visitor_keywords"": [""안내"", ""방문 키워드 통계 그래프 예시입니다."", ""현재 9명 참여"", ""10명 이상 참여하면"", ""방문 키워드 통계가 공개됩니다!"", ""4.6173개 평점(34명 참여)"", ""최신순"", ""둘리4"", ""팔로우"", ""좋아요"", ""친절해요"", ""분위기가 편안해요"", ""시설이 깔끔해요"", ""반응 남기기"", ""방문일"", ""24.4.8.월"", ""2024년 4월 8일 월요일"", ""1번째 방문""]}",아리따움 | 제주 아리따움,,,,"[""안내"", ""방문 키워드 통계 그래프 예시입니다."", ""현재 9명 참여"", ""10명 이상 참여하면"", ""방문 키워드 통계가 공개됩니다!"", ""4.6173개 평점(34명 참여)"", ""최신순"", ""둘리4"", ""팔로우"", ""좋아요"", ""친절해요"", ""분위기가 편안해요"", ""시설이 깔끔해요"", ""반응 남기기"", ""방문일"", ""24.4.8.월"", ""2024년 4월 8일 월요일"", ""1번째 방문""]","[{""title"": ""대표 키워드"", ""body"": ""아리따움솔루션케어피부관리샘플마켓""}, {""title"": ""결제수단"", ""body"": ""제로페이\n네이버페이\n알고 계신 정보와 다른 정보가 있나요?\n사진으로 간단하게 제보해 주세요.\n정보 수정 제안하기\n이용약관고객센터리뷰운영정책신고센터\n네이버""}]"
205,205,모다,쇼핑,"76,77호",,33.5132027,126.524836,010-3696-8461,,,,지하상가,success,4_coord_close_auto,좌표 51m ≤ 80m,51.0,naver_place,https://map.naver.com/p/entry/place/31269517,https://map.naver.com/p/entry/place/31269517,https://pcmap.place.naver.com/place/31269517/home,31269517,모다,패션,,,"제주 제주시 일도일동 중앙로 60 제주중앙지하상가 76,77",제주 제주시 일도일동 1425-3,,064-758-9007,,33.512844,126.524493,,,,{},정보 수정,,,,,,,,,,"모다|패션|제주 제주시 일도일동 중앙로 60 제주중앙지하상가 76,77|제주 제주시 일도일동 1425-3|064-758-9007|품질이 좋아요|친절해요|가성비가 좋아요|종류가 다양해요","[""모다"", ""패션"", ""제주 제주시 일도일동 중앙로 60 제주중앙지하상가 76,77"", ""제주 제주시 일도일동 1425-3"", ""064-758-9007"", ""품질이 좋아요"", ""친절해요"", ""가성비가 좋아요"", ""종류가 다양해요""]","{""name"": [""모다""], ""category"": [""패션""], ""address"": [""제주 제주시 일도일동 중앙로 60 제주중앙지하상가 76,77"", ""제주 제주시 일도일동 1425-3""], ""phone"": [""064-758-9007""], ""visitor_keywords"": [""품질이 좋아요"", ""친절해요"", ""가성비가 좋아요"", ""종류가 다양해요""]}",모다 | 제주 모다,,,,"[{""keyword"": ""품질이 좋아요"", ""count"": ""6""}, {""keyword"": ""친절해요"", ""count"": ""5""}, {""keyword"": ""가성비가 좋아요"", ""count"": ""3""}, {""keyword"": ""종류가 다양해요"", ""count"": ""2""}]","[{""title"": ""결제수단"", ""body"": ""제로페이\n알고 계신 정보와 다른 정보가 있나요?\n사진으로 간단하게 제보해 주세요.\n정보 수정 제안하기\n이용약관고객센터리뷰운영정책신고센터\n네이버""}]"
206,206,마니,쇼핑,80호,,33.513206,126.524755,064-756-3310,,,,지하상가,fail,5_fail,매칭 실패,2372.8,naver_place,https://map.naver.com/p/entry/place/431877722,https://map.naver.com/p/entry/place/431877722,https://pcmap.place.naver.com/place/431877722/home,431877722,아구듬뿍&알곤마니 구제주점,음식점,,,제주 제주시 정든로5길 24,제주 제주시 이도이동 430-3,,064-725-9297,,33.4974919,126.5420696,,,,{},,,,,,,,,,,아구듬뿍&알곤마니 구제주점|음식점|제주 제주시 정든로5길 24|제주 제주시 이도이동 430-3|064-725-9297|안내|방문 키워드 통계 그래프 예시입니다.|현재 5명 참여|10명 이상 참여하면|방문 키워드 통계가 공개됩니다!|안심1|추천순|최신순|nzNOA12|팔로우|음식이 맛있어요|재료가 신선해요|양이 많아요|친절해요|매장이 청결해요|반응 남기기|방문일|24.8.13.화,"[""아구듬뿍&알곤마니 구제주점"", ""음식점"", ""제주 제주시 정든로5길 24"", ""제주 제주시 이도이동 430-3"", ""064-725-9297"", ""안내"", ""방문 키워드 통계 그래프 예시입니다."", ""현재 5명 참여"", ""10명 이상 참여하면"", ""방문 키워드 통계가 공개됩니다!"", ""안심1"", ""추천순"", ""최신순"", ""nzNOA12"", ""팔로우"", ""음식이 맛있어요"", ""재료가 신선해요"", ""양이 많아요"", ""친절해요"", ""매장이 청결해요"", ""반응 남기기"", ""방문일"", ""24.8.13.화""]","{""name"": [""아구듬뿍&알곤마니 구제주점""], ""category"": [""음식점""], ""address"": [""제주 제주시 정든로5길 24"", ""제주 제주시 이도이동 430-3""], ""phone"": [""064-725-9297""], ""visitor_keywords"": [""안내"", ""방문 키워드 통계 그래프 예시입니다."", ""현재 5명 참여"", ""10명 이상 참여하면"", ""방문 키워드 통계가 공개됩니다!"", ""안심1"", ""추천순"", ""최신순"", ""nzNOA12"", ""팔로우"", ""음식이 맛있어요"", ""재료가 신선해요"", ""양이 많아요"", ""친절해요"", ""매장이 청결해요"", ""반응 남기기"", ""방문일"", ""24.8.13.화""]}",마니 | 제주 마니,,,,"[""안내"", ""방문 키워드 통계 그래프 예시입니다."", ""현재 5명 참여"", ""10명 이상 참여하면"", ""방문 키워드 통계가 공개됩니다!"", ""메뉴"", ""안심1"", ""추천순"", ""최신순"", ""nzNOA12"", ""팔로우"", ""음식이 맛있어요"", ""재료가 신선해요"", ""양이 많아요"", ""친절해요"", ""매장이 청결해요"", ""반응 남기기"", ""방문일"", ""24.8.13.화""]",
207,207,제이디,쇼핑,81호,,33.5132072,126.524732,070-4211-6008,,,,지하상가,success,4_coord_close_auto,좌표 74m ≤ 80m,74.1,naver_place,https://map.naver.com/p/entry/place/31269529,https://map.naver.com/p/entry/place/31269529,https://pcmap.place.naver.com/place/31269529/home,31269529,J&D 제주중앙지하상가점,패션,,,제주 제주시 일도일동 중앙로 60 제주중앙지하상가 307,제주 제주시 일도일동 1425-3,,064-724-6244,,33.5131529,126.5239352,10:00 - 21:00,영업 중,,"{""매일"": {""open"": ""10:00 - 21:00""}}",영업 중 | 21:00에 영업 종료 | 21시 0분에 영업 종료 | 매일 | 10:00 - 21:00 | 접기,,"뚜르르르1
23.4.121번째 방문영수증
에뛰드 앞 미센스 여성의류집 면접 정장세트 50% 행사 적혀있어서 보여달라고 했더니, 옷에 먼지 다 붙어있고 바지는 없다고 . 비슷한 검정바지로 주셨어요~ 급하게 입어야되서 샀는데... 수선비는 현금으로 따로 달라 바지는 할인이 안된다 이래저래 말이 많더라구요... 그래도 수선하고 입겠다고 나중에 찾으러간다하고 갔는데 수선비가 비싸서 더 달라고 ㅡㅡ ㅋㅋㅋㅋㅋㅋㅋ 너무 짜증났네요 도민들이 왜 지하상가 안가는줄 알겠음 급해서 샀는데. 이제 앞으로 절대 안 갈 예정^^
수선화클로버
22.4.71번째 방문영수증
굿
mym****
22.4.71번째 방문영수증
굿
알고 계신 정보와 다른 정보가 있나요?
사진으로 간단하게 제보해 주세요.
정보 수정 제안하기
이용약관고객센터리뷰운영정책신고센터
네이버",,,,,,,,J&D 제주중앙지하상가점|패션|제주 제주시 일도일동 중앙로 60 제주중앙지하상가 307|제주 제주시 일도일동 1425-3|064-724-6244|10:00 - 21:00,"[""J&D 제주중앙지하상가점"", ""패션"", ""제주 제주시 일도일동 중앙로 60 제주중앙지하상가 307"", ""제주 제주시 일도일동 1425-3"", ""064-724-6244"", ""10:00 - 21:00""]","{""name"": [""J&D 제주중앙지하상가점""], ""category"": [""패션""], ""address"": [""제주 제주시 일도일동 중앙로 60 제주중앙지하상가 307"", ""제주 제주시 일도일동 1425-3""], ""phone"": [""064-724-6244""], ""hours"": [""10:00 - 21:00""]}",제이디 | 제주 제이디,,,,,"[{""title"": ""방문자 리뷰10"", ""body"": ""뚜르르르1\n23.4.121번째 방문영수증\n에뛰드 앞 미센스 여성의류집 면접 정장세트 50% 행사 적혀있어서 보여달라고 했더니, 옷에 먼지 다 붙어있고 바지는 없다고 . 비슷한 검정바지로 주셨어요~ 급하게 입어야되서 샀는데... 수선비는 현금으로 따로 달라 바지는 할인이 안된다 이래저래 말이 많더라구요... 그래도 수선하고 입겠다고 나중에 찾으러간다하고 갔는데 수선비가 비싸서 더 달라고 ㅡㅡ ㅋㅋㅋㅋㅋㅋㅋ 너무 짜증났네요 도민들이 왜 지하상가 안가는줄 알겠음 급해서 샀는데. 이제 앞으로 절대 안 갈 예정^^\n수선화클로버\n22.4.71번째 방문영수증\n굿\nmym****\n22.4.71번째 방문영수증\n굿\n알고 계신 정보와 다른 정보가 있나요?\n사진으로 간단하게 제보해 주세요.\n정보 수정 제안하기\n이용약관고객센터리뷰운영정책신고센터\n네이버""}]"
208,208,땅콩,쇼핑,85호,,33.5132128,126.524603,064-722-5835,,https://naver.me/GNJsWYhV,,지하상가,success,1_naver_link,naver_link place_id=31314899,0.1,naver_place,https://map.naver.com/p/entry/place/31314899,https://map.naver.com/p/entry/place/31314899,https://pcmap.place.naver.com/place/31314899/home,31314899,땅콩 제주중앙지하상가점,패션,,,제주 제주시 일도일동 중앙로 60 제주중앙지하상가 85,제주 제주시 일도일동 1425-3,,064-722-5835,,33.5132121,126.5246031,영업 중,영업 중,,{},영업 중,,,,,,,,,,땅콩 제주중앙지하상가점|패션|제주 제주시 일도일동 중앙로 60 제주중앙지하상가 85|제주 제주시 일도일동 1425-3|064-722-5835|영업 중|안내|방문 키워드 통계 그래프 예시입니다.|현재 9명 참여|10명 이상 참여하면|방문 키워드 통계가 공개됩니다!|최신순|spmadonna|팔로우|좋아요|품질이 좋아요|가성비가 좋아요|친절해요|반응 남기기|방문일|24.9.7.토|2024년 9월 7일 토요일|1번째 방문|인증 수단|영수증,"[""땅콩 제주중앙지하상가점"", ""패션"", ""제주 제주시 일도일동 중앙로 60 제주중앙지하상가 85"", ""제주 제주시 일도일동 1425-3"", ""064-722-5835"", ""영업 중"", ""안내"", ""방문 키워드 통계 그래프 예시입니다."", ""현재 9명 참여"", ""10명 이상 참여하면"", ""방문 키워드 통계가 공개됩니다!"", ""최신순"", ""spmadonna"", ""팔로우"", ""좋아요"", ""품질이 좋아요"", ""가성비가 좋아요"", ""친절해요"", ""반응 남기기"", ""방문일"", ""24.9.7.토"", ""2024년 9월 7일 토요일"", ""1번째 방문"", ""인증 수단"", ""영수증""]","{""name"": [""땅콩 제주중앙지하상가점""], ""category"": [""패션""], ""address"": [""제주 제주시 일도일동 중앙로 60 제주중앙지하상가 85"", ""제주 제주시 일도일동 1425-3""], ""phone"": [""064-722-5835""], ""hours"": [""영업 중""], ""visitor_keywords"": [""안내"", ""방문 키워드 통계 그래프 예시입니다."", ""현재 9명 참여"", ""10명 이상 참여하면"", ""방문 키워드 통계가 공개됩니다!"", ""최신순"", ""spmadonna"", ""팔로우"", ""좋아요"", ""품질이 좋아요"", ""가성비가 좋아요"", ""친절해요"", ""반응 남기기"", ""방문일"", ""24.9.7.토"", ""2024년 9월 7일 토요일"", ""1번째 방문"", ""인증 수단"", ""영수증""]}",https://naver.me/GNJsWYhV,,,,"[""안내"", ""방문 키워드 통계 그래프 예시입니다."", ""현재 9명 참여"", ""10명 이상 참여하면"", ""방문 키워드 통계가 공개됩니다!"", ""최신순"", ""spmadonna"", ""팔로우"", ""좋아요"", ""품질이 좋아요"", ""가성비가 좋아요"", ""친절해요"", ""반응 남기기"", ""방문일"", ""24.9.7.토"", ""2024년 9월 7일 토요일"", ""1번째 방문"", ""인증 수단"", ""영수증""]","[{""title"": ""결제수단"", ""body"": ""제로페이\n알고 계신 정보와 다른 정보가 있나요?\n사진으로 간단하게 제보해 주세요.\n정보 수정 제안하기\n이용약관고객센터리뷰운영정책신고센터\n네이버""}]"
209,209,나무자전거,쇼핑,87호,,33.5132251,126.524556,064-724-8668,,https://naver.me/FIcLflzF,,지하상가,success,1_naver_link,naver_link place_id=31269428,0.1,naver_place,https://map.naver.com/p/entry/place/31269428,https://map.naver.com/p/entry/place/31269428,https://pcmap.place.naver.com/place/31269428/home,31269428,나무자전거 제주중앙지하상가점,패션,,,제주 제주시 일도일동 중앙로 60 제주중앙지하상가 87,제주 제주시 일도일동 1425-3,,064-724-8668,,33.5132244,126.5245565,,,,{},정보 수정,,,,,,,,,,나무자전거 제주중앙지하상가점|패션|제주 제주시 일도일동 중앙로 60 제주중앙지하상가 87|제주 제주시 일도일동 1425-3|064-724-8668,"[""나무자전거 제주중앙지하상가점"", ""패션"", ""제주 제주시 일도일동 중앙로 60 제주중앙지하상가 87"", ""제주 제주시 일도일동 1425-3"", ""064-724-8668""]","{""name"": [""나무자전거 제주중앙지하상가점""], ""category"": [""패션""], ""address"": [""제주 제주시 일도일동 중앙로 60 제주중앙지하상가 87"", ""제주 제주시 일도일동 1425-3""], ""phone"": [""064-724-8668""]}",https://naver.me/FIcLflzF,,,,,"[{""title"": ""결제수단"", ""body"": ""제로페이\n알고 계신 정보와 다른 정보가 있나요?\n사진으로 간단하게 제보해 주세요.\n정보 수정 제안하기\n이용약관고객센터리뷰운영정책신고센터\n네이버""}]"
210,210,피치,쇼핑,88호,,33.5132105,126.524532,010-2697-5971,,,,지하상가,fail,5_fail,매칭 실패,1694.3,naver_place,https://map.naver.com/p/entry/place/2028340908,https://map.naver.com/p/entry/place/2028340908,https://pcmap.place.naver.com/place/2028340908/home,2028340908,꿀피치,피자,,돌판에서 즐기는 따뜻한 피자,제주 제주시 서광로32길 26 2층,제주 제주시 이도이동 1766-13,제주 시청 먹자골목 참닭갈비 2층,0507-1355-7333,https://www.instagram.com/kkul.pichi_jeju,33.4984321,126.5289806,월 18:00 - 18:20,오늘 휴무,,"{""목"": {""open"": ""정기휴무 (매주 목요일)""}, ""금"": {""open"": ""정기휴무 (매주 금요일)""}, ""토"": {""open"": ""정기휴무 (매주 토요일)""}, ""일"": {""open"": ""정기휴무 (매주 일요일)""}, ""월"": {""open"": ""18:00 - 18:20""}, ""화"": {""open"": ""정기휴무 (매주 화요일)""}, ""수"": {""open"": ""정기휴무 (매주 수요일)""}}",오늘 휴무 | 매주 목요일 휴무 | 매주 목요일 휴무 | 목 | 정기휴무 (매주 목요일) | 금 | 정기휴무 (매주 금요일) | 토 | 정기휴무 (매주 토요일) | 일 | 정기휴무 (매주 일요일) | 월 | 18:00 - 18:20 | 화 | 정기휴무 (매주 화요일) | 수 | 정기휴무 (매주 수요일) | 09/24-09/26 추석 연휴 휴무 | 접기,단체 이용 가능|포장|배달|예약|무선 인터넷|반려동물 동반,,,,,,,,돌판 피자&치킨 세트|피자 한판|치킨 한마리|하이볼|소주|생맥주|맥주|논알코올 맥주|모듬 오뎅탕|무뼈 닭발 떡볶이|매콤 치즈 무뼈 닭발|먹태구이|콘치즈|짜계치|치즈 불닭 볶음면|뚝빼기 치즈 스파게티|타꼬야끼|닭껍질 튀김|감자튀김,꿀피치|피자|제주 제주시 서광로32길 26 2층|제주 제주시 이도이동 1766-13|0507-1355-7333|월 18:00 - 18:20|돌판 피자&치킨 세트|피자 한판|치킨 한마리|하이볼|소주|생맥주|맥주|논알코올 맥주|모듬 오뎅탕|무뼈 닭발 떡볶이|매콤 치즈 무뼈 닭발|먹태구이|콘치즈|짜계치|치즈 불닭 볶음면|뚝빼기 치즈 스파게티|타꼬야끼|닭껍질 튀김|감자튀김|돌판에서 즐기는 따뜻한 피자|단체 이용 가능|포장|배달|무선 인터넷|반려동물 동반,"[""꿀피치"", ""피자"", ""제주 제주시 서광로32길 26 2층"", ""제주 제주시 이도이동 1766-13"", ""0507-1355-7333"", ""월 18:00 - 18:20"", ""돌판 피자&치킨 세트"", ""피자 한판"", ""치킨 한마리"", ""하이볼"", ""소주"", ""생맥주"", ""맥주"", ""논알코올 맥주"", ""모듬 오뎅탕"", ""무뼈 닭발 떡볶이"", ""매콤 치즈 무뼈 닭발"", ""먹태구이"", ""콘치즈"", ""짜계치"", ""치즈 불닭 볶음면"", ""뚝빼기 치즈 스파게티"", ""타꼬야끼"", ""닭껍질 튀김"", ""감자튀김"", ""돌판에서 즐기는 따뜻한 피자"", ""단체 이용 가능"", ""포장"", ""배달"", ""무선 인터넷"", ""반려동물 동반""]","{""name"": [""꿀피치""], ""category"": [""피자""], ""address"": [""제주 제주시 서광로32길 26 2층"", ""제주 제주시 이도이동 1766-13""], ""phone"": [""0507-1355-7333""], ""hours"": [""월 18:00 - 18:20""], ""menus"": [""돌판 피자&치킨 세트"", ""피자 한판"", ""치킨 한마리"", ""하이볼"", ""소주"", ""생맥주"", ""맥주"", ""논알코올 맥주"", ""모듬 오뎅탕"", ""무뼈 닭발 떡볶이"", ""매콤 치즈 무뼈 닭발"", ""먹태구이"", ""콘치즈"", ""짜계치"", ""치즈 불닭 볶음면"", ""뚝빼기 치즈 스파게티"", ""타꼬야끼"", ""닭껍질 튀김"", ""감자튀김""], ""slogan"": [""돌판에서 즐기는 따뜻한 피자""], ""conveniences"": [""단체 이용 가능"", ""포장"", ""배달"", ""무선 인터넷"", ""반려동물 동반""]}",피치 | 제주 피치,,,,,
211,211,보보,쇼핑,89호,,33.5132172,126.524509,064-753-3024,,,,지하상가,success,4_coord_close_auto,좌표 0m ≤ 80m,0.1,naver_place,https://map.naver.com/p/entry/place/20269423,https://map.naver.com/p/entry/place/20269423,https://pcmap.place.naver.com/place/20269423/home,20269423,보보 제주중앙지하상가점,패션,,,제주 제주시 일도일동 중앙로 60 제주중앙지하상가 89,제주 제주시 일도일동 1425-3,,064-753-3024,,33.5132164,126.524509,,,,{},정보 수정,,"y a m
23.9.141번째 방문영수증
굿굿
품질이 좋아요
oop****
22.12.231번째 방문영수증
좋아유
친절해요
kej****
22.8.71번째 방문영수증
종류가 다양함
알고 계신 정보와 다른 정보가 있나요?
사진으로 간단하게 제보해 주세요.
정보 수정 제안하기
이용약관고객센터리뷰운영정책신고센터
네이버",,,,,,,,보보 제주중앙지하상가점|패션|제주 제주시 일도일동 중앙로 60 제주중앙지하상가 89|제주 제주시 일도일동 1425-3|064-753-3024,"[""보보 제주중앙지하상가점"", ""패션"", ""제주 제주시 일도일동 중앙로 60 제주중앙지하상가 89"", ""제주 제주시 일도일동 1425-3"", ""064-753-3024""]","{""name"": [""보보 제주중앙지하상가점""], ""category"": [""패션""], ""address"": [""제주 제주시 일도일동 중앙로 60 제주중앙지하상가 89"", ""제주 제주시 일도일동 1425-3""], ""phone"": [""064-753-3024""]}",보보 | 제주 보보,,,,,"[{""title"": ""방문자 리뷰3"", ""body"": ""y a m\n23.9.141번째 방문영수증\n굿굿\n품질이 좋아요\noop****\n22.12.231번째 방문영수증\n좋아유\n친절해요\nkej****\n22.8.71번째 방문영수증\n종류가 다양함\n알고 계신 정보와 다른 정보가 있나요?\n사진으로 간단하게 제보해 주세요.\n정보 수정 제안하기\n이용약관고객센터리뷰운영정책신고센터\n네이버""}]"
212,212,까메오,쇼핑,91호,,33.5132183,126.524464,064-758-6760,,,,지하상가,success,4_coord_close_auto,좌표 13m ≤ 80m,12.6,naver_place,https://map.naver.com/p/entry/place/31269388,https://map.naver.com/p/entry/place/31269388,https://pcmap.place.naver.com/place/31269388/home,31269388,까메오 제주중앙지하상가점,패션,,,제주 제주시 일도일동 중앙로 60 제주중앙지하상가 122-2,제주 제주시 일도일동 1425-3,,064-758-6760,,33.5132895,126.5243586,,,,{},정보 수정,,,,,,,,,,까메오 제주중앙지하상가점|패션|제주 제주시 일도일동 중앙로 60 제주중앙지하상가 122-2|제주 제주시 일도일동 1425-3|064-758-6760,"[""까메오 제주중앙지하상가점"", ""패션"", ""제주 제주시 일도일동 중앙로 60 제주중앙지하상가 122-2"", ""제주 제주시 일도일동 1425-3"", ""064-758-6760""]","{""name"": [""까메오 제주중앙지하상가점""], ""category"": [""패션""], ""address"": [""제주 제주시 일도일동 중앙로 60 제주중앙지하상가 122-2"", ""제주 제주시 일도일동 1425-3""], ""phone"": [""064-758-6760""]}",까메오 | 제주 까메오 | 까메오 쇼핑 | 제주 까메오 쇼핑,,,,,"[{""title"": ""방문자 리뷰3"", ""body"": ""알고 계신 정보와 다른 정보가 있나요?\n사진으로 간단하게 제보해 주세요.\n정보 수정 제안하기\n이용약관고객센터리뷰운영정책신고센터\n네이버""}]"
213,213,앨리스,쇼핑,"92,93호",,33.5132217,126.524429,010-3668-8625,,,,지하상가,fail,5_fail,매칭 실패,1806.9,naver_place,https://map.naver.com/p/entry/place/31100783,https://map.naver.com/p/entry/place/31100783,https://pcmap.place.naver.com/place/31100783/home,31100783,앨리스 시청본점,"카페,디저트",,말차향 가득 고소한 오름치즈케익빙수,제주 제주시 서광로32길 36-1 2층,제주 제주시 이도이동 1188-15,근처 공영주차장)) 제주시 신성로10길9 맞은편,064-702-1179,http://instagram.com/jeju_alice,33.4975547,126.5296015,월 12:00 - 22:00,오늘 휴무,,"{""목"": {""open"": ""휴무""}, ""금"": {""open"": ""12:00 - 22:00""}, ""토"": {""open"": ""12:00 - 22:00""}, ""일"": {""open"": ""12:00 - 22:00""}, ""월"": {""open"": ""12:00 - 22:00""}, ""수"": {""open"": ""12:00 - 22:00""}}",오늘 휴무 | 09/10 휴무 | 09/10 휴무 | 목(9/10) | 휴무 | 금 | 12:00 - 22:00 | 토 | 12:00 - 22:00 | 일 | 12:00 - 22:00 | 월 | 12:00 - 22:00 | 화(9/15) | 정기휴무 (격주 화요일) | 수 | 12:00 - 22:00 | 격주 화요일 정기 휴무 | 09/24-09/25 휴무 | 접기,포장|무선 인터넷|남/녀 화장실 구분|배달|단체 이용 가능,,,,,,,,제주앨리스|제주애플망고오름빙수(2~3인시즌빙수)|메론오름빙수(2~3인 시즌빙수)|복숭아오름빙수(2~3인 시즌빙수)|제주말차오름빙수(2~3인)|제주말차오름치즈케익빙수(2~3인)|초코오름빙수 (2~3인)|백설오름빙수(2-3인)|인절미빙수(2~3인)|아메리카노|카페라떼|말차라떼|말차커피|말차카토,"앨리스 시청본점|카페,디저트|제주 제주시 서광로32길 36-1 2층|제주 제주시 이도이동 1188-15|064-702-1179|월 12:00 - 22:00|제주앨리스|제주애플망고오름빙수(2~3인시즌빙수)|메론오름빙수(2~3인 시즌빙수)|복숭아오름빙수(2~3인 시즌빙수)|제주말차오름빙수(2~3인)|제주말차오름치즈케익빙수(2~3인)|초코오름빙수 (2~3인)|백설오름빙수(2-3인)|인절미빙수(2~3인)|아메리카노|카페라떼|말차라떼|말차커피|말차카토|말차향 가득 고소한 오름치즈케익빙수|포장|무선 인터넷|남/녀 화장실 구분|배달|단체 이용 가능","[""앨리스 시청본점"", ""카페,디저트"", ""제주 제주시 서광로32길 36-1 2층"", ""제주 제주시 이도이동 1188-15"", ""064-702-1179"", ""월 12:00 - 22:00"", ""제주앨리스"", ""제주애플망고오름빙수(2~3인시즌빙수)"", ""메론오름빙수(2~3인 시즌빙수)"", ""복숭아오름빙수(2~3인 시즌빙수)"", ""제주말차오름빙수(2~3인)"", ""제주말차오름치즈케익빙수(2~3인)"", ""초코오름빙수 (2~3인)"", ""백설오름빙수(2-3인)"", ""인절미빙수(2~3인)"", ""아메리카노"", ""카페라떼"", ""말차라떼"", ""말차커피"", ""말차카토"", ""말차향 가득 고소한 오름치즈케익빙수"", ""포장"", ""무선 인터넷"", ""남/녀 화장실 구분"", ""배달"", ""단체 이용 가능""]","{""name"": [""앨리스 시청본점""], ""category"": [""카페,디저트""], ""address"": [""제주 제주시 서광로32길 36-1 2층"", ""제주 제주시 이도이동 1188-15""], ""phone"": [""064-702-1179""], ""hours"": [""월 12:00 - 22:00""], ""menus"": [""제주앨리스"", ""제주애플망고오름빙수(2~3인시즌빙수)"", ""메론오름빙수(2~3인 시즌빙수)"", ""복숭아오름빙수(2~3인 시즌빙수)"", ""제주말차오름빙수(2~3인)"", ""제주말차오름치즈케익빙수(2~3인)"", ""초코오름빙수 (2~3인)"", ""백설오름빙수(2-3인)"", ""인절미빙수(2~3인)"", ""아메리카노"", ""카페라떼"", ""말차라떼"", ""말차커피"", ""말차카토""], ""slogan"": [""말차향 가득 고소한 오름치즈케익빙수""], ""conveniences"": [""포장"", ""무선 인터넷"", ""남/녀 화장실 구분"", ""배달"", ""단체 이용 가능""]}",앨리스 | 제주 앨리스 | 앨리스 쇼핑,,,,,
214,214,바이(by). 올리브,쇼핑,"94,95호",,33.5132787,126.524474,010-5779-1066,,https://naver.me/xoGDHU3z,,지하상가,success,1_naver_link,naver_link place_id=31269422,2.4,naver_place,https://map.naver.com/p/entry/place/31269422,https://map.naver.com/p/entry/place/31269422,https://pcmap.place.naver.com/place/31269422/home,31269422,올리브데올리브 2제주중앙지하상가점,패션,,,제주 제주시 일도일동 중앙로 60 제주중앙지하상가 95,제주 제주시 일도일동 1425-3,,,,33.513263,126.5244921,,,,{},정보 수정,,"젊은꼰대엄마
8.21번째 방문영수증
무인이라서 좋았엉ㅎ 편안하게 쇼핑
가성비가 좋아요
굿모닝과 안모닝
22.11.11번째 방문영수증
깜박하고 못챙겨온 여행물품 사기에 적절한 장소예요. 프로모션도 많이하고 제품도 많아서 잘 이용했습니다.
종류가 다양해요
jinsung604
22.10.231번째 방문영수증
친절하네요~~
분위기가 편안해요
알고 계신 정보와 다른 정보가 있나요?
사진으로 간단하게 제보해 주세요.
정보 수정 제안하기
이용약관고객센터리뷰운영정책신고센터
네이버",,,,,,,,올리브데올리브 2제주중앙지하상가점|패션|제주 제주시 일도일동 중앙로 60 제주중앙지하상가 95|제주 제주시 일도일동 1425-3,"[""올리브데올리브 2제주중앙지하상가점"", ""패션"", ""제주 제주시 일도일동 중앙로 60 제주중앙지하상가 95"", ""제주 제주시 일도일동 1425-3""]","{""name"": [""올리브데올리브 2제주중앙지하상가점""], ""category"": [""패션""], ""address"": [""제주 제주시 일도일동 중앙로 60 제주중앙지하상가 95"", ""제주 제주시 일도일동 1425-3""]}",https://naver.me/xoGDHU3z,,,,,"[{""title"": ""방문자 리뷰12"", ""body"": ""젊은꼰대엄마\n8.21번째 방문영수증\n무인이라서 좋았엉ㅎ 편안하게 쇼핑\n가성비가 좋아요\n굿모닝과 안모닝\n22.11.11번째 방문영수증\n깜박하고 못챙겨온 여행물품 사기에 적절한 장소예요. 프로모션도 많이하고 제품도 많아서 잘 이용했습니다.\n종류가 다양해요\njinsung604\n22.10.231번째 방문영수증\n친절하네요~~\n분위기가 편안해요\n알고 계신 정보와 다른 정보가 있나요?\n사진으로 간단하게 제보해 주세요.\n정보 수정 제안하기\n이용약관고객센터리뷰운영정책신고센터\n네이버""}]"
215,215,티나,쇼핑,97호,,33.5132731,126.524537,010-3692-1016,,,,지하상가,success,2_address_match,주소일치(exact_or_contains) query=제주 티나 쇼핑,12.3,naver_place,https://map.naver.com/p/entry/place/1145171528,https://map.naver.com/p/entry/place/1145171528,https://pcmap.place.naver.com/place/1145171528/home,1145171528,티나,패션,,,제주 제주시 일도일동 중앙로 60 97호,제주 제주시 일도일동 1425-3,,,,33.5131838,126.5246152,,,,{},정보 수정,,,,,,,,,,티나|패션|제주 제주시 일도일동 중앙로 60 97호|제주 제주시 일도일동 1425-3,"[""티나"", ""패션"", ""제주 제주시 일도일동 중앙로 60 97호"", ""제주 제주시 일도일동 1425-3""]","{""name"": [""티나""], ""category"": [""패션""], ""address"": [""제주 제주시 일도일동 중앙로 60 97호"", ""제주 제주시 일도일동 1425-3""]}",티나 | 제주 티나 | 티나 쇼핑 | 제주 티나 쇼핑,,,,,"[{""title"": ""결제수단"", ""body"": ""제로페이\n알고 계신 정보와 다른 정보가 있나요?\n사진으로 간단하게 제보해 주세요.\n정보 수정 제안하기\n이용약관고객센터리뷰운영정책신고센터\n네이버""}]"
216,216,쇼룸,쇼핑,98호,,33.5132709,126.52456,010-2794-6424,,,,지하상가,success,4_coord_close_auto,좌표 0m ≤ 80m,0.1,naver_place,https://map.naver.com/p/entry/place/31269389,https://map.naver.com/p/entry/place/31269389,https://pcmap.place.naver.com/place/31269389/home,31269389,쇼룸 제주중앙지하상가점,패션,,,제주 제주시 일도일동 중앙로 60 제주중앙지하상가 98,제주 제주시 일도일동 1425-3,,064-724-6422,,33.5132716,126.52456,,,,{},정보 수정,,,,,,,,,,쇼룸 제주중앙지하상가점|패션|제주 제주시 일도일동 중앙로 60 제주중앙지하상가 98|제주 제주시 일도일동 1425-3|064-724-6422,"[""쇼룸 제주중앙지하상가점"", ""패션"", ""제주 제주시 일도일동 중앙로 60 제주중앙지하상가 98"", ""제주 제주시 일도일동 1425-3"", ""064-724-6422""]","{""name"": [""쇼룸 제주중앙지하상가점""], ""category"": [""패션""], ""address"": [""제주 제주시 일도일동 중앙로 60 제주중앙지하상가 98"", ""제주 제주시 일도일동 1425-3""], ""phone"": [""064-724-6422""]}",쇼룸 | 제주 쇼룸,,,,,
217,217,"보디가드,섹시쿠키",쇼핑,100호,,33.5132698,126.524613,010-5179-6612,,,,지하상가,fail,5_fail,매칭 실패,226199.0,naver_place,https://map.naver.com/p/entry/place/1002754048,https://map.naver.com/p/entry/place/1002754048,https://pcmap.place.naver.com/place/1002754048/home,1002754048,보디가드 섹시쿠키 사천점,속옷,,,경남 사천시 사천읍 수양로 43 1층 2호,경남 사천시 사천읍 정의리 338,,,,35.0833055,128.0905301,영업 중,영업 중,,{},영업 중,간편결제,,,,,,,,,보디가드 섹시쿠키 사천점|속옷|경남 사천시 사천읍 수양로 43 1층 2호|경남 사천시 사천읍 정의리 338|영업 중|간편결제|안내|방문 키워드 통계 그래프 예시입니다.|현재 4명 참여|10명 이상 참여하면|방문 키워드 통계가 공개됩니다!|최신순|도도한노구리|팔로우|📍매장 분위기|📍친절도|📍제품|📍이벤트|친절해요|선물하기 좋아요|품질이 좋아요|종류가 다양해요|트렌디해요|표정을 눌러 반응을 남겨 보세요!|반응 남기기,"[""보디가드 섹시쿠키 사천점"", ""속옷"", ""경남 사천시 사천읍 수양로 43 1층 2호"", ""경남 사천시 사천읍 정의리 338"", ""영업 중"", ""간편결제"", ""안내"", ""방문 키워드 통계 그래프 예시입니다."", ""현재 4명 참여"", ""10명 이상 참여하면"", ""방문 키워드 통계가 공개됩니다!"", ""최신순"", ""도도한노구리"", ""팔로우"", ""📍매장 분위기"", ""📍친절도"", ""📍제품"", ""📍이벤트"", ""친절해요"", ""선물하기 좋아요"", ""품질이 좋아요"", ""종류가 다양해요"", ""트렌디해요"", ""표정을 눌러 반응을 남겨 보세요!"", ""반응 남기기""]","{""name"": [""보디가드 섹시쿠키 사천점""], ""category"": [""속옷""], ""address"": [""경남 사천시 사천읍 수양로 43 1층 2호"", ""경남 사천시 사천읍 정의리 338""], ""hours"": [""영업 중""], ""conveniences"": [""간편결제""], ""visitor_keywords"": [""안내"", ""방문 키워드 통계 그래프 예시입니다."", ""현재 4명 참여"", ""10명 이상 참여하면"", ""방문 키워드 통계가 공개됩니다!"", ""최신순"", ""도도한노구리"", ""팔로우"", ""📍매장 분위기"", ""📍친절도"", ""📍제품"", ""📍이벤트"", ""친절해요"", ""선물하기 좋아요"", ""품질이 좋아요"", ""종류가 다양해요"", ""트렌디해요"", ""표정을 눌러 반응을 남겨 보세요!"", ""반응 남기기""]}","보디가드,섹시쿠키 | 제주 보디가드,섹시쿠키 | 보디가드,섹시쿠키 쇼핑 | 제주 보디가드,섹시쿠키 쇼핑",,,,"[""안내"", ""방문 키워드 통계 그래프 예시입니다."", ""현재 4명 참여"", ""10명 이상 참여하면"", ""방문 키워드 통계가 공개됩니다!"", ""최신순"", ""도도한노구리"", ""팔로우"", ""📍매장 분위기"", ""📍친절도"", ""📍제품"", ""📍이벤트"", ""친절해요"", ""선물하기 좋아요"", ""품질이 좋아요"", ""종류가 다양해요"", ""트렌디해요"", ""표정을 눌러 반응을 남겨 보세요!"", ""반응 남기기""]",
218,218,상상,쇼핑,"101,102호",,33.5132664,126.524678,010-4171-8119,,,,지하상가,success,4_coord_close_auto,좌표 11m ≤ 80m,10.9,naver_place,https://map.naver.com/p/entry/place/1552347095,https://map.naver.com/p/entry/place/1552347095,https://pcmap.place.naver.com/place/1552347095/home,1552347095,상상,패션,,,제주 제주시 일도일동 중앙로 60 중앙지하상가 101~102호,제주 제주시 일도일동 1425-3,,,,33.5131838,126.5246152,,,,{},정보 수정,,,,,,,,,,상상|패션|제주 제주시 일도일동 중앙로 60 중앙지하상가 101~102호|제주 제주시 일도일동 1425-3|제주맛집|제주함덕맛집|함덕맛집|함덕술집|함덕이자카야|제주이자카야|제주고등어봉초밥|고등어봉초밥맛집,"[""상상"", ""패션"", ""제주 제주시 일도일동 중앙로 60 중앙지하상가 101~102호"", ""제주 제주시 일도일동 1425-3"", ""제주맛집"", ""제주함덕맛집"", ""함덕맛집"", ""함덕술집"", ""함덕이자카야"", ""제주이자카야"", ""제주고등어봉초밥"", ""고등어봉초밥맛집""]","{""name"": [""상상""], ""category"": [""패션""], ""address"": [""제주 제주시 일도일동 중앙로 60 중앙지하상가 101~102호"", ""제주 제주시 일도일동 1425-3""], ""hashtags"": [""제주맛집"", ""제주함덕맛집"", ""함덕맛집"", ""함덕술집"", ""함덕이자카야"", ""제주이자카야"", ""제주고등어봉초밥"", ""고등어봉초밥맛집""], ""body_hashtags"": [""제주맛집"", ""제주함덕맛집"", ""함덕맛집"", ""함덕술집"", ""함덕이자카야"", ""제주이자카야"", ""제주고등어봉초밥"", ""고등어봉초밥맛집""]}",상상 | 제주 상상,,,,,"[{""title"": ""결제수단"", ""body"": ""제로페이\n알고 계신 정보와 다른 정보가 있나요?\n사진으로 간단하게 제보해 주세요.\n정보 수정 제안하기\n이용약관고객센터리뷰운영정책신고센터\n네이버""}]"
219,219,시크미,쇼핑,104호,,33.5132631,126.524736,010-2051-4480,,,,지하상가,fail,5_fail,매칭 실패,183015.0,naver_place,https://map.naver.com/p/entry/place/37577874,https://map.naver.com/p/entry/place/37577874,https://pcmap.place.naver.com/place/37577874/home,37577874,시크미,패션,,,전남광주 순천시 행금길 22,전남광주 순천시 행동 125-1,,,,34.9555145,127.4840074,,,,{},정보 수정,,,,,,,,,,시크미|패션|전남광주 순천시 행금길 22|전남광주 순천시 행동 125-1,"[""시크미"", ""패션"", ""전남광주 순천시 행금길 22"", ""전남광주 순천시 행동 125-1""]","{""name"": [""시크미""], ""category"": [""패션""], ""address"": [""전남광주 순천시 행금길 22"", ""전남광주 순천시 행동 125-1""]}",시크미 | 제주 시크미 | 시크미 쇼핑 | 제주 시크미 쇼핑,,,,,
220,220,여우꼬리,쇼핑,"108,109호",,33.5132888,126.52478,010-3690-0179,,,,지하상가,success,4_coord_close_auto,좌표 0m ≤ 80m,0.0,naver_place,https://map.naver.com/p/entry/place/31313566,https://map.naver.com/p/entry/place/31313566,https://pcmap.place.naver.com/place/31313566/home,31313566,여우꼬리 제주중앙지하상가점,보석전문,,,"제주 제주시 일도일동 중앙로 60 제주중앙지하상가 108,109",제주 제주시 일도일동 1425-3,,064-751-2232,,33.5132888,126.5247797,10:00 - 21:00,영업 중,,"{""매일"": {""open"": ""10:00 - 21:00""}}",영업 중 | 21:00에 영업 종료 | 21시 0분에 영업 종료 | 매일 | 10:00 - 21:00 | 접기,,"dhf****
23.5.211번째 방문영수증
굿
친절해요
알고 계신 정보와 다른 정보가 있나요?
사진으로 간단하게 제보해 주세요.
정보 수정 제안하기
이용약관고객센터리뷰운영정책신고센터
네이버",,,,,,,,"여우꼬리 제주중앙지하상가점|보석전문|제주 제주시 일도일동 중앙로 60 제주중앙지하상가 108,109|제주 제주시 일도일동 1425-3|064-751-2232|10:00 - 21:00","[""여우꼬리 제주중앙지하상가점"", ""보석전문"", ""제주 제주시 일도일동 중앙로 60 제주중앙지하상가 108,109"", ""제주 제주시 일도일동 1425-3"", ""064-751-2232"", ""10:00 - 21:00""]","{""name"": [""여우꼬리 제주중앙지하상가점""], ""category"": [""보석전문""], ""address"": [""제주 제주시 일도일동 중앙로 60 제주중앙지하상가 108,109"", ""제주 제주시 일도일동 1425-3""], ""phone"": [""064-751-2232""], ""hours"": [""10:00 - 21:00""]}",여우꼬리 | 제주 여우꼬리 | 여우꼬리 쇼핑 | 제주 여우꼬리 쇼핑,,,,,"[{""title"": ""방문자 리뷰5"", ""body"": ""dhf****\n23.5.211번째 방문영수증\n굿\n친절해요\n알고 계신 정보와 다른 정보가 있나요?\n사진으로 간단하게 제보해 주세요.\n정보 수정 제안하기\n이용약관고객센터리뷰운영정책신고센터\n네이버""}]"
221,221,제주신협,기타,"111,112호",,33.5132921,126.524701,064-752-5101,,,,지하상가,needs_confirm,4_coord_near_confirm,좌표 211m ≤ 250m → 확인 필요,211.0,naver_place,https://map.naver.com/p/entry/place/11882652,https://map.naver.com/p/entry/place/11882652,https://pcmap.place.naver.com/place/11882652/home,11882652,제주신협제주신협 동문지점,신용조합,,,제주 제주시 동문로 4,제주 제주시 일도일동 1479-1,제주동문재래시장 3번 출입구 옆,064-752-5101,http://jejucu.co.kr/,33.5129414,126.5269382,월 09:00 - 17:00,영업 중,,"{""목"": {""open"": ""09:00 - 17:00""}, ""금"": {""open"": ""09:00 - 17:00""}, ""토"": {""open"": ""정기휴무 (매주 토요일)""}, ""일"": {""open"": ""정기휴무 (매주 일요일)""}, ""월"": {""open"": ""09:00 - 17:00""}, ""화"": {""open"": ""09:00 - 17:00""}, ""수"": {""open"": ""09:00 - 17:00""}}",영업 중 | 17:00에 영업 종료 | 17시 0분에 영업 종료 | 목 | 09:00 - 17:00 | 금 | 09:00 - 17:00 | 토 | 정기휴무 (매주 토요일) | 일 | 정기휴무 (매주 일요일) | 월 | 09:00 - 17:00 | 화 | 09:00 - 17:00 | 수 | 09:00 - 17:00 | 09/24-09/26 추석 연휴 휴무 | 접기,,제주도의 대표적인 서민 금융기관 제주신협 동문지점입니다.,,,,,,,,제주신협제주신협 동문지점|신용조합|제주 제주시 동문로 4|제주 제주시 일도일동 1479-1|064-752-5101|월 09:00 - 17:00,"[""제주신협제주신협 동문지점"", ""신용조합"", ""제주 제주시 동문로 4"", ""제주 제주시 일도일동 1479-1"", ""064-752-5101"", ""월 09:00 - 17:00""]","{""name"": [""제주신협제주신협 동문지점""], ""category"": [""신용조합""], ""address"": [""제주 제주시 동문로 4"", ""제주 제주시 일도일동 1479-1""], ""phone"": [""064-752-5101""], ""hours"": [""월 09:00 - 17:00""]}",제주신협 | 제주 제주신협,,,,,"[{""title"": ""소개"", ""body"": ""제주도의 대표적인 서민 금융기관 제주신협 동문지점입니다.""}, {""title"": ""대표 키워드"", ""body"": ""금융서비스예금적금제주""}, {""title"": ""결제수단"", ""body"": ""지역화폐 (카드형)\n지역화폐 (지류형)\n지역화폐 (모바일형)""}, {""title"": ""SNS"", ""body"": ""홈페이지\nhttp://jejucu.co.kr/\n인스타그램\n인스타그램\n알고 계신 정보와 다른 정보가 있나요?\n사진으로 간단하게 제보해 주세요.\n정보 수정 제안하기\n이용약관고객센터리뷰운영정책신고센터\n네이버""}]"
222,222,예스,쇼핑,113호,,33.5133056,126.524665,010-5354-2821,,,,지하상가,fail,5_fail,매칭 실패,3153.0,naver_place,https://map.naver.com/p/entry/place/1565615721,https://map.naver.com/p/entry/place/1565615721,https://pcmap.place.naver.com/place/1565615721/home,1565615721,예스예스커피,"카페,디저트",,지인과 함께 즐기는 특별한 커피 경험,제주 제주시 구남동8길 26 1층,제주 제주시 이도이동 2015-24,,0507-1325-3475,http://instagram.com/yesyes_coffeelab,33.4871108,126.5376849,월 10:00 - 19:00,영업 중,,"{""목"": {""open"": ""10:00 - 19:00""}, ""금"": {""open"": ""10:00 - 19:00""}, ""토"": {""open"": ""12:00 - 17:00""}, ""일"": {""open"": ""정기휴무 (매주 일요일)""}, ""월"": {""open"": ""10:00 - 19:00""}, ""화"": {""open"": ""10:00 - 19:00""}, ""수"": {""open"": ""10:00 - 19:00""}}",영업 중 | 19:00에 영업 종료 | 19시 0분에 영업 종료 | 목 | 10:00 - 19:00 | 금 | 10:00 - 19:00 | 토 | 12:00 - 17:00 | 일 | 정기휴무 (매주 일요일) | 월 | 10:00 - 19:00 | 화 | 10:00 - 19:00 | 수 | 10:00 - 19:00 | 09/24-09/26 추석 연휴 휴무 | 접기,무선 인터넷|예약|포장|단체 이용 가능|방문접수/출장|반려동물 동반|주차,,,,,,,,브루잉(핸드드립)-콩가 아메데라로|브루잉(핸드드립)-엘디비소 시드라|브루잉(핸드드립)-문도노보|브루잉(핸드드립)-디카페인/포파얀|브루잉(핸드드립)-코케허니|브루잉(핸드드립)-엘곤AA|브루잉(핸드드립)-후에후에테낭고|드립백(벌크)-10EA(블렌드A/B)|드립백-1EA(싱글오리진)|원두200g-싱글오리진|원두250g-블랜드A or B|원두 2 Pack|원두 4 Pack|아메리카노 A or B|카페라떼|바닐라라떼|생과일 주스(품절)|클렌즈 주스(품절)|초컬릿라떼|피스타치오라떼|복숭아블랙티(iced)|복숭아요거트스무디|블루베리요거트스무디|루이보스|티라미예쓰(품절)|엄마팥 빙수(품절),"예스예스커피|카페,디저트|제주 제주시 구남동8길 26 1층|제주 제주시 이도이동 2015-24|0507-1325-3475|월 10:00 - 19:00|브루잉(핸드드립)-콩가 아메데라로|브루잉(핸드드립)-엘디비소 시드라|브루잉(핸드드립)-문도노보|브루잉(핸드드립)-디카페인/포파얀|브루잉(핸드드립)-코케허니|브루잉(핸드드립)-엘곤AA|브루잉(핸드드립)-후에후에테낭고|드립백(벌크)-10EA(블렌드A/B)|드립백-1EA(싱글오리진)|원두200g-싱글오리진|원두250g-블랜드A or B|원두 2 Pack|원두 4 Pack|아메리카노 A or B|카페라떼|바닐라라떼|생과일 주스(품절)|클렌즈 주스(품절)|초컬릿라떼|피스타치오라떼|복숭아블랙티(iced)|복숭아요거트스무디|블루베리요거트스무디|루이보스|티라미예쓰(품절)|엄마팥 빙수(품절)|지인과 함께 즐기는 특별한 커피 경험|무선 인터넷|포장|단체 이용 가능|방문접수/출장|반려동물 동반|주차","[""예스예스커피"", ""카페,디저트"", ""제주 제주시 구남동8길 26 1층"", ""제주 제주시 이도이동 2015-24"", ""0507-1325-3475"", ""월 10:00 - 19:00"", ""브루잉(핸드드립)-콩가 아메데라로"", ""브루잉(핸드드립)-엘디비소 시드라"", ""브루잉(핸드드립)-문도노보"", ""브루잉(핸드드립)-디카페인/포파얀"", ""브루잉(핸드드립)-코케허니"", ""브루잉(핸드드립)-엘곤AA"", ""브루잉(핸드드립)-후에후에테낭고"", ""드립백(벌크)-10EA(블렌드A/B)"", ""드립백-1EA(싱글오리진)"", ""원두200g-싱글오리진"", ""원두250g-블랜드A or B"", ""원두 2 Pack"", ""원두 4 Pack"", ""아메리카노 A or B"", ""카페라떼"", ""바닐라라떼"", ""생과일 주스(품절)"", ""클렌즈 주스(품절)"", ""초컬릿라떼"", ""피스타치오라떼"", ""복숭아블랙티(iced)"", ""복숭아요거트스무디"", ""블루베리요거트스무디"", ""루이보스"", ""티라미예쓰(품절)"", ""엄마팥 빙수(품절)"", ""지인과 함께 즐기는 특별한 커피 경험"", ""무선 인터넷"", ""포장"", ""단체 이용 가능"", ""방문접수/출장"", ""반려동물 동반"", ""주차""]","{""name"": [""예스예스커피""], ""category"": [""카페,디저트""], ""address"": [""제주 제주시 구남동8길 26 1층"", ""제주 제주시 이도이동 2015-24""], ""phone"": [""0507-1325-3475""], ""hours"": [""월 10:00 - 19:00""], ""menus"": [""브루잉(핸드드립)-콩가 아메데라로"", ""브루잉(핸드드립)-엘디비소 시드라"", ""브루잉(핸드드립)-문도노보"", ""브루잉(핸드드립)-디카페인/포파얀"", ""브루잉(핸드드립)-코케허니"", ""브루잉(핸드드립)-엘곤AA"", ""브루잉(핸드드립)-후에후에테낭고"", ""드립백(벌크)-10EA(블렌드A/B)"", ""드립백-1EA(싱글오리진)"", ""원두200g-싱글오리진"", ""원두250g-블랜드A or B"", ""원두 2 Pack"", ""원두 4 Pack"", ""아메리카노 A or B"", ""카페라떼"", ""바닐라라떼"", ""생과일 주스(품절)"", ""클렌즈 주스(품절)"", ""초컬릿라떼"", ""피스타치오라떼"", ""복숭아블랙티(iced)"", ""복숭아요거트스무디"", ""블루베리요거트스무디"", ""루이보스"", ""티라미예쓰(품절)"", ""엄마팥 빙수(품절)""], ""slogan"": [""지인과 함께 즐기는 특별한 커피 경험""], ""conveniences"": [""무선 인터넷"", ""포장"", ""단체 이용 가능"", ""방문접수/출장"", ""반려동물 동반"", ""주차""]}",예스 | 제주 예스,,,,,
223,223,리틀밥독,쇼핑,114호,,33.5132966,126.524608,064-755-1896,,,,지하상가,success,2_address_match,주소일치(exact_or_contains) query=리틀밥독,12.5,naver_place,https://map.naver.com/p/entry/place/1274991121,https://map.naver.com/p/entry/place/1274991121,https://pcmap.place.naver.com/place/1274991121/home,1274991121,리틀밥독 제주중앙점,유아동복,,,제주 제주시 중앙로 60 지하 114호,제주 제주시 일도일동 1426-5,,064-755-1896,,33.5131839,126.5246153,,,,{},,,"안내
방문 키워드 통계 그래프 예시입니다.
현재 7명 참여
10명 이상 참여하면
방문 키워드 통계가 공개됩니다!
4.2924개 평점(24명 참여)
안내",,,,,,,,리틀밥독 제주중앙점|유아동복|제주 제주시 중앙로 60 지하 114호|제주 제주시 일도일동 1426-5|064-755-1896|안내|방문 키워드 통계 그래프 예시입니다.|현재 7명 참여|10명 이상 참여하면|방문 키워드 통계가 공개됩니다!|4.2924개 평점(24명 참여)|최신순|마이제주이야기|팔로우|친절해요|스타일 추천을 잘해줘요|가성비가 좋아요|반응 남기기|방문일|23.2.3.금|2023년 2월 3일 금요일|1번째 방문|인증 수단,"[""리틀밥독 제주중앙점"", ""유아동복"", ""제주 제주시 중앙로 60 지하 114호"", ""제주 제주시 일도일동 1426-5"", ""064-755-1896"", ""안내"", ""방문 키워드 통계 그래프 예시입니다."", ""현재 7명 참여"", ""10명 이상 참여하면"", ""방문 키워드 통계가 공개됩니다!"", ""4.2924개 평점(24명 참여)"", ""최신순"", ""마이제주이야기"", ""팔로우"", ""친절해요"", ""스타일 추천을 잘해줘요"", ""가성비가 좋아요"", ""반응 남기기"", ""방문일"", ""23.2.3.금"", ""2023년 2월 3일 금요일"", ""1번째 방문"", ""인증 수단""]","{""name"": [""리틀밥독 제주중앙점""], ""category"": [""유아동복""], ""address"": [""제주 제주시 중앙로 60 지하 114호"", ""제주 제주시 일도일동 1426-5""], ""phone"": [""064-755-1896""], ""visitor_keywords"": [""안내"", ""방문 키워드 통계 그래프 예시입니다."", ""현재 7명 참여"", ""10명 이상 참여하면"", ""방문 키워드 통계가 공개됩니다!"", ""4.2924개 평점(24명 참여)"", ""최신순"", ""마이제주이야기"", ""팔로우"", ""친절해요"", ""스타일 추천을 잘해줘요"", ""가성비가 좋아요"", ""반응 남기기"", ""방문일"", ""23.2.3.금"", ""2023년 2월 3일 금요일"", ""1번째 방문"", ""인증 수단""]}",리틀밥독,,,,"[""안내"", ""방문 키워드 통계 그래프 예시입니다."", ""현재 7명 참여"", ""10명 이상 참여하면"", ""방문 키워드 통계가 공개됩니다!"", ""4.2924개 평점(24명 참여)"", ""최신순"", ""마이제주이야기"", ""팔로우"", ""친절해요"", ""스타일 추천을 잘해줘요"", ""가성비가 좋아요"", ""반응 남기기"", ""방문일"", ""23.2.3.금"", ""2023년 2월 3일 금요일"", ""1번째 방문"", ""인증 수단""]","[{""title"": ""이런 점이 좋았어요"", ""body"": ""안내\n방문 키워드 통계 그래프 예시입니다.\n현재 7명 참여\n10명 이상 참여하면\n방문 키워드 통계가 공개됩니다!\n4.2924개 평점(24명 참여)\n안내""}, {""title"": ""리뷰15"", ""body"": ""안내\n사진/영상 리뷰만\n최신순\n리뷰 제공 기준\n리뷰 클렌징 시스템 작동중입니다\n마이제주이야기\n리뷰 436사진 1,531팔로워 35테마 1\n팔로우\n제주 중앙로 지하상가에 있는 아동복 매장입니다. 요청하니 할인상품 위주로 추천해주셔서 좋았어요.\n친절해요\n스타일 추천을 잘해줘요\n가성비가 좋아요\n반응 남기기\n방문일\n23.2.3.금\n2023년 2월 3일 금요일\n1번째 방문\n인증 수단\n결제내역\nyiya0224\n리뷰 447사진 3\n팔로우\n예뻐요\n품질이 좋아요\n반응 남기기\n방문일\n24.5.18.토\n2024년 5월 18일 토요일\n2번째 방문\n인증 수단\n영수증\n체리01\n리뷰 67사진 2\n팔로우\n좋아요\n종류가 다양해요\n품질이 좋아요\n반응 남기기\n방문일\n23.1.19.목\n2023년 1월 19일 목요일\n2번째 방문\n인증 수단\n영수증\nsun****\n리뷰 1,331사진 23\n팔로우\n굿\n친절해요\n반응 남기기\n방문일\n22.11.26.토\n2022년 11월 26일 토요일\n2번째 방문\n인증 수단\n영수증\ndnw****\n리뷰 1,658팔로워 3\n팔로우\n좋아요\n반응 남기기\n방문일\n22.8.28.일\n2022년 8월 28일 일요일\n1번째 방문\n인증 수단\n영수증\n해바라기45\n리뷰 145사진 15\n팔로우\n예쁜옷이많아요\n반응 남기기\n방문일\n22.8.27.토\n2022년 8월 27일 토요일\n2번째 방문\n인증 수단\n영수증\nsun****\n리뷰 1,331사진 23\n팔로우\n굿\n반응 남기기\n방문일\n22.5.13.금\n2022년 5월 13일 금요일\n1번째 방문\n인증 수단\n영수증\nlionmagnus\n리뷰 223사진 55팔로워 1\n팔로우\n아이옷 사기 좋아요~\n반응 남기기\n방문일\n22.4.4.월\n2022년 4월 4일 월요일\n1번째 방문\n인증 수단\n영수증\nask****\n리뷰 39사진 5\n팔로우\n친절합니다\n반응 남기기\n방문일\n22.2.26.토\n2022년 2월 26일 토요일\n1번째 방문\n인증 수단\n영수증\n김희선1459\n리뷰 147사진 5팔로워 14\n팔로우\n별점\n5\n점\n좋아요\n반응 남기기\n방문일\n21.9.8.수\n2021년 9월 8일 수요일\n1번째 방문\n인증 수단\n영수증\n펼쳐서 더보기""}, {""title"": ""키워드·별점 리뷰22"", ""body"": ""rhr****\n리뷰 676\n팔로우\n가성비가 좋아요\n분위기가 편안해요\n반응 남기기\n방문일\n23.11.12.일\n2023년 11월 12일 일요일\n1번째 방문\n인증 수단\n영수증\nyiya0224\n리뷰 447사진 3\n팔로우\n친절해요\n반응 남기기\n방문일\n23.4.1.토\n2023년 4월 1일 토요일\n1번째 방문\n인증 수단\n영수증\n바람개비2\n리뷰 129사진 87\n팔로우\n가성비가 좋아요\n품질이 좋아요\n반응 남기기\n방문일\n23.1.25.수\n2023년 1월 25일 수요일\n1번째 방문\n인증 수단\n영수증\njj02533059\n리뷰 566사진 9\n팔로우\n친절해요\n반응 남기기\n방문일\n22.12.7.수\n2022년 12월 7일 수요일\n1번째 방문\n인증 수단\n영수증\n동글동글35\n리뷰 627사진 377\n팔로우\n별점\n5\n점\n반응 남기기\n방문일\n21.10.2.토\n2021년 10월 2일 토요일\n1번째 방문\n인증 수단\n영수증\n행복한투덜이다\n리뷰 829사진 428팔로워 32\n팔로우\n별점\n5\n점\n반응 남기기\n방문일\n21.9.12.일\n2021년 9월 12일 일요일\n1번째 방문\n인증 수단\n영수증\n정용택90\n리뷰 74\n팔로우\n별점\n3\n점\n반응 남기기\n방문일\n21.4.8.목\n2021년 4월 8일 목요일\n1번째 방문\n인증 수단\n영수증\n비처럼 음악처럼\n리뷰 1,471사진 15\n팔로우\n별점\n4\n점\n반응 남기기\n방문일\n21.4.6.화\n2021년 4월 6일 화요일\n1번째 방문\n인증 수단\n영수증\n하울33\n리뷰 884사진 1\n팔로우\n별점\n4\n점\n반응 남기기\n방문일\n21.4.4.일\n2021년 4월 4일 일요일\n1번째 방문\n인증 수단\n영수증\nsilruan\n리뷰 256사진 33팔로워 2\n팔로우\n별점\n5\n점\n반응 남기기\n방문일\n21.3.28.일\n2021년 3월 28일 일요일\n1번째 방문\n인증 수단\n영수증\n펼쳐서 더보기\n이용약관고객센터리뷰운영정책신고센터\n네이버""}]"
224,224,엘,쇼핑,117호,,33.5133,126.524539,064-757-0705,,,,지하상가,success,4_coord_close_auto,좌표 51m ≤ 80m,50.9,naver_place,https://map.naver.com/p/entry/place/38571833,https://map.naver.com/p/entry/place/38571833,https://pcmap.place.naver.com/place/38571833/home,38571833,엘,패션,,,제주 제주시 일도일동 중앙로 60 중앙지하상가,제주 제주시 일도일동 1425-3,,,,33.512844,126.524493,,,,{},정보 수정,,,,,,,,,,엘|패션|제주 제주시 일도일동 중앙로 60 중앙지하상가|제주 제주시 일도일동 1425-3,"[""엘"", ""패션"", ""제주 제주시 일도일동 중앙로 60 중앙지하상가"", ""제주 제주시 일도일동 1425-3""]","{""name"": [""엘""], ""category"": [""패션""], ""address"": [""제주 제주시 일도일동 중앙로 60 중앙지하상가"", ""제주 제주시 일도일동 1425-3""]}",엘 | 제주 엘 | 엘 쇼핑,,,,,"[{""title"": ""결제수단"", ""body"": ""제로페이\n알고 계신 정보와 다른 정보가 있나요?\n사진으로 간단하게 제보해 주세요.\n정보 수정 제안하기\n이용약관고객센터리뷰운영정책신고센터\n네이버""}]"
225,225,시부야,쇼핑,118호,,33.5133089,126.524516,010-5503-1876,,,,지하상가,success,4_coord_close_auto,좌표 19m ≤ 80m,18.9,naver_place,https://map.naver.com/p/entry/place/31269490,https://map.naver.com/p/entry/place/31269490,https://pcmap.place.naver.com/place/31269490/home,31269490,시부야 제주중앙지하상가점,패션,,,제주 제주시 일도일동 중앙로 60 제주중앙지하상가 103,제주 제주시 일도일동 1425-3,,064-725-1423,,33.5132564,126.5247094,,,,{},정보 수정,,,,,,,,,,시부야 제주중앙지하상가점|패션|제주 제주시 일도일동 중앙로 60 제주중앙지하상가 103|제주 제주시 일도일동 1425-3|064-725-1423,"[""시부야 제주중앙지하상가점"", ""패션"", ""제주 제주시 일도일동 중앙로 60 제주중앙지하상가 103"", ""제주 제주시 일도일동 1425-3"", ""064-725-1423""]","{""name"": [""시부야 제주중앙지하상가점""], ""category"": [""패션""], ""address"": [""제주 제주시 일도일동 중앙로 60 제주중앙지하상가 103"", ""제주 제주시 일도일동 1425-3""], ""phone"": [""064-725-1423""]}",시부야 | 제주 시부야 | 시부야 쇼핑 | 제주 시부야 쇼핑,,,,,"[{""title"": ""결제수단"", ""body"": ""제로페이\n알고 계신 정보와 다른 정보가 있나요?\n사진으로 간단하게 제보해 주세요.\n정보 수정 제안하기\n이용약관고객센터리뷰운영정책신고센터\n네이버""}]"
226,226,그림같은 집,쇼핑,119호,,33.5132966,126.524494,010-5503-1876,,,,지하상가,success,2_address_match,주소일치(exact_or_contains) query=그림같은 집,20.0,naver_place,https://map.naver.com/p/entry/place/1287133346,https://map.naver.com/p/entry/place/1287133346,https://pcmap.place.naver.com/place/1287133346/home,1287133346,그림같은집,"침구류,직물",,,제주 제주시 일도일동 중앙로 60 중앙지하상가 119호,제주 제주시 일도일동 1425-3,,,,33.5131588,126.524632,,,,{},정보 수정,,,,,,,,,,"그림같은집|침구류,직물|제주 제주시 일도일동 중앙로 60 중앙지하상가 119호|제주 제주시 일도일동 1425-3","[""그림같은집"", ""침구류,직물"", ""제주 제주시 일도일동 중앙로 60 중앙지하상가 119호"", ""제주 제주시 일도일동 1425-3""]","{""name"": [""그림같은집""], ""category"": [""침구류,직물""], ""address"": [""제주 제주시 일도일동 중앙로 60 중앙지하상가 119호"", ""제주 제주시 일도일동 1425-3""]}",그림같은 집,,,,,"[{""title"": ""결제수단"", ""body"": ""제로페이\n알고 계신 정보와 다른 정보가 있나요?\n사진으로 간단하게 제보해 주세요.\n정보 수정 제안하기\n이용약관고객센터리뷰운영정책신고센터\n네이버""}]"
227,227,그린조이,쇼핑,"120,서1~3호",,33.5131982,126.524299,064-757-3432,,https://naver.me/52aFR5gT,,지하상가,success,1_naver_link,naver_link place_id=31269552,0.1,naver_place,https://map.naver.com/p/entry/place/31269552,https://map.naver.com/p/entry/place/31269552,https://pcmap.place.naver.com/place/31269552/home,31269552,그린조이 제주중앙지하상가점,패션,,,"제주 제주시 일도일동 중앙로 60 제주중앙지하상가 120,서1~3",제주 제주시 일도일동 1425-3,,064-757-3432,,33.5131981,126.5242983,,,,{},,,,,,,,,,,"그린조이 제주중앙지하상가점|패션|제주 제주시 일도일동 중앙로 60 제주중앙지하상가 120,서1~3|제주 제주시 일도일동 1425-3|064-757-3432|안내|방문 키워드 통계 그래프 예시입니다.|현재 7명 참여|10명 이상 참여하면|방문 키워드 통계가 공개됩니다!|최신순|hye****|팔로우|조아요|품질이 좋아요|가성비가 좋아요|친절해요|반응 남기기|방문일|24.8.19.월|2024년 8월 19일 월요일|1번째 방문|인증 수단|영수증","[""그린조이 제주중앙지하상가점"", ""패션"", ""제주 제주시 일도일동 중앙로 60 제주중앙지하상가 120,서1~3"", ""제주 제주시 일도일동 1425-3"", ""064-757-3432"", ""안내"", ""방문 키워드 통계 그래프 예시입니다."", ""현재 7명 참여"", ""10명 이상 참여하면"", ""방문 키워드 통계가 공개됩니다!"", ""최신순"", ""hye****"", ""팔로우"", ""조아요"", ""품질이 좋아요"", ""가성비가 좋아요"", ""친절해요"", ""반응 남기기"", ""방문일"", ""24.8.19.월"", ""2024년 8월 19일 월요일"", ""1번째 방문"", ""인증 수단"", ""영수증""]","{""name"": [""그린조이 제주중앙지하상가점""], ""category"": [""패션""], ""address"": [""제주 제주시 일도일동 중앙로 60 제주중앙지하상가 120,서1~3"", ""제주 제주시 일도일동 1425-3""], ""phone"": [""064-757-3432""], ""visitor_keywords"": [""안내"", ""방문 키워드 통계 그래프 예시입니다."", ""현재 7명 참여"", ""10명 이상 참여하면"", ""방문 키워드 통계가 공개됩니다!"", ""최신순"", ""hye****"", ""팔로우"", ""조아요"", ""품질이 좋아요"", ""가성비가 좋아요"", ""친절해요"", ""반응 남기기"", ""방문일"", ""24.8.19.월"", ""2024년 8월 19일 월요일"", ""1번째 방문"", ""인증 수단"", ""영수증""]}",https://naver.me/52aFR5gT,,,,"[""안내"", ""방문 키워드 통계 그래프 예시입니다."", ""현재 7명 참여"", ""10명 이상 참여하면"", ""방문 키워드 통계가 공개됩니다!"", ""최신순"", ""hye****"", ""팔로우"", ""조아요"", ""품질이 좋아요"", ""가성비가 좋아요"", ""친절해요"", ""반응 남기기"", ""방문일"", ""24.8.19.월"", ""2024년 8월 19일 월요일"", ""1번째 방문"", ""인증 수단"", ""영수증""]","[{""title"": ""결제수단"", ""body"": ""제로페이\n알고 계신 정보와 다른 정보가 있나요?\n사진으로 간단하게 제보해 주세요.\n정보 수정 제안하기\n이용약관고객센터리뷰운영정책신고센터\n네이버""}]"
228,228,코디(다와수선),기타,121-2호,,33.5132463,126.524352,064-721-5206,,https://naver.me/5qL9Djaq,,지하상가,success,1_naver_link,naver_link place_id=31313950,0.5,naver_place,https://map.naver.com/p/entry/place/31313950,https://map.naver.com/p/entry/place/31313950,https://pcmap.place.naver.com/place/31313950/home,31313950,다와수선 제주중앙지하상가점,세탁소,,,제주 제주시 일도일동 중앙로 60 제주중앙지하상가 121-2,제주 제주시 일도일동 1425-3,,064-721-5206,,33.5132424,126.5243536,10:00 - 21:00,영업 중21:00에 영업 종료,,"{""매일"": {""open"": ""10:00 - 21:00""}}",영업 중21:00에 영업 종료 | 21시 0분에 영업 종료 | 매일 | 10:00 - 21:00 | 접기,,,,,,,,,,다와수선 제주중앙지하상가점|세탁소|제주 제주시 일도일동 중앙로 60 제주중앙지하상가 121-2|제주 제주시 일도일동 1425-3|064-721-5206|10:00 - 21:00,"[""다와수선 제주중앙지하상가점"", ""세탁소"", ""제주 제주시 일도일동 중앙로 60 제주중앙지하상가 121-2"", ""제주 제주시 일도일동 1425-3"", ""064-721-5206"", ""10:00 - 21:00""]","{""name"": [""다와수선 제주중앙지하상가점""], ""category"": [""세탁소""], ""address"": [""제주 제주시 일도일동 중앙로 60 제주중앙지하상가 121-2"", ""제주 제주시 일도일동 1425-3""], ""phone"": [""064-721-5206""], ""hours"": [""10:00 - 21:00""]}",https://naver.me/5qL9Djaq,,,,,
229,229,도니버거,음식점,123~126호,,33.513357,126.524508,064-702-2365,,nmap://place?lat=33.5093861&lng=126.5278898&name=%EB%8F%84%EB%8B%88%EB%B2%84%EA%B1%B0&appname=stan.ai.kr,,지하상가,success,4_coord_close_auto,좌표 0m ≤ 80m,0.1,naver_place,https://map.naver.com/p/entry/place/35869843,https://map.naver.com/p/entry/place/35869843,https://pcmap.place.naver.com/place/35869843/home,35869843,도니버거 제주중앙로점,햄버거,,,제주 제주시 일도일동 중앙로 60 중앙지하상가,제주 제주시 일도일동 1425-3,,,,33.5133571,126.5245074,,,,{},,,,,,,,,,해리버거(단품)|해리콤보(패티버거+콜라)|미미버거(단품)|미미콤보(불고기+콜라)|후렌치후라이|핑거치킨(2개)|핑거치킨(4개),도니버거 제주중앙로점|햄버거|제주 제주시 일도일동 중앙로 60 중앙지하상가|제주 제주시 일도일동 1425-3|해리버거(단품)|해리콤보(패티버거+콜라)|미미버거(단품)|미미콤보(불고기+콜라)|후렌치후라이|핑거치킨(2개)|핑거치킨(4개)|음식이 맛있어요|혼밥하기 좋아요|친절해요|특별한 메뉴가 있어요|가성비가 좋아요|매장이 넓어요|매장이 청결해요|양이 많아요|특별한 날 가기 좋아요|재료가 신선해요,"[""도니버거 제주중앙로점"", ""햄버거"", ""제주 제주시 일도일동 중앙로 60 중앙지하상가"", ""제주 제주시 일도일동 1425-3"", ""해리버거(단품)"", ""해리콤보(패티버거+콜라)"", ""미미버거(단품)"", ""미미콤보(불고기+콜라)"", ""후렌치후라이"", ""핑거치킨(2개)"", ""핑거치킨(4개)"", ""음식이 맛있어요"", ""혼밥하기 좋아요"", ""친절해요"", ""특별한 메뉴가 있어요"", ""가성비가 좋아요"", ""매장이 넓어요"", ""매장이 청결해요"", ""양이 많아요"", ""특별한 날 가기 좋아요"", ""재료가 신선해요""]","{""name"": [""도니버거 제주중앙로점""], ""category"": [""햄버거""], ""address"": [""제주 제주시 일도일동 중앙로 60 중앙지하상가"", ""제주 제주시 일도일동 1425-3""], ""menus"": [""해리버거(단품)"", ""해리콤보(패티버거+콜라)"", ""미미버거(단품)"", ""미미콤보(불고기+콜라)"", ""후렌치후라이"", ""핑거치킨(2개)"", ""핑거치킨(4개)""], ""visitor_keywords"": [""음식이 맛있어요"", ""혼밥하기 좋아요"", ""친절해요"", ""특별한 메뉴가 있어요"", ""가성비가 좋아요"", ""매장이 넓어요"", ""매장이 청결해요"", ""양이 많아요"", ""특별한 날 가기 좋아요"", ""재료가 신선해요""]}",도니버거 | 제주 도니버거,,,,"[{""keyword"": ""음식이 맛있어요"", ""count"": ""15""}, {""keyword"": ""혼밥하기 좋아요"", ""count"": ""10""}, {""keyword"": ""친절해요"", ""count"": ""9""}, {""keyword"": ""특별한 메뉴가 있어요"", ""count"": ""6""}, {""keyword"": ""가성비가 좋아요"", ""count"": ""5""}, {""keyword"": ""매장이 넓어요"", ""count"": ""3""}, {""keyword"": ""매장이 청결해요"", ""count"": ""3""}, {""keyword"": ""양이 많아요"", ""count"": ""2""}, {""keyword"": ""특별한 날 가기 좋아요"", ""count"": ""2""}, {""keyword"": ""재료가 신선해요"", ""count"": ""1""}]","[{""title"": ""결제수단"", ""body"": ""제로페이\n알고 계신 정보와 다른 정보가 있나요?\n사진으로 간단하게 제보해 주세요.\n정보 수정 제안하기\n이용약관고객센터리뷰운영정책신고센터\n네이버""}]"
230,230,맘스터치,음식점,127~129호,,33.5133548,126.5246,064-755-4882,,,,지하상가,fail,5_fail,매칭 실패,1490.2,naver_place,https://map.naver.com/p/entry/place/37280202,https://map.naver.com/p/entry/place/37280202,https://pcmap.place.naver.com/place/37280202/home,37280202,맘스터치 제주시청점,맘스터치,,,제주 제주시 서광로 298 2층,제주 제주시 이도이동 1773-1,제주시청 광양사거리에서 CGV영화관 방향으로 50M 지점 2층 맘스터치 제주시청점,064-725-9282,https://momstouch.co.kr,33.5003077,126.5282733,화 11:00 - 21:30,영업 중21:30에 영업 종료,매장식사 20시까지,"{""목"": {""open"": ""11:00 - 21:30""}, ""금"": {""open"": ""11:00 - 21:30""}, ""토"": {""open"": ""11:00 - 21:30""}, ""일"": {""open"": ""11:00 - 21:30""}, ""화"": {""open"": ""11:00 - 21:30""}, ""수"": {""open"": ""11:00 - 21:30""}}","영업 중21:30에 영업 종료 | 21시 30분에 영업 종료 | 목 | 11:00 - 21:30 | 금 | 11:00 - 21:30 | 토 | 11:00 - 21:30 | 일 | 11:00 - 21:30 | 월(9/14) | 정기휴무 (매달 2, 4번째 월요일) | 화 | 11:00 - 21:30 | 수 | 11:00 - 21:30 | 매달 2, 4번째 월요일 정기 휴무 | - 매장식사 20시까지 | 접기",,,,,,,,,갓빠삭빅싸이순살|핫치즈밤빅싸이순살|매직풍싸이버거|매직풍비프버거|매직풍빅싸이순살|당근빵|후덕죽싸이버거|후덕죽통새우버거|후덕죽빅싸이순살|셰프스 K 비프버거|셰프스 K 싸이버거|셰프스 크림디종 빅싸이순살|셰프스 베이컨 싸이버거|셰프스 버번 빅싸이순살|후라이드빅싸이순살|싸이플렉스버거|아라비아따치즈버거|싸이버거|언빌리버블버거|화이트갈릭버거|케이준양념감자(중)|바삭크림치즈볼(4조각)|코울슬로|콘샐러드,맘스터치 제주시청점|맘스터치|제주 제주시 서광로 298 2층|제주 제주시 이도이동 1773-1|064-725-9282|화 11:00 - 21:30|갓빠삭빅싸이순살|핫치즈밤빅싸이순살|매직풍싸이버거|매직풍비프버거|매직풍빅싸이순살|당근빵|후덕죽싸이버거|후덕죽통새우버거|후덕죽빅싸이순살|셰프스 K 비프버거|셰프스 K 싸이버거|셰프스 크림디종 빅싸이순살|셰프스 베이컨 싸이버거|셰프스 버번 빅싸이순살|후라이드빅싸이순살|싸이플렉스버거|아라비아따치즈버거|싸이버거|언빌리버블버거|화이트갈릭버거|케이준양념감자(중)|바삭크림치즈볼(4조각)|코울슬로|콘샐러드,"[""맘스터치 제주시청점"", ""맘스터치"", ""제주 제주시 서광로 298 2층"", ""제주 제주시 이도이동 1773-1"", ""064-725-9282"", ""화 11:00 - 21:30"", ""갓빠삭빅싸이순살"", ""핫치즈밤빅싸이순살"", ""매직풍싸이버거"", ""매직풍비프버거"", ""매직풍빅싸이순살"", ""당근빵"", ""후덕죽싸이버거"", ""후덕죽통새우버거"", ""후덕죽빅싸이순살"", ""셰프스 K 비프버거"", ""셰프스 K 싸이버거"", ""셰프스 크림디종 빅싸이순살"", ""셰프스 베이컨 싸이버거"", ""셰프스 버번 빅싸이순살"", ""후라이드빅싸이순살"", ""싸이플렉스버거"", ""아라비아따치즈버거"", ""싸이버거"", ""언빌리버블버거"", ""화이트갈릭버거"", ""케이준양념감자(중)"", ""바삭크림치즈볼(4조각)"", ""코울슬로"", ""콘샐러드""]","{""name"": [""맘스터치 제주시청점""], ""category"": [""맘스터치""], ""address"": [""제주 제주시 서광로 298 2층"", ""제주 제주시 이도이동 1773-1""], ""phone"": [""064-725-9282""], ""hours"": [""화 11:00 - 21:30""], ""menus"": [""갓빠삭빅싸이순살"", ""핫치즈밤빅싸이순살"", ""매직풍싸이버거"", ""매직풍비프버거"", ""매직풍빅싸이순살"", ""당근빵"", ""후덕죽싸이버거"", ""후덕죽통새우버거"", ""후덕죽빅싸이순살"", ""셰프스 K 비프버거"", ""셰프스 K 싸이버거"", ""셰프스 크림디종 빅싸이순살"", ""셰프스 베이컨 싸이버거"", ""셰프스 버번 빅싸이순살"", ""후라이드빅싸이순살"", ""싸이플렉스버거"", ""아라비아따치즈버거"", ""싸이버거"", ""언빌리버블버거"", ""화이트갈릭버거"", ""케이준양념감자(중)"", ""바삭크림치즈볼(4조각)"", ""코울슬로"", ""콘샐러드""]}",맘스터치 | 제주 맘스터치,,,,,
231,231,에꼴리에,쇼핑,130호,,33.5133413,126.524663,064-724-1861,,,,지하상가,success,4_coord_close_auto,좌표 57m ≤ 80m,57.5,naver_place,https://map.naver.com/p/entry/place/1014557833,https://map.naver.com/p/entry/place/1014557833,https://pcmap.place.naver.com/place/1014557833/home,1014557833,에꼴리에 제주중앙점,유아동복,,,제주 제주시 중앙로 60,제주 제주시 일도일동 1454-2,,,,33.512844,126.524493,영업 중,영업 중,,{},영업 중,,,,,,,,,,에꼴리에 제주중앙점|유아동복|제주 제주시 중앙로 60|제주 제주시 일도일동 1454-2|영업 중|안내|방문 키워드 통계 그래프 예시입니다.|현재 8명 참여|10명 이상 참여하면|방문 키워드 통계가 공개됩니다!|4.4716개 평점(15명 참여)|최신순|how****|팔로우|굿!|주차하기 편해요|친절해요|반응 남기기|방문일|23.3.16.목|2023년 3월 16일 목요일|1번째 방문|인증 수단,"[""에꼴리에 제주중앙점"", ""유아동복"", ""제주 제주시 중앙로 60"", ""제주 제주시 일도일동 1454-2"", ""영업 중"", ""안내"", ""방문 키워드 통계 그래프 예시입니다."", ""현재 8명 참여"", ""10명 이상 참여하면"", ""방문 키워드 통계가 공개됩니다!"", ""4.4716개 평점(15명 참여)"", ""최신순"", ""how****"", ""팔로우"", ""굿!"", ""주차하기 편해요"", ""친절해요"", ""반응 남기기"", ""방문일"", ""23.3.16.목"", ""2023년 3월 16일 목요일"", ""1번째 방문"", ""인증 수단""]","{""name"": [""에꼴리에 제주중앙점""], ""category"": [""유아동복""], ""address"": [""제주 제주시 중앙로 60"", ""제주 제주시 일도일동 1454-2""], ""hours"": [""영업 중""], ""visitor_keywords"": [""안내"", ""방문 키워드 통계 그래프 예시입니다."", ""현재 8명 참여"", ""10명 이상 참여하면"", ""방문 키워드 통계가 공개됩니다!"", ""4.4716개 평점(15명 참여)"", ""최신순"", ""how****"", ""팔로우"", ""굿!"", ""주차하기 편해요"", ""친절해요"", ""반응 남기기"", ""방문일"", ""23.3.16.목"", ""2023년 3월 16일 목요일"", ""1번째 방문"", ""인증 수단""]}",에꼴리에 | 제주 에꼴리에 | 에꼴리에 쇼핑,,,,"[""안내"", ""방문 키워드 통계 그래프 예시입니다."", ""현재 8명 참여"", ""10명 이상 참여하면"", ""방문 키워드 통계가 공개됩니다!"", ""4.4716개 평점(15명 참여)"", ""최신순"", ""how****"", ""팔로우"", ""굿!"", ""주차하기 편해요"", ""친절해요"", ""반응 남기기"", ""방문일"", ""23.3.16.목"", ""2023년 3월 16일 목요일"", ""1번째 방문"", ""인증 수단""]","[{""title"": ""결제수단"", ""body"": ""제로페이\n알고 계신 정보와 다른 정보가 있나요?\n사진으로 간단하게 제보해 주세요.\n정보 수정 제안하기\n이용약관고객센터리뷰운영정책신고센터\n네이버""}]"
232,232,슈마,쇼핑,"132,133호",,33.5133603,126.524732,010-3693-6841,,,,지하상가,success,4_coord_close_auto,좌표 4m ≤ 80m,3.7,naver_place,https://map.naver.com/p/entry/place/38627923,https://map.naver.com/p/entry/place/38627923,https://pcmap.place.naver.com/place/38627923/home,38627923,슈마,패션,,,제주 제주시 일도일동 중앙로 60 중앙지하상가,제주 제주시 일도일동 1425-3,,,,33.5133427,126.5247662,,,,{},,,"안내
사진/영상 리뷰만
최신순
리뷰 제공 기준
리뷰 클렌징 시스템 작동중입니다
잼잼티비
리뷰 30사진 16
팔로우
마라탕의 맵기가 낮아서 맵찔이들이 먹기 좋아요♡ 게다가 치즈떡 존맛
분위기가 편안해요
품질이 좋아요
반응 남기기
방문일
22.11.3.목
2022년 11월 3일 목요일
1번째 방문
인증 수단
영수증
ami5865
리뷰 609사진 17
팔로우
좋아요좋아요~~~~~~~~
반응 남기기
방문일
21.12.17.금
2021년 12월 17일 금요일
1번째 방문
인증 수단
영수증",,,,,,,,슈마|패션|제주 제주시 일도일동 중앙로 60 중앙지하상가|제주 제주시 일도일동 1425-3|안내|방문 키워드 통계 그래프 예시입니다.|현재 2명 참여|10명 이상 참여하면|방문 키워드 통계가 공개됩니다!|최신순|잼잼티비|팔로우|분위기가 편안해요|품질이 좋아요|반응 남기기|방문일|22.11.3.목|2022년 11월 3일 목요일|1번째 방문|인증 수단|영수증|ami5865,"[""슈마"", ""패션"", ""제주 제주시 일도일동 중앙로 60 중앙지하상가"", ""제주 제주시 일도일동 1425-3"", ""안내"", ""방문 키워드 통계 그래프 예시입니다."", ""현재 2명 참여"", ""10명 이상 참여하면"", ""방문 키워드 통계가 공개됩니다!"", ""최신순"", ""잼잼티비"", ""팔로우"", ""분위기가 편안해요"", ""품질이 좋아요"", ""반응 남기기"", ""방문일"", ""22.11.3.목"", ""2022년 11월 3일 목요일"", ""1번째 방문"", ""인증 수단"", ""영수증"", ""ami5865""]","{""name"": [""슈마""], ""category"": [""패션""], ""address"": [""제주 제주시 일도일동 중앙로 60 중앙지하상가"", ""제주 제주시 일도일동 1425-3""], ""visitor_keywords"": [""안내"", ""방문 키워드 통계 그래프 예시입니다."", ""현재 2명 참여"", ""10명 이상 참여하면"", ""방문 키워드 통계가 공개됩니다!"", ""최신순"", ""잼잼티비"", ""팔로우"", ""분위기가 편안해요"", ""품질이 좋아요"", ""반응 남기기"", ""방문일"", ""22.11.3.목"", ""2022년 11월 3일 목요일"", ""1번째 방문"", ""인증 수단"", ""영수증"", ""ami5865""]}",슈마 | 제주 슈마 | 슈마 쇼핑,,,,"[""안내"", ""방문 키워드 통계 그래프 예시입니다."", ""현재 2명 참여"", ""10명 이상 참여하면"", ""방문 키워드 통계가 공개됩니다!"", ""최신순"", ""잼잼티비"", ""팔로우"", ""분위기가 편안해요"", ""품질이 좋아요"", ""반응 남기기"", ""방문일"", ""22.11.3.목"", ""2022년 11월 3일 목요일"", ""1번째 방문"", ""인증 수단"", ""영수증"", ""ami5865""]","[{""title"": ""이런 점이 좋았어요"", ""body"": ""안내\n방문 키워드 통계 그래프 예시입니다.\n현재 2명 참여\n10명 이상 참여하면\n방문 키워드 통계가 공개됩니다!""}, {""title"": ""리뷰2"", ""body"": ""안내\n사진/영상 리뷰만\n최신순\n리뷰 제공 기준\n리뷰 클렌징 시스템 작동중입니다\n잼잼티비\n리뷰 30사진 16\n팔로우\n마라탕의 맵기가 낮아서 맵찔이들이 먹기 좋아요♡ 게다가 치즈떡 존맛\n분위기가 편안해요\n품질이 좋아요\n반응 남기기\n방문일\n22.11.3.목\n2022년 11월 3일 목요일\n1번째 방문\n인증 수단\n영수증\nami5865\n리뷰 609사진 17\n팔로우\n좋아요좋아요~~~~~~~~\n반응 남기기\n방문일\n21.12.17.금\n2021년 12월 17일 금요일\n1번째 방문\n인증 수단\n영수증""}, {""title"": ""키워드·별점 리뷰2"", ""body"": ""kon****\n리뷰 459\n팔로우\n가성비가 좋아요\n반응 남기기\n방문일\n23.1.3.화\n2023년 1월 3일 화요일\n1번째 방문\n인증 수단\n영수증\nllh****\n리뷰 1,764\n팔로우\n별점\n5\n점\n반응 남기기\n방문일\n21.2.5.금\n2021년 2월 5일 금요일\n1번째 방문\n인증 수단\n영수증\n이용약관고객센터리뷰운영정책신고센터\n네이버""}]"
233,233,슈퍼마켓,쇼핑,134호,,33.5133425,126.524765,010-3693-6841,,,,지하상가,fail,5_fail,매칭 실패,635.2,naver_place,https://map.naver.com/p/entry/place/11605060,https://map.naver.com/p/entry/place/11605060,https://pcmap.place.naver.com/place/11605060/home,11605060,이마트 제주점,"슈퍼,마트",,,제주 제주시 탑동로 38,제주 제주시 삼도이동 1259,시내버스 510번 탑동 이마트에서 하차.,064-729-1234,http://emart.com,33.5180718,126.5209213,월 10:00 - 23:00,영업 중23:00에 영업 종료,,"{""목"": {""open"": ""10:00 - 23:00""}, ""토"": {""open"": ""10:00 - 23:00""}, ""일"": {""open"": ""10:00 - 23:00""}, ""월"": {""open"": ""10:00 - 23:00""}, ""화"": {""open"": ""10:00 - 23:00""}, ""수"": {""open"": ""10:00 - 23:00""}}",영업 중23:00에 영업 종료 | 23시 0분에 영업 종료 | 목 | 10:00 - 23:00 | 금(9/11) | 휴무 | 토 | 10:00 - 23:00 | 일 | 10:00 - 23:00 | 월 | 10:00 - 23:00 | 화 | 10:00 - 23:00 | 수 | 10:00 - 23:00 | 접기,주차|무선 인터넷|남/녀 화장실 구분|장애인 편의시설,,,,,,,,,"이마트 제주점|슈퍼,마트|제주 제주시 탑동로 38|제주 제주시 삼도이동 1259|064-729-1234|월 10:00 - 23:00|주차|무선 인터넷|남/녀 화장실 구분|장애인 편의시설","[""이마트 제주점"", ""슈퍼,마트"", ""제주 제주시 탑동로 38"", ""제주 제주시 삼도이동 1259"", ""064-729-1234"", ""월 10:00 - 23:00"", ""주차"", ""무선 인터넷"", ""남/녀 화장실 구분"", ""장애인 편의시설""]","{""name"": [""이마트 제주점""], ""category"": [""슈퍼,마트""], ""address"": [""제주 제주시 탑동로 38"", ""제주 제주시 삼도이동 1259""], ""phone"": [""064-729-1234""], ""hours"": [""월 10:00 - 23:00""], ""conveniences"": [""주차"", ""무선 인터넷"", ""남/녀 화장실 구분"", ""장애인 편의시설""]}",슈퍼마켓 | 제주 슈퍼마켓,,,,,
234,234,수(秀),쇼핑,135호,,33.5133447,126.524803,010-8626-0623,,,,지하상가,fail,5_fail,매칭 실패,2202.1,naver_place,https://map.naver.com/p/entry/place/11544172,https://map.naver.com/p/entry/place/11544172,https://pcmap.place.naver.com/place/11544172/home,11544172,수안과의원,안과,,,제주 제주시 중앙로 286 3층,제주 제주시 이도이동 1019-11,,064-723-1516,http://www.jejulasik.com/,33.4947555,126.5329922,월 08:30 - 19:00,진료 중19:00에 진료 종료,,"{""목"": {""open"": ""08:30 - 19:00""}, ""금"": {""open"": ""08:30 - 19:00""}, ""토"": {""open"": ""08:30 - 15:00""}, ""일"": {""open"": ""정기휴무 (매주 일요일)""}, ""월"": {""open"": ""08:30 - 19:00""}, ""화"": {""open"": ""08:30 - 19:00""}, ""수"": {""open"": ""08:30 - 19:00""}}",진료 중19:00에 진료 종료 | 19시 0분에 진료 종료 | 목 | 08:30 - 19:00 | 12:30 - 14:00 휴게시간 | 금 | 08:30 - 19:00 | 12:30 - 14:00 휴게시간 | 토 | 08:30 - 15:00 | 일 | 정기휴무 (매주 일요일) | 월 | 08:30 - 19:00 | 12:30 - 14:00 휴게시간 | 화 | 08:30 - 19:00 | 12:30 - 14:00 휴게시간 | 수 | 08:30 - 19:00 | 12:30 - 14:00 휴게시간 | 09/25 추석 휴무 | 접기,주차|남/녀 화장실 구분,,,,,,,,,수안과의원|안과|제주 제주시 중앙로 286 3층|제주 제주시 이도이동 1019-11|064-723-1516|월 08:30 - 19:00|주차|남/녀 화장실 구분,"[""수안과의원"", ""안과"", ""제주 제주시 중앙로 286 3층"", ""제주 제주시 이도이동 1019-11"", ""064-723-1516"", ""월 08:30 - 19:00"", ""주차"", ""남/녀 화장실 구분""]","{""name"": [""수안과의원""], ""category"": [""안과""], ""address"": [""제주 제주시 중앙로 286 3층"", ""제주 제주시 이도이동 1019-11""], ""phone"": [""064-723-1516""], ""hours"": [""월 08:30 - 19:00""], ""conveniences"": [""주차"", ""남/녀 화장실 구분""]}",수(秀) | 제주 수(秀) | 수(秀) 쇼핑 | 제주 수(秀) 쇼핑,,,,,
235,235,꼴레르,쇼핑,"136-2,137-1,2호",,33.5132049,126.524909,064-753-5530,,,,지하상가,success,4_coord_close_auto,좌표 0m ≤ 80m,0.1,naver_place,https://map.naver.com/p/entry/place/31269403,https://map.naver.com/p/entry/place/31269403,https://pcmap.place.naver.com/place/31269403/home,31269403,꼴레르 제주중앙지하상가점,패션,,,제주 제주시 일도일동 중앙로 60 제주중앙지하상가 137-1,"제주 제주시 일도일동 1425-3 ,137-2",,064-753-5530,,33.5132042,126.5249089,,,,{},정보 수정,,,,,,,,,,"꼴레르 제주중앙지하상가점|패션|제주 제주시 일도일동 중앙로 60 제주중앙지하상가 137-1|제주 제주시 일도일동 1425-3 ,137-2|064-753-5530","[""꼴레르 제주중앙지하상가점"", ""패션"", ""제주 제주시 일도일동 중앙로 60 제주중앙지하상가 137-1"", ""제주 제주시 일도일동 1425-3 ,137-2"", ""064-753-5530""]","{""name"": [""꼴레르 제주중앙지하상가점""], ""category"": [""패션""], ""address"": [""제주 제주시 일도일동 중앙로 60 제주중앙지하상가 137-1"", ""제주 제주시 일도일동 1425-3 ,137-2""], ""phone"": [""064-753-5530""]}",꼴레르 | 제주 꼴레르 | 꼴레르 쇼핑 | 제주 꼴레르 쇼핑,,,,,"[{""title"": ""결제수단"", ""body"": ""제로페이\n알고 계신 정보와 다른 정보가 있나요?\n사진으로 간단하게 제보해 주세요.\n정보 수정 제안하기\n이용약관고객센터리뷰운영정책신고센터\n네이버""}]"
236,236,이니스프리,쇼핑,"138,동1~3호",,33.513168,126.524954,064-758-0453,,,,지하상가,success,4_coord_close_auto,좌표 61m ≤ 80m,61.1,naver_place,https://map.naver.com/p/entry/place/11828379,https://map.naver.com/p/entry/place/11828379,https://pcmap.place.naver.com/place/11828379/home,11828379,이니스프리 제주점,"화장품,향수",,,"제주 제주시 중앙로 60 138호, 동1호, 동2호",제주 제주시 일도1동 1454-2,,064-758-0453,,33.5128347,126.5244294,,,,{},,간편결제,"이니스프리(Innisfree)는 제주 자연에서 영감을 받은 원료와 피부를 생각한 포뮬러를 바탕으로 스킨케어, 메이크업, 바디, 헤어 제품까지 다양한 뷰티 제품을 선보이는 글로벌 자연주의 화장품 브랜드입니다. 피부 타입과 고민에 맞는 다양한 제품을 합리적인 가격으로 만나보실 수 있습니다.",,,,,,,더 그린티 씨드 세럼|그린티 미네랄 미스트150ML,"이니스프리 제주점|화장품,향수|제주 제주시 중앙로 60 138호, 동1호, 동2호|제주 제주시 일도1동 1454-2|064-758-0453|더 그린티 씨드 세럼|그린티 미네랄 미스트150ML|간편결제|친절해요|가성비가 좋아요|종류가 다양해요|품질이 좋아요|시설이 깔끔해요|분위기가 편안해요|특색 있는 제품이 많아요|매장이 넓어요","[""이니스프리 제주점"", ""화장품,향수"", ""제주 제주시 중앙로 60 138호, 동1호, 동2호"", ""제주 제주시 일도1동 1454-2"", ""064-758-0453"", ""더 그린티 씨드 세럼"", ""그린티 미네랄 미스트150ML"", ""간편결제"", ""친절해요"", ""가성비가 좋아요"", ""종류가 다양해요"", ""품질이 좋아요"", ""시설이 깔끔해요"", ""분위기가 편안해요"", ""특색 있는 제품이 많아요"", ""매장이 넓어요""]","{""name"": [""이니스프리 제주점""], ""category"": [""화장품,향수""], ""address"": [""제주 제주시 중앙로 60 138호, 동1호, 동2호"", ""제주 제주시 일도1동 1454-2""], ""phone"": [""064-758-0453""], ""menus"": [""더 그린티 씨드 세럼"", ""그린티 미네랄 미스트150ML""], ""conveniences"": [""간편결제""], ""visitor_keywords"": [""친절해요"", ""가성비가 좋아요"", ""종류가 다양해요"", ""품질이 좋아요"", ""시설이 깔끔해요"", ""분위기가 편안해요"", ""특색 있는 제품이 많아요"", ""매장이 넓어요""]}",이니스프리 | 제주 이니스프리 | 이니스프리 쇼핑 | 제주 이니스프리 쇼핑,,,,"[{""keyword"": ""친절해요"", ""count"": ""42""}, {""keyword"": ""가성비가 좋아요"", ""count"": ""27""}, {""keyword"": ""종류가 다양해요"", ""count"": ""26""}, {""keyword"": ""품질이 좋아요"", ""count"": ""16""}, {""keyword"": ""시설이 깔끔해요"", ""count"": ""7""}, {""keyword"": ""분위기가 편안해요"", ""count"": ""4""}, {""keyword"": ""특색 있는 제품이 많아요"", ""count"": ""3""}, {""keyword"": ""매장이 넓어요"", ""count"": ""1""}]","[{""title"": ""소개"", ""body"": ""이니스프리(Innisfree)는 제주 자연에서 영감을 받은 원료와 피부를 생각한 포뮬러를 바탕으로 스킨케어, 메이크업, 바디, 헤어 제품까지 다양한 뷰티 제품을 선보이는 글로벌 자연주의 화장품 브랜드입니다. 피부 타입과 고민에 맞는 다양한 제품을 합리적인 가격으로 만나보실 수 있습니다.""}, {""title"": ""대표 키워드"", ""body"": ""화장품샴푸스킨로션크림""}, {""title"": ""편의시설 및 서비스"", ""body"": ""화장실 휠체어 이용가능\n출입구 휠체어 이용가능\n좌석 휠체어 이용가능""}, {""title"": ""결제수단"", ""body"": ""지역화폐 (지류형)\n지역화폐 (모바일형)\n지역화폐 (카드형)\n제로페이\n네이버페이\n간편결제""}, {""title"": ""SNS"", ""body"": ""홈페이지\nhttp://www.innisfree.co.kr/\n알고 계신 정보와 다른 정보가 있나요?\n사진으로 간단하게 제보해 주세요.\n정보 수정 제안하기\n이용약관고객센터리뷰운영정책신고센터\n네이버""}]"
237,237,스킨푸드,쇼핑,"139,동10호",,33.5131099,126.524924,064-723-2087,,,,지하상가,fail,5_fail,매칭 실패,110546.6,naver_place,https://map.naver.com/p/entry/place/38520362,https://map.naver.com/p/entry/place/38520362,https://pcmap.place.naver.com/place/38520362/home,38520362,스킨푸드 진도점,"화장품,향수",,,전남광주 진도군 진도읍 남문길 57-1 스킨푸드,전남광주 진도군 진도읍 남동리 559-2,,0507-1356-6699,http://www.theskinfood.com/,34.4834444,126.2639109,월 10:00 - 19:00,영업 중19:00에 영업 종료,,"{""목"": {""open"": ""10:00 - 19:00""}, ""금"": {""open"": ""10:00 - 19:00""}, ""토"": {""open"": ""10:00 - 19:00""}, ""월"": {""open"": ""10:00 - 19:00""}, ""화"": {""open"": ""10:00 - 19:00""}, ""수"": {""open"": ""10:00 - 19:00""}}",영업 중19:00에 영업 종료 | 19시 0분에 영업 종료 | 목 | 10:00 - 19:00 | 금 | 10:00 - 19:00 | 토 | 10:00 - 19:00 | 일 | 정보없음 | 월 | 10:00 - 19:00 | 화 | 10:00 - 19:00 | 수 | 10:00 - 19:00 | 접기,포장,,,,,,,,캐롯 카로틴 카밍 워터 패드,"스킨푸드 진도점|화장품,향수|전남광주 진도군 진도읍 남문길 57-1 스킨푸드|전남광주 진도군 진도읍 남동리 559-2|0507-1356-6699|월 10:00 - 19:00|캐롯 카로틴 카밍 워터 패드|포장","[""스킨푸드 진도점"", ""화장품,향수"", ""전남광주 진도군 진도읍 남문길 57-1 스킨푸드"", ""전남광주 진도군 진도읍 남동리 559-2"", ""0507-1356-6699"", ""월 10:00 - 19:00"", ""캐롯 카로틴 카밍 워터 패드"", ""포장""]","{""name"": [""스킨푸드 진도점""], ""category"": [""화장품,향수""], ""address"": [""전남광주 진도군 진도읍 남문길 57-1 스킨푸드"", ""전남광주 진도군 진도읍 남동리 559-2""], ""phone"": [""0507-1356-6699""], ""hours"": [""월 10:00 - 19:00""], ""menus"": [""캐롯 카로틴 카밍 워터 패드""], ""conveniences"": [""포장""]}",스킨푸드 | 제주 스킨푸드 | 스킨푸드 쇼핑 | 제주 스킨푸드 쇼핑,,,,,
238,238,은지네짱,쇼핑,140호,,33.5130808,126.5249,064-753-5184,,,,지하상가,success,4_coord_close_auto,좌표 0m ≤ 80m,0.1,naver_place,https://map.naver.com/p/entry/place/31269394,https://map.naver.com/p/entry/place/31269394,https://pcmap.place.naver.com/place/31269394/home,31269394,은지네짱 제주중앙지하상가점,패션,,,제주 제주시 이도일동 오현길 74,제주 제주시 이도일동 1425,,064-753-5184,,33.5130809,126.524899,,,,{},정보 수정,,,,,,,,,,은지네짱 제주중앙지하상가점|패션|제주 제주시 이도일동 오현길 74|제주 제주시 이도일동 1425|064-753-5184|가성비가 좋아요|품질이 좋아요|친절해요|종류가 다양해요|독특한 디자인이 많아요|분위기가 편안해요,"[""은지네짱 제주중앙지하상가점"", ""패션"", ""제주 제주시 이도일동 오현길 74"", ""제주 제주시 이도일동 1425"", ""064-753-5184"", ""가성비가 좋아요"", ""품질이 좋아요"", ""친절해요"", ""종류가 다양해요"", ""독특한 디자인이 많아요"", ""분위기가 편안해요""]","{""name"": [""은지네짱 제주중앙지하상가점""], ""category"": [""패션""], ""address"": [""제주 제주시 이도일동 오현길 74"", ""제주 제주시 이도일동 1425""], ""phone"": [""064-753-5184""], ""visitor_keywords"": [""가성비가 좋아요"", ""품질이 좋아요"", ""친절해요"", ""종류가 다양해요"", ""독특한 디자인이 많아요"", ""분위기가 편안해요""]}",은지네짱 | 제주 은지네짱 | 은지네짱 쇼핑 | 제주 은지네짱 쇼핑,,,,"[{""keyword"": ""가성비가 좋아요"", ""count"": ""5""}, {""keyword"": ""품질이 좋아요"", ""count"": ""5""}, {""keyword"": ""친절해요"", ""count"": ""3""}, {""keyword"": ""종류가 다양해요"", ""count"": ""3""}, {""keyword"": ""독특한 디자인이 많아요"", ""count"": ""1""}, {""keyword"": ""분위기가 편안해요"", ""count"": ""1""}]","[{""title"": ""결제수단"", ""body"": ""제로페이\n알고 계신 정보와 다른 정보가 있나요?\n사진으로 간단하게 제보해 주세요.\n정보 수정 제안하기\n이용약관고객센터리뷰운영정책신고센터\n네이버""}]"
239,239,카니스메이저,기타,141호,,33.5130562,126.524889,064-752-9670,,,,지하상가,success,4_coord_close_auto,좌표 0m ≤ 80m,0.0,naver_place,https://map.naver.com/p/entry/place/31313913,https://map.naver.com/p/entry/place/31313913,https://pcmap.place.naver.com/place/31313913/home,31313913,카니스메이져 제주중앙지하상가점,세탁소,,,제주 제주시 이도일동 오현길 74,제주 제주시 이도일동 1425,,064-752-9670,,33.5130562,126.5248894,10:00 - 21:00,영업 중21:00에 영업 종료,,"{""매일"": {""open"": ""10:00 - 21:00""}}",영업 중21:00에 영업 종료 | 21시 0분에 영업 종료 | 매일 | 10:00 - 21:00 | 접기,,,,,,,,,,카니스메이져 제주중앙지하상가점|세탁소|제주 제주시 이도일동 오현길 74|제주 제주시 이도일동 1425|064-752-9670|10:00 - 21:00,"[""카니스메이져 제주중앙지하상가점"", ""세탁소"", ""제주 제주시 이도일동 오현길 74"", ""제주 제주시 이도일동 1425"", ""064-752-9670"", ""10:00 - 21:00""]","{""name"": [""카니스메이져 제주중앙지하상가점""], ""category"": [""세탁소""], ""address"": [""제주 제주시 이도일동 오현길 74"", ""제주 제주시 이도일동 1425""], ""phone"": [""064-752-9670""], ""hours"": [""10:00 - 21:00""]}",카니스메이저 | 제주 카니스메이저 | 카니스메이저 기타 | 제주 카니스메이저 기타,,,,,
240,240,샤베르,음식점,142호,,33.513035,126.524866,064-752-3622,,,,지하상가,success,4_coord_close_auto,좌표 0m ≤ 80m,0.1,naver_place,https://map.naver.com/p/entry/place/31315543,https://map.naver.com/p/entry/place/31315543,https://pcmap.place.naver.com/place/31315543/home,31315543,샤베르 제주중앙지하상가점,카페,,,제주 제주시 이도일동 오현길 74,제주 제주시 이도일동 1425,,064-752-3622,,33.5130354,126.5248655,영업 중,영업 중,,{},영업 중,,,,,,,,,,샤베르 제주중앙지하상가점|카페|제주 제주시 이도일동 오현길 74|제주 제주시 이도일동 1425|064-752-3622|영업 중|커피가 맛있어요|디저트가 맛있어요|음료가 맛있어요|친절해요|가성비가 좋아요|특별한 메뉴가 있어요|매장이 청결해요|아이와 가기 좋아요,"[""샤베르 제주중앙지하상가점"", ""카페"", ""제주 제주시 이도일동 오현길 74"", ""제주 제주시 이도일동 1425"", ""064-752-3622"", ""영업 중"", ""커피가 맛있어요"", ""디저트가 맛있어요"", ""음료가 맛있어요"", ""친절해요"", ""가성비가 좋아요"", ""특별한 메뉴가 있어요"", ""매장이 청결해요"", ""아이와 가기 좋아요""]","{""name"": [""샤베르 제주중앙지하상가점""], ""category"": [""카페""], ""address"": [""제주 제주시 이도일동 오현길 74"", ""제주 제주시 이도일동 1425""], ""phone"": [""064-752-3622""], ""hours"": [""영업 중""], ""visitor_keywords"": [""커피가 맛있어요"", ""디저트가 맛있어요"", ""음료가 맛있어요"", ""친절해요"", ""가성비가 좋아요"", ""특별한 메뉴가 있어요"", ""매장이 청결해요"", ""아이와 가기 좋아요""]}",샤베르 | 제주 샤베르 | 샤베르 음식점 | 제주 샤베르 음식점,,,,"[{""keyword"": ""커피가 맛있어요"", ""count"": ""10""}, {""keyword"": ""디저트가 맛있어요"", ""count"": ""8""}, {""keyword"": ""음료가 맛있어요"", ""count"": ""7""}, {""keyword"": ""친절해요"", ""count"": ""7""}, {""keyword"": ""가성비가 좋아요"", ""count"": ""6""}, {""keyword"": ""특별한 메뉴가 있어요"", ""count"": ""4""}, {""keyword"": ""매장이 청결해요"", ""count"": ""3""}, {""keyword"": ""아이와 가기 좋아요"", ""count"": ""1""}]","[{""title"": ""결제수단"", ""body"": ""제로페이\n알고 계신 정보와 다른 정보가 있나요?\n사진으로 간단하게 제보해 주세요.\n정보 수정 제안하기\n이용약관고객센터리뷰운영정책신고센터\n네이버""}]"
241,241,엠할리데이제주점,쇼핑,"143,144-1,2호",,33.5129612,126.524772,064-723-8064,,,,지하상가,success,2_address_match,주소일치(exact_or_contains) query=엠할리데이제주점,25.5,naver_place,https://map.naver.com/p/entry/place/1205319408,https://map.naver.com/p/entry/place/1205319408,https://pcmap.place.naver.com/place/1205319408/home,1205319408,엠 할리데이 제주점,캐주얼웨어,,,"제주 제주시 중앙로 60 중앙지하상가 143, 144-1, 2호",제주 제주시 일도일동 1454-2,,064-723-8064,,33.5131588,126.524632,영업 중,영업 중,,{},영업 중,,"스포츠캐주얼의류
알고 계신 정보와 다른 정보가 있나요?
사진으로 간단하게 제보해 주세요.
정보 수정 제안하기
이용약관고객센터리뷰운영정책신고센터
네이버",,,,,,,,"엠 할리데이 제주점|캐주얼웨어|제주 제주시 중앙로 60 중앙지하상가 143, 144-1, 2호|제주 제주시 일도일동 1454-2|064-723-8064|영업 중|친절해요|종류가 다양해요|품질이 좋아요|가성비가 좋아요|독특한 디자인이 많아요|매장이 넓어요|스타일 추천을 잘해줘요","[""엠 할리데이 제주점"", ""캐주얼웨어"", ""제주 제주시 중앙로 60 중앙지하상가 143, 144-1, 2호"", ""제주 제주시 일도일동 1454-2"", ""064-723-8064"", ""영업 중"", ""친절해요"", ""종류가 다양해요"", ""품질이 좋아요"", ""가성비가 좋아요"", ""독특한 디자인이 많아요"", ""매장이 넓어요"", ""스타일 추천을 잘해줘요""]","{""name"": [""엠 할리데이 제주점""], ""category"": [""캐주얼웨어""], ""address"": [""제주 제주시 중앙로 60 중앙지하상가 143, 144-1, 2호"", ""제주 제주시 일도일동 1454-2""], ""phone"": [""064-723-8064""], ""hours"": [""영업 중""], ""visitor_keywords"": [""친절해요"", ""종류가 다양해요"", ""품질이 좋아요"", ""가성비가 좋아요"", ""독특한 디자인이 많아요"", ""매장이 넓어요"", ""스타일 추천을 잘해줘요""]}",엠할리데이제주점,,,,"[{""keyword"": ""친절해요"", ""count"": ""12""}, {""keyword"": ""종류가 다양해요"", ""count"": ""8""}, {""keyword"": ""품질이 좋아요"", ""count"": ""7""}, {""keyword"": ""가성비가 좋아요"", ""count"": ""6""}, {""keyword"": ""독특한 디자인이 많아요"", ""count"": ""1""}, {""keyword"": ""매장이 넓어요"", ""count"": ""1""}, {""keyword"": ""스타일 추천을 잘해줘요"", ""count"": ""1""}]","[{""title"": ""대표 키워드"", ""body"": ""스포츠캐주얼의류\n알고 계신 정보와 다른 정보가 있나요?\n사진으로 간단하게 제보해 주세요.\n정보 수정 제안하기\n이용약관고객센터리뷰운영정책신고센터\n네이버""}]"
242,242,J#,쇼핑,"145-1,2호",,33.51295,126.524705,010-3087-6129,,,,지하상가,success,4_coord_close_auto,좌표 24m ≤ 80m,24.2,naver_place,https://map.naver.com/p/entry/place/1275230074,https://map.naver.com/p/entry/place/1275230074,https://pcmap.place.naver.com/place/1275230074/home,1275230074,제이샵,패션잡화,,,제주 제주시 일도일동 중앙로 60 중앙지하상가 145동,제주 제주시 일도일동 1425-3,,064-722-6128,,33.5131588,126.524632,,,,{},,,"안내
사진/영상 리뷰만
최신순
리뷰 제공 기준
리뷰 클렌징 시스템 작동중입니다
하루히91
리뷰 471사진 298
팔로우
사장님이 추전도 잘해주시고
결국 제가 마음에 드는거 골랐지만
친절하세요
친절해요
가성비가 좋아요
품질이 좋아요
반응 남기기
방문일
24.9.29.일
2024년 9월 29일 일요일
1번째 방문
인증 수단
영수증
ㅇㅁㄱ다
리뷰 704사진 2팔로워 13
팔로우
득템
반응 남기기
방문일
22.12.31.토
2022년 12월 31일 토요일
1번째 방문
인증 수단
영수증
dhf****
리뷰 747
팔로우
굿
친절해요
반응 남기기
방문일
22.11.4.금
2022년 11월 4일 금요일
1번째 방문
인증 수단
영수증
전외경
리뷰 1,136사진 1팔로워 1
팔로우
원피스를사러갔는데맞는게없어그냥나오기뭐해서양말이라도사서왔다
반응 남기기
방문일
22.7.13.수
2022년 7월 13일 수요일
2번째 방문
인증 수단
영수증",,,,,,,,제이샵|패션잡화|제주 제주시 일도일동 중앙로 60 중앙지하상가 145동|제주 제주시 일도일동 1425-3|064-722-6128|안내|방문 키워드 통계 그래프 예시입니다.|현재 4명 참여|10명 이상 참여하면|방문 키워드 통계가 공개됩니다!|최신순|하루히91|팔로우|사장님이 추전도 잘해주시고|결국 제가 마음에 드는거 골랐지만|친절하세요|친절해요|가성비가 좋아요|품질이 좋아요|반응 남기기|방문일|24.9.29.일|2024년 9월 29일 일요일|1번째 방문,"[""제이샵"", ""패션잡화"", ""제주 제주시 일도일동 중앙로 60 중앙지하상가 145동"", ""제주 제주시 일도일동 1425-3"", ""064-722-6128"", ""안내"", ""방문 키워드 통계 그래프 예시입니다."", ""현재 4명 참여"", ""10명 이상 참여하면"", ""방문 키워드 통계가 공개됩니다!"", ""최신순"", ""하루히91"", ""팔로우"", ""사장님이 추전도 잘해주시고"", ""결국 제가 마음에 드는거 골랐지만"", ""친절하세요"", ""친절해요"", ""가성비가 좋아요"", ""품질이 좋아요"", ""반응 남기기"", ""방문일"", ""24.9.29.일"", ""2024년 9월 29일 일요일"", ""1번째 방문""]","{""name"": [""제이샵""], ""category"": [""패션잡화""], ""address"": [""제주 제주시 일도일동 중앙로 60 중앙지하상가 145동"", ""제주 제주시 일도일동 1425-3""], ""phone"": [""064-722-6128""], ""visitor_keywords"": [""안내"", ""방문 키워드 통계 그래프 예시입니다."", ""현재 4명 참여"", ""10명 이상 참여하면"", ""방문 키워드 통계가 공개됩니다!"", ""최신순"", ""하루히91"", ""팔로우"", ""사장님이 추전도 잘해주시고"", ""결국 제가 마음에 드는거 골랐지만"", ""친절하세요"", ""친절해요"", ""가성비가 좋아요"", ""품질이 좋아요"", ""반응 남기기"", ""방문일"", ""24.9.29.일"", ""2024년 9월 29일 일요일"", ""1번째 방문""]}",J# | 제주 J# | J# 쇼핑 | 제주 J# 쇼핑,,,,"[""안내"", ""방문 키워드 통계 그래프 예시입니다."", ""현재 4명 참여"", ""10명 이상 참여하면"", ""방문 키워드 통계가 공개됩니다!"", ""최신순"", ""하루히91"", ""팔로우"", ""사장님이 추전도 잘해주시고"", ""결국 제가 마음에 드는거 골랐지만"", ""친절하세요"", ""친절해요"", ""가성비가 좋아요"", ""품질이 좋아요"", ""반응 남기기"", ""방문일"", ""24.9.29.일"", ""2024년 9월 29일 일요일"", ""1번째 방문""]","[{""title"": ""이런 점이 좋았어요"", ""body"": ""안내\n방문 키워드 통계 그래프 예시입니다.\n현재 4명 참여\n10명 이상 참여하면\n방문 키워드 통계가 공개됩니다!""}, {""title"": ""리뷰4"", ""body"": ""안내\n사진/영상 리뷰만\n최신순\n리뷰 제공 기준\n리뷰 클렌징 시스템 작동중입니다\n하루히91\n리뷰 471사진 298\n팔로우\n사장님이 추전도 잘해주시고\n결국 제가 마음에 드는거 골랐지만\n친절하세요\n친절해요\n가성비가 좋아요\n품질이 좋아요\n반응 남기기\n방문일\n24.9.29.일\n2024년 9월 29일 일요일\n1번째 방문\n인증 수단\n영수증\nㅇㅁㄱ다\n리뷰 704사진 2팔로워 13\n팔로우\n득템\n반응 남기기\n방문일\n22.12.31.토\n2022년 12월 31일 토요일\n1번째 방문\n인증 수단\n영수증\ndhf****\n리뷰 747\n팔로우\n굿\n친절해요\n반응 남기기\n방문일\n22.11.4.금\n2022년 11월 4일 금요일\n1번째 방문\n인증 수단\n영수증\n전외경\n리뷰 1,136사진 1팔로워 1\n팔로우\n원피스를사러갔는데맞는게없어그냥나오기뭐해서양말이라도사서왔다\n반응 남기기\n방문일\n22.7.13.수\n2022년 7월 13일 수요일\n2번째 방문\n인증 수단\n영수증""}, {""title"": ""키워드·별점 리뷰4"", ""body"": ""빈센트40\n리뷰 2,950사진 48팔로워 2\n팔로우\n독특한 디자인이 많아요\n반응 남기기\n방문일\n24.9.18.수\n2024년 9월 18일 수요일\n1번째 방문\n인증 수단\n결제내역\n토실맘2613\n리뷰 458사진 65\n팔로우\n가성비가 좋아요\n종류가 다양해요\n반응 남기기\n방문일\n23.11.4.토\n2023년 11월 4일 토요일\n1번째 방문\n인증 수단\n영수증\n전외경\n리뷰 1,136사진 1팔로워 1\n팔로우\n별점\n4\n점\n반응 남기기\n방문일\n21.9.24.금\n2021년 9월 24일 금요일\n1번째 방문\n인증 수단\n영수증\ngoddl7852\n리뷰 243사진 1\n팔로우\n별점\n5\n점\n반응 남기기\n방문일\n21.4.3.토\n2021년 4월 3일 토요일\n1번째 방문\n인증 수단\n영수증\n이용약관고객센터리뷰운영정책신고센터\n네이버""}]"
243,243,고운양말,쇼핑,146호,,33.5129533,126.524541,070-7220-0968,,,,지하상가,success,2_address_match,주소일치(exact_or_contains) query=고운양말,26.5,naver_place,https://map.naver.com/p/entry/place/1820899423,https://map.naver.com/p/entry/place/1820899423,https://pcmap.place.naver.com/place/1820899423/home,1820899423,고운양말,양말,,,제주 제주시 일도일동 중앙로 60 중앙지하상가 146호,제주 제주시 일도일동 1425-3,,,,33.5131838,126.5246152,,,,{},정보 수정,,,,,,,,,,고운양말|양말|제주 제주시 일도일동 중앙로 60 중앙지하상가 146호|제주 제주시 일도일동 1425-3,"[""고운양말"", ""양말"", ""제주 제주시 일도일동 중앙로 60 중앙지하상가 146호"", ""제주 제주시 일도일동 1425-3""]","{""name"": [""고운양말""], ""category"": [""양말""], ""address"": [""제주 제주시 일도일동 중앙로 60 중앙지하상가 146호"", ""제주 제주시 일도일동 1425-3""]}",고운양말,,,,,"[{""title"": ""결제수단"", ""body"": ""제로페이\n알고 계신 정보와 다른 정보가 있나요?\n사진으로 간단하게 제보해 주세요.\n정보 수정 제안하기\n이용약관고객센터리뷰운영정책신고센터\n네이버""}]"
244,244,보노레코드,기타,147-1호,,33.5129656,126.524516,064-723-7236,,https://naver.me/FLyT0RFC,,지하상가,success,1_naver_link,naver_link place_id=31314995,0.1,naver_place,https://map.naver.com/p/entry/place/31314995,https://map.naver.com/p/entry/place/31314995,https://pcmap.place.naver.com/place/31314995/home,31314995,보노레코드 제주중앙지하상가점,"상가,아케이드",,,제주 제주시 일도일동 중앙로 60 제주중앙지하상가 147-1,제주 제주시 일도일동 1425-3,,064-723-7236,,33.5129651,126.5245158,영업 중,영업 중,,{},영업 중,,"문화누리카드
알고 계신 정보와 다른 정보가 있나요?
사진으로 간단하게 제보해 주세요.
정보 수정 제안하기
이용약관고객센터리뷰운영정책신고센터
네이버",,,,,,,,"보노레코드 제주중앙지하상가점|상가,아케이드|제주 제주시 일도일동 중앙로 60 제주중앙지하상가 147-1|제주 제주시 일도일동 1425-3|064-723-7236|영업 중|친절해요|종류가 다양해요|분위기가 편안해요|가성비가 좋아요|특색 있는 제품이 많아요|추천을 잘해줘요|선물하기 좋아요","[""보노레코드 제주중앙지하상가점"", ""상가,아케이드"", ""제주 제주시 일도일동 중앙로 60 제주중앙지하상가 147-1"", ""제주 제주시 일도일동 1425-3"", ""064-723-7236"", ""영업 중"", ""친절해요"", ""종류가 다양해요"", ""분위기가 편안해요"", ""가성비가 좋아요"", ""특색 있는 제품이 많아요"", ""추천을 잘해줘요"", ""선물하기 좋아요""]","{""name"": [""보노레코드 제주중앙지하상가점""], ""category"": [""상가,아케이드""], ""address"": [""제주 제주시 일도일동 중앙로 60 제주중앙지하상가 147-1"", ""제주 제주시 일도일동 1425-3""], ""phone"": [""064-723-7236""], ""hours"": [""영업 중""], ""visitor_keywords"": [""친절해요"", ""종류가 다양해요"", ""분위기가 편안해요"", ""가성비가 좋아요"", ""특색 있는 제품이 많아요"", ""추천을 잘해줘요"", ""선물하기 좋아요""]}",https://naver.me/FLyT0RFC,,,,"[{""keyword"": ""친절해요"", ""count"": ""17""}, {""keyword"": ""종류가 다양해요"", ""count"": ""6""}, {""keyword"": ""분위기가 편안해요"", ""count"": ""4""}, {""keyword"": ""가성비가 좋아요"", ""count"": ""2""}, {""keyword"": ""특색 있는 제품이 많아요"", ""count"": ""2""}, {""keyword"": ""추천을 잘해줘요"", ""count"": ""2""}, {""keyword"": ""선물하기 좋아요"", ""count"": ""1""}]","[{""title"": ""결제수단"", ""body"": ""문화누리카드\n알고 계신 정보와 다른 정보가 있나요?\n사진으로 간단하게 제보해 주세요.\n정보 수정 제안하기\n이용약관고객센터리뷰운영정책신고센터\n네이버""}]"
245,245,야한여자,쇼핑,147-2호,,33.5129533,126.524482,064-723-5585,,,,지하상가,fail,5_fail,매칭 실패,183125.4,naver_place,https://map.naver.com/p/entry/place/1876903611,https://map.naver.com/p/entry/place/1876903611,https://pcmap.place.naver.com/place/1876903611/home,1876903611,야한여자,미용실,,,전남광주 순천시 연자로 17-1,전남광주 순천시 중앙동 119-1,,061-752-6551,,34.9552777,127.4860791,,,,{},정보 수정,,,,,,,,,,야한여자|미용실|전남광주 순천시 연자로 17-1|전남광주 순천시 중앙동 119-1|061-752-6551,"[""야한여자"", ""미용실"", ""전남광주 순천시 연자로 17-1"", ""전남광주 순천시 중앙동 119-1"", ""061-752-6551""]","{""name"": [""야한여자""], ""category"": [""미용실""], ""address"": [""전남광주 순천시 연자로 17-1"", ""전남광주 순천시 중앙동 119-1""], ""phone"": [""061-752-6551""]}",야한여자 | 제주 야한여자 | 야한여자 쇼핑 | 제주 야한여자 쇼핑,,,,,
246,246,진주귀고리,쇼핑,148호,,33.5129824,126.524464,010-4966-9702,,,,지하상가,success,2_address_match,주소일치(exact_or_contains) query=제주 진주귀고리,25.0,naver_place,https://map.naver.com/p/entry/place/1863450272,https://map.naver.com/p/entry/place/1863450272,https://pcmap.place.naver.com/place/1863450272/home,1863450272,진주귀고리,패션잡화,,,제주 제주시 일도일동 중앙로 60 중앙지하상가 148호,제주 제주시 일도일동 1425-3,,,,33.5131588,126.524632,,,,{},정보 수정,,"yl****
24.7.101번째 방문영수증
굿
A/S가 세심해요
알고 계신 정보와 다른 정보가 있나요?
사진으로 간단하게 제보해 주세요.
정보 수정 제안하기
이용약관고객센터리뷰운영정책신고센터
네이버",,,,,,,,진주귀고리|패션잡화|제주 제주시 일도일동 중앙로 60 중앙지하상가 148호|제주 제주시 일도일동 1425-3,"[""진주귀고리"", ""패션잡화"", ""제주 제주시 일도일동 중앙로 60 중앙지하상가 148호"", ""제주 제주시 일도일동 1425-3""]","{""name"": [""진주귀고리""], ""category"": [""패션잡화""], ""address"": [""제주 제주시 일도일동 중앙로 60 중앙지하상가 148호"", ""제주 제주시 일도일동 1425-3""]}",진주귀고리 | 제주 진주귀고리,,,,,"[{""title"": ""방문자 리뷰4"", ""body"": ""yl****\n24.7.101번째 방문영수증\n굿\nA/S가 세심해요\n알고 계신 정보와 다른 정보가 있나요?\n사진으로 간단하게 제보해 주세요.\n정보 수정 제안하기\n이용약관고객센터리뷰운영정책신고센터\n네이버""}]"
247,247,풀하우스,쇼핑,150호,,33.5130853,126.524356,010-8951-0993,,,,지하상가,fail,5_fail,매칭 실패,2102.8,naver_place,https://map.naver.com/p/entry/place/2032389150,https://map.naver.com/p/entry/place/2032389150,https://pcmap.place.naver.com/place/2032389150/home,2032389150,제주하우스,"특산물,관광민예품",,,제주 제주시 연삼로 473 경제통상진흥원 5층,제주 제주시 이도이동 390,제주 시청 광양사거리 에서 함덕 방향으로 내려 오시다 보면 농협 건물 관공서 경제통상진흥원 건물이 있습니다. | 1층에 매장이 있으며 사무실은 5층에 위치하고 있습니다. | 감사합니다.,0507-1315-0743,,33.4997335,126.5404167,10:00 - 20:00,영업 중20:00에 영업 종료,,"{""매일"": {""open"": ""10:00 - 20:00""}}",영업 중20:00에 영업 종료 | 20시 0분에 영업 종료 | 매일 | 10:00 - 20:00 | 접기,단체 이용 가능|배달|예약|남/녀 화장실 구분|대기공간|무선 인터넷|간편결제|주차,,,,,,,,제주하우스 모드락 고기한상|제주하우스 황금향 선물 세트,"제주하우스|특산물,관광민예품|제주 제주시 연삼로 473 경제통상진흥원 5층|제주 제주시 이도이동 390|0507-1315-0743|10:00 - 20:00|제주하우스 모드락 고기한상|제주하우스 황금향 선물 세트|단체 이용 가능|배달|남/녀 화장실 구분|대기공간|무선 인터넷|간편결제|주차","[""제주하우스"", ""특산물,관광민예품"", ""제주 제주시 연삼로 473 경제통상진흥원 5층"", ""제주 제주시 이도이동 390"", ""0507-1315-0743"", ""10:00 - 20:00"", ""제주하우스 모드락 고기한상"", ""제주하우스 황금향 선물 세트"", ""단체 이용 가능"", ""배달"", ""남/녀 화장실 구분"", ""대기공간"", ""무선 인터넷"", ""간편결제"", ""주차""]","{""name"": [""제주하우스""], ""category"": [""특산물,관광민예품""], ""address"": [""제주 제주시 연삼로 473 경제통상진흥원 5층"", ""제주 제주시 이도이동 390""], ""phone"": [""0507-1315-0743""], ""hours"": [""10:00 - 20:00""], ""menus"": [""제주하우스 모드락 고기한상"", ""제주하우스 황금향 선물 세트""], ""conveniences"": [""단체 이용 가능"", ""배달"", ""남/녀 화장실 구분"", ""대기공간"", ""무선 인터넷"", ""간편결제"", ""주차""]}",풀하우스 | 제주 풀하우스,,,,,
248,248,미녀들의수다,쇼핑,151호,,33.5131043,126.524343,064-758-1988,,,,지하상가,success,4_coord_close_auto,좌표 32m ≤ 80m,32.1,naver_place,https://map.naver.com/p/entry/place/31269535,https://map.naver.com/p/entry/place/31269535,https://pcmap.place.naver.com/place/31269535/home,31269535,미녀들의수다,패션,,,제주 제주시 중앙로 60 제주중앙지하상가 151,제주 제주시 일도일동 1454-2,,064-758-1988,,33.512844,126.524493,,,,{},정보 수정,,,,,,,,,,미녀들의수다|패션|제주 제주시 중앙로 60 제주중앙지하상가 151|제주 제주시 일도일동 1454-2|064-758-1988,"[""미녀들의수다"", ""패션"", ""제주 제주시 중앙로 60 제주중앙지하상가 151"", ""제주 제주시 일도일동 1454-2"", ""064-758-1988""]","{""name"": [""미녀들의수다""], ""category"": [""패션""], ""address"": [""제주 제주시 중앙로 60 제주중앙지하상가 151"", ""제주 제주시 일도일동 1454-2""], ""phone"": [""064-758-1988""]}",미녀들의수다 | 제주 미녀들의수다 | 미녀들의수다 쇼핑 | 제주 미녀들의수다 쇼핑,,,,,"[{""title"": ""결제수단"", ""body"": ""제로페이\n알고 계신 정보와 다른 정보가 있나요?\n사진으로 간단하게 제보해 주세요.\n정보 수정 제안하기\n이용약관고객센터리뷰운영정책신고센터\n네이버""}]"
249,249,디즈니골프웨어,쇼핑,"152,서10호",,33.5131367,126.52433,064-721-5949,,,,지하상가,fail,5_fail,매칭 실패,,,,,,,,,,,,,,,,,,,,,{},,,,,,,,,,,,[],{},디즈니골프웨어 | 제주 디즈니골프웨어 | 디즈니골프웨어 쇼핑 | 제주 디즈니골프웨어 쇼핑,,,,,
250,250,휠라 언더웨어,쇼핑,"동4,5호",,33.5131636,126.525066,064-721-6325,,,,지하상가,success,4_coord_close_auto,좌표 69m ≤ 80m,69.4,naver_place,https://map.naver.com/p/entry/place/1756144084,https://map.naver.com/p/entry/place/1756144084,https://pcmap.place.naver.com/place/1756144084/home,1756144084,휠라 언더웨어 제주중앙점,속옷,,,"제주 제주시 중앙로 60 중앙지하상가 동3호,동4호,동5호",제주 제주시 일도1동 1454-2,,064-721-6325,,33.5128347,126.5244294,영업 중,영업 중,,{},영업 중,간편결제,"휠라 언더웨어 제주중앙점
남성-여성 언더웨어부터 홈웨어, 이너웨어, 기능성 의류까지 다양한 상품을 합리적인 가격으로 만나보세요. 친절한 상담과 편안한 쇼핑으로 고객님께 만족을 드리겠습니다.",,,,,,,,"휠라 언더웨어 제주중앙점|속옷|제주 제주시 중앙로 60 중앙지하상가 동3호,동4호,동5호|제주 제주시 일도1동 1454-2|064-721-6325|영업 중|간편결제|품질이 좋아요|친절해요|종류가 다양해요|분위기가 편안해요|가성비가 좋아요|매장이 넓어요|스타일 추천을 잘해줘요|독특한 디자인이 많아요","[""휠라 언더웨어 제주중앙점"", ""속옷"", ""제주 제주시 중앙로 60 중앙지하상가 동3호,동4호,동5호"", ""제주 제주시 일도1동 1454-2"", ""064-721-6325"", ""영업 중"", ""간편결제"", ""품질이 좋아요"", ""친절해요"", ""종류가 다양해요"", ""분위기가 편안해요"", ""가성비가 좋아요"", ""매장이 넓어요"", ""스타일 추천을 잘해줘요"", ""독특한 디자인이 많아요""]","{""name"": [""휠라 언더웨어 제주중앙점""], ""category"": [""속옷""], ""address"": [""제주 제주시 중앙로 60 중앙지하상가 동3호,동4호,동5호"", ""제주 제주시 일도1동 1454-2""], ""phone"": [""064-721-6325""], ""hours"": [""영업 중""], ""conveniences"": [""간편결제""], ""visitor_keywords"": [""품질이 좋아요"", ""친절해요"", ""종류가 다양해요"", ""분위기가 편안해요"", ""가성비가 좋아요"", ""매장이 넓어요"", ""스타일 추천을 잘해줘요"", ""독특한 디자인이 많아요""]}",휠라 언더웨어 | 제주 휠라 언더웨어 | 휠라 언더웨어 쇼핑 | 제주 휠라 언더웨어 쇼핑,,,,"[{""keyword"": ""품질이 좋아요"", ""count"": ""14""}, {""keyword"": ""친절해요"", ""count"": ""9""}, {""keyword"": ""종류가 다양해요"", ""count"": ""5""}, {""keyword"": ""분위기가 편안해요"", ""count"": ""2""}, {""keyword"": ""가성비가 좋아요"", ""count"": ""2""}, {""keyword"": ""매장이 넓어요"", ""count"": ""2""}, {""keyword"": ""스타일 추천을 잘해줘요"", ""count"": ""2""}, {""keyword"": ""독특한 디자인이 많아요"", ""count"": ""1""}]","[{""title"": ""소개"", ""body"": ""휠라 언더웨어 제주중앙점\n남성-여성 언더웨어부터 홈웨어, 이너웨어, 기능성 의류까지 다양한 상품을 합리적인 가격으로 만나보세요. 친절한 상담과 편안한 쇼핑으로 고객님께 만족을 드리겠습니다.""}, {""title"": ""대표 키워드"", ""body"": ""속옷언더웨어팬티파자마양말""}, {""title"": ""편의시설 및 서비스"", ""body"": ""화장실 휠체어 이용가능\n출입구 휠체어 이용가능""}, {""title"": ""결제수단"", ""body"": ""지역화폐 (지류형)\n지역화폐 (카드형)\n지역화폐 (모바일형)\n제로페이\n간편결제\n알고 계신 정보와 다른 정보가 있나요?\n사진으로 간단하게 제보해 주세요.\n정보 수정 제안하기\n이용약관고객센터리뷰운영정책신고센터\n네이버""}]"
251,251,댑코리아,쇼핑,"동6,7호",,33.5131043,126.525062,064-702-0341,,,,지하상가,fail,5_fail,매칭 실패,266091.6,naver_place,https://map.naver.com/p/entry/place/1604007699,https://map.naver.com/p/entry/place/1604007699,https://pcmap.place.naver.com/place/1604007699/home,1604007699,댑코리아마산창동점,속옷,,,경남 창원시 마산합포구 동서북10길 47,경남 창원시 마산합포구 창동 115-4,,055-242-0999,,35.2058315,128.5743209,,,,{},,,,,,,,,,,"댑코리아마산창동점|속옷|경남 창원시 마산합포구 동서북10길 47|경남 창원시 마산합포구 창동 115-4|055-242-0999|안내|142회107명 참여|""친절해요""|이 키워드를 선택한 인원|""가성비가 좋아요""|""품질이 좋아요""|""종류가 다양해요""|""스타일 추천을 잘해줘요""|4.35119개 평점(100명 참여)|최신순|jun****|팔로우|재질이 좋아요~~^^|품질이 좋아요","[""댑코리아마산창동점"", ""속옷"", ""경남 창원시 마산합포구 동서북10길 47"", ""경남 창원시 마산합포구 창동 115-4"", ""055-242-0999"", ""안내"", ""142회107명 참여"", ""\""친절해요\"""", ""이 키워드를 선택한 인원"", ""\""가성비가 좋아요\"""", ""\""품질이 좋아요\"""", ""\""종류가 다양해요\"""", ""\""스타일 추천을 잘해줘요\"""", ""4.35119개 평점(100명 참여)"", ""최신순"", ""jun****"", ""팔로우"", ""재질이 좋아요~~^^"", ""품질이 좋아요""]","{""name"": [""댑코리아마산창동점""], ""category"": [""속옷""], ""address"": [""경남 창원시 마산합포구 동서북10길 47"", ""경남 창원시 마산합포구 창동 115-4""], ""phone"": [""055-242-0999""], ""visitor_keywords"": [""안내"", ""142회107명 참여"", ""\""친절해요\"""", ""이 키워드를 선택한 인원"", ""\""가성비가 좋아요\"""", ""\""품질이 좋아요\"""", ""\""종류가 다양해요\"""", ""\""스타일 추천을 잘해줘요\"""", ""4.35119개 평점(100명 참여)"", ""최신순"", ""jun****"", ""팔로우"", ""재질이 좋아요~~^^"", ""품질이 좋아요""]}",댑코리아 | 제주 댑코리아 | 댑코리아 쇼핑 | 제주 댑코리아 쇼핑,,,,"[""안내"", ""142회107명 참여"", ""\""친절해요\"""", ""이 키워드를 선택한 인원"", ""\""가성비가 좋아요\"""", ""\""품질이 좋아요\"""", ""\""종류가 다양해요\"""", ""\""스타일 추천을 잘해줘요\"""", ""4.35119개 평점(100명 참여)"", ""최신순"", ""jun****"", ""팔로우"", ""재질이 좋아요~~^^"", ""품질이 좋아요""]",
252,252,투 쿨 포 스쿨,쇼핑,"동8,9호",,33.5131065,126.524997,064-751-2300,,,,지하상가,fail,5_fail,매칭 실패,4354.0,naver_place,https://map.naver.com/p/entry/place/38456977,https://map.naver.com/p/entry/place/38456977,https://pcmap.place.naver.com/place/38456977/home,38456977,투쿨포스쿨 롯데제주 면세점,"화장품,향수",,,제주 제주시 도령로 83 제주 롯데시티 면세점 3F,제주 제주시 연동 2324-6,,064-793-3122,,33.4906744,126.4865086,10:00 - 19:00,영업 중19:00에 영업 종료,,"{""매일"": {""open"": ""10:00 - 19:00""}}",영업 중19:00에 영업 종료 | 19시 0분에 영업 종료 | 매일 | 10:00 - 19:00 | 접기,,,,,,,,,,"투쿨포스쿨 롯데제주 면세점|화장품,향수|제주 제주시 도령로 83 제주 롯데시티 면세점 3F|제주 제주시 연동 2324-6|064-793-3122|10:00 - 19:00","[""투쿨포스쿨 롯데제주 면세점"", ""화장품,향수"", ""제주 제주시 도령로 83 제주 롯데시티 면세점 3F"", ""제주 제주시 연동 2324-6"", ""064-793-3122"", ""10:00 - 19:00""]","{""name"": [""투쿨포스쿨 롯데제주 면세점""], ""category"": [""화장품,향수""], ""address"": [""제주 제주시 도령로 83 제주 롯데시티 면세점 3F"", ""제주 제주시 연동 2324-6""], ""phone"": [""064-793-3122""], ""hours"": [""10:00 - 19:00""]}",투 쿨 포 스쿨 | 제주 투 쿨 포 스쿨 | 투 쿨 포 스쿨 쇼핑 | 제주 투 쿨 포 스쿨 쇼핑,,,,,
253,253,깜J,쇼핑,서4호,,33.5132016,126.524213,064-752-8531,,,,지하상가,success,4_coord_close_auto,좌표 0m ≤ 80m,0.0,naver_place,https://map.naver.com/p/entry/place/31269393,https://map.naver.com/p/entry/place/31269393,https://pcmap.place.naver.com/place/31269393/home,31269393,깜J 제주중앙지하상가점,패션,,,제주 제주시 일도일동 중앙로 60 제주중앙지하상가 서4,제주 제주시 일도일동 1425-3,,064-752-8531,,33.5132017,126.524213,,,,{},정보 수정,,,,,,,,,,깜J 제주중앙지하상가점|패션|제주 제주시 일도일동 중앙로 60 제주중앙지하상가 서4|제주 제주시 일도일동 1425-3|064-752-8531,"[""깜J 제주중앙지하상가점"", ""패션"", ""제주 제주시 일도일동 중앙로 60 제주중앙지하상가 서4"", ""제주 제주시 일도일동 1425-3"", ""064-752-8531""]","{""name"": [""깜J 제주중앙지하상가점""], ""category"": [""패션""], ""address"": [""제주 제주시 일도일동 중앙로 60 제주중앙지하상가 서4"", ""제주 제주시 일도일동 1425-3""], ""phone"": [""064-752-8531""]}",깜J | 제주 깜J | 깜J 쇼핑 | 제주 깜J 쇼핑,,,,,"[{""title"": ""결제수단"", ""body"": ""제로페이\n알고 계신 정보와 다른 정보가 있나요?\n사진으로 간단하게 제보해 주세요.\n정보 수정 제안하기\n이용약관고객센터리뷰운영정책신고센터\n네이버""}]"
254,254,나나,쇼핑,서5호,,33.5131993,126.524179,064-721-7540,,,,지하상가,success,4_coord_close_auto,좌표 0m ≤ 80m,0.0,naver_place,https://map.naver.com/p/entry/place/31269462,https://map.naver.com/p/entry/place/31269462,https://pcmap.place.naver.com/place/31269462/home,31269462,나나 제주중앙지하상가점,패션,,,제주 제주시 일도일동 중앙로 60 제주중앙지하상가 서5,제주 제주시 일도일동 1425-3,,064-721-7540,,33.5131996,126.5241788,,,,{},정보 수정,,"cho ee
21.11.101번째 방문영수증
ㅅ
spmadonna
21.3.281번째 방문영수증
좋아요
k71****
20.6.281번째 방문영수증
청바지 스타일이 너무 잘 나온거 같아요~
알고 계신 정보와 다른 정보가 있나요?
사진으로 간단하게 제보해 주세요.
정보 수정 제안하기
이용약관고객센터리뷰운영정책신고센터
네이버",,,,,,,,나나 제주중앙지하상가점|패션|제주 제주시 일도일동 중앙로 60 제주중앙지하상가 서5|제주 제주시 일도일동 1425-3|064-721-7540,"[""나나 제주중앙지하상가점"", ""패션"", ""제주 제주시 일도일동 중앙로 60 제주중앙지하상가 서5"", ""제주 제주시 일도일동 1425-3"", ""064-721-7540""]","{""name"": [""나나 제주중앙지하상가점""], ""category"": [""패션""], ""address"": [""제주 제주시 일도일동 중앙로 60 제주중앙지하상가 서5"", ""제주 제주시 일도일동 1425-3""], ""phone"": [""064-721-7540""]}",나나 | 제주 나나 | 나나 쇼핑 | 제주 나나 쇼핑,,,,,"[{""title"": ""방문자 리뷰8"", ""body"": ""cho ee\n21.11.101번째 방문영수증\nㅅ\nspmadonna\n21.3.281번째 방문영수증\n좋아요\nk71****\n20.6.281번째 방문영수증\n청바지 스타일이 너무 잘 나온거 같아요~\n알고 계신 정보와 다른 정보가 있나요?\n사진으로 간단하게 제보해 주세요.\n정보 수정 제안하기\n이용약관고객센터리뷰운영정책신고센터\n네이버""}]"
255,255,카라,쇼핑,서6호,,33.5131513,126.524177,064-759-2449,,,,지하상가,success,4_coord_close_auto,좌표 0m ≤ 80m,0.1,naver_place,https://map.naver.com/p/entry/place/31269392,https://map.naver.com/p/entry/place/31269392,https://pcmap.place.naver.com/place/31269392/home,31269392,카라 제주중앙지하상가점,여성캐주얼,,,제주 제주시 일도일동 중앙로 60 제주중앙지하상가 서6,제주 제주시 일도일동 1425-3,,064-759-2449,,33.5131512,126.5241759,,,,{},정보 수정,,,,,,,,,,카라 제주중앙지하상가점|여성캐주얼|제주 제주시 일도일동 중앙로 60 제주중앙지하상가 서6|제주 제주시 일도일동 1425-3|064-759-2449,"[""카라 제주중앙지하상가점"", ""여성캐주얼"", ""제주 제주시 일도일동 중앙로 60 제주중앙지하상가 서6"", ""제주 제주시 일도일동 1425-3"", ""064-759-2449""]","{""name"": [""카라 제주중앙지하상가점""], ""category"": [""여성캐주얼""], ""address"": [""제주 제주시 일도일동 중앙로 60 제주중앙지하상가 서6"", ""제주 제주시 일도일동 1425-3""], ""phone"": [""064-759-2449""]}",카라 | 제주 카라 | 카라 쇼핑,,,,,"[{""title"": ""결제수단"", ""body"": ""제로페이\n알고 계신 정보와 다른 정보가 있나요?\n사진으로 간단하게 제보해 주세요.\n정보 수정 제안하기\n이용약관고객센터리뷰운영정책신고센터\n네이버""}]"
256,256,버커루,쇼핑,서7~9호,,33.5131401,126.524244,064-722-9424,,,,지하상가,success,4_coord_close_auto,좌표 38m ≤ 80m,38.1,naver_place,https://map.naver.com/p/entry/place/1277035964,https://map.naver.com/p/entry/place/1277035964,https://pcmap.place.naver.com/place/1277035964/home,1277035964,버커루 제주점,캐주얼웨어,,,제주 제주시 일도일동 중앙로 60 중앙지하상가 서-7호,제주 제주시 일도일동 1454-2,,064-722-9424,https://buckaroo.co.kr/,33.5128346,126.5244293,,,,{},정보 수정,,"2004년 런칭한 국내 오리지널 빈티지 캐주얼

빈티지 감성을 현대적으로 재해석한 프리미엄 빈티지 캐주얼 브랜드로
카우보이를 뜻하는 버커루는 자유롭고 거친 삶에서 영감을 받아 대량 생산의 획일적인 현대의 패션 마켓에서도, 제품의 본질을 지키며 세심하고 정교한 장인정신으로 독보적이고 감각적인 빈티지 기술을 제품에 반영한다.",,,,,,,,버커루 제주점|캐주얼웨어|제주 제주시 일도일동 중앙로 60 중앙지하상가 서-7호|제주 제주시 일도일동 1454-2|064-722-9424,"[""버커루 제주점"", ""캐주얼웨어"", ""제주 제주시 일도일동 중앙로 60 중앙지하상가 서-7호"", ""제주 제주시 일도일동 1454-2"", ""064-722-9424""]","{""name"": [""버커루 제주점""], ""category"": [""캐주얼웨어""], ""address"": [""제주 제주시 일도일동 중앙로 60 중앙지하상가 서-7호"", ""제주 제주시 일도일동 1454-2""], ""phone"": [""064-722-9424""]}",버커루 | 제주 버커루 | 버커루 쇼핑 | 제주 버커루 쇼핑,,,,,"[{""title"": ""소개"", ""body"": ""2004년 런칭한 국내 오리지널 빈티지 캐주얼\n\n빈티지 감성을 현대적으로 재해석한 프리미엄 빈티지 캐주얼 브랜드로\n카우보이를 뜻하는 버커루는 자유롭고 거친 삶에서 영감을 받아 대량 생산의 획일적인 현대의 패션 마켓에서도, 제품의 본질을 지키며 세심하고 정교한 장인정신으로 독보적이고 감각적인 빈티지 기술을 제품에 반영한다.""}, {""title"": ""대표 키워드"", ""body"": ""버커루빈티지BUCKAROO더비theB""}, {""title"": ""SNS"", ""body"": ""홈페이지\nhttps://buckaroo.co.kr/\n인스타그램\n인스타그램\n알고 계신 정보와 다른 정보가 있나요?\n사진으로 간단하게 제보해 주세요.\n정보 수정 제안하기\n이용약관고객센터리뷰운영정책신고센터\n네이버""}]"
257,257,용우동,음식점,스넥1호,,33.5129097,126.524646,064-702-6361,,https://naver.me/GIG8p7I5,,지하상가,success,1_naver_link,naver_link place_id=35841749,16.0,naver_place,https://map.naver.com/p/entry/place/35841749,https://map.naver.com/p/entry/place/35841749,https://pcmap.place.naver.com/place/35841749/home,35841749,용우동 제주중앙점,"우동,소바",,,제주 제주시 일도일동 중앙로 60 제주중앙지하상가 스넥1,제주 제주시 일도일동 1425-3,,064-702-6361,,33.512844,126.524493,,,,{},,,,,,,,,,,"용우동 제주중앙점|우동,소바|제주 제주시 일도일동 중앙로 60 제주중앙지하상가 스넥1|제주 제주시 일도일동 1425-3|064-702-6361|음식이 맛있어요|가성비가 좋아요|혼밥하기 좋아요|친절해요|매장이 넓어요|매장이 청결해요|양이 많아요|재료가 신선해요|특별한 메뉴가 있어요|아이와 가기 좋아요","[""용우동 제주중앙점"", ""우동,소바"", ""제주 제주시 일도일동 중앙로 60 제주중앙지하상가 스넥1"", ""제주 제주시 일도일동 1425-3"", ""064-702-6361"", ""음식이 맛있어요"", ""가성비가 좋아요"", ""혼밥하기 좋아요"", ""친절해요"", ""매장이 넓어요"", ""매장이 청결해요"", ""양이 많아요"", ""재료가 신선해요"", ""특별한 메뉴가 있어요"", ""아이와 가기 좋아요""]","{""name"": [""용우동 제주중앙점""], ""category"": [""우동,소바""], ""address"": [""제주 제주시 일도일동 중앙로 60 제주중앙지하상가 스넥1"", ""제주 제주시 일도일동 1425-3""], ""phone"": [""064-702-6361""], ""visitor_keywords"": [""음식이 맛있어요"", ""가성비가 좋아요"", ""혼밥하기 좋아요"", ""친절해요"", ""매장이 넓어요"", ""매장이 청결해요"", ""양이 많아요"", ""재료가 신선해요"", ""특별한 메뉴가 있어요"", ""아이와 가기 좋아요""]}",https://naver.me/GIG8p7I5,,,,"[{""keyword"": ""음식이 맛있어요"", ""count"": ""150""}, {""keyword"": ""가성비가 좋아요"", ""count"": ""65""}, {""keyword"": ""혼밥하기 좋아요"", ""count"": ""64""}, {""keyword"": ""친절해요"", ""count"": ""47""}, {""keyword"": ""매장이 넓어요"", ""count"": ""37""}, {""keyword"": ""매장이 청결해요"", ""count"": ""34""}, {""keyword"": ""양이 많아요"", ""count"": ""28""}, {""keyword"": ""재료가 신선해요"", ""count"": ""20""}, {""keyword"": ""특별한 메뉴가 있어요"", ""count"": ""19""}, {""keyword"": ""아이와 가기 좋아요"", ""count"": ""4""}]","[{""title"": ""결제수단"", ""body"": ""제로페이\n알고 계신 정보와 다른 정보가 있나요?\n사진으로 간단하게 제보해 주세요.\n정보 수정 제안하기\n이용약관고객센터리뷰운영정책신고센터\n네이버""}]"
258,258,푸짐한밥상,음식점,스넥2호,,33.5129142,126.524582,064-752-6157,,https://naver.me/G4WffnMZ,,지하상가,success,1_naver_link,naver_link place_id=35841748,5.3,naver_place,https://map.naver.com/p/entry/place/35841748,https://map.naver.com/p/entry/place/35841748,https://pcmap.place.naver.com/place/35841748/home,35841748,푸짐한밥상 제주중앙지하상가점,한식,Y,가족 모두 만족하는 메뉴 다양성,제주 제주시 중앙로 60 중앙지하상가 스넥2 푸짐한밥상,제주 제주시 일도일동 1454-2,중앙지하상가 6번 또는 8번 출입구로 들어오세요. | 지하상가 중앙에 위치해 있습니다. | 주차는 '제주중앙지하상가 서쪽 공영주차장'(유료)에 하실 수 있습니다. | (,064-752-6157,https://blog.naver.com/puzimhanbabsang,33.5129599,126.5245675,월 09:00 - 19:00,영업 중18:40에 라스트오더,영업 중18:40에 라스트오더 | 18시 40분에 라스트오더 | 18:40 라스트오더 | 명절 전일 16시마감. 명절 당일 휴무.,"{""목"": {""open"": ""09:00 - 19:00""}, ""금"": {""open"": ""09:00 - 19:00""}, ""토"": {""open"": ""09:00 - 19:00""}, ""일"": {""open"": ""09:00 - 19:00""}, ""월"": {""open"": ""09:00 - 19:00""}, ""화"": {""open"": ""09:00 - 19:00""}, ""수"": {""open"": ""09:00 - 19:00""}}",영업 중18:40에 라스트오더 | 18시 40분에 라스트오더 | 목 | 09:00 - 19:00 | 18:40 라스트오더 | 금 | 09:00 - 19:00 | 18:40 라스트오더 | 토 | 09:00 - 19:00 | 18:40 라스트오더 | 일 | 09:00 - 19:00 | 18:40 라스트오더 | 월 | 09:00 - 19:00 | 18:40 라스트오더 | 화 | 09:00 - 19:00 | 18:40 라스트오더 | 수 | 09:00 - 19:00 | 18:40 라스트오더 | 09/25 추석 휴무 | - 명절 전일 16시마감. 명절 당일 휴무. | 접기,포장|예약|단체 이용 가능|무선 인터넷|유아의자|배달|남/녀 화장실 구분|간편결제|반려동물 동반,"가성비 맛집 푸짐한밥상입니다.
푸짐하고 맛있는 식사 하고 가세요~ ^^*",,주간 기준  | 인기 많은 메뉴 | 1 | 순위 변동 없음 | 비빔밥 | 2 | 순위 변동 없음 | 돈까스 | 3 | 순위 상승 | 육개장 | 목요일 오후 12시  | 가장 인기에요! | 10시 방문자17% | 10 | 11시 방문자36% | 12시 방문자70% | 12 | 13시 방문자39% | 14시 방문자30% | 14,"[{""rank"": 1, ""trend"": """", ""name"": ""변동 없음 비빔밥""}, {""rank"": 2, ""trend"": """", ""name"": ""변동 없음 돈까스""}, {""rank"": 3, ""trend"": ""상승"", ""name"": ""육개장""}]",목요일 오후 12시 가장 인기에요,"[{""hour"": 10, ""pct"": 17}, {""hour"": 11, ""pct"": 36}, {""hour"": 12, ""pct"": 70}, {""hour"": 13, ""pct"": 39}, {""hour"": 14, ""pct"": 30}]",,전체메뉴|열무국수|콩국수|물냉면|비빔냉면|메밀물막국수|메밀비빔막국수|메밀코다리회막국수|전복뚝배기|육개장|갈비탕|된장찌개|김치찌개|참치찌개|순두부|비빔밥|돌솥비빔밥|알돌솥비빔밥|참치돌솥비빔밥|돈가스|치즈돈가스|돈가스+함박셋트|철판함박스테이크|만두백반|떡만두국|떡국|소불고기덮밥|제육덮밥|잡채밥|오므라이스|야채고기볶음밥|새우해물볶음밥|치킨데리야끼볶음밥|김치볶음밥|멸치국수|비빔국수|해물칼국수|쫄면|우동|라면,푸짐한밥상 제주중앙지하상가점|한식|제주 제주시 중앙로 60 중앙지하상가 스넥2 푸짐한밥상|제주 제주시 일도일동 1454-2|064-752-6157|월 09:00 - 19:00|전체메뉴|열무국수|콩국수|물냉면|비빔냉면|메밀물막국수|메밀비빔막국수|메밀코다리회막국수|전복뚝배기|육개장|갈비탕|된장찌개|김치찌개|참치찌개|순두부|비빔밥|돌솥비빔밥|알돌솥비빔밥|참치돌솥비빔밥|돈가스|치즈돈가스|돈가스+함박셋트|철판함박스테이크|만두백반|떡만두국|떡국|소불고기덮밥|제육덮밥|잡채밥|오므라이스|야채고기볶음밥|새우해물볶음밥|치킨데리야끼볶음밥|김치볶음밥|멸치국수|비빔국수|해물칼국수|쫄면|우동|라면|변동 없음 비빔밥|변동 없음 돈까스|가족 모두 만족하는 메뉴 다양성|포장|단체 이용 가능|무선 인터넷|유아의자|배달|남/녀 화장실 구분|간편결제|반려동물 동반|음식이 맛있어요|혼밥하기 좋아요|가성비가 좋아요|양이 많아요|재료가 신선해요|매장이 넓어요|친절해요|단체모임 하기 좋아요|특별한 메뉴가 있어요|매장이 청결해요,"[""푸짐한밥상 제주중앙지하상가점"", ""한식"", ""제주 제주시 중앙로 60 중앙지하상가 스넥2 푸짐한밥상"", ""제주 제주시 일도일동 1454-2"", ""064-752-6157"", ""월 09:00 - 19:00"", ""전체메뉴"", ""열무국수"", ""콩국수"", ""물냉면"", ""비빔냉면"", ""메밀물막국수"", ""메밀비빔막국수"", ""메밀코다리회막국수"", ""전복뚝배기"", ""육개장"", ""갈비탕"", ""된장찌개"", ""김치찌개"", ""참치찌개"", ""순두부"", ""비빔밥"", ""돌솥비빔밥"", ""알돌솥비빔밥"", ""참치돌솥비빔밥"", ""돈가스"", ""치즈돈가스"", ""돈가스+함박셋트"", ""철판함박스테이크"", ""만두백반"", ""떡만두국"", ""떡국"", ""소불고기덮밥"", ""제육덮밥"", ""잡채밥"", ""오므라이스"", ""야채고기볶음밥"", ""새우해물볶음밥"", ""치킨데리야끼볶음밥"", ""김치볶음밥"", ""멸치국수"", ""비빔국수"", ""해물칼국수"", ""쫄면"", ""우동"", ""라면"", ""변동 없음 비빔밥"", ""변동 없음 돈까스"", ""가족 모두 만족하는 메뉴 다양성"", ""포장"", ""단체 이용 가능"", ""무선 인터넷"", ""유아의자"", ""배달"", ""남/녀 화장실 구분"", ""간편결제"", ""반려동물 동반"", ""음식이 맛있어요"", ""혼밥하기 좋아요"", ""가성비가 좋아요"", ""양이 많아요"", ""재료가 신선해요"", ""매장이 넓어요"", ""친절해요"", ""단체모임 하기 좋아요"", ""특별한 메뉴가 있어요"", ""매장이 청결해요""]","{""name"": [""푸짐한밥상 제주중앙지하상가점""], ""category"": [""한식""], ""address"": [""제주 제주시 중앙로 60 중앙지하상가 스넥2 푸짐한밥상"", ""제주 제주시 일도일동 1454-2""], ""phone"": [""064-752-6157""], ""hours"": [""월 09:00 - 19:00""], ""menus"": [""전체메뉴"", ""열무국수"", ""콩국수"", ""물냉면"", ""비빔냉면"", ""메밀물막국수"", ""메밀비빔막국수"", ""메밀코다리회막국수"", ""전복뚝배기"", ""육개장"", ""갈비탕"", ""된장찌개"", ""김치찌개"", ""참치찌개"", ""순두부"", ""비빔밥"", ""돌솥비빔밥"", ""알돌솥비빔밥"", ""참치돌솥비빔밥"", ""돈가스"", ""치즈돈가스"", ""돈가스+함박셋트"", ""철판함박스테이크"", ""만두백반"", ""떡만두국"", ""떡국"", ""소불고기덮밥"", ""제육덮밥"", ""잡채밥"", ""오므라이스"", ""야채고기볶음밥"", ""새우해물볶음밥"", ""치킨데리야끼볶음밥"", ""김치볶음밥"", ""멸치국수"", ""비빔국수"", ""해물칼국수"", ""쫄면"", ""우동"", ""라면""], ""popular_menus"": [""변동 없음 비빔밥"", ""변동 없음 돈까스"", ""육개장""], ""slogan"": [""가족 모두 만족하는 메뉴 다양성""], ""conveniences"": [""포장"", ""단체 이용 가능"", ""무선 인터넷"", ""유아의자"", ""배달"", ""남/녀 화장실 구분"", ""간편결제"", ""반려동물 동반""], ""visitor_keywords"": [""음식이 맛있어요"", ""혼밥하기 좋아요"", ""가성비가 좋아요"", ""양이 많아요"", ""재료가 신선해요"", ""매장이 넓어요"", ""친절해요"", ""단체모임 하기 좋아요"", ""특별한 메뉴가 있어요"", ""매장이 청결해요""]}",https://naver.me/G4WffnMZ,,"[""푸짐한밥상 제주중앙지하상가점\n공지\n임시휴무추석 연휴 안내\n안녕하세요.\n2026년 추석 연휴 안내드립니다.\n24일(목) 추석연휴 4시 마감\n25일(금) 추석 휴무\n26일(토) 정상영업\n합니다.\n넉넉하고 풍요로운 추석 되시고\n푸짐한밥상에서\n푸짐하고 맛있는 식사하세요.\n감사합니다.\n더보기\n기간\n2026.09.25.\n좋아요\n6일 전\n6일 전"", ""푸짐한밥상 제주중앙지하상가점\n블로그\n블로그추석 연휴 안내\n안녕하세요. 2026년 추석 연휴 안내드립니다. 24일(목) 추석연휴 4시 마감 25일(금) 추석 휴무 26일(토) 정상영업 합니다. 넉넉하고 풍요로운 추석 되시고 푸짐한밥상에서 푸짐하고 맛있는 식사하세요. 감사합니다.\n6일 전\n6일 전"", ""푸짐한밥상 제주중앙지하상가점\n블로그\n블로그고유가 피해지원금 사용가능 매장\n안녕하세요. 푸짐한밥상입니다. 고유가·고환율·고물가로 인한 서민층의 삼중고를 완화하기 위해 지급되는 '고유가 피해지원금' 아래 내용 참고하셔서 신청하시고 지원 받으세요. (지급수단) 지역사랑상품권, 신용·체크카드, 선불카드 중 선택 (신청방법) 온라인 : 카드사·지역사랑상품권 앱과 홈페이지 오프라인 : 주민센터, 은행 영업점 (신청·지급기간) - (기초·차상위) 1차 2026.4.27.(월) ~ 2026.5.8.(금) 2차 2026.5.18.(월) ~ 2026.7.3.(금) ※ 1차 기간에 신청·지급 받은 경우 2차 기간에는 신청·지급 불가 - (국민의 70%) 2차 2026.5.18.(월) ~ 2026.7.3.(금) (사용기한) 2026.8.31.(월) 까지 ※ 1·2차 동일 (사용지역) 신청자 본인의 주소지(특·광역시 및 시·군) (사용처) 지역사랑상품권: 지역사랑상품권 가맹점 저희 푸짐한밥상은 '고유가 피해지원금' 사용 가능 매장입니다. 가성\n더보기\n2026.05.02.\n2026년 5월 2일""]",,"[{""keyword"": ""음식이 맛있어요"", ""count"": ""111""}, {""keyword"": ""혼밥하기 좋아요"", ""count"": ""70""}, {""keyword"": ""가성비가 좋아요"", ""count"": ""70""}, {""keyword"": ""양이 많아요"", ""count"": ""58""}, {""keyword"": ""재료가 신선해요"", ""count"": ""54""}, {""keyword"": ""매장이 넓어요"", ""count"": ""40""}, {""keyword"": ""친절해요"", ""count"": ""38""}, {""keyword"": ""단체모임 하기 좋아요"", ""count"": ""23""}, {""keyword"": ""특별한 메뉴가 있어요"", ""count"": ""19""}, {""keyword"": ""매장이 청결해요"", ""count"": ""13""}]","[{""title"": ""소개"", ""body"": ""가성비 맛집 푸짐한밥상입니다.\n푸짐하고 맛있는 식사 하고 가세요~ ^^*""}, {""title"": ""편의시설 및 서비스"", ""body"": ""비건 메뉴\n포장\n예약\n단체 이용 가능\n무선 인터넷\n유아의자\n배달\n남/녀 화장실 구분\n출입구 휠체어 이용가능""}, {""title"": ""반려동물 동반"", ""body"": ""반려동물 동반 가능""}, {""title"": ""주류 및 콜키지"", ""body"": ""콜키지 불가\n외부 주류 반입은 허용되지 않습니다.""}, {""title"": ""주차"", ""body"": ""주차 불가\n인근 대체 주차장 안내\n제주중앙지하상가서쪽공영주차장이 장소에서 110m\n제주 제주시 관덕로8길 6""}, {""title"": ""좌석·공간"", ""body"": ""입식""}, {""title"": ""결제수단"", ""body"": ""지역화폐 (지류형)\n지역화폐 (모바일형)\n지역화폐 (카드형)\n제로페이\n간편결제""}, {""title"": ""SNS"", ""body"": ""블로그\nhttps://blog.naver.com/puzimhanbabsang\n알고 계신 정보와 다른 정보가 있나요?\n사진으로 간단하게 제보해 주세요.\n정보 수정 제안하기\n이용약관고객센터리뷰운영정책신고센터\n네이버""}]"
259,259,보떼,쇼핑,"201,202호",,33.5131602,126.52513,064-759-5989,,,,지하상가,needs_confirm,4_coord_near_confirm,좌표 126m ≤ 250m → 확인 필요,126.1,naver_place,https://map.naver.com/p/entry/place/37215584,https://map.naver.com/p/entry/place/37215584,https://pcmap.place.naver.com/place/37215584/home,37215584,보떼 제주중앙로점,"화장품,향수",,,제주 제주시 관덕로 42,제주 제주시 일도일동 1438,,064-721-7997,,33.5130463,126.5237769,,,,{},정보 수정,,"summervg
22.9.241번째 방문영수증
굿
김용태행복강사
22.6.11번째 방문영수증
친절해요
쩡2U
22.2.111번째 방문영수증
좋아요",,,,,,,,"보떼 제주중앙로점|화장품,향수|제주 제주시 관덕로 42|제주 제주시 일도일동 1438|064-721-7997","[""보떼 제주중앙로점"", ""화장품,향수"", ""제주 제주시 관덕로 42"", ""제주 제주시 일도일동 1438"", ""064-721-7997""]","{""name"": [""보떼 제주중앙로점""], ""category"": [""화장품,향수""], ""address"": [""제주 제주시 관덕로 42"", ""제주 제주시 일도일동 1438""], ""phone"": [""064-721-7997""]}",보떼 | 제주 보떼,,,,,"[{""title"": ""방문자 리뷰11"", ""body"": ""summervg\n22.9.241번째 방문영수증\n굿\n김용태행복강사\n22.6.11번째 방문영수증\n친절해요\n쩡2U\n22.2.111번째 방문영수증\n좋아요""}, {""title"": ""블로그 리뷰1"", ""body"": ""jjjss16\n제주중앙로상점가\n[중앙로상점가] 세련된 아름다움을 추구하는 라이프 스타일 SHOP '보떼'\nHealthy & Beautiful 보떼 BEAUTÉ LG생활건강 멀티 화장품 브랜드숍 '보떼(BEAUTE)' 보떼는 화장품 이외에, 향수, 건강기능식품, 미용소품, 헤어 및 바디케어까지 토탈 뷰티 제품이 다양하다. 제주시 소통협력센터와 유서깊은 서점 우생당 사이에 위치한 제주중앙로점 '보떼' 친절한 사장님과 반려식물들이 반겨주는 매장으로 오며 가며 들리기 좋은 위치 대기업 브랜드라 믿을 수 있는 다양한 제품들 '수려한'부터 '비욘드'까지 자연에서 아름다움의 해법을 찾아 제시하는 한방 화장품 '수려한' 성분과 원료의 가치에 충살한 클래식한 자연주의 에코 힐링 그 이상의 바디제품 '비욘드' 여러 매장을 오갈 필요도 없이 멀티 브랜드숍 보떼는 머리부터 발 끝까지 필요한 미용제품은 다 있어서 매우 편리하고 언제든 직접 보고 구매할 수 있어서 너무 너무 좋다. 집 앞 멀티숍처럼 편안하게 오가는 손님들 외국인들도 믿고 찾는 보떼는 선물하기 딱 좋은 제품들이 아주 많아서 인기\n23.8.15.화\n2023년 8월 15일 화요일\n이미지 수\n13\n로딩중\n알고 계신 정보와 다른 정보가 있나요?\n사진으로 간단하게 제보해 주세요.\n정보 수정 제안하기\n이용약관고객센터리뷰운영정책신고센터\n네이버""}]"
260,260,클라이드,쇼핑,"203,204호",,33.5131568,126.525196,064-721-6350,,https://naver.me/FhurUit2,,지하상가,success,1_naver_link,naver_link place_id=31269536,0.1,naver_place,https://map.naver.com/p/entry/place/31269536,https://map.naver.com/p/entry/place/31269536,https://pcmap.place.naver.com/place/31269536/home,31269536,클라이드 제주중앙지하상가점,캐주얼웨어,,,"제주 제주시 일도일동 중앙로 60 제주중앙지하상가 203,204",제주 제주시 일도일동 1425-3,,064-721-6350,,33.5131574,126.5251951,,,,{},,,,,,,,,,,"클라이드 제주중앙지하상가점|캐주얼웨어|제주 제주시 일도일동 중앙로 60 제주중앙지하상가 203,204|제주 제주시 일도일동 1425-3|064-721-6350|품질이 좋아요|친절해요|가성비가 좋아요|스타일 추천을 잘해줘요|독특한 디자인이 많아요|종류가 다양해요|분위기가 편안해요","[""클라이드 제주중앙지하상가점"", ""캐주얼웨어"", ""제주 제주시 일도일동 중앙로 60 제주중앙지하상가 203,204"", ""제주 제주시 일도일동 1425-3"", ""064-721-6350"", ""품질이 좋아요"", ""친절해요"", ""가성비가 좋아요"", ""스타일 추천을 잘해줘요"", ""독특한 디자인이 많아요"", ""종류가 다양해요"", ""분위기가 편안해요""]","{""name"": [""클라이드 제주중앙지하상가점""], ""category"": [""캐주얼웨어""], ""address"": [""제주 제주시 일도일동 중앙로 60 제주중앙지하상가 203,204"", ""제주 제주시 일도일동 1425-3""], ""phone"": [""064-721-6350""], ""visitor_keywords"": [""품질이 좋아요"", ""친절해요"", ""가성비가 좋아요"", ""스타일 추천을 잘해줘요"", ""독특한 디자인이 많아요"", ""종류가 다양해요"", ""분위기가 편안해요""]}",https://naver.me/FhurUit2,,,,"[{""keyword"": ""품질이 좋아요"", ""count"": ""8""}, {""keyword"": ""친절해요"", ""count"": ""4""}, {""keyword"": ""가성비가 좋아요"", ""count"": ""4""}, {""keyword"": ""스타일 추천을 잘해줘요"", ""count"": ""4""}, {""keyword"": ""독특한 디자인이 많아요"", ""count"": ""3""}, {""keyword"": ""종류가 다양해요"", ""count"": ""3""}, {""keyword"": ""분위기가 편안해요"", ""count"": ""2""}]","[{""title"": ""결제수단"", ""body"": ""제로페이\n알고 계신 정보와 다른 정보가 있나요?\n사진으로 간단하게 제보해 주세요.\n정보 수정 제안하기\n이용약관고객센터리뷰운영정책신고센터\n네이버""}]"
261,261,에이스,쇼핑,"205,206호",,33.5131546,126.52526,010-8660-0333,,,,지하상가,fail,5_fail,매칭 실패,390.3,naver_place,https://map.naver.com/p/entry/place/1012442144,https://map.naver.com/p/entry/place/1012442144,https://pcmap.place.naver.com/place/1012442144/home,1012442144,탑에이스모텔,모텔,,,제주 제주시 관덕로7길 36,제주 제주시 삼도이동 12-30,,064-702-3227,,33.5163333,126.523475,,,,{},,,,,,,,,,,탑에이스모텔|모텔|제주 제주시 관덕로7길 36|제주 제주시 삼도이동 12-30|064-702-3227,"[""탑에이스모텔"", ""모텔"", ""제주 제주시 관덕로7길 36"", ""제주 제주시 삼도이동 12-30"", ""064-702-3227""]","{""name"": [""탑에이스모텔""], ""category"": [""모텔""], ""address"": [""제주 제주시 관덕로7길 36"", ""제주 제주시 삼도이동 12-30""], ""phone"": [""064-702-3227""]}",에이스 | 제주 에이스 | 에이스 쇼핑,,,,,
262,262,르블랑 제주지하점,쇼핑,"207,208호",,33.5131513,126.525325,010-7628-7772,,,,지하상가,success,4_coord_close_auto,좌표 66m ≤ 80m,65.9,naver_place,https://map.naver.com/p/entry/place/1377422136,https://map.naver.com/p/entry/place/1377422136,https://pcmap.place.naver.com/place/1377422136/home,1377422136,르블랑 제주지하점,스포츠의류,,,제주 제주시 일도일동 중앙로 60 207호,제주 제주시 일도일동 1425-3,,,,33.5131838,126.5246152,,,,{},,,,,,,,,,,르블랑 제주지하점|스포츠의류|제주 제주시 일도일동 중앙로 60 207호|제주 제주시 일도일동 1425-3|친절해요|품질이 좋아요|가성비가 좋아요|종류가 다양해요|독특한 디자인이 많아요|스타일 추천을 잘해줘요|분위기가 편안해요|트렌디해요|A/S가 세심해요|시설이 깔끔해요,"[""르블랑 제주지하점"", ""스포츠의류"", ""제주 제주시 일도일동 중앙로 60 207호"", ""제주 제주시 일도일동 1425-3"", ""친절해요"", ""품질이 좋아요"", ""가성비가 좋아요"", ""종류가 다양해요"", ""독특한 디자인이 많아요"", ""스타일 추천을 잘해줘요"", ""분위기가 편안해요"", ""트렌디해요"", ""A/S가 세심해요"", ""시설이 깔끔해요""]","{""name"": [""르블랑 제주지하점""], ""category"": [""스포츠의류""], ""address"": [""제주 제주시 일도일동 중앙로 60 207호"", ""제주 제주시 일도일동 1425-3""], ""visitor_keywords"": [""친절해요"", ""품질이 좋아요"", ""가성비가 좋아요"", ""종류가 다양해요"", ""독특한 디자인이 많아요"", ""스타일 추천을 잘해줘요"", ""분위기가 편안해요"", ""트렌디해요"", ""A/S가 세심해요"", ""시설이 깔끔해요""]}",르블랑 제주지하점 | 제주 르블랑 제주지하점 | 르블랑 제주지하점 쇼핑 | 제주 르블랑 제주지하점 쇼핑,,,,"[{""keyword"": ""친절해요"", ""count"": ""32""}, {""keyword"": ""품질이 좋아요"", ""count"": ""19""}, {""keyword"": ""가성비가 좋아요"", ""count"": ""17""}, {""keyword"": ""종류가 다양해요"", ""count"": ""14""}, {""keyword"": ""독특한 디자인이 많아요"", ""count"": ""8""}, {""keyword"": ""스타일 추천을 잘해줘요"", ""count"": ""7""}, {""keyword"": ""분위기가 편안해요"", ""count"": ""4""}, {""keyword"": ""트렌디해요"", ""count"": ""2""}, {""keyword"": ""A/S가 세심해요"", ""count"": ""1""}, {""keyword"": ""시설이 깔끔해요"", ""count"": ""1""}]","[{""title"": ""결제수단"", ""body"": ""제로페이\n알고 계신 정보와 다른 정보가 있나요?\n사진으로 간단하게 제보해 주세요.\n정보 수정 제안하기\n이용약관고객센터리뷰운영정책신고센터\n네이버""}]"
263,263,로엠,쇼핑,"209,210호",,33.513149,126.525389,010-8662-1743,,https://naver.me/5yPNeb9K,,지하상가,success,1_naver_link,naver_link place_id=31269395,0.0,naver_place,https://map.naver.com/p/entry/place/31269395,https://map.naver.com/p/entry/place/31269395,https://pcmap.place.naver.com/place/31269395/home,31269395,로엠 제주중앙지하상가점,캐주얼웨어,,,"제주 제주시 일도일동 중앙로 60 제주중앙지하상가 209,210",제주 제주시 일도일동 1425-3,,064-722-4552,,33.5131487,126.525389,,,,{},정보 수정,,,,,,,,,,"로엠 제주중앙지하상가점|캐주얼웨어|제주 제주시 일도일동 중앙로 60 제주중앙지하상가 209,210|제주 제주시 일도일동 1425-3|064-722-4552","[""로엠 제주중앙지하상가점"", ""캐주얼웨어"", ""제주 제주시 일도일동 중앙로 60 제주중앙지하상가 209,210"", ""제주 제주시 일도일동 1425-3"", ""064-722-4552""]","{""name"": [""로엠 제주중앙지하상가점""], ""category"": [""캐주얼웨어""], ""address"": [""제주 제주시 일도일동 중앙로 60 제주중앙지하상가 209,210"", ""제주 제주시 일도일동 1425-3""], ""phone"": [""064-722-4552""]}",https://naver.me/5yPNeb9K,,,,,"[{""title"": ""결제수단"", ""body"": ""제로페이\n알고 계신 정보와 다른 정보가 있나요?\n사진으로 간단하게 제보해 주세요.\n정보 수정 제안하기\n이용약관고객센터리뷰운영정책신고센터\n네이버""}]"
264,264,잠뱅이,쇼핑,211호,,33.5131468,126.525439,064-755-9917,,,,지하상가,needs_confirm,4_coord_near_confirm,좌표 100m ≤ 250m → 확인 필요,99.8,naver_place,https://map.naver.com/p/entry/place/31269446,https://map.naver.com/p/entry/place/31269446,https://pcmap.place.naver.com/place/31269446/home,31269446,잠뱅이 제주중앙지하상가점,캐주얼웨어,,,제주 제주시 중앙로 60,제주 제주시 일도일동 1454-2,,064-755-9917,,33.5128347,126.5244294,,,,{},,,,,,,,,,,잠뱅이 제주중앙지하상가점|캐주얼웨어|제주 제주시 중앙로 60|제주 제주시 일도일동 1454-2|064-755-9917|품질이 좋아요|친절해요|종류가 다양해요|가성비가 좋아요|스타일 추천을 잘해줘요|분위기가 편안해요|주차하기 편해요|A/S가 세심해요|독특한 디자인이 많아요|매장이 넓어요,"[""잠뱅이 제주중앙지하상가점"", ""캐주얼웨어"", ""제주 제주시 중앙로 60"", ""제주 제주시 일도일동 1454-2"", ""064-755-9917"", ""품질이 좋아요"", ""친절해요"", ""종류가 다양해요"", ""가성비가 좋아요"", ""스타일 추천을 잘해줘요"", ""분위기가 편안해요"", ""주차하기 편해요"", ""A/S가 세심해요"", ""독특한 디자인이 많아요"", ""매장이 넓어요""]","{""name"": [""잠뱅이 제주중앙지하상가점""], ""category"": [""캐주얼웨어""], ""address"": [""제주 제주시 중앙로 60"", ""제주 제주시 일도일동 1454-2""], ""phone"": [""064-755-9917""], ""visitor_keywords"": [""품질이 좋아요"", ""친절해요"", ""종류가 다양해요"", ""가성비가 좋아요"", ""스타일 추천을 잘해줘요"", ""분위기가 편안해요"", ""주차하기 편해요"", ""A/S가 세심해요"", ""독특한 디자인이 많아요"", ""매장이 넓어요""]}",잠뱅이 | 제주 잠뱅이 | 잠뱅이 쇼핑 | 제주 잠뱅이 쇼핑,,,,"[{""keyword"": ""품질이 좋아요"", ""count"": ""12""}, {""keyword"": ""친절해요"", ""count"": ""11""}, {""keyword"": ""종류가 다양해요"", ""count"": ""9""}, {""keyword"": ""가성비가 좋아요"", ""count"": ""7""}, {""keyword"": ""스타일 추천을 잘해줘요"", ""count"": ""5""}, {""keyword"": ""분위기가 편안해요"", ""count"": ""4""}, {""keyword"": ""주차하기 편해요"", ""count"": ""2""}, {""keyword"": ""A/S가 세심해요"", ""count"": ""1""}, {""keyword"": ""독특한 디자인이 많아요"", ""count"": ""1""}, {""keyword"": ""매장이 넓어요"", ""count"": ""1""}]","[{""title"": ""대표 키워드"", ""body"": ""제주잠뱅이잠뱅이제주도잠뱅이청바지진캐주얼""}, {""title"": ""결제수단"", ""body"": ""제로페이\n알고 계신 정보와 다른 정보가 있나요?\n사진으로 간단하게 제보해 주세요.\n정보 수정 제안하기\n이용약관고객센터리뷰운영정책신고센터\n네이버""}]"
265,265,더페이스샵,쇼핑,212~214호,,33.5131412,126.525571,064-9675-2238,,https://naver.me/Gy3oY4r5,,지하상가,success,1_naver_link,naver_link place_id=11766824,0.1,naver_place,https://map.naver.com/p/entry/place/11766824,https://map.naver.com/p/entry/place/11766824,https://pcmap.place.naver.com/place/11766824/home,11766824,더페이스샵 제주중앙지하상가점,"화장품,향수",,,제주 제주시 일도일동 중앙로 60 제주중앙지하상가 212~214,제주 제주시 일도일동 1425-3,,064-752-0991,,33.5131406,126.5255715,영업 중,영업 중,,{},영업 중,,"홈페이지
http://www.thefaceshop.com/
알고 계신 정보와 다른 정보가 있나요?
사진으로 간단하게 제보해 주세요.
정보 수정 제안하기
이용약관고객센터리뷰운영정책신고센터
네이버",,,,,,,,"더페이스샵 제주중앙지하상가점|화장품,향수|제주 제주시 일도일동 중앙로 60 제주중앙지하상가 212~214|제주 제주시 일도일동 1425-3|064-752-0991|영업 중|친절해요|가성비가 좋아요|특색 있는 제품이 많아요|시설이 깔끔해요|종류가 다양해요|품질이 좋아요|분위기가 편안해요|매장이 넓어요|주차하기 편해요|비싼 만큼 가치있어요","[""더페이스샵 제주중앙지하상가점"", ""화장품,향수"", ""제주 제주시 일도일동 중앙로 60 제주중앙지하상가 212~214"", ""제주 제주시 일도일동 1425-3"", ""064-752-0991"", ""영업 중"", ""친절해요"", ""가성비가 좋아요"", ""특색 있는 제품이 많아요"", ""시설이 깔끔해요"", ""종류가 다양해요"", ""품질이 좋아요"", ""분위기가 편안해요"", ""매장이 넓어요"", ""주차하기 편해요"", ""비싼 만큼 가치있어요""]","{""name"": [""더페이스샵 제주중앙지하상가점""], ""category"": [""화장품,향수""], ""address"": [""제주 제주시 일도일동 중앙로 60 제주중앙지하상가 212~214"", ""제주 제주시 일도일동 1425-3""], ""phone"": [""064-752-0991""], ""hours"": [""영업 중""], ""visitor_keywords"": [""친절해요"", ""가성비가 좋아요"", ""특색 있는 제품이 많아요"", ""시설이 깔끔해요"", ""종류가 다양해요"", ""품질이 좋아요"", ""분위기가 편안해요"", ""매장이 넓어요"", ""주차하기 편해요"", ""비싼 만큼 가치있어요""]}",https://naver.me/Gy3oY4r5,,,,"[{""keyword"": ""친절해요"", ""count"": ""11""}, {""keyword"": ""가성비가 좋아요"", ""count"": ""8""}, {""keyword"": ""특색 있는 제품이 많아요"", ""count"": ""6""}, {""keyword"": ""시설이 깔끔해요"", ""count"": ""5""}, {""keyword"": ""종류가 다양해요"", ""count"": ""5""}, {""keyword"": ""품질이 좋아요"", ""count"": ""3""}, {""keyword"": ""분위기가 편안해요"", ""count"": ""2""}, {""keyword"": ""매장이 넓어요"", ""count"": ""2""}, {""keyword"": ""주차하기 편해요"", ""count"": ""1""}, {""keyword"": ""비싼 만큼 가치있어요"", ""count"": ""1""}]","[{""title"": ""대표 키워드"", ""body"": ""화장품스킨제품바디제품헤어제품메이크업제품""}, {""title"": ""결제수단"", ""body"": ""제로페이\n네이버페이""}, {""title"": ""SNS"", ""body"": ""홈페이지\nhttp://www.thefaceshop.com/\n알고 계신 정보와 다른 정보가 있나요?\n사진으로 간단하게 제보해 주세요.\n정보 수정 제안하기\n이용약관고객센터리뷰운영정책신고센터\n네이버""}]"
266,266,올리브+,쇼핑,"215,216호",,33.5131468,126.525665,010-5779-1066,,,,지하상가,fail,5_fail,매칭 실패,1284.0,naver_place,https://map.naver.com/p/entry/place/34555889,https://map.naver.com/p/entry/place/34555889,https://pcmap.place.naver.com/place/34555889/home,34555889,올리브,요리주점,,,제주 제주시 광양4길 2,제주 제주시 이도1동 1789-10,,064-722-6069,,33.5017534,126.5279174,영업 전,영업 전,,{},정보 수정,,,,,,,,,,올리브|요리주점|제주 제주시 광양4길 2|제주 제주시 이도1동 1789-10|064-722-6069|영업 전,"[""올리브"", ""요리주점"", ""제주 제주시 광양4길 2"", ""제주 제주시 이도1동 1789-10"", ""064-722-6069"", ""영업 전""]","{""name"": [""올리브""], ""category"": [""요리주점""], ""address"": [""제주 제주시 광양4길 2"", ""제주 제주시 이도1동 1789-10""], ""phone"": [""064-722-6069""], ""hours"": [""영업 전""]}",올리브+ | 제주 올리브+,,,,,
267,267,루비,쇼핑,217호,,33.5131233,126.5257,010-8848-4591,,,,지하상가,fail,5_fail,매칭 실패,2871.6,naver_place,https://map.naver.com/p/entry/place/1147090923,https://map.naver.com/p/entry/place/1147090923,https://pcmap.place.naver.com/place/1147090923/home,1147090923,루즈앤라운지 제주공항JDC면세점,"가방,핸드백",,,제주 제주시 용담이동 공항로 2,제주 제주시 용담이동 2002,,,,33.5059363,126.4959512,,,,{},,,,,,,,,,,"루즈앤라운지 제주공항JDC면세점|가방,핸드백|제주 제주시 용담이동 공항로 2|제주 제주시 용담이동 2002|안내|방문 키워드 통계 그래프 예시입니다.|현재 1명 참여|10명 이상 참여하면|방문 키워드 통계가 공개됩니다!|최신순|땅꼬29|팔로우|최고에요~|품질이 좋아요|가성비가 좋아요|종류가 다양해요|독특한 디자인이 많아요|A/S가 세심해요|반응 남기기|방문일|24.3.3.일|2024년 3월 3일 일요일|1번째 방문","[""루즈앤라운지 제주공항JDC면세점"", ""가방,핸드백"", ""제주 제주시 용담이동 공항로 2"", ""제주 제주시 용담이동 2002"", ""안내"", ""방문 키워드 통계 그래프 예시입니다."", ""현재 1명 참여"", ""10명 이상 참여하면"", ""방문 키워드 통계가 공개됩니다!"", ""최신순"", ""땅꼬29"", ""팔로우"", ""최고에요~"", ""품질이 좋아요"", ""가성비가 좋아요"", ""종류가 다양해요"", ""독특한 디자인이 많아요"", ""A/S가 세심해요"", ""반응 남기기"", ""방문일"", ""24.3.3.일"", ""2024년 3월 3일 일요일"", ""1번째 방문""]","{""name"": [""루즈앤라운지 제주공항JDC면세점""], ""category"": [""가방,핸드백""], ""address"": [""제주 제주시 용담이동 공항로 2"", ""제주 제주시 용담이동 2002""], ""visitor_keywords"": [""안내"", ""방문 키워드 통계 그래프 예시입니다."", ""현재 1명 참여"", ""10명 이상 참여하면"", ""방문 키워드 통계가 공개됩니다!"", ""최신순"", ""땅꼬29"", ""팔로우"", ""최고에요~"", ""품질이 좋아요"", ""가성비가 좋아요"", ""종류가 다양해요"", ""독특한 디자인이 많아요"", ""A/S가 세심해요"", ""반응 남기기"", ""방문일"", ""24.3.3.일"", ""2024년 3월 3일 일요일"", ""1번째 방문""]}",루비 | 제주 루비 | 루비 쇼핑 | 제주 루비 쇼핑,,,,"[""안내"", ""방문 키워드 통계 그래프 예시입니다."", ""현재 1명 참여"", ""10명 이상 참여하면"", ""방문 키워드 통계가 공개됩니다!"", ""최신순"", ""땅꼬29"", ""팔로우"", ""최고에요~"", ""품질이 좋아요"", ""가성비가 좋아요"", ""종류가 다양해요"", ""독특한 디자인이 많아요"", ""A/S가 세심해요"", ""반응 남기기"", ""방문일"", ""24.3.3.일"", ""2024년 3월 3일 일요일"", ""1번째 방문""]",
268,268,세일마켓,쇼핑,218호,,33.5131356,126.525731,010-8848-4591,,,,지하상가,needs_confirm,4_coord_near_confirm,좌표 102m ≤ 250m → 확인 필요,101.9,naver_place,https://map.naver.com/p/entry/place/1917923717,https://map.naver.com/p/entry/place/1917923717,https://pcmap.place.naver.com/place/1917923717/home,1917923717,세일마켓,패션,,,제주 제주시 일도일동 중앙로 60,제주 제주시 일도일동 1425-3,,,,33.5131588,126.524632,,,,{},,,,,,,,,,,세일마켓|패션|제주 제주시 일도일동 중앙로 60|제주 제주시 일도일동 1425-3|안내|방문 키워드 통계 그래프 예시입니다.|현재 2명 참여|10명 이상 참여하면|방문 키워드 통계가 공개됩니다!|최신순|아이러니20|팔로우|잠옷이 귀엽고 따뜻해요|품질이 좋아요|가성비가 좋아요|친절해요|반응 남기기|방문일|23.12.21.목|2023년 12월 21일 목요일|1번째 방문|인증 수단|영수증,"[""세일마켓"", ""패션"", ""제주 제주시 일도일동 중앙로 60"", ""제주 제주시 일도일동 1425-3"", ""안내"", ""방문 키워드 통계 그래프 예시입니다."", ""현재 2명 참여"", ""10명 이상 참여하면"", ""방문 키워드 통계가 공개됩니다!"", ""최신순"", ""아이러니20"", ""팔로우"", ""잠옷이 귀엽고 따뜻해요"", ""품질이 좋아요"", ""가성비가 좋아요"", ""친절해요"", ""반응 남기기"", ""방문일"", ""23.12.21.목"", ""2023년 12월 21일 목요일"", ""1번째 방문"", ""인증 수단"", ""영수증""]","{""name"": [""세일마켓""], ""category"": [""패션""], ""address"": [""제주 제주시 일도일동 중앙로 60"", ""제주 제주시 일도일동 1425-3""], ""visitor_keywords"": [""안내"", ""방문 키워드 통계 그래프 예시입니다."", ""현재 2명 참여"", ""10명 이상 참여하면"", ""방문 키워드 통계가 공개됩니다!"", ""최신순"", ""아이러니20"", ""팔로우"", ""잠옷이 귀엽고 따뜻해요"", ""품질이 좋아요"", ""가성비가 좋아요"", ""친절해요"", ""반응 남기기"", ""방문일"", ""23.12.21.목"", ""2023년 12월 21일 목요일"", ""1번째 방문"", ""인증 수단"", ""영수증""]}",세일마켓 | 제주 세일마켓 | 세일마켓 쇼핑 | 제주 세일마켓 쇼핑,,,,"[""안내"", ""방문 키워드 통계 그래프 예시입니다."", ""현재 2명 참여"", ""10명 이상 참여하면"", ""방문 키워드 통계가 공개됩니다!"", ""최신순"", ""아이러니20"", ""팔로우"", ""잠옷이 귀엽고 따뜻해요"", ""품질이 좋아요"", ""가성비가 좋아요"", ""친절해요"", ""반응 남기기"", ""방문일"", ""23.12.21.목"", ""2023년 12월 21일 목요일"", ""1번째 방문"", ""인증 수단"", ""영수증""]","[{""title"": ""결제수단"", ""body"": ""제로페이\n알고 계신 정보와 다른 정보가 있나요?\n사진으로 간단하게 제보해 주세요.\n정보 수정 제안하기\n이용약관고객센터리뷰운영정책신고센터\n네이버""}]"
269,269,퍼플,쇼핑,219호,,33.5131412,126.525762,010-2689-4037,,,,지하상가,needs_confirm,4_coord_near_confirm,좌표 150m ≤ 250m → 확인 필요,149.8,naver_place,https://map.naver.com/p/entry/place/1141527564,https://map.naver.com/p/entry/place/1141527564,https://pcmap.place.naver.com/place/1141527564/home,1141527564,퍼플,종합도소매,,,제주 제주시 칠성로길 34 퍼플,제주 제주시 일도일동 1337,,064-756-5268,,33.5143751,126.5264106,,,,{},정보 수정,,,,,,,,,,퍼플|종합도소매|제주 제주시 칠성로길 34 퍼플|제주 제주시 일도일동 1337|064-756-5268,"[""퍼플"", ""종합도소매"", ""제주 제주시 칠성로길 34 퍼플"", ""제주 제주시 일도일동 1337"", ""064-756-5268""]","{""name"": [""퍼플""], ""category"": [""종합도소매""], ""address"": [""제주 제주시 칠성로길 34 퍼플"", ""제주 제주시 일도일동 1337""], ""phone"": [""064-756-5268""]}",퍼플 | 제주 퍼플 | 퍼플 쇼핑 | 제주 퍼플 쇼핑,,,,,"[{""title"": ""결제수단"", ""body"": ""제로페이\n알고 계신 정보와 다른 정보가 있나요?\n사진으로 간단하게 제보해 주세요.\n정보 수정 제안하기\n이용약관고객센터리뷰운영정책신고센터\n네이버""}]"
270,270,베르사체,쇼핑,220호,,33.5131255,126.525789,064-756-4998,,https://naver.me/5imsT2t7,,지하상가,success,1_naver_link,naver_link place_id=31269478,0.1,naver_place,https://map.naver.com/p/entry/place/31269478,https://map.naver.com/p/entry/place/31269478,https://pcmap.place.naver.com/place/31269478/home,31269478,베르사체 제주중앙지하상가점,패션,,,제주 제주시 일도일동 중앙로 60 제주중앙지하상가 220,제주 제주시 일도일동 1425-3,,064-756-4998,,33.5131247,126.5257892,,,,{},정보 수정,,,,,,,,,,베르사체 제주중앙지하상가점|패션|제주 제주시 일도일동 중앙로 60 제주중앙지하상가 220|제주 제주시 일도일동 1425-3|064-756-4998,"[""베르사체 제주중앙지하상가점"", ""패션"", ""제주 제주시 일도일동 중앙로 60 제주중앙지하상가 220"", ""제주 제주시 일도일동 1425-3"", ""064-756-4998""]","{""name"": [""베르사체 제주중앙지하상가점""], ""category"": [""패션""], ""address"": [""제주 제주시 일도일동 중앙로 60 제주중앙지하상가 220"", ""제주 제주시 일도일동 1425-3""], ""phone"": [""064-756-4998""]}",https://naver.me/5imsT2t7,,,,,"[{""title"": ""결제수단"", ""body"": ""제로페이\n알고 계신 정보와 다른 정보가 있나요?\n사진으로 간단하게 제보해 주세요.\n정보 수정 제안하기\n이용약관고객센터리뷰운영정책신고센터\n네이버""}]"
271,271,소이주니어,쇼핑,"221,222호",,33.5131199,126.52583,064-753-9388,,,,지하상가,needs_confirm,4_coord_near_confirm,좌표 113m ≤ 250m → 확인 필요,112.8,naver_place,https://map.naver.com/p/entry/place/1830401365,https://map.naver.com/p/entry/place/1830401365,https://pcmap.place.naver.com/place/1830401365/home,1830401365,소이주니어,스포츠의류,,,제주 제주시 일도일동 중앙로 60 중앙지하상가 221.222호,제주 제주시 일도일동 1425-3,,064-753-9388,,33.5131838,126.5246152,,,,{},,,,,,,,,,,소이주니어|스포츠의류|제주 제주시 일도일동 중앙로 60 중앙지하상가 221.222호|제주 제주시 일도일동 1425-3|064-753-9388|친절해요|품질이 좋아요|가성비가 좋아요|종류가 다양해요|분위기가 편안해요|스타일 추천을 잘해줘요|독특한 디자인이 많아요|주차하기 편해요|매장이 넓어요,"[""소이주니어"", ""스포츠의류"", ""제주 제주시 일도일동 중앙로 60 중앙지하상가 221.222호"", ""제주 제주시 일도일동 1425-3"", ""064-753-9388"", ""친절해요"", ""품질이 좋아요"", ""가성비가 좋아요"", ""종류가 다양해요"", ""분위기가 편안해요"", ""스타일 추천을 잘해줘요"", ""독특한 디자인이 많아요"", ""주차하기 편해요"", ""매장이 넓어요""]","{""name"": [""소이주니어""], ""category"": [""스포츠의류""], ""address"": [""제주 제주시 일도일동 중앙로 60 중앙지하상가 221.222호"", ""제주 제주시 일도일동 1425-3""], ""phone"": [""064-753-9388""], ""visitor_keywords"": [""친절해요"", ""품질이 좋아요"", ""가성비가 좋아요"", ""종류가 다양해요"", ""분위기가 편안해요"", ""스타일 추천을 잘해줘요"", ""독특한 디자인이 많아요"", ""주차하기 편해요"", ""매장이 넓어요""]}",소이주니어 | 제주 소이주니어 | 소이주니어 쇼핑 | 제주 소이주니어 쇼핑,,,,"[{""keyword"": ""친절해요"", ""count"": ""22""}, {""keyword"": ""품질이 좋아요"", ""count"": ""19""}, {""keyword"": ""가성비가 좋아요"", ""count"": ""12""}, {""keyword"": ""종류가 다양해요"", ""count"": ""10""}, {""keyword"": ""분위기가 편안해요"", ""count"": ""7""}, {""keyword"": ""스타일 추천을 잘해줘요"", ""count"": ""5""}, {""keyword"": ""독특한 디자인이 많아요"", ""count"": ""1""}, {""keyword"": ""주차하기 편해요"", ""count"": ""1""}, {""keyword"": ""매장이 넓어요"", ""count"": ""1""}]","[{""title"": ""결제수단"", ""body"": ""제로페이\n알고 계신 정보와 다른 정보가 있나요?\n사진으로 간단하게 제보해 주세요.\n정보 수정 제안하기\n이용약관고객센터리뷰운영정책신고센터\n네이버""}]"
272,272,393 핏 스트릿,쇼핑,223호,,33.513139,126.525864,010-5029-8925,,,,지하상가,success,2_address_match,주소일치(exact_or_contains) query=393 핏 스트릿,115.9,naver_place,https://map.naver.com/p/entry/place/1358320682,https://map.naver.com/p/entry/place/1358320682,https://pcmap.place.naver.com/place/1358320682/home,1358320682,393핏스트릿,패션,,,제주 제주시 일도일동 중앙로 60 중앙지하상가 223호,제주 제주시 일도일동 1425-3,,064-751-4998,,33.5131838,126.5246152,,,,{},,,,,,,,,,,393핏스트릿|패션|제주 제주시 일도일동 중앙로 60 중앙지하상가 223호|제주 제주시 일도일동 1425-3|064-751-4998|안내|방문 키워드 통계 그래프 예시입니다.|현재 4명 참여|10명 이상 참여하면|방문 키워드 통계가 공개됩니다!|최신순|리치리치뱅뱅|팔로우|별점|친절해요|가성비가 좋아요|종류가 다양해요|독특한 디자인이 많아요|품질이 좋아요|반응 남기기|방문일|4.16.목|2026년 4월 16일 목요일,"[""393핏스트릿"", ""패션"", ""제주 제주시 일도일동 중앙로 60 중앙지하상가 223호"", ""제주 제주시 일도일동 1425-3"", ""064-751-4998"", ""안내"", ""방문 키워드 통계 그래프 예시입니다."", ""현재 4명 참여"", ""10명 이상 참여하면"", ""방문 키워드 통계가 공개됩니다!"", ""최신순"", ""리치리치뱅뱅"", ""팔로우"", ""별점"", ""친절해요"", ""가성비가 좋아요"", ""종류가 다양해요"", ""독특한 디자인이 많아요"", ""품질이 좋아요"", ""반응 남기기"", ""방문일"", ""4.16.목"", ""2026년 4월 16일 목요일""]","{""name"": [""393핏스트릿""], ""category"": [""패션""], ""address"": [""제주 제주시 일도일동 중앙로 60 중앙지하상가 223호"", ""제주 제주시 일도일동 1425-3""], ""phone"": [""064-751-4998""], ""visitor_keywords"": [""안내"", ""방문 키워드 통계 그래프 예시입니다."", ""현재 4명 참여"", ""10명 이상 참여하면"", ""방문 키워드 통계가 공개됩니다!"", ""최신순"", ""리치리치뱅뱅"", ""팔로우"", ""별점"", ""친절해요"", ""가성비가 좋아요"", ""종류가 다양해요"", ""독특한 디자인이 많아요"", ""품질이 좋아요"", ""반응 남기기"", ""방문일"", ""4.16.목"", ""2026년 4월 16일 목요일""]}",393 핏 스트릿,,,,"[""안내"", ""방문 키워드 통계 그래프 예시입니다."", ""현재 4명 참여"", ""10명 이상 참여하면"", ""방문 키워드 통계가 공개됩니다!"", ""최신순"", ""리치리치뱅뱅"", ""팔로우"", ""별점"", ""점"", ""친절해요"", ""가성비가 좋아요"", ""종류가 다양해요"", ""독특한 디자인이 많아요"", ""품질이 좋아요"", ""반응 남기기"", ""방문일"", ""4.16.목"", ""2026년 4월 16일 목요일""]","[{""title"": ""결제수단"", ""body"": ""제로페이\n알고 계신 정보와 다른 정보가 있나요?\n사진으로 간단하게 제보해 주세요.\n정보 수정 제안하기\n이용약관고객센터리뷰운영정책신고센터\n네이버""}]"
273,273,드마르비,쇼핑,224호,,33.5131155,126.525905,064-755-2800,,,,지하상가,fail,5_fail,매칭 실패,2848.2,naver_place,https://map.naver.com/p/entry/place/1704247328,https://map.naver.com/p/entry/place/1704247328,https://pcmap.place.naver.com/place/1704247328/home,1704247328,메르베이비,유아동복,,,제주 제주시 박성내서길 16-13 1층,제주 제주시 이도이동 1978-11,,,,33.4908086,126.5410025,영업 중,영업 중,,{},영업 중,무선 인터넷|간편결제|주차,,,,,,,,,"메르베이비|유아동복|제주 제주시 박성내서길 16-13 1층|제주 제주시 이도이동 1978-11|영업 중|무선 인터넷|간편결제|주차|안내|34회23명 참여|""친절해요""|이 키워드를 선택한 인원|""품질이 좋아요""|""스타일 추천을 잘해줘요""|""종류가 다양해요""|""가성비가 좋아요""|최신순|하하하하4943|팔로우|센스있는 코디에 이쁜 옷들이 많아요💚|친절해요|분위기가 편안해요|품질이 좋아요","[""메르베이비"", ""유아동복"", ""제주 제주시 박성내서길 16-13 1층"", ""제주 제주시 이도이동 1978-11"", ""영업 중"", ""무선 인터넷"", ""간편결제"", ""주차"", ""안내"", ""34회23명 참여"", ""\""친절해요\"""", ""이 키워드를 선택한 인원"", ""\""품질이 좋아요\"""", ""\""스타일 추천을 잘해줘요\"""", ""\""종류가 다양해요\"""", ""\""가성비가 좋아요\"""", ""최신순"", ""하하하하4943"", ""팔로우"", ""센스있는 코디에 이쁜 옷들이 많아요💚"", ""친절해요"", ""분위기가 편안해요"", ""품질이 좋아요""]","{""name"": [""메르베이비""], ""category"": [""유아동복""], ""address"": [""제주 제주시 박성내서길 16-13 1층"", ""제주 제주시 이도이동 1978-11""], ""hours"": [""영업 중""], ""conveniences"": [""무선 인터넷"", ""간편결제"", ""주차""], ""visitor_keywords"": [""안내"", ""34회23명 참여"", ""\""친절해요\"""", ""이 키워드를 선택한 인원"", ""\""품질이 좋아요\"""", ""\""스타일 추천을 잘해줘요\"""", ""\""종류가 다양해요\"""", ""\""가성비가 좋아요\"""", ""최신순"", ""하하하하4943"", ""팔로우"", ""센스있는 코디에 이쁜 옷들이 많아요💚"", ""친절해요"", ""분위기가 편안해요"", ""품질이 좋아요""]}",드마르비 | 제주 드마르비 | 드마르비 쇼핑 | 제주 드마르비 쇼핑,,,,"[""안내"", ""34회23명 참여"", ""\""친절해요\"""", ""이 키워드를 선택한 인원"", ""\""품질이 좋아요\"""", ""\""스타일 추천을 잘해줘요\"""", ""\""종류가 다양해요\"""", ""\""가성비가 좋아요\"""", ""최신순"", ""하하하하4943"", ""팔로우"", ""센스있는 코디에 이쁜 옷들이 많아요💚"", ""친절해요"", ""분위기가 편안해요"", ""품질이 좋아요""]",
274,274,제이블랑,쇼핑,225호,,33.5131334,126.525931,064-755-2800,,,,지하상가,needs_confirm,4_coord_near_confirm,좌표 120m ≤ 250m → 확인 필요,120.5,naver_place,https://map.naver.com/p/entry/place/1231209900,https://map.naver.com/p/entry/place/1231209900,https://pcmap.place.naver.com/place/1231209900/home,1231209900,제이블랑 제주중앙점,여성의류,,,제주 제주시 중앙로 60 224호,제주 제주시 일도일동 1454-2,,064-755-2800,,33.5131588,126.524632,영업 중,영업 중,,{},영업 중,,예쁜 여성복이 많은 제이블랑 제주중앙지하상가점입니다,,,,,,,,제이블랑 제주중앙점|여성의류|제주 제주시 중앙로 60 224호|제주 제주시 일도일동 1454-2|064-755-2800|영업 중|안내|방문 키워드 통계 그래프 예시입니다.|현재 3명 참여|10명 이상 참여하면|방문 키워드 통계가 공개됩니다!|최신순|슈퍼긍정엄마|팔로우|특이한 디자인의 옷이 있어요.|가성비가 좋아요|종류가 다양해요|독특한 디자인이 많아요|친절해요|반응 남기기|방문일|24.1.17.수|2024년 1월 17일 수요일|1번째 방문|인증 수단,"[""제이블랑 제주중앙점"", ""여성의류"", ""제주 제주시 중앙로 60 224호"", ""제주 제주시 일도일동 1454-2"", ""064-755-2800"", ""영업 중"", ""안내"", ""방문 키워드 통계 그래프 예시입니다."", ""현재 3명 참여"", ""10명 이상 참여하면"", ""방문 키워드 통계가 공개됩니다!"", ""최신순"", ""슈퍼긍정엄마"", ""팔로우"", ""특이한 디자인의 옷이 있어요."", ""가성비가 좋아요"", ""종류가 다양해요"", ""독특한 디자인이 많아요"", ""친절해요"", ""반응 남기기"", ""방문일"", ""24.1.17.수"", ""2024년 1월 17일 수요일"", ""1번째 방문"", ""인증 수단""]","{""name"": [""제이블랑 제주중앙점""], ""category"": [""여성의류""], ""address"": [""제주 제주시 중앙로 60 224호"", ""제주 제주시 일도일동 1454-2""], ""phone"": [""064-755-2800""], ""hours"": [""영업 중""], ""visitor_keywords"": [""안내"", ""방문 키워드 통계 그래프 예시입니다."", ""현재 3명 참여"", ""10명 이상 참여하면"", ""방문 키워드 통계가 공개됩니다!"", ""최신순"", ""슈퍼긍정엄마"", ""팔로우"", ""특이한 디자인의 옷이 있어요."", ""가성비가 좋아요"", ""종류가 다양해요"", ""독특한 디자인이 많아요"", ""친절해요"", ""반응 남기기"", ""방문일"", ""24.1.17.수"", ""2024년 1월 17일 수요일"", ""1번째 방문"", ""인증 수단""]}",제이블랑 | 제주 제이블랑,,,,"[""안내"", ""방문 키워드 통계 그래프 예시입니다."", ""현재 3명 참여"", ""10명 이상 참여하면"", ""방문 키워드 통계가 공개됩니다!"", ""최신순"", ""슈퍼긍정엄마"", ""팔로우"", ""특이한 디자인의 옷이 있어요."", ""가성비가 좋아요"", ""종류가 다양해요"", ""독특한 디자인이 많아요"", ""친절해요"", ""반응 남기기"", ""방문일"", ""24.1.17.수"", ""2024년 1월 17일 수요일"", ""1번째 방문"", ""인증 수단""]","[{""title"": ""소개"", ""body"": ""예쁜 여성복이 많은 제이블랑 제주중앙지하상가점입니다""}, {""title"": ""대표 키워드"", ""body"": ""여성복성인복원피스티바지""}, {""title"": ""주차"", ""body"": ""주차 불가""}, {""title"": ""결제수단"", ""body"": ""지역화폐 (카드형)\n알고 계신 정보와 다른 정보가 있나요?\n사진으로 간단하게 제보해 주세요.\n정보 수정 제안하기\n이용약관고객센터리뷰운영정책신고센터\n네이버""}]"
275,275,아가방 디어베이비,쇼핑,226호,,33.5131155,126.525956,010-8448-0503,,,,지하상가,needs_confirm,4_coord_near_confirm,좌표 139m ≤ 250m → 확인 필요,139.0,naver_place,https://map.naver.com/p/entry/place/37633372,https://map.naver.com/p/entry/place/37633372,https://pcmap.place.naver.com/place/37633372/home,37633372,제주지하상가아가방갤러리,"유아,아동용품",,,제주 제주시 일도일동 중앙로 60 중앙지하상가,제주 제주시 일도일동 1425-3,,064-758-8767,,33.512844,126.524493,,,,{},,,"행복한 엄마와 아기를 위한 모든 것
대한민국 대표 출산&육아 전문 브랜드",,,,,,,,"제주지하상가아가방갤러리|유아,아동용품|제주 제주시 일도일동 중앙로 60 중앙지하상가|제주 제주시 일도일동 1425-3|064-758-8767|친절해요|종류가 다양해요|품질이 좋아요|가성비가 좋아요|비싼 만큼 가치있어요|특색 있는 제품이 많아요|분위기가 편안해요|아기자기해요","[""제주지하상가아가방갤러리"", ""유아,아동용품"", ""제주 제주시 일도일동 중앙로 60 중앙지하상가"", ""제주 제주시 일도일동 1425-3"", ""064-758-8767"", ""친절해요"", ""종류가 다양해요"", ""품질이 좋아요"", ""가성비가 좋아요"", ""비싼 만큼 가치있어요"", ""특색 있는 제품이 많아요"", ""분위기가 편안해요"", ""아기자기해요""]","{""name"": [""제주지하상가아가방갤러리""], ""category"": [""유아,아동용품""], ""address"": [""제주 제주시 일도일동 중앙로 60 중앙지하상가"", ""제주 제주시 일도일동 1425-3""], ""phone"": [""064-758-8767""], ""visitor_keywords"": [""친절해요"", ""종류가 다양해요"", ""품질이 좋아요"", ""가성비가 좋아요"", ""비싼 만큼 가치있어요"", ""특색 있는 제품이 많아요"", ""분위기가 편안해요"", ""아기자기해요""]}",아가방 디어베이비 | 제주 아가방 디어베이비 | 아가방 디어베이비 쇼핑 | 제주 아가방 디어베이비 쇼핑,,,,"[{""keyword"": ""친절해요"", ""count"": ""23""}, {""keyword"": ""종류가 다양해요"", ""count"": ""17""}, {""keyword"": ""품질이 좋아요"", ""count"": ""13""}, {""keyword"": ""가성비가 좋아요"", ""count"": ""10""}, {""keyword"": ""비싼 만큼 가치있어요"", ""count"": ""4""}, {""keyword"": ""특색 있는 제품이 많아요"", ""count"": ""3""}, {""keyword"": ""분위기가 편안해요"", ""count"": ""2""}, {""keyword"": ""아기자기해요"", ""count"": ""1""}]","[{""title"": ""소개"", ""body"": ""행복한 엄마와 아기를 위한 모든 것\n대한민국 대표 출산&육아 전문 브랜드""}, {""title"": ""대표 키워드"", ""body"": ""출산유아복디즈니등원룩아가방45주년""}, {""title"": ""결제수단"", ""body"": ""제로페이""}, {""title"": ""SNS"", ""body"": ""홈페이지\nhttps://instagram.com/dsbaby_korea\n인스타그램\n인스타그램\n알고 계신 정보와 다른 정보가 있나요?\n사진으로 간단하게 제보해 주세요.\n정보 수정 제안하기\n이용약관고객센터리뷰운영정책신고센터\n네이버""}]"
276,276,압소바해피랜드,쇼핑,227호,,33.5131267,126.525986,010-2689-7602,,,,지하상가,success,2_address_match,주소일치(exact_or_contains) query=압소바해피랜드,125.6,naver_place,https://map.naver.com/p/entry/place/1251108115,https://map.naver.com/p/entry/place/1251108115,https://pcmap.place.naver.com/place/1251108115/home,1251108115,압소바 해피랜드 제주점,"유아,아동용품",,,제주 제주시 중앙로 60 중앙지하상가 227호,제주 제주시 일도일동 1454-2,,,,33.5131588,126.524632,영업 중,영업 중,,{},영업 중,,"출산준비
0세부터 5세까지 유아동복",,,,,,,,"압소바 해피랜드 제주점|유아,아동용품|제주 제주시 중앙로 60 중앙지하상가 227호|제주 제주시 일도일동 1454-2|영업 중|친절해요|가성비가 좋아요|비싼 만큼 가치있어요|품질이 좋아요|분위기가 편안해요","[""압소바 해피랜드 제주점"", ""유아,아동용품"", ""제주 제주시 중앙로 60 중앙지하상가 227호"", ""제주 제주시 일도일동 1454-2"", ""영업 중"", ""친절해요"", ""가성비가 좋아요"", ""비싼 만큼 가치있어요"", ""품질이 좋아요"", ""분위기가 편안해요""]","{""name"": [""압소바 해피랜드 제주점""], ""category"": [""유아,아동용품""], ""address"": [""제주 제주시 중앙로 60 중앙지하상가 227호"", ""제주 제주시 일도일동 1454-2""], ""hours"": [""영업 중""], ""visitor_keywords"": [""친절해요"", ""가성비가 좋아요"", ""비싼 만큼 가치있어요"", ""품질이 좋아요"", ""분위기가 편안해요""]}",압소바해피랜드,,,,"[{""keyword"": ""친절해요"", ""count"": ""11""}, {""keyword"": ""가성비가 좋아요"", ""count"": ""3""}, {""keyword"": ""비싼 만큼 가치있어요"", ""count"": ""3""}, {""keyword"": ""품질이 좋아요"", ""count"": ""3""}, {""keyword"": ""분위기가 편안해요"", ""count"": ""2""}]","[{""title"": ""소개"", ""body"": ""출산준비\n0세부터 5세까지 유아동복""}, {""title"": ""결제수단"", ""body"": ""지역화폐 (지류형)\n지역화폐 (카드형)\n지역화폐 (모바일형)\n제로페이\n알고 계신 정보와 다른 정보가 있나요?\n사진으로 간단하게 제보해 주세요.\n정보 수정 제안하기\n이용약관고객센터리뷰운영정책신고센터\n네이버""}]"
277,277,미센스,쇼핑,"228,229호",,33.5131188,126.52603,064-727-8845,,,,지하상가,fail,5_fail,매칭 실패,2880.0,naver_place,https://map.naver.com/p/entry/place/2098572115,https://map.naver.com/p/entry/place/2098572115,https://pcmap.place.naver.com/place/2098572115/home,2098572115,미센스 제주이도점,여성의류,,,제주 제주시 구남동5길 24,제주 제주시 이도이동 1979-12,,064-757-3355,,33.4904143,126.5409764,10:00 - 21:00,영업 중21:00에 영업 종료,,"{""매일"": {""open"": ""10:00 - 21:00""}}",영업 중21:00에 영업 종료 | 21시 0분에 영업 종료 | 매일 | 10:00 - 21:00 | 접기,,,,,,,,,,미센스 제주이도점|여성의류|제주 제주시 구남동5길 24|제주 제주시 이도이동 1979-12|064-757-3355|10:00 - 21:00,"[""미센스 제주이도점"", ""여성의류"", ""제주 제주시 구남동5길 24"", ""제주 제주시 이도이동 1979-12"", ""064-757-3355"", ""10:00 - 21:00""]","{""name"": [""미센스 제주이도점""], ""category"": [""여성의류""], ""address"": [""제주 제주시 구남동5길 24"", ""제주 제주시 이도이동 1979-12""], ""phone"": [""064-757-3355""], ""hours"": [""10:00 - 21:00""]}",미센스 | 제주 미센스 | 미센스 쇼핑 | 제주 미센스 쇼핑,,,,,
278,278,일라엘,쇼핑,230호,,33.5131166,126.526069,064-722-8084,,,,지하상가,success,2_address_match,주소일치(exact_or_contains) query=제주 일라엘,135.0,naver_place,https://map.naver.com/p/entry/place/1168495386,https://map.naver.com/p/entry/place/1168495386,https://pcmap.place.naver.com/place/1168495386/home,1168495386,일라엘 제주점,유아동복,,,제주 제주시 중앙로 60 중앙지하상가 230호,제주 제주시 일도일동 1454-2,,,,33.5131838,126.5246152,10:00 - 21:00,영업 중21:00에 영업 종료,,"{""매일"": {""open"": ""10:00 - 21:00""}}",영업 중21:00에 영업 종료 | 21시 0분에 영업 종료 | 매일 | 10:00 - 21:00 | 접기,,"토들러아동의류원피스
알고 계신 정보와 다른 정보가 있나요?
사진으로 간단하게 제보해 주세요.
정보 수정 제안하기
이용약관고객센터리뷰운영정책신고센터
네이버",,,,,,,,일라엘 제주점|유아동복|제주 제주시 중앙로 60 중앙지하상가 230호|제주 제주시 일도일동 1454-2|10:00 - 21:00|정부재난지원금|재난지원금|정부긴급재난지원금|아동복매장|오프라인아동복매장|아동복|일라엘|여아반팔|여아원피스|아동원피스,"[""일라엘 제주점"", ""유아동복"", ""제주 제주시 중앙로 60 중앙지하상가 230호"", ""제주 제주시 일도일동 1454-2"", ""10:00 - 21:00"", ""정부재난지원금"", ""재난지원금"", ""정부긴급재난지원금"", ""아동복매장"", ""오프라인아동복매장"", ""아동복"", ""일라엘"", ""여아반팔"", ""여아원피스"", ""아동원피스""]","{""name"": [""일라엘 제주점""], ""category"": [""유아동복""], ""address"": [""제주 제주시 중앙로 60 중앙지하상가 230호"", ""제주 제주시 일도일동 1454-2""], ""hours"": [""10:00 - 21:00""], ""hashtags"": [""정부재난지원금"", ""재난지원금"", ""정부긴급재난지원금"", ""아동복매장"", ""오프라인아동복매장"", ""아동복"", ""일라엘"", ""여아반팔"", ""여아원피스"", ""아동원피스""], ""body_hashtags"": [""정부재난지원금"", ""재난지원금"", ""정부긴급재난지원금"", ""아동복매장"", ""오프라인아동복매장"", ""아동복"", ""일라엘"", ""여아반팔"", ""여아원피스"", ""아동원피스""]}",일라엘 | 제주 일라엘,,,,,"[{""title"": ""대표 키워드"", ""body"": ""토들러아동의류원피스\n알고 계신 정보와 다른 정보가 있나요?\n사진으로 간단하게 제보해 주세요.\n정보 수정 제안하기\n이용약관고객센터리뷰운영정책신고센터\n네이버""}]"
279,279,클리지제주중앙점,쇼핑,"231,232호",,33.513111,126.526113,010-8662-8048,,,,지하상가,needs_confirm,4_coord_near_confirm,좌표 159m ≤ 250m → 확인 필요,159.1,naver_place,https://map.naver.com/p/entry/place/2065685053,https://map.naver.com/p/entry/place/2065685053,https://pcmap.place.naver.com/place/2065685053/home,2065685053,클리지 제주중앙점,여성의류,,,제주 제주시 중앙로 60 중앙지하상가 231호~232호,제주 제주시 일도일동 1454-2,,,,33.5128347,126.5244294,,,,{},정보 수정,,"수호천사239
4.41번째 방문영수증
맘에 든 점퍼를 구매했어요.
종류가 다양해요
로딩중
알고 계신 정보와 다른 정보가 있나요?
사진으로 간단하게 제보해 주세요.
정보 수정 제안하기
이용약관고객센터리뷰운영정책신고센터
네이버",,,,,,,,클리지 제주중앙점|여성의류|제주 제주시 중앙로 60 중앙지하상가 231호~232호|제주 제주시 일도일동 1454-2,"[""클리지 제주중앙점"", ""여성의류"", ""제주 제주시 중앙로 60 중앙지하상가 231호~232호"", ""제주 제주시 일도일동 1454-2""]","{""name"": [""클리지 제주중앙점""], ""category"": [""여성의류""], ""address"": [""제주 제주시 중앙로 60 중앙지하상가 231호~232호"", ""제주 제주시 일도일동 1454-2""]}",클리지제주중앙점 | 제주 클리지제주중앙점 | 클리지제주중앙점 쇼핑 | 제주 클리지제주중앙점 쇼핑,,,,,"[{""title"": ""방문자 리뷰1"", ""body"": ""수호천사239\n4.41번째 방문영수증\n맘에 든 점퍼를 구매했어요.\n종류가 다양해요\n로딩중\n알고 계신 정보와 다른 정보가 있나요?\n사진으로 간단하게 제보해 주세요.\n정보 수정 제안하기\n이용약관고객센터리뷰운영정책신고센터\n네이버""}]"
280,280,행텐제주점,쇼핑,"233,234호",,33.5131155,126.526168,064-723-7799,,,,지하상가,success,4_coord_close_auto,좌표 22m ≤ 80m,22.3,naver_place,https://map.naver.com/p/entry/place/31312981,https://map.naver.com/p/entry/place/31312981,https://pcmap.place.naver.com/place/31312981/home,31312981,행텐키즈 제주중앙지하상가점,유아동복,,,"제주 제주시 일도일동 중앙로 60 제주중앙지하상가 271,272",제주 제주시 일도일동 1425-3,,064-757-5741,,33.5130642,126.5259359,영업 중,영업 중,,{},영업 중,,,,,,,,,,"행텐키즈 제주중앙지하상가점|유아동복|제주 제주시 일도일동 중앙로 60 제주중앙지하상가 271,272|제주 제주시 일도일동 1425-3|064-757-5741|영업 중|가성비가 좋아요|친절해요|품질이 좋아요|스타일 추천을 잘해줘요|종류가 다양해요|분위기가 편안해요|독특한 디자인이 많아요|주차하기 편해요|매장이 넓어요","[""행텐키즈 제주중앙지하상가점"", ""유아동복"", ""제주 제주시 일도일동 중앙로 60 제주중앙지하상가 271,272"", ""제주 제주시 일도일동 1425-3"", ""064-757-5741"", ""영업 중"", ""가성비가 좋아요"", ""친절해요"", ""품질이 좋아요"", ""스타일 추천을 잘해줘요"", ""종류가 다양해요"", ""분위기가 편안해요"", ""독특한 디자인이 많아요"", ""주차하기 편해요"", ""매장이 넓어요""]","{""name"": [""행텐키즈 제주중앙지하상가점""], ""category"": [""유아동복""], ""address"": [""제주 제주시 일도일동 중앙로 60 제주중앙지하상가 271,272"", ""제주 제주시 일도일동 1425-3""], ""phone"": [""064-757-5741""], ""hours"": [""영업 중""], ""visitor_keywords"": [""가성비가 좋아요"", ""친절해요"", ""품질이 좋아요"", ""스타일 추천을 잘해줘요"", ""종류가 다양해요"", ""분위기가 편안해요"", ""독특한 디자인이 많아요"", ""주차하기 편해요"", ""매장이 넓어요""]}",행텐제주점 | 제주 행텐제주점 | 행텐제주점 쇼핑 | 제주 행텐제주점 쇼핑,,,,"[{""keyword"": ""가성비가 좋아요"", ""count"": ""13""}, {""keyword"": ""친절해요"", ""count"": ""12""}, {""keyword"": ""품질이 좋아요"", ""count"": ""11""}, {""keyword"": ""스타일 추천을 잘해줘요"", ""count"": ""7""}, {""keyword"": ""종류가 다양해요"", ""count"": ""5""}, {""keyword"": ""분위기가 편안해요"", ""count"": ""3""}, {""keyword"": ""독특한 디자인이 많아요"", ""count"": ""2""}, {""keyword"": ""주차하기 편해요"", ""count"": ""1""}, {""keyword"": ""매장이 넓어요"", ""count"": ""1""}]","[{""title"": ""결제수단"", ""body"": ""제로페이\n알고 계신 정보와 다른 정보가 있나요?\n사진으로 간단하게 제보해 주세요.\n정보 수정 제안하기\n이용약관고객센터리뷰운영정책신고센터\n네이버""}]"
281,281,정은이네,쇼핑,235호,,33.5131088,126.526212,064-752-3646,,,,지하상가,success,4_coord_close_auto,좌표 0m ≤ 80m,0.1,naver_place,https://map.naver.com/p/entry/place/16685652,https://map.naver.com/p/entry/place/16685652,https://pcmap.place.naver.com/place/16685652/home,16685652,정은이네 제주중앙지하상가점,"화장품,향수",,,제주 제주시 일도일동 중앙로 60 제주중앙지하상가 235,제주 제주시 일도일동 1425-3,,064-752-3646,,33.5131083,126.5262122,영업 중,영업 중,,{},영업 중,,,,,,,,,,"정은이네 제주중앙지하상가점|화장품,향수|제주 제주시 일도일동 중앙로 60 제주중앙지하상가 235|제주 제주시 일도일동 1425-3|064-752-3646|영업 중|안내|방문 키워드 통계 그래프 예시입니다.|현재 5명 참여|10명 이상 참여하면|방문 키워드 통계가 공개됩니다!|최신순|유유유유네|팔로우|별점|프로랑스매니큐어 좋아요~|가성비가 좋아요|종류가 다양해요|품질이 좋아요|특색 있는 제품이 많아요|시설이 깔끔해요|반응 남기기|방문일|8.25.화","[""정은이네 제주중앙지하상가점"", ""화장품,향수"", ""제주 제주시 일도일동 중앙로 60 제주중앙지하상가 235"", ""제주 제주시 일도일동 1425-3"", ""064-752-3646"", ""영업 중"", ""안내"", ""방문 키워드 통계 그래프 예시입니다."", ""현재 5명 참여"", ""10명 이상 참여하면"", ""방문 키워드 통계가 공개됩니다!"", ""최신순"", ""유유유유네"", ""팔로우"", ""별점"", ""프로랑스매니큐어 좋아요~"", ""가성비가 좋아요"", ""종류가 다양해요"", ""품질이 좋아요"", ""특색 있는 제품이 많아요"", ""시설이 깔끔해요"", ""반응 남기기"", ""방문일"", ""8.25.화""]","{""name"": [""정은이네 제주중앙지하상가점""], ""category"": [""화장품,향수""], ""address"": [""제주 제주시 일도일동 중앙로 60 제주중앙지하상가 235"", ""제주 제주시 일도일동 1425-3""], ""phone"": [""064-752-3646""], ""hours"": [""영업 중""], ""visitor_keywords"": [""안내"", ""방문 키워드 통계 그래프 예시입니다."", ""현재 5명 참여"", ""10명 이상 참여하면"", ""방문 키워드 통계가 공개됩니다!"", ""최신순"", ""유유유유네"", ""팔로우"", ""별점"", ""프로랑스매니큐어 좋아요~"", ""가성비가 좋아요"", ""종류가 다양해요"", ""품질이 좋아요"", ""특색 있는 제품이 많아요"", ""시설이 깔끔해요"", ""반응 남기기"", ""방문일"", ""8.25.화""]}",정은이네 | 제주 정은이네 | 정은이네 쇼핑,,,,"[""안내"", ""방문 키워드 통계 그래프 예시입니다."", ""현재 5명 참여"", ""10명 이상 참여하면"", ""방문 키워드 통계가 공개됩니다!"", ""최신순"", ""유유유유네"", ""팔로우"", ""별점"", ""점"", ""프로랑스매니큐어 좋아요~"", ""가성비가 좋아요"", ""종류가 다양해요"", ""품질이 좋아요"", ""특색 있는 제품이 많아요"", ""시설이 깔끔해요"", ""반응 남기기"", ""방문일"", ""8.25.화""]","[{""title"": ""결제수단"", ""body"": ""제로페이\n알고 계신 정보와 다른 정보가 있나요?\n사진으로 간단하게 제보해 주세요.\n정보 수정 제안하기\n이용약관고객센터리뷰운영정책신고센터\n네이버""}]"
282,282,에스핏,쇼핑,"236,237호",,33.5131099,126.526254,064-752-6680,,https://naver.me/FJOsb4PA,,지하상가,success,1_naver_link,naver_link place_id=31312945,0.1,naver_place,https://map.naver.com/p/entry/place/31312945,https://map.naver.com/p/entry/place/31312945,https://pcmap.place.naver.com/place/31312945/home,31312945,에스핏 제주점,유아동복,,,"제주 제주시 일도일동 중앙로 60 제주중앙지하상가 236,237",제주 제주시 일도일동 1425-3,,064-752-6680,http://www.samwonsackmall.com/,33.5131095,126.5262534,10:00 - 21:00,영업 중21:00에 영업 종료,,"{""매일"": {""open"": ""10:00 - 21:00""}}",영업 중21:00에 영업 종료 | 21시 0분에 영업 종료 | 매일 | 10:00 - 21:00 | 접기,,"홈페이지
http://www.samwonsackmall.com/
블로그
블로그
인스타그램
인스타그램
페이스북
페이스북
알고 계신 정보와 다른 정보가 있나요?
사진으로 간단하게 제보해 주세요.
정보 수정 제안하기
이용약관고객센터리뷰운영정책신고센터
네이버",,,,,,,,"에스핏 제주점|유아동복|제주 제주시 일도일동 중앙로 60 제주중앙지하상가 236,237|제주 제주시 일도일동 1425-3|064-752-6680|10:00 - 21:00|친절해요|가성비가 좋아요|품질이 좋아요|종류가 다양해요|스타일 추천을 잘해줘요|독특한 디자인이 많아요|매장이 넓어요|분위기가 편안해요|A/S가 세심해요|사이즈가 다양해요","[""에스핏 제주점"", ""유아동복"", ""제주 제주시 일도일동 중앙로 60 제주중앙지하상가 236,237"", ""제주 제주시 일도일동 1425-3"", ""064-752-6680"", ""10:00 - 21:00"", ""친절해요"", ""가성비가 좋아요"", ""품질이 좋아요"", ""종류가 다양해요"", ""스타일 추천을 잘해줘요"", ""독특한 디자인이 많아요"", ""매장이 넓어요"", ""분위기가 편안해요"", ""A/S가 세심해요"", ""사이즈가 다양해요""]","{""name"": [""에스핏 제주점""], ""category"": [""유아동복""], ""address"": [""제주 제주시 일도일동 중앙로 60 제주중앙지하상가 236,237"", ""제주 제주시 일도일동 1425-3""], ""phone"": [""064-752-6680""], ""hours"": [""10:00 - 21:00""], ""visitor_keywords"": [""친절해요"", ""가성비가 좋아요"", ""품질이 좋아요"", ""종류가 다양해요"", ""스타일 추천을 잘해줘요"", ""독특한 디자인이 많아요"", ""매장이 넓어요"", ""분위기가 편안해요"", ""A/S가 세심해요"", ""사이즈가 다양해요""]}",https://naver.me/FJOsb4PA,,,,"[{""keyword"": ""친절해요"", ""count"": ""24""}, {""keyword"": ""가성비가 좋아요"", ""count"": ""10""}, {""keyword"": ""품질이 좋아요"", ""count"": ""10""}, {""keyword"": ""종류가 다양해요"", ""count"": ""6""}, {""keyword"": ""스타일 추천을 잘해줘요"", ""count"": ""5""}, {""keyword"": ""독특한 디자인이 많아요"", ""count"": ""4""}, {""keyword"": ""매장이 넓어요"", ""count"": ""3""}, {""keyword"": ""분위기가 편안해요"", ""count"": ""2""}, {""keyword"": ""A/S가 세심해요"", ""count"": ""1""}, {""keyword"": ""사이즈가 다양해요"", ""count"": ""1""}]","[{""title"": ""대표 키워드"", ""body"": ""아동복아동의류키즈옷주니어옷""}, {""title"": ""결제수단"", ""body"": ""제로페이""}, {""title"": ""SNS"", ""body"": ""홈페이지\nhttp://www.samwonsackmall.com/\n블로그\n블로그\n인스타그램\n인스타그램\n페이스북\n페이스북\n알고 계신 정보와 다른 정보가 있나요?\n사진으로 간단하게 제보해 주세요.\n정보 수정 제안하기\n이용약관고객센터리뷰운영정책신고센터\n네이버""}]"
283,283,체이스컬트,쇼핑,"238,239호",,33.5131076,126.526308,064-755-4200,,https://naver.me/GO6DPgIt,,지하상가,success,1_naver_link,naver_link place_id=1500952688,157.2,naver_place,https://map.naver.com/p/entry/place/1500952688,https://map.naver.com/p/entry/place/1500952688,https://pcmap.place.naver.com/place/1500952688/home,1500952688,체이스컬트 제주중앙지하상가점,캐주얼웨어,,,"제주 제주시 일도일동 중앙로 60 중앙지하상가 238,239호",제주 제주시 일도일동 1425-3,,064-755-4200,,33.5131838,126.5246152,,,,{},,,,,,,,,,,"체이스컬트 제주중앙지하상가점|캐주얼웨어|제주 제주시 일도일동 중앙로 60 중앙지하상가 238,239호|제주 제주시 일도일동 1425-3|064-755-4200|가성비가 좋아요|품질이 좋아요|종류가 다양해요|친절해요|분위기가 편안해요|독특한 디자인이 많아요|스타일 추천을 잘해줘요|매장이 넓어요","[""체이스컬트 제주중앙지하상가점"", ""캐주얼웨어"", ""제주 제주시 일도일동 중앙로 60 중앙지하상가 238,239호"", ""제주 제주시 일도일동 1425-3"", ""064-755-4200"", ""가성비가 좋아요"", ""품질이 좋아요"", ""종류가 다양해요"", ""친절해요"", ""분위기가 편안해요"", ""독특한 디자인이 많아요"", ""스타일 추천을 잘해줘요"", ""매장이 넓어요""]","{""name"": [""체이스컬트 제주중앙지하상가점""], ""category"": [""캐주얼웨어""], ""address"": [""제주 제주시 일도일동 중앙로 60 중앙지하상가 238,239호"", ""제주 제주시 일도일동 1425-3""], ""phone"": [""064-755-4200""], ""visitor_keywords"": [""가성비가 좋아요"", ""품질이 좋아요"", ""종류가 다양해요"", ""친절해요"", ""분위기가 편안해요"", ""독특한 디자인이 많아요"", ""스타일 추천을 잘해줘요"", ""매장이 넓어요""]}",https://naver.me/GO6DPgIt,,,,"[{""keyword"": ""가성비가 좋아요"", ""count"": ""8""}, {""keyword"": ""품질이 좋아요"", ""count"": ""8""}, {""keyword"": ""종류가 다양해요"", ""count"": ""8""}, {""keyword"": ""친절해요"", ""count"": ""7""}, {""keyword"": ""분위기가 편안해요"", ""count"": ""3""}, {""keyword"": ""독특한 디자인이 많아요"", ""count"": ""2""}, {""keyword"": ""스타일 추천을 잘해줘요"", ""count"": ""2""}, {""keyword"": ""매장이 넓어요"", ""count"": ""1""}]","[{""title"": ""결제수단"", ""body"": ""제로페이\n알고 계신 정보와 다른 정보가 있나요?\n사진으로 간단하게 제보해 주세요.\n정보 수정 제안하기\n이용약관고객센터리뷰운영정책신고센터\n네이버""}]"
284,284,오즈키즈제주점,쇼핑,240호,,33.5131043,126.526352,064-722-6800,,,,지하상가,fail,5_fail,매칭 실패,,,,,,,,,,,,,,,,,,,,,{},,,,,,,,,,,,[],{},오즈키즈제주점 | 제주 오즈키즈제주점 | 오즈키즈제주점 쇼핑 | 제주 오즈키즈제주점 쇼핑,,,,,
285,285,제이씨비/애플핑크,쇼핑,"241,242호",,33.5130953,126.526379,064-758-3904,,,,지하상가,fail,5_fail,매칭 실패,433439.5,naver_place,https://map.naver.com/p/entry/place/13429851,https://map.naver.com/p/entry/place/13429851,https://pcmap.place.naver.com/place/13429851/home,13429851,에프앤케이,캐주얼웨어,,,경기 안양시 동안구 벌말로 66 하이필드,경기 안양시 동안구 관양동 922,,02-3460-8416,,37.3943327,126.9700936,,,,{},,,,,,,,,,,"에프앤케이|캐주얼웨어|경기 안양시 동안구 벌말로 66 하이필드|경기 안양시 동안구 관양동 922|02-3460-8416|안내|22회20명 참여|""품질이 좋아요""|이 키워드를 선택한 인원|""친절해요""|""스타일 추천을 잘해줘요""|""가성비가 좋아요""|""분위기가 편안해요""|4.2266개 평점(61명 참여)|다음|최신순|설레임 가득 여행|팔로우|아이가 고른 양털 잠바입니다","[""에프앤케이"", ""캐주얼웨어"", ""경기 안양시 동안구 벌말로 66 하이필드"", ""경기 안양시 동안구 관양동 922"", ""02-3460-8416"", ""안내"", ""22회20명 참여"", ""\""품질이 좋아요\"""", ""이 키워드를 선택한 인원"", ""\""친절해요\"""", ""\""스타일 추천을 잘해줘요\"""", ""\""가성비가 좋아요\"""", ""\""분위기가 편안해요\"""", ""4.2266개 평점(61명 참여)"", ""다음"", ""최신순"", ""설레임 가득 여행"", ""팔로우"", ""아이가 고른 양털 잠바입니다""]","{""name"": [""에프앤케이""], ""category"": [""캐주얼웨어""], ""address"": [""경기 안양시 동안구 벌말로 66 하이필드"", ""경기 안양시 동안구 관양동 922""], ""phone"": [""02-3460-8416""], ""visitor_keywords"": [""안내"", ""22회20명 참여"", ""\""품질이 좋아요\"""", ""이 키워드를 선택한 인원"", ""\""친절해요\"""", ""\""스타일 추천을 잘해줘요\"""", ""\""가성비가 좋아요\"""", ""\""분위기가 편안해요\"""", ""4.2266개 평점(61명 참여)"", ""다음"", ""최신순"", ""설레임 가득 여행"", ""팔로우"", ""아이가 고른 양털 잠바입니다""]}",제이씨비/애플핑크 | 제주 제이씨비/애플핑크 | 제이씨비/애플핑크 쇼핑 | 제주 제이씨비/애플핑크 쇼핑,,,,"[""안내"", ""22회20명 참여"", ""\""품질이 좋아요\"""", ""이 키워드를 선택한 인원"", ""\""친절해요\"""", ""\""스타일 추천을 잘해줘요\"""", ""\""가성비가 좋아요\"""", ""\""분위기가 편안해요\"""", ""4.2266개 평점(61명 참여)"", ""다음"", ""최신순"", ""설레임 가득 여행"", ""팔로우"", ""아이가 고른 양털 잠바입니다""]",
286,286,미스칸트,쇼핑,"243,244호",,33.5131065,126.526448,064-726-3535,,,,지하상가,success,2_address_match,주소일치(exact_or_contains) query=미스칸트,170.1,naver_place,https://map.naver.com/p/entry/place/1475964894,https://map.naver.com/p/entry/place/1475964894,https://pcmap.place.naver.com/place/1475964894/home,1475964894,미스칸트,여성의류,,,"제주 제주시 중앙로 60 중앙지하 상가 243,244호 미스칸트",제주 제주시 일도일동 1454-2,,064-726-3535,,33.5131838,126.5246152,,,,{},,,"안내
사진/영상 리뷰만
최신순
리뷰 제공 기준
리뷰 클렌징 시스템 작동중입니다
경이야
리뷰 825사진 359
팔로우
굳굳
품질이 좋아요
종류가 다양해요
친절해요
반응 남기기
방문일
24.10.5.토
2024년 10월 5일 토요일
1번째 방문
인증 수단
영수증
fbg****
리뷰 1,885사진 12팔로워 22
팔로우
좋아요
반응 남기기
방문일
24.9.13.금
2024년 9월 13일 금요일
1번째 방문
인증 수단
영수증
을쑥
리뷰 1,247사진 6팔로워 5
팔로우
옷이 편해요
종류가 다양해요
반응 남기기
방문일
23.12.18.월
2023년 12월 18일 월요일
2번째 방문
인증 수단
영수증
을쑥
리뷰 1,247사진 6팔로워 5
팔로우
친절하고 옷도 이뻐요
가성비가 좋아요
친절해요
반응 남기기
방문일
23.12.9.토
2023년 12월 9일 토요일
1번째 방문
인증 수단
영수증
피아91
리뷰 16
팔로우
얇은티 3벌 사서 집에서보니 품질이 좋지않았어요 목주위도 까끌거리고 후회했습니다
종류가 다양해요
독특한 디자인이 많아요
반응 남기기
방문일
23.10.9.월
2023년 10월 9일 월요일
1번째 방문
인증 수단
결제내역
cielopjh
리뷰 223사진 5
팔로우
이쁘네요
친절해요
반응 남기기
방문일
22.9.28.수
2022년 9월 28일 수요일
2번째 방문
인증 수단
영수증
cielopjh
리뷰 223사진 5
팔로우
이쁘네요
반응 남기기
방문일
22.9.8.목
2022년 9월 8일 목요일
1번째 방문
인증 수단
영수증
lee****
리뷰 31
팔로우
이뿐 옷이 넘
많아요~^^
반응 남기기
방문일
22.8.29.월
2022년 8월 29일 월요일
1번째 방문
인증 수단
영수증
까궁이44
리뷰 113사진 3
팔로우
굿
반응 남기기
방문일
22.8.29.월
2022년 8월 29일 월요일
1번째 방문
인증 수단
영수증
제주사람
리뷰 509사진 79팔로워 15
팔로우
친절하고 좋네용^^
반응 남기기
방문일
22.8.19.금
2022년 8월 19일 금요일
1번째 방문
인증 수단
영수증
펼쳐서 더보기",,,,,,,,"미스칸트|여성의류|제주 제주시 중앙로 60 중앙지하 상가 243,244호 미스칸트|제주 제주시 일도일동 1454-2|064-726-3535|안내|방문 키워드 통계 그래프 예시입니다.|현재 7명 참여|10명 이상 참여하면|방문 키워드 통계가 공개됩니다!|최신순|경이야|팔로우|굳굳|품질이 좋아요|종류가 다양해요|친절해요|반응 남기기|방문일|24.10.5.토|2024년 10월 5일 토요일|1번째 방문|인증 수단|영수증","[""미스칸트"", ""여성의류"", ""제주 제주시 중앙로 60 중앙지하 상가 243,244호 미스칸트"", ""제주 제주시 일도일동 1454-2"", ""064-726-3535"", ""안내"", ""방문 키워드 통계 그래프 예시입니다."", ""현재 7명 참여"", ""10명 이상 참여하면"", ""방문 키워드 통계가 공개됩니다!"", ""최신순"", ""경이야"", ""팔로우"", ""굳굳"", ""품질이 좋아요"", ""종류가 다양해요"", ""친절해요"", ""반응 남기기"", ""방문일"", ""24.10.5.토"", ""2024년 10월 5일 토요일"", ""1번째 방문"", ""인증 수단"", ""영수증""]","{""name"": [""미스칸트""], ""category"": [""여성의류""], ""address"": [""제주 제주시 중앙로 60 중앙지하 상가 243,244호 미스칸트"", ""제주 제주시 일도일동 1454-2""], ""phone"": [""064-726-3535""], ""visitor_keywords"": [""안내"", ""방문 키워드 통계 그래프 예시입니다."", ""현재 7명 참여"", ""10명 이상 참여하면"", ""방문 키워드 통계가 공개됩니다!"", ""최신순"", ""경이야"", ""팔로우"", ""굳굳"", ""품질이 좋아요"", ""종류가 다양해요"", ""친절해요"", ""반응 남기기"", ""방문일"", ""24.10.5.토"", ""2024년 10월 5일 토요일"", ""1번째 방문"", ""인증 수단"", ""영수증""]}",미스칸트,,,,"[""안내"", ""방문 키워드 통계 그래프 예시입니다."", ""현재 7명 참여"", ""10명 이상 참여하면"", ""방문 키워드 통계가 공개됩니다!"", ""최신순"", ""경이야"", ""팔로우"", ""굳굳"", ""품질이 좋아요"", ""종류가 다양해요"", ""친절해요"", ""반응 남기기"", ""방문일"", ""24.10.5.토"", ""2024년 10월 5일 토요일"", ""1번째 방문"", ""인증 수단"", ""영수증""]","[{""title"": ""이런 점이 좋았어요"", ""body"": ""안내\n방문 키워드 통계 그래프 예시입니다.\n현재 7명 참여\n10명 이상 참여하면\n방문 키워드 통계가 공개됩니다!""}, {""title"": ""사진·영상 리뷰"", ""body"": """"}, {""title"": ""리뷰18"", ""body"": ""안내\n사진/영상 리뷰만\n최신순\n리뷰 제공 기준\n리뷰 클렌징 시스템 작동중입니다\n경이야\n리뷰 825사진 359\n팔로우\n굳굳\n품질이 좋아요\n종류가 다양해요\n친절해요\n반응 남기기\n방문일\n24.10.5.토\n2024년 10월 5일 토요일\n1번째 방문\n인증 수단\n영수증\nfbg****\n리뷰 1,885사진 12팔로워 22\n팔로우\n좋아요\n반응 남기기\n방문일\n24.9.13.금\n2024년 9월 13일 금요일\n1번째 방문\n인증 수단\n영수증\n을쑥\n리뷰 1,247사진 6팔로워 5\n팔로우\n옷이 편해요\n종류가 다양해요\n반응 남기기\n방문일\n23.12.18.월\n2023년 12월 18일 월요일\n2번째 방문\n인증 수단\n영수증\n을쑥\n리뷰 1,247사진 6팔로워 5\n팔로우\n친절하고 옷도 이뻐요\n가성비가 좋아요\n친절해요\n반응 남기기\n방문일\n23.12.9.토\n2023년 12월 9일 토요일\n1번째 방문\n인증 수단\n영수증\n피아91\n리뷰 16\n팔로우\n얇은티 3벌 사서 집에서보니 품질이 좋지않았어요 목주위도 까끌거리고 후회했습니다\n종류가 다양해요\n독특한 디자인이 많아요\n반응 남기기\n방문일\n23.10.9.월\n2023년 10월 9일 월요일\n1번째 방문\n인증 수단\n결제내역\ncielopjh\n리뷰 223사진 5\n팔로우\n이쁘네요\n친절해요\n반응 남기기\n방문일\n22.9.28.수\n2022년 9월 28일 수요일\n2번째 방문\n인증 수단\n영수증\ncielopjh\n리뷰 223사진 5\n팔로우\n이쁘네요\n반응 남기기\n방문일\n22.9.8.목\n2022년 9월 8일 목요일\n1번째 방문\n인증 수단\n영수증\nlee****\n리뷰 31\n팔로우\n이뿐 옷이 넘\n많아요~^^\n반응 남기기\n방문일\n22.8.29.월\n2022년 8월 29일 월요일\n1번째 방문\n인증 수단\n영수증\n까궁이44\n리뷰 113사진 3\n팔로우\n굿\n반응 남기기\n방문일\n22.8.29.월\n2022년 8월 29일 월요일\n1번째 방문\n인증 수단\n영수증\n제주사람\n리뷰 509사진 79팔로워 15\n팔로우\n친절하고 좋네용^^\n반응 남기기\n방문일\n22.8.19.금\n2022년 8월 19일 금요일\n1번째 방문\n인증 수단\n영수증\n펼쳐서 더보기""}, {""title"": ""키워드·별점 리뷰10"", ""body"": ""초록레몬\n리뷰 559사진 29\n팔로우\n친절해요\n반응 남기기\n방문일\n24.10.30.수\n2024년 10월 30일 수요일\n1번째 방문\n인증 수단\n결제내역\n바다느므사랑해\n리뷰 1,324사진 449팔로워 12\n팔로우\n종류가 다양해요\n품질이 좋아요\n독특한 디자인이 많아요\n가성비가 좋아요\n분위기가 편안해요\n반응 남기기\n방문일\n23.5.13.토\n2023년 5월 13일 토요일\n1번째 방문\n인증 수단\n영수증\nohj970921\n리뷰 753팔로워 7\n팔로우\n독특한 디자인이 많아요\nA/S가 세심해요\n친절해요\n스타일 추천을 잘해줘요\n반응 남기기\n방문일\n22.11.26.토\n2022년 11월 26일 토요일\n1번째 방문\n인증 수단\n영수증\n소리마미\n리뷰 69사진 16\n팔로우\n별점\n3\n점\n반응 남기기\n방문일\n21.10.4.월\n2021년 10월 4일 월요일\n1번째 방문\n인증 수단\n영수증\n달려라뭐하니니\n리뷰 161사진 1\n팔로우\n별점\n5\n점\n반응 남기기\n방문일\n21.8.16.월\n2021년 8월 16일 월요일\n2번째 방문\n인증 수단\n영수증\n달려라뭐하니니\n리뷰 161사진 1\n팔로우\n별점\n5\n점\n반응 남기기\n방문일\n21.8.16.월\n2021년 8월 16일 월요일\n1번째 방문\n인증 수단\n영수증\nbog****\n리뷰 235\n팔로우\n별점\n5\n점\n반응 남기기\n방문일\n21.8.15.일\n2021년 8월 15일 일요일\n1번째 방문\n인증 수단\n영수증\nk10****\n리뷰 419사진 21\n팔로우\n별점\n3\n점\n반응 남기기\n방문일\n21.5.23.일\n2021년 5월 23일 일요일\n2번째 방문\n인증 수단\n영수증\nk10****\n리뷰 419사진 21\n팔로우\n별점\n3\n점\n반응 남기기\n방문일\n21.5.23.일\n2021년 5월 23일 일요일\n1번째 방문\n인증 수단\n영수증\nchj5537\n리뷰 521사진 34\n팔로우\n별점\n4\n점\n반응 남기기\n방문일\n20.9.13.일\n2020년 9월 13일 일요일\n1번째 방문\n인증 수단\n영수증\n이용약관고객센터리뷰운영정책신고센터\n네이버""}]"
287,287,올포유제주지하점,쇼핑,245~248호,,33.5130953,126.526536,064-723-0459,,,,지하상가,needs_confirm,4_coord_near_confirm,좌표 175m ≤ 250m → 확인 필요,174.5,naver_place,https://map.naver.com/p/entry/place/38559205,https://map.naver.com/p/entry/place/38559205,https://pcmap.place.naver.com/place/38559205/home,38559205,올포유 제주지하점,캐주얼웨어,,,"제주 제주시 일도일동 중앙로 60 제주중앙지하상가 245,246호",제주 제주시 일도일동 1425-3,,064-702-3400,,33.5132723,126.5246653,,,,{},정보 수정,,,,,,,,,,"올포유 제주지하점|캐주얼웨어|제주 제주시 일도일동 중앙로 60 제주중앙지하상가 245,246호|제주 제주시 일도일동 1425-3|064-702-3400","[""올포유 제주지하점"", ""캐주얼웨어"", ""제주 제주시 일도일동 중앙로 60 제주중앙지하상가 245,246호"", ""제주 제주시 일도일동 1425-3"", ""064-702-3400""]","{""name"": [""올포유 제주지하점""], ""category"": [""캐주얼웨어""], ""address"": [""제주 제주시 일도일동 중앙로 60 제주중앙지하상가 245,246호"", ""제주 제주시 일도일동 1425-3""], ""phone"": [""064-702-3400""]}",올포유제주지하점 | 제주 올포유제주지하점 | 올포유제주지하점 쇼핑 | 제주 올포유제주지하점 쇼핑,,,,,
288,288,감귤도령 동백아씨,쇼핑,249호,,33.513035,126.526571,064-723-6742,,,,지하상가,fail,5_fail,매칭 실패,,,,,,,,,,,,,,,,,,,,,{},,,,,,,,,,,,[],{},감귤도령 동백아씨 | 제주 감귤도령 동백아씨 | 감귤도령 동백아씨 쇼핑 | 제주 감귤도령 동백아씨 쇼핑,,,,,
289,289,은영이네,쇼핑,250호,,33.513035,126.526545,064-722-5599,,,,지하상가,success,4_coord_close_auto,좌표 0m ≤ 80m,0.1,naver_place,https://map.naver.com/p/entry/place/31269525,https://map.naver.com/p/entry/place/31269525,https://pcmap.place.naver.com/place/31269525/home,31269525,은영이네 제주중앙지하상가점,패션,,,제주 제주시 일도일동 중앙로 60 제주중앙지하상가 250,제주 제주시 일도일동 1425-3,,064-722-5599,,33.5130351,126.5265439,,,,{},정보 수정,,,,,,,,,,은영이네 제주중앙지하상가점|패션|제주 제주시 일도일동 중앙로 60 제주중앙지하상가 250|제주 제주시 일도일동 1425-3|064-722-5599,"[""은영이네 제주중앙지하상가점"", ""패션"", ""제주 제주시 일도일동 중앙로 60 제주중앙지하상가 250"", ""제주 제주시 일도일동 1425-3"", ""064-722-5599""]","{""name"": [""은영이네 제주중앙지하상가점""], ""category"": [""패션""], ""address"": [""제주 제주시 일도일동 중앙로 60 제주중앙지하상가 250"", ""제주 제주시 일도일동 1425-3""], ""phone"": [""064-722-5599""]}",은영이네 | 제주 은영이네 | 은영이네 쇼핑,,,,,
290,290,프레이,쇼핑,251호,,33.5130372,126.526487,010-7678-3107,,,,지하상가,needs_confirm,4_coord_near_confirm,좌표 164m ≤ 250m → 확인 필요,164.3,naver_place,https://map.naver.com/p/entry/place/1014324999,https://map.naver.com/p/entry/place/1014324999,https://pcmap.place.naver.com/place/1014324999/home,1014324999,플레이웍스,인테리어소품,,,제주 제주시 산지로 47 3층,제주 제주시 일도일동 1146-19,,,,33.5133399,126.5282214,영업 중,영업 중,,{},영업 중,포장|무선 인터넷|단체 이용 가능|간편결제|반려동물 동반,"플레이웍스는 친구들의 케릭터를 스케치하고 비전과 추억을 그리는 것을 좋아하는 젊은 아티스트 AUN과 WUT, 그리고 그들의 크루가 함께하는 치앙마이 로컬 디자인 브랜드입니다.

그는 작은 제품들을 직접 손으로 만들기 시작하였고 치앙마이의 작은 골목에서 그의 첫 가게를 시작하였습니다. 작은 트럭에서부터 시작된 플레이웍스는 Aun의 가족과 친구들이 모여 Team Playworks로 발전하였습니다.

제주도에 본점을 제외한 첫 해외 지점이 들어섰다는 점이 의미 있습니다.
이곳에서는 직접 제작한 치앙마이 수공예 소품과 제주에서 영감을 받은 아이템들을 만나볼 수 있습니다

플레이웍스의 가장 큰 특징은 단순 기념품샵이 아니라, 삶과 여행의 여유를 담아내는 브랜드라는 점입니다. Life is a Journey(삶은 여행) 이라는 슬로건처럼, 평범한 일상에 작은 즐거움을 더해줄 아기자기한 소품들이 가득해 누구나 행복해질 수 있는 공간입니다. 스티커와 가방들, 노트, 안경케이스, 카드 지갑 등 생활을 풍요롭게 해줄 제품들은 고유의 일러스트와 색감으로 소중한 사람에게 선물하기에도 좋습니다.

2020년 1월 제주의 작은 마을의 친구들이 Team PLAYWORKS에 합류하며 플레이웍스x제주를 론칭 하였습니다. 플레이웍스 제주에서는 치앙마이 플레이웍스의 제품들 포함, 조금은 색다른 제주 이미지를 담은 Special Edition Jeju제품들을 소개합니다.

특히 제주의 아름다운 오름과 바다를 담아낸 엽서와 플레이웍스x제주 협업 제품들은 제주도의 특별함을 담은 독창적인 디자인이 돋보입니다. 고품질의 원단과 합리적인 가격으로 소품은 물론 의류와 모자까지 만나볼 수 있어 남녀노소 모두에게 추천해 드립니다.

플레이웍스제주에서는 정성스레 준비한 다양한 소품이 작은 공간을 알차게 채우고 있어, 따뜻한 분위기와 함께 감성적인 제주 기념품을 찾으신다면 꼭 한 번 방문해 보세요. 많은 소품샵 중에서도 특별한 이야기를 담은 공간, 제주 여행의 소중한 추억을 만들어보세요.
접기",,,,,,,,플레이웍스|인테리어소품|제주 제주시 산지로 47 3층|제주 제주시 일도일동 1146-19|영업 중|포장|무선 인터넷|단체 이용 가능|간편결제|반려동물 동반|특색 있는 제품이 많아요|상품이 다양해요|품질이 좋아요|친절해요|예쁜 소품이 많아요|인테리어가 멋져요|선물하기 좋아요|분위기가 편안해요|트렌디해요|종류가 다양해요,"[""플레이웍스"", ""인테리어소품"", ""제주 제주시 산지로 47 3층"", ""제주 제주시 일도일동 1146-19"", ""영업 중"", ""포장"", ""무선 인터넷"", ""단체 이용 가능"", ""간편결제"", ""반려동물 동반"", ""특색 있는 제품이 많아요"", ""상품이 다양해요"", ""품질이 좋아요"", ""친절해요"", ""예쁜 소품이 많아요"", ""인테리어가 멋져요"", ""선물하기 좋아요"", ""분위기가 편안해요"", ""트렌디해요"", ""종류가 다양해요""]","{""name"": [""플레이웍스""], ""category"": [""인테리어소품""], ""address"": [""제주 제주시 산지로 47 3층"", ""제주 제주시 일도일동 1146-19""], ""hours"": [""영업 중""], ""conveniences"": [""포장"", ""무선 인터넷"", ""단체 이용 가능"", ""간편결제"", ""반려동물 동반""], ""visitor_keywords"": [""특색 있는 제품이 많아요"", ""상품이 다양해요"", ""품질이 좋아요"", ""친절해요"", ""예쁜 소품이 많아요"", ""인테리어가 멋져요"", ""선물하기 좋아요"", ""분위기가 편안해요"", ""트렌디해요"", ""종류가 다양해요""]}",프레이 | 제주 프레이 | 프레이 쇼핑,,"[""플레이웍스\n알림설날 연휴 공지\n안녕하세요.\n2월17일과 18일 이틀동안 휴무 입니다.\n나머지 다른 날들은 평상시와 같은 시간으로 영업할 예정 이니\n방문에 참고 하시길 바라며 즐거운 명절 보내시길 바랄게요~!!\n더보기\n좋아요\n2026.02.14.\n2026년 2월 14일"", ""플레이웍스\n알림추석 연휴 공지\n안녕하세요.\n대대적으로 긴 연휴에 같이 동참해야 하나, 매장 개점을 해야 하나 고민을 하던 차.\n추석 당일(10.6일)과 정기 휴무인 수요일(10.8일)에만 문을 닫습니다.\n나머지 다른 날들은 평상시와 같은 시간으로 영업할 예정 이니 방문에 참고 하시길 바라며 즐거운 명절 보내시길 바랄게요~!!\n더보기\n기간\n2025.10.05. ~ 2025.10.07.\n좋아요\n2025.10.05.\n2025년 10월 5일"", ""플레이웍스\n임시휴무휴무 안내\n9월 19일부터 9월 24일까지 개인 사정으로 문을 닫습니다.\n9월 25일에 만나요~!!\n기간\n2025.09.19. ~ 2025.09.24.\n좋아요\n2025.09.18.\n2025년 9월 18일""]",,"[{""keyword"": ""특색 있는 제품이 많아요"", ""count"": ""114""}, {""keyword"": ""상품이 다양해요"", ""count"": ""69""}, {""keyword"": ""품질이 좋아요"", ""count"": ""57""}, {""keyword"": ""친절해요"", ""count"": ""52""}, {""keyword"": ""예쁜 소품이 많아요"", ""count"": ""52""}, {""keyword"": ""인테리어가 멋져요"", ""count"": ""41""}, {""keyword"": ""선물하기 좋아요"", ""count"": ""40""}, {""keyword"": ""분위기가 편안해요"", ""count"": ""28""}, {""keyword"": ""트렌디해요"", ""count"": ""16""}, {""keyword"": ""종류가 다양해요"", ""count"": ""15""}]","[{""title"": ""소개"", ""body"": ""플레이웍스는 친구들의 케릭터를 스케치하고 비전과 추억을 그리는 것을 좋아하는 젊은 아티스트 AUN과 WUT, 그리고 그들의 크루가 함께하는 치앙마이 로컬 디자인 브랜드입니다.\n\n그는 작은 제품들을 직접 손으로 만들기 시작하였고 치앙마이의 작은 골목에서 그의 첫 가게를 시작하였습니다. 작은 트럭에서부터 시작된 플레이웍스는 Aun의 가족과 친구들이 모여 Team Playworks로 발전하였습니다.\n\n제주도에 본점을 제외한 첫 해외 지점이 들어섰다는 점이 의미 있습니다.\n이곳에서는 직접 제작한 치앙마이 수공예 소품과 제주에서 영감을 받은 아이템들을 만나볼 수 있습니다\n\n플레이웍스의 가장 큰 특징은 단순 기념품샵이 아니라, 삶과 여행의 여유를 담아내는 브랜드라는 점입니다. Life is a Journey(삶은 여행) 이라는 슬로건처럼, 평범한 일상에 작은 즐거움을 더해줄 아기자기한 소품들이 가득해 누구나 행복해질 수 있는 공간입니다. 스티커와 가방들, 노트, 안경케이스, 카드 지갑 등 생활을 풍요롭게 해줄 제품들은 고유의 일러스트와 색감으로 소중한 사람에게 선물하기에도 좋습니다.\n\n2020년 1월 제주의 작은 마을의 친구들이 Team PLAYWORKS에 합류하며 플레이웍스x제주를 론칭 하였습니다. 플레이웍스 제주에서는 치앙마이 플레이웍스의 제품들 포함, 조금은 색다른 제주 이미지를 담은 Special Edition Jeju제품들을 소개합니다.\n\n특히 제주의 아름다운 오름과 바다를 담아낸 엽서와 플레이웍스x제주 협업 제품들은 제주도의 특별함을 담은 독창적인 디자인이 돋보입니다. 고품질의 원단과 합리적인 가격으로 소품은 물론 의류와 모자까지 만나볼 수 있어 남녀노소 모두에게 추천해 드립니다.\n\n플레이웍스제주에서는 정성스레 준비한 다양한 소품이 작은 공간을 알차게 채우고 있어, 따뜻한 분위기와 함께 감성적인 제주 기념품을 찾으신다면 꼭 한 번 방문해 보세요. 많은 소품샵 중에서도 특별한 이야기를 담은 공간, 제주 여행의 소중한 추억을 만들어보세요.\n접기""}, {""title"": ""대표 키워드"", ""body"": ""동문시장소품샵제주동문시장소품샵플레이웍스제주제주도플레이웍스제주플레이웍스""}, {""title"": ""편의시설 및 서비스"", ""body"": ""포장\n무선 인터넷\n단체 이용 가능""}, {""title"": ""반려동물 동반"", ""body"": ""반려동물 동반 가능""}, {""title"": ""주차"", ""body"": ""주차 불가\n주차는 동문시장 공영주차장 혹은 북수구 공영 주차장 이용 바랍니다. 동문시장 1번 출구와 가깝습니다.""}, {""title"": ""결제수단"", ""body"": ""지역화폐 (모바일형)\n지역화폐 (카드형)\n제로페이\n간편결제""}, {""title"": ""SNS"", ""body"": ""스마트스토어\nhttps://smartstore.naver.com/playworks_jeju\n인스타그램\n인스타그램\n알고 계신 정보와 다른 정보가 있나요?\n사진으로 간단하게 제보해 주세요.\n정보 수정 제안하기\n이용약관고객센터리뷰운영정책신고센터\n네이버""}]"
291,291,무자크,쇼핑,"252,253호",,33.5130372,126.526487,064-702-3107,,,,지하상가,success,2_address_match,주소일치(exact_or_contains) query=제주 무자크,6.0,naver_place,https://map.naver.com/p/entry/place/1533155948,https://map.naver.com/p/entry/place/1533155948,https://pcmap.place.naver.com/place/1533155948/home,1533155948,무자크 제주중앙점,여성의류,,,"제주 제주시 중앙로 60 제주중앙지하상가 2차 252,253호",제주 제주시 일도일동 1454-2,,064-702-3107,,33.5130681,126.526434,영업 중,영업 중,,{},영업 중,주차|포장|배달|무선 인터넷|남/녀 화장실 구분|장애인 편의시설,제주중앙지하상가! 드라마 '부부의 세계'에서 주연 김희애씨가 주로 입어 최근 유명세를 타고 있는 제주 중앙로 지하상가에 위치한 무자크 1호점입니다. 최소 30%에서 최대 70%까지 빅 세일! 중입니다. 친절과 정성으로 고객응대 중입니다. 언제든 환영입니다. 온라인 쇼핑몰도 운영 중이며 제주도 내 무료배송하고 있습니다. 감사합니다!,,,,,,,30~70% 세일,"무자크 제주중앙점|여성의류|제주 제주시 중앙로 60 제주중앙지하상가 2차 252,253호|제주 제주시 일도일동 1454-2|064-702-3107|영업 중|30~70% 세일|주차|포장|배달|무선 인터넷|남/녀 화장실 구분|장애인 편의시설|친절해요|품질이 좋아요|분위기가 편안해요|스타일 추천을 잘해줘요|종류가 다양해요|독특한 디자인이 많아요|가성비가 좋아요|주차하기 편해요|매장이 넓어요","[""무자크 제주중앙점"", ""여성의류"", ""제주 제주시 중앙로 60 제주중앙지하상가 2차 252,253호"", ""제주 제주시 일도일동 1454-2"", ""064-702-3107"", ""영업 중"", ""30~70% 세일"", ""주차"", ""포장"", ""배달"", ""무선 인터넷"", ""남/녀 화장실 구분"", ""장애인 편의시설"", ""친절해요"", ""품질이 좋아요"", ""분위기가 편안해요"", ""스타일 추천을 잘해줘요"", ""종류가 다양해요"", ""독특한 디자인이 많아요"", ""가성비가 좋아요"", ""주차하기 편해요"", ""매장이 넓어요""]","{""name"": [""무자크 제주중앙점""], ""category"": [""여성의류""], ""address"": [""제주 제주시 중앙로 60 제주중앙지하상가 2차 252,253호"", ""제주 제주시 일도일동 1454-2""], ""phone"": [""064-702-3107""], ""hours"": [""영업 중""], ""menus"": [""30~70% 세일""], ""conveniences"": [""주차"", ""포장"", ""배달"", ""무선 인터넷"", ""남/녀 화장실 구분"", ""장애인 편의시설""], ""visitor_keywords"": [""친절해요"", ""품질이 좋아요"", ""분위기가 편안해요"", ""스타일 추천을 잘해줘요"", ""종류가 다양해요"", ""독특한 디자인이 많아요"", ""가성비가 좋아요"", ""주차하기 편해요"", ""매장이 넓어요""]}",무자크 | 제주 무자크,,,,"[{""keyword"": ""친절해요"", ""count"": ""19""}, {""keyword"": ""품질이 좋아요"", ""count"": ""12""}, {""keyword"": ""분위기가 편안해요"", ""count"": ""7""}, {""keyword"": ""스타일 추천을 잘해줘요"", ""count"": ""5""}, {""keyword"": ""종류가 다양해요"", ""count"": ""4""}, {""keyword"": ""독특한 디자인이 많아요"", ""count"": ""3""}, {""keyword"": ""가성비가 좋아요"", ""count"": ""3""}, {""keyword"": ""주차하기 편해요"", ""count"": ""1""}, {""keyword"": ""매장이 넓어요"", ""count"": ""1""}]","[{""title"": ""소개"", ""body"": ""제주중앙지하상가! 드라마 '부부의 세계'에서 주연 김희애씨가 주로 입어 최근 유명세를 타고 있는 제주 중앙로 지하상가에 위치한 무자크 1호점입니다. 최소 30%에서 최대 70%까지 빅 세일! 중입니다. 친절과 정성으로 고객응대 중입니다. 언제든 환영입니다. 온라인 쇼핑몰도 운영 중이며 제주도 내 무료배송하고 있습니다. 감사합니다!""}, {""title"": ""대표 키워드"", ""body"": ""제주무자크여성복옷""}, {""title"": ""편의시설 및 서비스"", ""body"": ""포장\n배달\n무선 인터넷\n남/녀 화장실 구분\n장애인 주차구역""}, {""title"": ""주차"", ""body"": ""주차가능""}, {""title"": ""결제수단"", ""body"": ""지역화폐 (지류형)\n지역화폐 (카드형)\n지역화폐 (모바일형)\n제로페이\n알고 계신 정보와 다른 정보가 있나요?\n사진으로 간단하게 제보해 주세요.\n정보 수정 제안하기\n이용약관고객센터리뷰운영정책신고센터\n네이버""}]"
292,292,토틀엔키들,쇼핑,254호,,33.5130394,126.526432,070-8808-9006,,,,지하상가,fail,5_fail,매칭 실패,,,,,,,,,,,,,,,,,,,,,{},,,,,,,,,,,,[],{},토틀엔키들 | 제주 토틀엔키들 | 토틀엔키들 쇼핑 | 제주 토틀엔키들 쇼핑,,,,,
293,293,치크,쇼핑,"257,258호",,33.513045,126.526333,070-8147-5030,,https://naver.me/5IfkSdhG,,지하상가,success,1_naver_link,naver_link place_id=31312960,0.1,naver_place,https://map.naver.com/p/entry/place/31312960,https://map.naver.com/p/entry/place/31312960,https://pcmap.place.naver.com/place/31312960/home,31312960,치크 제주중앙지하상가점,유아동복,,,"제주 제주시 일도일동 중앙로 60 제주중앙지하상가 257,258",제주 제주시 일도일동 1425-3,,070-8147-5030,,33.5130457,126.5263326,영업 중,영업 중,,{},영업 중,,"안내
21회15명 참여
""친절해요""
이 키워드를 선택한 인원
14
""종류가 다양해요""
이 키워드를 선택한 인원
7
""가성비가 좋아요""
이 키워드를 선택한 인원
6
""품질이 좋아요""
이 키워드를 선택한 인원
6
""독특한 디자인이 많아요""
이 키워드를 선택한 인원
2
더보기
4.3941개 평점(32명 참여)
안내",,,,,,,,"치크 제주중앙지하상가점|유아동복|제주 제주시 일도일동 중앙로 60 제주중앙지하상가 257,258|제주 제주시 일도일동 1425-3|070-8147-5030|영업 중|친절해요|종류가 다양해요|가성비가 좋아요|품질이 좋아요|독특한 디자인이 많아요|A/S가 세심해요|주차하기 편해요|매장이 넓어요|스타일 추천을 잘해줘요","[""치크 제주중앙지하상가점"", ""유아동복"", ""제주 제주시 일도일동 중앙로 60 제주중앙지하상가 257,258"", ""제주 제주시 일도일동 1425-3"", ""070-8147-5030"", ""영업 중"", ""친절해요"", ""종류가 다양해요"", ""가성비가 좋아요"", ""품질이 좋아요"", ""독특한 디자인이 많아요"", ""A/S가 세심해요"", ""주차하기 편해요"", ""매장이 넓어요"", ""스타일 추천을 잘해줘요""]","{""name"": [""치크 제주중앙지하상가점""], ""category"": [""유아동복""], ""address"": [""제주 제주시 일도일동 중앙로 60 제주중앙지하상가 257,258"", ""제주 제주시 일도일동 1425-3""], ""phone"": [""070-8147-5030""], ""hours"": [""영업 중""], ""visitor_keywords"": [""친절해요"", ""종류가 다양해요"", ""가성비가 좋아요"", ""품질이 좋아요"", ""독특한 디자인이 많아요"", ""A/S가 세심해요"", ""주차하기 편해요"", ""매장이 넓어요"", ""스타일 추천을 잘해줘요""]}",https://naver.me/5IfkSdhG,,,,"[{""keyword"": ""친절해요"", ""count"": ""14""}, {""keyword"": ""종류가 다양해요"", ""count"": ""7""}, {""keyword"": ""가성비가 좋아요"", ""count"": ""6""}, {""keyword"": ""품질이 좋아요"", ""count"": ""6""}, {""keyword"": ""독특한 디자인이 많아요"", ""count"": ""2""}, {""keyword"": ""A/S가 세심해요"", ""count"": ""1""}, {""keyword"": ""주차하기 편해요"", ""count"": ""1""}, {""keyword"": ""매장이 넓어요"", ""count"": ""1""}, {""keyword"": ""스타일 추천을 잘해줘요"", ""count"": ""1""}]","[{""title"": ""이런 점이 좋았어요"", ""body"": ""안내\n21회15명 참여\n\""친절해요\""\n이 키워드를 선택한 인원\n14\n\""종류가 다양해요\""\n이 키워드를 선택한 인원\n7\n\""가성비가 좋아요\""\n이 키워드를 선택한 인원\n6\n\""품질이 좋아요\""\n이 키워드를 선택한 인원\n6\n\""독특한 디자인이 많아요\""\n이 키워드를 선택한 인원\n2\n더보기\n4.3941개 평점(32명 참여)\n안내""}, {""title"": ""사진·영상 리뷰"", ""body"": """"}, {""title"": ""리뷰50"", ""body"": ""안내\n사진/영상 리뷰만\n최신순\n리뷰 제공 기준\n리뷰 클렌징 시스템 작동중입니다\nyiya0224\n리뷰 447사진 3\n팔로우\n예뻐요\n가성비가 좋아요\n친절해요\n반응 남기기\n방문일\n24.6.15.토\n2024년 6월 15일 토요일\n6번째 방문\n인증 수단\n영수증\nyiya0224\n리뷰 447사진 3\n팔로우\n친절하세요\n품질이 좋아요\n반응 남기기\n방문일\n24.3.22.금\n2024년 3월 22일 금요일\n5번째 방문\n인증 수단\n영수증\n나이스123\n리뷰 2,828사진 88\n팔로우\nㄱ\n친절해요\n반응 남기기\n방문일\n24.3.19.화\n2024년 3월 19일 화요일\n4번째 방문\n인증 수단\n영수증\n둉디용\n리뷰 119사진 91\n팔로우\n남자조카 일상복 사기 좋은 가게!\n친절해요\n가성비가 좋아요\n종류가 다양해요\n반응 남기기\n방문일\n23.12.20.수\n2023년 12월 20일 수요일\n1번째 방문\n인증 수단\n영수증\nmsg****\n리뷰 950사진 188\n팔로우\n아이옷 좋아요\n품질이 좋아요\n친절해요\n반응 남기기\n방문일\n23.11.11.토\n2023년 11월 11일 토요일\n2번째 방문\n인증 수단\n영수증\nsun****\n리뷰 1,331사진 23\n팔로우\n굿\n친절해요\n반응 남기기\n방문일\n23.10.2.월\n2023년 10월 2일 월요일\n2번째 방문\n인증 수단\n영수증\nchel50\n리뷰 2,009사진 1,694\n팔로우\n야외에 있다가 지하상가로 들어오니 시원해서 좋네요 ㅎㅎ 조카 선물을 사 줬어요~ 매장이 쾌적해요.\n품질이 좋아요\n가성비가 좋아요\n종류가 다양해요\n독특한 디자인이 많아요\nA/S가 세심해요\n반응 남기기\n방문일\n23.8.16.수\n2023년 8월 16일 수요일\n1번째 방문\n인증 수단\n영수증\noskal062859\n리뷰 217사진 13\n팔로우\n아이옷 사기 좋아요\n친절해요\n반응 남기기\n방문일\n23.7.1.토\n2023년 7월 1일 토요일\n1번째 방문\n인증 수단\n영수증\n소연273\n리뷰 66사진 11\n팔로우\nSo good\n친절해요\n품질이 좋아요\n반응 남기기\n방문일\n23.4.4.화\n2023년 4월 4일 화요일\n1번째 방문\n인증 수단\n영수증\n워킹맘41\n리뷰 844사진 146\n팔로우\n좋아요\n가성비가 좋아요\n종류가 다양해요\n친절해요\n반응 남기기\n방문일\n23.3.28.화\n2023년 3월 28일 화요일\n1번째 방문\n인증 수단\n영수증\n펼쳐서 더보기""}, {""title"": ""키워드·별점 리뷰37"", ""body"": ""yiya0224\n리뷰 447사진 3\n팔로우\n친절해요\n반응 남기기\n방문일\n24.1.12.금\n2024년 1월 12일 금요일\n4번째 방문\n인증 수단\n영수증\nyiya0224\n리뷰 447사진 3\n팔로우\n품질이 좋아요\n친절해요\n반응 남기기\n방문일\n23.8.27.일\n2023년 8월 27일 일요일\n3번째 방문\n인증 수단\n영수증\n하울33\n리뷰 884사진 1\n팔로우\n종류가 다양해요\n반응 남기기\n방문일\n23.5.28.일\n2023년 5월 28일 일요일\n4번째 방문\n인증 수단\n영수증\nyiya0224\n리뷰 447사진 3\n팔로우\n친절해요\n반응 남기기\n방문일\n23.4.1.토\n2023년 4월 1일 토요일\n2번째 방문\n인증 수단\n영수증\n하울33\n리뷰 884사진 1\n팔로우\n종류가 다양해요\n반응 남기기\n방문일\n23.3.2.목\n2023년 3월 2일 목요일\n3번째 방문\n인증 수단\n영수증\nenj****\n리뷰 74사진 1\n팔로우\n독특한 디자인이 많아요\n주차하기 편해요\n친절해요\n반응 남기기\n방문일\n22.11.7.월\n2022년 11월 7일 월요일\n1번째 방문\n인증 수단\n영수증\nlov****\n리뷰 1,122\n팔로우\n별점\n5\n점\n반응 남기기\n방문일\n21.10.9.토\n2021년 10월 9일 토요일\n1번째 방문\n인증 수단\n영수증\n나7532\n리뷰 1,895사진 24\n팔로우\n별점\n5\n점\n반응 남기기\n방문일\n21.10.9.토\n2021년 10월 9일 토요일\n3번째 방문\n인증 수단\n영수증\n건뚱33\n리뷰 426사진 32\n팔로우\n별점\n4\n점\n반응 남기기\n방문일\n21.9.30.목\n2021년 9월 30일 목요일\n1번째 방문\n인증 수단\n영수증\n어벤져스1894\n리뷰 1,069\n팔로우\n별점\n5\n점\n반응 남기기\n방문일\n21.9.29.수\n2021년 9월 29일 수요일\n2번째 방문\n인증 수단\n영수증\n펼쳐서 더보기\n이용약관고객센터리뷰운영정책신고센터\n네이버""}]"
294,294,지센,쇼핑,259~261호,,33.5130495,126.526265,064-727-0034,,https://naver.me/Gqf58LcC,,지하상가,success,1_naver_link,naver_link place_id=31269386,0.1,naver_place,https://map.naver.com/p/entry/place/31269386,https://map.naver.com/p/entry/place/31269386,https://pcmap.place.naver.com/place/31269386/home,31269386,지센 제주중앙지하상가점,캐주얼웨어,,,제주 제주시 일도일동 중앙로 60 제주중앙지하상가 259,제주 제주시 일도일동 1425-3 ~261,,064-727-0034,,33.5130492,126.5262645,,,,{},,,,,,,,,,,지센 제주중앙지하상가점|캐주얼웨어|제주 제주시 일도일동 중앙로 60 제주중앙지하상가 259|제주 제주시 일도일동 1425-3 ~261|064-727-0034|품질이 좋아요|친절해요|종류가 다양해요|가성비가 좋아요|스타일 추천을 잘해줘요|A/S가 세심해요|독특한 디자인이 많아요|분위기가 편안해요,"[""지센 제주중앙지하상가점"", ""캐주얼웨어"", ""제주 제주시 일도일동 중앙로 60 제주중앙지하상가 259"", ""제주 제주시 일도일동 1425-3 ~261"", ""064-727-0034"", ""품질이 좋아요"", ""친절해요"", ""종류가 다양해요"", ""가성비가 좋아요"", ""스타일 추천을 잘해줘요"", ""A/S가 세심해요"", ""독특한 디자인이 많아요"", ""분위기가 편안해요""]","{""name"": [""지센 제주중앙지하상가점""], ""category"": [""캐주얼웨어""], ""address"": [""제주 제주시 일도일동 중앙로 60 제주중앙지하상가 259"", ""제주 제주시 일도일동 1425-3 ~261""], ""phone"": [""064-727-0034""], ""visitor_keywords"": [""품질이 좋아요"", ""친절해요"", ""종류가 다양해요"", ""가성비가 좋아요"", ""스타일 추천을 잘해줘요"", ""A/S가 세심해요"", ""독특한 디자인이 많아요"", ""분위기가 편안해요""]}",https://naver.me/Gqf58LcC,,,,"[{""keyword"": ""품질이 좋아요"", ""count"": ""12""}, {""keyword"": ""친절해요"", ""count"": ""7""}, {""keyword"": ""종류가 다양해요"", ""count"": ""7""}, {""keyword"": ""가성비가 좋아요"", ""count"": ""4""}, {""keyword"": ""스타일 추천을 잘해줘요"", ""count"": ""4""}, {""keyword"": ""A/S가 세심해요"", ""count"": ""1""}, {""keyword"": ""독특한 디자인이 많아요"", ""count"": ""1""}, {""keyword"": ""분위기가 편안해요"", ""count"": ""1""}]","[{""title"": ""결제수단"", ""body"": ""제로페이\n알고 계신 정보와 다른 정보가 있나요?\n사진으로 간단하게 제보해 주세요.\n정보 수정 제안하기\n이용약관고객센터리뷰운영정책신고센터\n네이버""}]"
295,295,모이몰른,쇼핑,262호,,33.5130428,126.526207,064-759-8858,,,,지하상가,needs_confirm,4_coord_near_confirm,좌표 147m ≤ 250m → 확인 필요,146.6,naver_place,https://map.naver.com/p/entry/place/1263966003,https://map.naver.com/p/entry/place/1263966003,https://pcmap.place.naver.com/place/1263966003/home,1263966003,모이몰른 제주지하2호점,유아동복,,,,제주 제주시 일도1동 1425-3,,064-759-8858,,33.5131588,126.524632,,,,{},,,"안내
17회16명 참여
""친절해요""
이 키워드를 선택한 인원
7
""품질이 좋아요""
이 키워드를 선택한 인원
7
""종류가 다양해요""
이 키워드를 선택한 인원
5
""분위기가 편안해요""
이 키워드를 선택한 인원
4
""가성비가 좋아요""
이 키워드를 선택한 인원
3
더보기
4.5316개 평점(15명 참여)
안내",,,,,,,,모이몰른 제주지하2호점|유아동복|제주 제주시 일도1동 1425-3|064-759-8858|친절해요|품질이 좋아요|종류가 다양해요|분위기가 편안해요|가성비가 좋아요|스타일 추천을 잘해줘요|독특한 디자인이 많아요|A/S가 세심해요|선물하기 좋아요|매장이 넓어요,"[""모이몰른 제주지하2호점"", ""유아동복"", ""제주 제주시 일도1동 1425-3"", ""064-759-8858"", ""친절해요"", ""품질이 좋아요"", ""종류가 다양해요"", ""분위기가 편안해요"", ""가성비가 좋아요"", ""스타일 추천을 잘해줘요"", ""독특한 디자인이 많아요"", ""A/S가 세심해요"", ""선물하기 좋아요"", ""매장이 넓어요""]","{""name"": [""모이몰른 제주지하2호점""], ""category"": [""유아동복""], ""address"": [""제주 제주시 일도1동 1425-3""], ""phone"": [""064-759-8858""], ""visitor_keywords"": [""친절해요"", ""품질이 좋아요"", ""종류가 다양해요"", ""분위기가 편안해요"", ""가성비가 좋아요"", ""스타일 추천을 잘해줘요"", ""독특한 디자인이 많아요"", ""A/S가 세심해요"", ""선물하기 좋아요"", ""매장이 넓어요""]}",모이몰른 | 제주 모이몰른,,,,"[{""keyword"": ""친절해요"", ""count"": ""7""}, {""keyword"": ""품질이 좋아요"", ""count"": ""7""}, {""keyword"": ""종류가 다양해요"", ""count"": ""5""}, {""keyword"": ""분위기가 편안해요"", ""count"": ""4""}, {""keyword"": ""가성비가 좋아요"", ""count"": ""3""}, {""keyword"": ""스타일 추천을 잘해줘요"", ""count"": ""3""}, {""keyword"": ""독특한 디자인이 많아요"", ""count"": ""2""}, {""keyword"": ""A/S가 세심해요"", ""count"": ""1""}, {""keyword"": ""선물하기 좋아요"", ""count"": ""1""}, {""keyword"": ""매장이 넓어요"", ""count"": ""1""}]","[{""title"": ""이런 점이 좋았어요"", ""body"": ""안내\n17회16명 참여\n\""친절해요\""\n이 키워드를 선택한 인원\n7\n\""품질이 좋아요\""\n이 키워드를 선택한 인원\n7\n\""종류가 다양해요\""\n이 키워드를 선택한 인원\n5\n\""분위기가 편안해요\""\n이 키워드를 선택한 인원\n4\n\""가성비가 좋아요\""\n이 키워드를 선택한 인원\n3\n더보기\n4.5316개 평점(15명 참여)\n안내""}, {""title"": ""사진·영상 리뷰"", ""body"": """"}, {""title"": ""리뷰19"", ""body"": ""안내\n사진/영상 리뷰만\n최신순\n리뷰 제공 기준\n리뷰 클렌징 시스템 작동중입니다\ncomlcoml\n리뷰 1,011사진 818팔로워 13\n팔로우\n옷 다 예쁘고 매니저님 친절하심\n품질이 좋아요\n가성비가 좋아요\n종류가 다양해요\n독특한 디자인이 많아요\n친절해요\n반응 남기기\n방문일\n24.7.15.월\n2024년 7월 15일 월요일\n1번째 방문\n인증 수단\n영수증\n미스멍지\n리뷰 131사진 373팔로워 3\n팔로우\n임신한 친구에게 선물 하려고 구매 합니다!!\n아이옷 선물은 항상 여기서!!!\n친절해요\n선물하기 좋아요\n반응 남기기\n방문일\n24.3.9.토\n2024년 3월 9일 토요일\n1번째 방문\n인증 수단\n영수증\n안녕45\n리뷰 1,147사진 164\n팔로우\nㅎㅎ\n품질이 좋아요\n반응 남기기\n방문일\n24.1.21.일\n2024년 1월 21일 일요일\n1번째 방문\n인증 수단\n영수증\nkdbal123\n리뷰 236사진 29\n팔로우\n굿\n품질이 좋아요\n반응 남기기\n방문일\n23.4.6.목\n2023년 4월 6일 목요일\n1번째 방문\n인증 수단\n영수증\n히히zz\n리뷰 904사진 764팔로워 52\n팔로우\n귀여워용\n종류가 다양해요\n독특한 디자인이 많아요\n반응 남기기\n방문일\n23.3.2.목\n2023년 3월 2일 목요일\n1번째 방문\n인증 수단\n영수증\n세실리아2\n리뷰 2,525사진 215팔로워 36\n팔로우\n👍🏻\n반응 남기기\n방문일\n22.12.24.토\n2022년 12월 24일 토요일\n1번째 방문\n인증 수단\n영수증\nk134yoo\n리뷰 457사진 14\n팔로우\n조ㅎ아요\n종류가 다양해요\n반응 남기기\n방문일\n22.10.14.금\n2022년 10월 14일 금요일\n1번째 방문\n인증 수단\n영수증\ncielopjh\n리뷰 223사진 5\n팔로우\n이뻐용~^^\n반응 남기기\n방문일\n22.9.25.일\n2022년 9월 25일 일요일\n1번째 방문\n인증 수단\n영수증\nyoo****\n리뷰 123사진 60\n팔로우\n사장님께서 친절하게 추천해주시고 포장도 새 제품으로 꼼꼼하게 잘 해주셔요~!\n반응 남기기\n방문일\n22.9.21.수\n2022년 9월 21일 수요일\n1번째 방문\n인증 수단\n영수증\nosh****\n리뷰 116사진 2\n팔로우\n애기옷들이 넘예뻐요\n반응 남기기\n방문일\n22.9.18.일\n2022년 9월 18일 일요일\n1번째 방문\n인증 수단\n영수증\n펼쳐서 더보기""}, {""title"": ""키워드·별점 리뷰23"", ""body"": ""찌나짜응44\n리뷰 76\n팔로우\n친절해요\n반응 남기기\n방문일\n22.12.14.수\n2022년 12월 14일 수요일\n1번째 방문\n인증 수단\n영수증\n이히히히31\n리뷰 115사진 49\n팔로우\n가성비가 좋아요\n품질이 좋아요\n종류가 다양해요\n반응 남기기\n방문일\n22.12.13.화\n2022년 12월 13일 화요일\n3번째 방문\n인증 수단\n영수증\ngggggggg2\n리뷰 396사진 163팔로워 4\n팔로우\n분위기가 편안해요\n친절해요\n반응 남기기\n방문일\n22.11.28.월\n2022년 11월 28일 월요일\n1번째 방문\n인증 수단\n영수증\n애효박\n리뷰 63사진 1\n팔로우\n분위기가 편안해요\n반응 남기기\n방문일\n22.11.15.화\n2022년 11월 15일 화요일\n1번째 방문\n인증 수단\n영수증\nsgd****\n리뷰 108\n팔로우\n분위기가 편안해요\n반응 남기기\n방문일\n22.11.15.화\n2022년 11월 15일 화요일\n1번째 방문\n인증 수단\n영수증\n안덕팔씨\n리뷰 92사진 19팔로워 1\n팔로우\n스타일 추천을 잘해줘요\n친절해요\n반응 남기기\n방문일\n22.11.15.화\n2022년 11월 15일 화요일\n1번째 방문\n인증 수단\n영수증\ncjs****\n리뷰 808팔로워 26\n팔로우\n품질이 좋아요\n반응 남기기\n방문일\n22.11.7.월\n2022년 11월 7일 월요일\n1번째 방문\n인증 수단\n영수증\n이히히히31\n리뷰 115사진 49\n팔로우\n가성비가 좋아요\n품질이 좋아요\nA/S가 세심해요\n종류가 다양해요\n스타일 추천을 잘해줘요\n반응 남기기\n방문일\n22.10.13.목\n2022년 10월 13일 목요일\n2번째 방문\n인증 수단\n영수증\naot****\n리뷰 30사진 5\n팔로우\n친절해요\n반응 남기기\n방문일\n22.10.3.월\n2022년 10월 3일 월요일\n1번째 방문\n인증 수단\n영수증\nv마음가는대로v\n리뷰 1,470사진 5\n팔로우\n품질이 좋아요\n반응 남기기\n방문일\n22.7.18.월\n2022년 7월 18일 월요일\n1번째 방문\n인증 수단\n영수증\n펼쳐서 더보기\n이용약관고객센터리뷰운영정책신고센터\n네이버""}]"
296,296,수아팜,쇼핑,"263,264호",,33.5130517,126.526161,064-724-1113,,,,지하상가,success,2_address_match,주소일치(exact_or_contains) query=수아팜,8.7,naver_place,https://map.naver.com/p/entry/place/1707413569,https://map.naver.com/p/entry/place/1707413569,https://pcmap.place.naver.com/place/1707413569/home,1707413569,수아팜 제주지하점,속옷,,,"제주 제주시 중앙로 60 중앙지하상가 263, 264호",제주 제주시 일도일동 1454-2,,064-724-1113,,33.5129833,126.5262064,영업 중,영업 중,,{},영업 중,,"안내
27회21명 참여
""친절해요""
이 키워드를 선택한 인원
22
""가성비가 좋아요""
이 키워드를 선택한 인원
17
""품질이 좋아요""
이 키워드를 선택한 인원
15
""스타일 추천을 잘해줘요""
이 키워드를 선택한 인원
13
""종류가 다양해요""
이 키워드를 선택한 인원
10
더보기",,,,,,,,"수아팜 제주지하점|속옷|제주 제주시 중앙로 60 중앙지하상가 263, 264호|제주 제주시 일도일동 1454-2|064-724-1113|영업 중|친절해요|가성비가 좋아요|품질이 좋아요|스타일 추천을 잘해줘요|종류가 다양해요|분위기가 편안해요|매장이 넓어요|A/S가 세심해요|독특한 디자인이 많아요|선물하기 좋아요","[""수아팜 제주지하점"", ""속옷"", ""제주 제주시 중앙로 60 중앙지하상가 263, 264호"", ""제주 제주시 일도일동 1454-2"", ""064-724-1113"", ""영업 중"", ""친절해요"", ""가성비가 좋아요"", ""품질이 좋아요"", ""스타일 추천을 잘해줘요"", ""종류가 다양해요"", ""분위기가 편안해요"", ""매장이 넓어요"", ""A/S가 세심해요"", ""독특한 디자인이 많아요"", ""선물하기 좋아요""]","{""name"": [""수아팜 제주지하점""], ""category"": [""속옷""], ""address"": [""제주 제주시 중앙로 60 중앙지하상가 263, 264호"", ""제주 제주시 일도일동 1454-2""], ""phone"": [""064-724-1113""], ""hours"": [""영업 중""], ""visitor_keywords"": [""친절해요"", ""가성비가 좋아요"", ""품질이 좋아요"", ""스타일 추천을 잘해줘요"", ""종류가 다양해요"", ""분위기가 편안해요"", ""매장이 넓어요"", ""A/S가 세심해요"", ""독특한 디자인이 많아요"", ""선물하기 좋아요""]}",수아팜,,,,"[{""keyword"": ""친절해요"", ""count"": ""22""}, {""keyword"": ""가성비가 좋아요"", ""count"": ""17""}, {""keyword"": ""품질이 좋아요"", ""count"": ""15""}, {""keyword"": ""스타일 추천을 잘해줘요"", ""count"": ""13""}, {""keyword"": ""종류가 다양해요"", ""count"": ""10""}, {""keyword"": ""분위기가 편안해요"", ""count"": ""5""}, {""keyword"": ""매장이 넓어요"", ""count"": ""4""}, {""keyword"": ""A/S가 세심해요"", ""count"": ""1""}, {""keyword"": ""독특한 디자인이 많아요"", ""count"": ""1""}, {""keyword"": ""선물하기 좋아요"", ""count"": ""1""}]","[{""title"": ""이런 점이 좋았어요"", ""body"": ""안내\n27회21명 참여\n\""친절해요\""\n이 키워드를 선택한 인원\n22\n\""가성비가 좋아요\""\n이 키워드를 선택한 인원\n17\n\""품질이 좋아요\""\n이 키워드를 선택한 인원\n15\n\""스타일 추천을 잘해줘요\""\n이 키워드를 선택한 인원\n13\n\""종류가 다양해요\""\n이 키워드를 선택한 인원\n10\n더보기""}, {""title"": ""사진·영상 리뷰"", ""body"": """"}, {""title"": ""리뷰47"", ""body"": ""안내\n사진/영상 리뷰만\n최신순\n리뷰 제공 기준\n리뷰 클렌징 시스템 작동중입니다\nyk****\n리뷰 1,028사진 257팔로워 2\n팔로우\n아시 속옷은 늘 이곳에서만 사는데 추천도 잘해주시고 꼼꼼하게 잘 얘기해주시니 안 갈 이유가 없답니다 무엇보다 가성비가 좋습니다 브라도 샀는데 단연 요 팬티가 최고여서 이것만 찍었네요 ㅎㅎ\n품질이 좋아요\n가성비가 좋아요\n종류가 다양해요\n친절해요\n스타일 추천을 잘해줘요\n반응 남기기\n방문일\n1.30.금\n2026년 1월 30일 금요일\n7번째 방문\n인증 수단\n영수증\n프시케작가\n리뷰 67사진 224팔로워 2\n팔로우\n별점\n5\n점\n초등학생 속옷 가성비 품질 좋아요.\n사장님도 친절\n품질이 좋아요\n가성비가 좋아요\n종류가 다양해요\n친절해요\n스타일 추천을 잘해줘요\n반응 남기기\n방문일\n7.3.금\n2026년 7월 3일 금요일\n1번째 방문\n인증 수단\n영수증\n복쟁이97\n리뷰 2,466사진 21\n팔로우\n굿\n가성비가 좋아요\n반응 남기기\n방문일\n2.1.일\n2026년 2월 1일 일요일\n1번째 방문\n인증 수단\n영수증\n제주살이리뷰어\n리뷰 167사진 326팔로워 15\n팔로우\n아이 환절기 때 이불 내복을 사러 왔는데 지하상가에 9살짜리 아이가 입을 내 복을 파는 곳이 거의 없습니다. 이곳뿐이에요. 여기오셔서 사세요. 가격도 괜찮고 질도 좋습니다\n품질이 좋아요\n가성비가 좋아요\n트렌디해요\n친절해요\n반응 남기기\n방문일\n25.10.26.일\n2025년 10월 26일 일요일\n1번째 방문\n인증 수단\n영수증\nheo616\n리뷰 77사진 5\n팔로우\n아이들 속옷이 다양하고 좋아요\n품질이 좋아요\n가성비가 좋아요\n친절해요\n반응 남기기\n방문일\n24.12.25.수\n2024년 12월 25일 수요일\n2번째 방문\n인증 수단\n영수증\n122girl90\n리뷰 1,130사진 2,722팔로워 11\n팔로우\n사이즈 추천도 잘해주시고 친절하세요 ㅎ남아 팬티 구매했는데 질이 좋아서 만족합니다^^\n품질이 좋아요\n가성비가 좋아요\n친절해요\n분위기가 편안해요\n스타일 추천을 잘해줘요\n반응 남기기\n방문일\n24.9.27.금\n2024년 9월 27일 금요일\n1번째 방문\n인증 수단\n영수증\nyk****\n리뷰 1,028사진 257팔로워 2\n팔로우\n할인에 친절함까지 기분좋은 소비였습니다\n품질이 좋아요\n가성비가 좋아요\n종류가 다양해요\n친절해요\n분위기가 편안해요\n반응 남기기\n방문일\n24.3.30.토\n2024년 3월 30일 토요일\n6번째 방문\n인증 수단\n영수증\n빵걸\n리뷰 248사진 253팔로워 1\n팔로우\n아이들 속옷샀는데 넘맘에들어요\n모달 팬티 세일해서 4장샀어요~~~\n이제 초3인데 브라도필요할때돼서 미리구입 ㅋㅋ\n완전 잘샀어요^^득템 했네요^^\n더보기\n품질이 좋아요\n가성비가 좋아요\n종류가 다양해요\n친절해요\n분위기가 편안해요\n반응 남기기\n방문일\n23.9.8.금\n2023년 9월 8일 금요일\n1번째 방문\n인증 수단\n영수증\nmoo****\n리뷰 798사진 63팔로워 16\n팔로우\n친절 품질 굿\n품질이 좋아요\n종류가 다양해요\n반응 남기기\n방문일\n23.6.20.화\n2023년 6월 20일 화요일\n1번째 방문\n인증 수단\n영수증\ndhf****\n리뷰 747\n팔로우\n굿\n친절해요\n반응 남기기\n방문일\n23.5.19.금\n2023년 5월 19일 금요일\n1번째 방문\n인증 수단\n영수증\n펼쳐서 더보기""}, {""title"": ""키워드·별점 리뷰27"", ""body"": ""khy****\n리뷰 143사진 4\n팔로우\n품질이 좋아요\n종류가 다양해요\n친절해요\n스타일 추천을 잘해줘요\n반응 남기기\n방문일\n25.11.23.일\n2025년 11월 23일 일요일\n1번째 방문\n인증 수단\n영수증\nyk****\n리뷰 1,028사진 257팔로워 2\n팔로우\n종류가 다양해요\n품질이 좋아요\n친절해요\n분위기가 편안해요\n스타일 추천을 잘해줘요\n반응 남기기\n방문일\n23.11.12.일\n2023년 11월 12일 일요일\n5번째 방문\n인증 수단\n영수증\n정훈유나맘\n리뷰 181사진 28팔로워 1\n팔로우\n친절해요\n매장이 넓어요\n반응 남기기\n방문일\n23.8.8.화\n2023년 8월 8일 화요일\n1번째 방문\n인증 수단\n결제내역\n은쏭이29\n리뷰 124사진 150팔로워 1\n팔로우\n품질이 좋아요\n가성비가 좋아요\n친절해요\n스타일 추천을 잘해줘요\n선물하기 좋아요\n반응 남기기\n방문일\n23.7.20.목\n2023년 7월 20일 목요일\n1번째 방문\n인증 수단\n영수증\nyk****\n리뷰 1,028사진 257팔로워 2\n팔로우\n친절해요\n매장이 넓어요\n가성비가 좋아요\n품질이 좋아요\n반응 남기기\n방문일\n23.7.11.화\n2023년 7월 11일 화요일\n4번째 방문\n인증 수단\n영수증\n더블와이53\n리뷰 269사진 194\n팔로우\n품질이 좋아요\n가성비가 좋아요\nA/S가 세심해요\n친절해요\n스타일 추천을 잘해줘요\n반응 남기기\n방문일\n23.6.25.일\n2023년 6월 25일 일요일\n1번째 방문\n인증 수단\n영수증\ngum45\n리뷰 628사진 235\n팔로우\n분위기가 편안해요\n주차하기 편해요\n스타일 추천을 잘해줘요\n친절해요\n매장이 넓어요\n반응 남기기\n방문일\n23.5.13.토\n2023년 5월 13일 토요일\n2번째 방문\n인증 수단\n영수증\nyk****\n리뷰 1,028사진 257팔로워 2\n팔로우\n친절해요\n스타일 추천을 잘해줘요\n종류가 다양해요\n가성비가 좋아요\n반응 남기기\n방문일\n23.5.13.토\n2023년 5월 13일 토요일\n3번째 방문\n인증 수단\n영수증\nyk****\n리뷰 1,028사진 257팔로워 2\n팔로우\n스타일 추천을 잘해줘요\n매장이 넓어요\n가성비가 좋아요\n종류가 다양해요\n반응 남기기\n방문일\n22.11.11.금\n2022년 11월 11일 금요일\n1번째 방문\n인증 수단\n영수증\nojh****\n리뷰 66사진 4\n팔로우\n가성비가 좋아요\n품질이 좋아요\n친절해요\n스타일 추천을 잘해줘요\n반응 남기기\n방문일\n22.11.8.화\n2022년 11월 8일 화요일\n1번째 방문\n인증 수단\n영수증\n펼쳐서 더보기\n이용약관고객센터리뷰운영정책신고센터\n네이버""}]"
297,297,데스틸 제주중앙점,쇼핑,"265,266호",,33.5130551,126.526106,064-724-2512,,,,지하상가,fail,5_fail,매칭 실패,,,,,,,,,,,,,,,,,,,,,{},,,,,,,,,,,,[],{},데스틸 제주중앙점 | 제주 데스틸 제주중앙점 | 데스틸 제주중앙점 쇼핑 | 제주 데스틸 제주중앙점 쇼핑,,,,,
298,298,수스,쇼핑,"267,268호",,33.5130573,126.52605,064-726-5482,,https://naver.me/5jXZJpCB,,지하상가,success,1_naver_link,naver_link place_id=31269487,0.1,naver_place,https://map.naver.com/p/entry/place/31269487,https://map.naver.com/p/entry/place/31269487,https://pcmap.place.naver.com/place/31269487/home,31269487,수스 제주중앙지하상가점,패션,,,제주 제주시 일도일동 중앙로 60 제주중앙지하상가 267,"제주 제주시 일도일동 1425-3 ,268",,064-726-5482,,33.5130567,126.526051,,,,{},,,,,,,,,,,"수스 제주중앙지하상가점|패션|제주 제주시 일도일동 중앙로 60 제주중앙지하상가 267|제주 제주시 일도일동 1425-3 ,268|064-726-5482|안내|방문 키워드 통계 그래프 예시입니다.|현재 2명 참여|10명 이상 참여하면|방문 키워드 통계가 공개됩니다!|최신순|슈퍼긍정엄마|팔로우|가성비가 좋아요|종류가 다양해요|독특한 디자인이 많아요|친절해요|반응 남기기|방문일|3.14.토|2026년 3월 14일 토요일|4번째 방문|인증 수단|영수증","[""수스 제주중앙지하상가점"", ""패션"", ""제주 제주시 일도일동 중앙로 60 제주중앙지하상가 267"", ""제주 제주시 일도일동 1425-3 ,268"", ""064-726-5482"", ""안내"", ""방문 키워드 통계 그래프 예시입니다."", ""현재 2명 참여"", ""10명 이상 참여하면"", ""방문 키워드 통계가 공개됩니다!"", ""최신순"", ""슈퍼긍정엄마"", ""팔로우"", ""가성비가 좋아요"", ""종류가 다양해요"", ""독특한 디자인이 많아요"", ""친절해요"", ""반응 남기기"", ""방문일"", ""3.14.토"", ""2026년 3월 14일 토요일"", ""4번째 방문"", ""인증 수단"", ""영수증""]","{""name"": [""수스 제주중앙지하상가점""], ""category"": [""패션""], ""address"": [""제주 제주시 일도일동 중앙로 60 제주중앙지하상가 267"", ""제주 제주시 일도일동 1425-3 ,268""], ""phone"": [""064-726-5482""], ""visitor_keywords"": [""안내"", ""방문 키워드 통계 그래프 예시입니다."", ""현재 2명 참여"", ""10명 이상 참여하면"", ""방문 키워드 통계가 공개됩니다!"", ""최신순"", ""슈퍼긍정엄마"", ""팔로우"", ""가성비가 좋아요"", ""종류가 다양해요"", ""독특한 디자인이 많아요"", ""친절해요"", ""반응 남기기"", ""방문일"", ""3.14.토"", ""2026년 3월 14일 토요일"", ""4번째 방문"", ""인증 수단"", ""영수증""]}",https://naver.me/5jXZJpCB,,,,"[""안내"", ""방문 키워드 통계 그래프 예시입니다."", ""현재 2명 참여"", ""10명 이상 참여하면"", ""방문 키워드 통계가 공개됩니다!"", ""최신순"", ""슈퍼긍정엄마"", ""팔로우"", ""가성비가 좋아요"", ""종류가 다양해요"", ""독특한 디자인이 많아요"", ""친절해요"", ""반응 남기기"", ""방문일"", ""3.14.토"", ""2026년 3월 14일 토요일"", ""4번째 방문"", ""인증 수단"", ""영수증""]","[{""title"": ""결제수단"", ""body"": ""제로페이\n알고 계신 정보와 다른 정보가 있나요?\n사진으로 간단하게 제보해 주세요.\n정보 수정 제안하기\n이용약관고객센터리뷰운영정책신고센터\n네이버""}]"
299,299,오션스카이,쇼핑,"269,270호",,33.5130596,126.525995,064-722-7294,,,,지하상가,fail,5_fail,매칭 실패,23414.1,naver_place,https://map.naver.com/p/entry/place/2055414279,https://map.naver.com/p/entry/place/2055414279,https://pcmap.place.naver.com/place/2055414279/home,2055414279,제주펜션오션스카이,펜션,,,제주 제주시 구좌읍 덕행로 450-21,제주 제주시 구좌읍 행원리 3433-6,,0507-1356-2804,http://www.오션스카이빌리지.com,33.5134905,126.7785478,,,,{},,주차,,,,,,,,,제주펜션오션스카이|펜션|제주 제주시 구좌읍 덕행로 450-21|제주 제주시 구좌읍 행원리 3433-6|0507-1356-2804|주차,"[""제주펜션오션스카이"", ""펜션"", ""제주 제주시 구좌읍 덕행로 450-21"", ""제주 제주시 구좌읍 행원리 3433-6"", ""0507-1356-2804"", ""주차""]","{""name"": [""제주펜션오션스카이""], ""category"": [""펜션""], ""address"": [""제주 제주시 구좌읍 덕행로 450-21"", ""제주 제주시 구좌읍 행원리 3433-6""], ""phone"": [""0507-1356-2804""], ""conveniences"": [""주차""]}",오션스카이 | 제주 오션스카이 | 오션스카이 쇼핑,,,,,
300,300,행텐주니어,쇼핑,"271,272호",,33.513064,126.525936,064-757-5741,,https://naver.me/GZDRZp2J,,지하상가,success,1_naver_link,naver_link place_id=31312981,0.0,naver_place,https://map.naver.com/p/entry/place/31312981,https://map.naver.com/p/entry/place/31312981,https://pcmap.place.naver.com/place/31312981/home,31312981,행텐키즈 제주중앙지하상가점,유아동복,,,"제주 제주시 일도일동 중앙로 60 제주중앙지하상가 271,272",제주 제주시 일도일동 1425-3,,064-757-5741,,33.5130642,126.5259359,영업 중,영업 중,,{},영업 중,,,,,,,,,,"행텐키즈 제주중앙지하상가점|유아동복|제주 제주시 일도일동 중앙로 60 제주중앙지하상가 271,272|제주 제주시 일도일동 1425-3|064-757-5741|영업 중|가성비가 좋아요|친절해요|품질이 좋아요|스타일 추천을 잘해줘요|종류가 다양해요|분위기가 편안해요|독특한 디자인이 많아요|주차하기 편해요|매장이 넓어요","[""행텐키즈 제주중앙지하상가점"", ""유아동복"", ""제주 제주시 일도일동 중앙로 60 제주중앙지하상가 271,272"", ""제주 제주시 일도일동 1425-3"", ""064-757-5741"", ""영업 중"", ""가성비가 좋아요"", ""친절해요"", ""품질이 좋아요"", ""스타일 추천을 잘해줘요"", ""종류가 다양해요"", ""분위기가 편안해요"", ""독특한 디자인이 많아요"", ""주차하기 편해요"", ""매장이 넓어요""]","{""name"": [""행텐키즈 제주중앙지하상가점""], ""category"": [""유아동복""], ""address"": [""제주 제주시 일도일동 중앙로 60 제주중앙지하상가 271,272"", ""제주 제주시 일도일동 1425-3""], ""phone"": [""064-757-5741""], ""hours"": [""영업 중""], ""visitor_keywords"": [""가성비가 좋아요"", ""친절해요"", ""품질이 좋아요"", ""스타일 추천을 잘해줘요"", ""종류가 다양해요"", ""분위기가 편안해요"", ""독특한 디자인이 많아요"", ""주차하기 편해요"", ""매장이 넓어요""]}",https://naver.me/GZDRZp2J,,,,"[{""keyword"": ""가성비가 좋아요"", ""count"": ""13""}, {""keyword"": ""친절해요"", ""count"": ""12""}, {""keyword"": ""품질이 좋아요"", ""count"": ""11""}, {""keyword"": ""스타일 추천을 잘해줘요"", ""count"": ""7""}, {""keyword"": ""종류가 다양해요"", ""count"": ""5""}, {""keyword"": ""분위기가 편안해요"", ""count"": ""3""}, {""keyword"": ""독특한 디자인이 많아요"", ""count"": ""2""}, {""keyword"": ""주차하기 편해요"", ""count"": ""1""}, {""keyword"": ""매장이 넓어요"", ""count"": ""1""}]","[{""title"": ""결제수단"", ""body"": ""제로페이\n알고 계신 정보와 다른 정보가 있나요?\n사진으로 간단하게 제보해 주세요.\n정보 수정 제안하기\n이용약관고객센터리뷰운영정책신고센터\n네이버""}]"
301,301,라망,쇼핑,"273,274호",,33.5130652,126.525883,064-758-2750,,https://naver.me/G9Uir40n,,지하상가,success,1_naver_link,naver_link place_id=31314754,1.2,naver_place,https://map.naver.com/p/entry/place/31314754,https://map.naver.com/p/entry/place/31314754,https://pcmap.place.naver.com/place/31314754/home,31314754,라망 제주중앙지하상가점,"상가,아케이드",,,제주 제주시 일도일동 중앙로 60 제주중앙지하상가 274,제주 제주시 일도일동 1425-3,,064-758-2750,,33.5130659,126.52587,10:00 - 21:00,영업 중21:00에 영업 종료,,"{""매일"": {""open"": ""10:00 - 21:00""}}",영업 중21:00에 영업 종료 | 21시 0분에 영업 종료 | 매일 | 10:00 - 21:00 | 접기,,"현순희
22.9.61번째 방문영수증
굿
로딩중
알고 계신 정보와 다른 정보가 있나요?
사진으로 간단하게 제보해 주세요.
정보 수정 제안하기
이용약관고객센터리뷰운영정책신고센터
네이버",,,,,,,,"라망 제주중앙지하상가점|상가,아케이드|제주 제주시 일도일동 중앙로 60 제주중앙지하상가 274|제주 제주시 일도일동 1425-3|064-758-2750|10:00 - 21:00","[""라망 제주중앙지하상가점"", ""상가,아케이드"", ""제주 제주시 일도일동 중앙로 60 제주중앙지하상가 274"", ""제주 제주시 일도일동 1425-3"", ""064-758-2750"", ""10:00 - 21:00""]","{""name"": [""라망 제주중앙지하상가점""], ""category"": [""상가,아케이드""], ""address"": [""제주 제주시 일도일동 중앙로 60 제주중앙지하상가 274"", ""제주 제주시 일도일동 1425-3""], ""phone"": [""064-758-2750""], ""hours"": [""10:00 - 21:00""]}",https://naver.me/G9Uir40n,,,,,"[{""title"": ""방문자 리뷰1"", ""body"": ""현순희\n22.9.61번째 방문영수증\n굿\n로딩중\n알고 계신 정보와 다른 정보가 있나요?\n사진으로 간단하게 제보해 주세요.\n정보 수정 제안하기\n이용약관고객센터리뷰운영정책신고센터\n네이버""}]"
302,302,블랙홀앤네일,기타,275호,,33.5130786,126.525844,064-756-8784,,,,지하상가,fail,5_fail,매칭 실패,,,,,,,,,,,,,,,,,,,,,{},,,,,,,,,,,,[],{},블랙홀앤네일 | 제주 블랙홀앤네일 | 블랙홀앤네일 기타 | 제주 블랙홀앤네일 기타,,,,,
303,303,누네띠네,쇼핑,276호,,33.5130596,126.525814,064-751-8171,,,,지하상가,needs_confirm,4_coord_near_confirm,좌표 185m ≤ 250m → 확인 필요,184.5,naver_place,https://map.naver.com/p/entry/place/1623767002,https://map.naver.com/p/entry/place/1623767002,https://pcmap.place.naver.com/place/1623767002/home,1623767002,누네띠네,종합도소매,,,제주 제주시 중앙로 63-10 누네띠네 누네띠네,제주 제주시 이도일동 1409-2,,064-724-3455,,33.5116484,126.5247669,,,,{},,,,,,,,,,,누네띠네|종합도소매|제주 제주시 중앙로 63-10 누네띠네 누네띠네|제주 제주시 이도일동 1409-2|064-724-3455|안내|방문 키워드 통계 그래프 예시입니다.|현재 2명 참여|10명 이상 참여하면|방문 키워드 통계가 공개됩니다!|최신순|프리jia|팔로우|품질이 좋아요|주차하기 편해요|분위기가 편안해요|반응 남기기|방문일|23.2.5.일|2023년 2월 5일 일요일|1번째 방문|인증 수단|결제내역|아로마31,"[""누네띠네"", ""종합도소매"", ""제주 제주시 중앙로 63-10 누네띠네 누네띠네"", ""제주 제주시 이도일동 1409-2"", ""064-724-3455"", ""안내"", ""방문 키워드 통계 그래프 예시입니다."", ""현재 2명 참여"", ""10명 이상 참여하면"", ""방문 키워드 통계가 공개됩니다!"", ""최신순"", ""프리jia"", ""팔로우"", ""품질이 좋아요"", ""주차하기 편해요"", ""분위기가 편안해요"", ""반응 남기기"", ""방문일"", ""23.2.5.일"", ""2023년 2월 5일 일요일"", ""1번째 방문"", ""인증 수단"", ""결제내역"", ""아로마31""]","{""name"": [""누네띠네""], ""category"": [""종합도소매""], ""address"": [""제주 제주시 중앙로 63-10 누네띠네 누네띠네"", ""제주 제주시 이도일동 1409-2""], ""phone"": [""064-724-3455""], ""visitor_keywords"": [""안내"", ""방문 키워드 통계 그래프 예시입니다."", ""현재 2명 참여"", ""10명 이상 참여하면"", ""방문 키워드 통계가 공개됩니다!"", ""최신순"", ""프리jia"", ""팔로우"", ""품질이 좋아요"", ""주차하기 편해요"", ""분위기가 편안해요"", ""반응 남기기"", ""방문일"", ""23.2.5.일"", ""2023년 2월 5일 일요일"", ""1번째 방문"", ""인증 수단"", ""결제내역"", ""아로마31""]}",누네띠네 | 제주 누네띠네 | 누네띠네 쇼핑,,,,"[""안내"", ""방문 키워드 통계 그래프 예시입니다."", ""현재 2명 참여"", ""10명 이상 참여하면"", ""방문 키워드 통계가 공개됩니다!"", ""최신순"", ""프리jia"", ""팔로우"", ""품질이 좋아요"", ""주차하기 편해요"", ""분위기가 편안해요"", ""반응 남기기"", ""방문일"", ""23.2.5.일"", ""2023년 2월 5일 일요일"", ""1번째 방문"", ""인증 수단"", ""결제내역"", ""아로마31""]","[{""title"": ""결제수단"", ""body"": ""제로페이\n알고 계신 정보와 다른 정보가 있나요?\n사진으로 간단하게 제보해 주세요.\n정보 수정 제안하기\n이용약관고객센터리뷰운영정책신고센터\n네이버""}]"
304,304,마나,기타,278호,,33.5130707,126.525758,064-702-3123,,,,지하상가,fail,5_fail,매칭 실패,2299.6,naver_place,https://map.naver.com/p/entry/place/431877722,https://map.naver.com/p/entry/place/431877722,https://pcmap.place.naver.com/place/431877722/home,431877722,아구듬뿍&알곤마니 구제주점,음식점,,,제주 제주시 정든로5길 24,제주 제주시 이도이동 430-3,,064-725-9297,,33.4974919,126.5420696,,,,{},,,,,,,,,,,아구듬뿍&알곤마니 구제주점|음식점|제주 제주시 정든로5길 24|제주 제주시 이도이동 430-3|064-725-9297|안내|방문 키워드 통계 그래프 예시입니다.|현재 5명 참여|10명 이상 참여하면|방문 키워드 통계가 공개됩니다!|안심1|추천순|최신순|nzNOA12|팔로우|음식이 맛있어요|재료가 신선해요|양이 많아요|친절해요|매장이 청결해요|반응 남기기|방문일|24.8.13.화,"[""아구듬뿍&알곤마니 구제주점"", ""음식점"", ""제주 제주시 정든로5길 24"", ""제주 제주시 이도이동 430-3"", ""064-725-9297"", ""안내"", ""방문 키워드 통계 그래프 예시입니다."", ""현재 5명 참여"", ""10명 이상 참여하면"", ""방문 키워드 통계가 공개됩니다!"", ""안심1"", ""추천순"", ""최신순"", ""nzNOA12"", ""팔로우"", ""음식이 맛있어요"", ""재료가 신선해요"", ""양이 많아요"", ""친절해요"", ""매장이 청결해요"", ""반응 남기기"", ""방문일"", ""24.8.13.화""]","{""name"": [""아구듬뿍&알곤마니 구제주점""], ""category"": [""음식점""], ""address"": [""제주 제주시 정든로5길 24"", ""제주 제주시 이도이동 430-3""], ""phone"": [""064-725-9297""], ""visitor_keywords"": [""안내"", ""방문 키워드 통계 그래프 예시입니다."", ""현재 5명 참여"", ""10명 이상 참여하면"", ""방문 키워드 통계가 공개됩니다!"", ""안심1"", ""추천순"", ""최신순"", ""nzNOA12"", ""팔로우"", ""음식이 맛있어요"", ""재료가 신선해요"", ""양이 많아요"", ""친절해요"", ""매장이 청결해요"", ""반응 남기기"", ""방문일"", ""24.8.13.화""]}",마나 | 제주 마나 | 마나 기타 | 제주 마나 기타,,,,"[""안내"", ""방문 키워드 통계 그래프 예시입니다."", ""현재 5명 참여"", ""10명 이상 참여하면"", ""방문 키워드 통계가 공개됩니다!"", ""메뉴"", ""안심1"", ""추천순"", ""최신순"", ""nzNOA12"", ""팔로우"", ""음식이 맛있어요"", ""재료가 신선해요"", ""양이 많아요"", ""친절해요"", ""매장이 청결해요"", ""반응 남기기"", ""방문일"", ""24.8.13.화""]",
305,305,더데이걸,쇼핑,"279,280호",,33.5130652,126.525707,064-724-4878,,,,지하상가,success,4_coord_close_auto,좌표 0m ≤ 80m,0.1,naver_place,https://map.naver.com/p/entry/place/31313636,https://map.naver.com/p/entry/place/31313636,https://pcmap.place.naver.com/place/31313636/home,31313636,더데이걸 제주중앙지하상가점,유아동복,,,,제주 제주시 일도1동 1425-3,,064-724-4878,,33.5130657,126.5257057,영업 중,영업 중,,{},영업 중,,"지역화폐 (카드형)
지역화폐 (모바일형)
지역화폐 (지류형)
제로페이
알고 계신 정보와 다른 정보가 있나요?
사진으로 간단하게 제보해 주세요.
정보 수정 제안하기
이용약관고객센터리뷰운영정책신고센터
네이버",,,,,,,,더데이걸 제주중앙지하상가점|유아동복|제주 제주시 일도1동 1425-3|064-724-4878|영업 중|친절해요|품질이 좋아요|스타일 추천을 잘해줘요|종류가 다양해요|독특한 디자인이 많아요|가성비가 좋아요|분위기가 편안해요|주차하기 편해요|사이즈가 다양해요|매장이 넓어요,"[""더데이걸 제주중앙지하상가점"", ""유아동복"", ""제주 제주시 일도1동 1425-3"", ""064-724-4878"", ""영업 중"", ""친절해요"", ""품질이 좋아요"", ""스타일 추천을 잘해줘요"", ""종류가 다양해요"", ""독특한 디자인이 많아요"", ""가성비가 좋아요"", ""분위기가 편안해요"", ""주차하기 편해요"", ""사이즈가 다양해요"", ""매장이 넓어요""]","{""name"": [""더데이걸 제주중앙지하상가점""], ""category"": [""유아동복""], ""address"": [""제주 제주시 일도1동 1425-3""], ""phone"": [""064-724-4878""], ""hours"": [""영업 중""], ""visitor_keywords"": [""친절해요"", ""품질이 좋아요"", ""스타일 추천을 잘해줘요"", ""종류가 다양해요"", ""독특한 디자인이 많아요"", ""가성비가 좋아요"", ""분위기가 편안해요"", ""주차하기 편해요"", ""사이즈가 다양해요"", ""매장이 넓어요""]}",더데이걸 | 제주 더데이걸 | 더데이걸 쇼핑 | 제주 더데이걸 쇼핑,,,,"[{""keyword"": ""친절해요"", ""count"": ""24""}, {""keyword"": ""품질이 좋아요"", ""count"": ""12""}, {""keyword"": ""스타일 추천을 잘해줘요"", ""count"": ""11""}, {""keyword"": ""종류가 다양해요"", ""count"": ""11""}, {""keyword"": ""독특한 디자인이 많아요"", ""count"": ""8""}, {""keyword"": ""가성비가 좋아요"", ""count"": ""6""}, {""keyword"": ""분위기가 편안해요"", ""count"": ""4""}, {""keyword"": ""주차하기 편해요"", ""count"": ""1""}, {""keyword"": ""사이즈가 다양해요"", ""count"": ""1""}, {""keyword"": ""매장이 넓어요"", ""count"": ""1""}]","[{""title"": ""결제수단"", ""body"": ""지역화폐 (카드형)\n지역화폐 (모바일형)\n지역화폐 (지류형)\n제로페이\n알고 계신 정보와 다른 정보가 있나요?\n사진으로 간단하게 제보해 주세요.\n정보 수정 제안하기\n이용약관고객센터리뷰운영정책신고센터\n네이버""}]"
306,306,인터크루,쇼핑,"281,282,299호",,33.5130752,126.525659,064-752-7763,,,,지하상가,needs_confirm,4_coord_near_confirm,좌표 96m ≤ 250m → 확인 필요,95.7,naver_place,https://map.naver.com/p/entry/place/1545558146,https://map.naver.com/p/entry/place/1545558146,https://pcmap.place.naver.com/place/1545558146/home,1545558146,인터크루,캐주얼웨어,,,제주 제주시 일도일동 중앙로 60,제주 제주시 일도일동 1425-3,,064-752-7763,,33.5131588,126.524632,,,,{},,,"안내
16회13명 참여
""품질이 좋아요""
이 키워드를 선택한 인원
9
""친절해요""
이 키워드를 선택한 인원
8
""종류가 다양해요""
이 키워드를 선택한 인원
7
""가성비가 좋아요""
이 키워드를 선택한 인원
3
""스타일 추천을 잘해줘요""
이 키워드를 선택한 인원
2
더보기",,,,,,,,인터크루|캐주얼웨어|제주 제주시 일도일동 중앙로 60|제주 제주시 일도일동 1425-3|064-752-7763|품질이 좋아요|친절해요|종류가 다양해요|가성비가 좋아요|스타일 추천을 잘해줘요|매장이 넓어요,"[""인터크루"", ""캐주얼웨어"", ""제주 제주시 일도일동 중앙로 60"", ""제주 제주시 일도일동 1425-3"", ""064-752-7763"", ""품질이 좋아요"", ""친절해요"", ""종류가 다양해요"", ""가성비가 좋아요"", ""스타일 추천을 잘해줘요"", ""매장이 넓어요""]","{""name"": [""인터크루""], ""category"": [""캐주얼웨어""], ""address"": [""제주 제주시 일도일동 중앙로 60"", ""제주 제주시 일도일동 1425-3""], ""phone"": [""064-752-7763""], ""visitor_keywords"": [""품질이 좋아요"", ""친절해요"", ""종류가 다양해요"", ""가성비가 좋아요"", ""스타일 추천을 잘해줘요"", ""매장이 넓어요""]}",인터크루 | 제주 인터크루 | 인터크루 쇼핑 | 제주 인터크루 쇼핑,,,,"[{""keyword"": ""품질이 좋아요"", ""count"": ""9""}, {""keyword"": ""친절해요"", ""count"": ""8""}, {""keyword"": ""종류가 다양해요"", ""count"": ""7""}, {""keyword"": ""가성비가 좋아요"", ""count"": ""3""}, {""keyword"": ""스타일 추천을 잘해줘요"", ""count"": ""2""}, {""keyword"": ""매장이 넓어요"", ""count"": ""1""}]","[{""title"": ""이런 점이 좋았어요"", ""body"": ""안내\n16회13명 참여\n\""품질이 좋아요\""\n이 키워드를 선택한 인원\n9\n\""친절해요\""\n이 키워드를 선택한 인원\n8\n\""종류가 다양해요\""\n이 키워드를 선택한 인원\n7\n\""가성비가 좋아요\""\n이 키워드를 선택한 인원\n3\n\""스타일 추천을 잘해줘요\""\n이 키워드를 선택한 인원\n2\n더보기""}, {""title"": ""사진·영상 리뷰"", ""body"": """"}, {""title"": ""리뷰8"", ""body"": ""안내\n사진/영상 리뷰만\n최신순\n리뷰 제공 기준\n리뷰 클렌징 시스템 작동중입니다\nyk****\n리뷰 1,028사진 257팔로워 2\n팔로우\n사장님께서 스타일 추천 잘해주시네요 구입을 많이 했는데 사은품으로 양말 한쪽도 없다는게 아쉬웠습니다\n품질이 좋아요\n종류가 다양해요\n친절해요\n매장이 넓어요\n스타일 추천을 잘해줘요\n반응 남기기\n방문일\n24.3.30.토\n2024년 3월 30일 토요일\n1번째 방문\n인증 수단\n영수증\ngomina1138\n리뷰 1,963\n팔로우\nㄱ ㅅ\n품질이 좋아요\n반응 남기기\n방문일\n25.8.24.일\n2025년 8월 24일 일요일\n1번째 방문\n인증 수단\n결제내역\nyiya0224\n리뷰 447사진 3\n팔로우\n남녀공용이라 좋아요\n품질이 좋아요\n반응 남기기\n방문일\n24.5.18.토\n2024년 5월 18일 토요일\n3번째 방문\n인증 수단\n영수증\nyiya0224\n리뷰 447사진 3\n팔로우\n품질이 좋아요\n품질이 좋아요\n반응 남기기\n방문일\n24.1.12.금\n2024년 1월 12일 금요일\n2번째 방문\n인증 수단\n영수증\n공실이9492\n리뷰 507사진 32팔로워 1\n팔로우\n좋아요 자주먹습니다^^\n반응 남기기\n방문일\n23.9.2.토\n2023년 9월 2일 토요일\n1번째 방문\n인증 수단\n영수증\nkim****\n리뷰 796사진 155팔로워 18\n팔로우\n쇼핑은 한곳에서 다 사는거지~^^\n가성비가 좋아요\n친절해요\n반응 남기기\n방문일\n23.8.13.일\n2023년 8월 13일 일요일\n1번째 방문\n인증 수단\n영수증\n쪼6597\n리뷰 128사진 152\n팔로우\n중앙지하상가에 있어요\n가성비가 좋아요\n반응 남기기\n방문일\n23.1.28.토\n2023년 1월 28일 토요일\n1번째 방문\n인증 수단\n영수증\nchl****\n리뷰 897\n팔로우\n좋아요\n친절해요\n반응 남기기\n방문일\n22.10.7.금\n2022년 10월 7일 금요일\n1번째 방문\n인증 수단\n영수증""}, {""title"": ""키워드·별점 리뷰9"", ""body"": ""킬러메이커\n리뷰 1,326사진 641\n팔로우\n종류가 다양해요\n반응 남기기\n방문일\n24.5.19.일\n2024년 5월 19일 일요일\n1번째 방문\n인증 수단\n영수증\n역발상의법칙\n리뷰 1,565사진 518\n팔로우\n친절해요\n품질이 좋아요\n종류가 다양해요\n반응 남기기\n방문일\n24.2.21.수\n2024년 2월 21일 수요일\n1번째 방문\n인증 수단\n영수증\n코코 맘맘\n리뷰 1,382사진 830팔로워 1\n팔로우\n품질이 좋아요\n종류가 다양해요\n친절해요\n반응 남기기\n방문일\n24.2.21.수\n2024년 2월 21일 수요일\n1번째 방문\n인증 수단\n영수증\nyiya0224\n리뷰 447사진 3\n팔로우\n친절해요\n반응 남기기\n방문일\n23.11.25.토\n2023년 11월 25일 토요일\n1번째 방문\n인증 수단\n영수증\nhja****\n리뷰 520사진 9\n팔로우\n품질이 좋아요\n종류가 다양해요\n친절해요\n반응 남기기\n방문일\n23.10.22.일\n2023년 10월 22일 일요일\n2번째 방문\n인증 수단\n영수증\nhja****\n리뷰 520사진 9\n팔로우\n품질이 좋아요\n종류가 다양해요\n친절해요\n반응 남기기\n방문일\n23.10.1.일\n2023년 10월 1일 일요일\n1번째 방문\n인증 수단\n영수증\nhan****\n리뷰 758사진 14\n팔로우\n품질이 좋아요\n종류가 다양해요\n반응 남기기\n방문일\n23.7.9.일\n2023년 7월 9일 일요일\n1번째 방문\n인증 수단\n영수증\nnomagino22\n리뷰 75사진 30\n팔로우\n스타일 추천을 잘해줘요\n반응 남기기\n방문일\n23.5.17.수\n2023년 5월 17일 수요일\n2번째 방문\n인증 수단\n영수증\nrla****\n리뷰 81사진 8\n팔로우\n가성비가 좋아요\n반응 남기기\n방문일\n22.10.7.금\n2022년 10월 7일 금요일\n1번째 방문\n인증 수단\n영수증\n이용약관고객센터리뷰운영정책신고센터\n네이버""}]"
307,307,에뛰드하우스,쇼핑,283~285호,,33.5130808,126.525586,064-724-4370,,,,지하상가,success,4_coord_close_auto,좌표 0m ≤ 80m,0.0,naver_place,https://map.naver.com/p/entry/place/31313217,https://map.naver.com/p/entry/place/31313217,https://pcmap.place.naver.com/place/31313217/home,31313217,에뛰드하우스 제주중앙지하상가점,"화장품,향수",,,제주 제주시 일도일동 오현길 74,제주 제주시 일도일동 1425,,064-724-4370,,33.5130805,126.5255861,영업 중,영업 중,,{},영업 중,,"안내
방문 키워드 통계 그래프 예시입니다.
현재 8명 참여
10명 이상 참여하면
방문 키워드 통계가 공개됩니다!
4.3825개 평점(24명 참여)
안내",,,,,,,,"에뛰드하우스 제주중앙지하상가점|화장품,향수|제주 제주시 일도일동 오현길 74|제주 제주시 일도일동 1425|064-724-4370|영업 중|안내|방문 키워드 통계 그래프 예시입니다.|현재 8명 참여|10명 이상 참여하면|방문 키워드 통계가 공개됩니다!|4.3825개 평점(24명 참여)|최신순|reum01|팔로우|사장님이 친절하셔요|친절해요|분위기가 편안해요|품질이 좋아요|반응 남기기|방문일|22.12.22.목|2022년 12월 22일 목요일|1번째 방문","[""에뛰드하우스 제주중앙지하상가점"", ""화장품,향수"", ""제주 제주시 일도일동 오현길 74"", ""제주 제주시 일도일동 1425"", ""064-724-4370"", ""영업 중"", ""안내"", ""방문 키워드 통계 그래프 예시입니다."", ""현재 8명 참여"", ""10명 이상 참여하면"", ""방문 키워드 통계가 공개됩니다!"", ""4.3825개 평점(24명 참여)"", ""최신순"", ""reum01"", ""팔로우"", ""사장님이 친절하셔요"", ""친절해요"", ""분위기가 편안해요"", ""품질이 좋아요"", ""반응 남기기"", ""방문일"", ""22.12.22.목"", ""2022년 12월 22일 목요일"", ""1번째 방문""]","{""name"": [""에뛰드하우스 제주중앙지하상가점""], ""category"": [""화장품,향수""], ""address"": [""제주 제주시 일도일동 오현길 74"", ""제주 제주시 일도일동 1425""], ""phone"": [""064-724-4370""], ""hours"": [""영업 중""], ""visitor_keywords"": [""안내"", ""방문 키워드 통계 그래프 예시입니다."", ""현재 8명 참여"", ""10명 이상 참여하면"", ""방문 키워드 통계가 공개됩니다!"", ""4.3825개 평점(24명 참여)"", ""최신순"", ""reum01"", ""팔로우"", ""사장님이 친절하셔요"", ""친절해요"", ""분위기가 편안해요"", ""품질이 좋아요"", ""반응 남기기"", ""방문일"", ""22.12.22.목"", ""2022년 12월 22일 목요일"", ""1번째 방문""]}",에뛰드하우스 | 제주 에뛰드하우스 | 에뛰드하우스 쇼핑 | 제주 에뛰드하우스 쇼핑,,,,"[""안내"", ""방문 키워드 통계 그래프 예시입니다."", ""현재 8명 참여"", ""10명 이상 참여하면"", ""방문 키워드 통계가 공개됩니다!"", ""4.3825개 평점(24명 참여)"", ""최신순"", ""reum01"", ""팔로우"", ""사장님이 친절하셔요"", ""친절해요"", ""분위기가 편안해요"", ""품질이 좋아요"", ""반응 남기기"", ""방문일"", ""22.12.22.목"", ""2022년 12월 22일 목요일"", ""1번째 방문""]","[{""title"": ""이런 점이 좋았어요"", ""body"": ""안내\n방문 키워드 통계 그래프 예시입니다.\n현재 8명 참여\n10명 이상 참여하면\n방문 키워드 통계가 공개됩니다!\n4.3825개 평점(24명 참여)\n안내""}, {""title"": ""사진·영상 리뷰"", ""body"": """"}, {""title"": ""리뷰5"", ""body"": ""안내\n사진/영상 리뷰만\n최신순\n리뷰 제공 기준\n리뷰 클렌징 시스템 작동중입니다\nreum01\n리뷰 297사진 150팔로워 11\n팔로우\n사장님이 친절하셔요\n친절해요\n분위기가 편안해요\n품질이 좋아요\n반응 남기기\n방문일\n22.12.22.목\n2022년 12월 22일 목요일\n1번째 방문\n인증 수단\n영수증\nwhitecloud\n리뷰 1,614사진 496\n팔로우\n매장이 넓고 깔끔해요. 사장님이 정말 친절하세요\n가성비가 좋아요\n친절해요\n매장이 넓어요\n반응 남기기\n방문일\n25.11.18.화\n2025년 11월 18일 화요일\n1번째 방문\n인증 수단\n영수증\n북극다람쥐\n리뷰 116사진 75팔로워 5\n팔로우\n별점\n4\n점\n아이브로우 써고 좋아요.\n반응 남기기\n방문일\n20.8.21.금\n2020년 8월 21일 금요일\n2번째 방문\n인증 수단\n영수증\ncsm****\n리뷰 1,006사진 19\n팔로우\n별점\n4\n점\n에뛰드 아이브로우가 좋아요.\n반응 남기기\n방문일\n20.8.21.금\n2020년 8월 21일 금요일\n1번째 방문\n인증 수단\n영수증\nsjl****\n리뷰 142사진 4\n팔로우\n별점\n4.5\n점\n가성비조아요\n반응 남기기\n방문일\n20.7.14.화\n2020년 7월 14일 화요일\n1번째 방문\n인증 수단\n영수증""}, {""title"": ""키워드·별점 리뷰28"", ""body"": ""유채꽃73\n리뷰 855사진 17\n팔로우\n가성비가 좋아요\n친절해요\n반응 남기기\n방문일\n24.1.21.일\n2024년 1월 21일 일요일\n1번째 방문\n인증 수단\n영수증\n곰탱이7990\n리뷰 304사진 14\n팔로우\n매장이 넓어요\n친절해요\n주차하기 편해요\n반응 남기기\n방문일\n23.11.11.토\n2023년 11월 11일 토요일\n1번째 방문\n인증 수단\n영수증\nmi2****\n리뷰 44\n팔로우\n가성비가 좋아요\n반응 남기기\n방문일\n23.10.3.화\n2023년 10월 3일 화요일\n1번째 방문\n인증 수단\n영수증\n리이리이\n리뷰 107사진 2팔로워 12\n팔로우\n품질이 좋아요\n친절해요\n반응 남기기\n방문일\n23.3.20.월\n2023년 3월 20일 월요일\n1번째 방문\n인증 수단\n영수증\n서진이 삼촌\n리뷰 965사진 113\n팔로우\n분위기가 편안해요\n반응 남기기\n방문일\n22.4.30.토\n2022년 4월 30일 토요일\n1번째 방문\n인증 수단\n영수증\nemiko1004\n리뷰 3,161사진 5\n팔로우\n종류가 다양해요\n반응 남기기\n방문일\n22.4.30.토\n2022년 4월 30일 토요일\n1번째 방문\n인증 수단\n영수증\n두영버티칼\n리뷰 1,659\n팔로우\n별점\n4.5\n점\n반응 남기기\n방문일\n21.6.6.일\n2021년 6월 6일 일요일\n1번째 방문\n인증 수단\n영수증\ndds****\n리뷰 1,753\n팔로우\n별점\n4.5\n점\n반응 남기기\n방문일\n21.6.6.일\n2021년 6월 6일 일요일\n1번째 방문\n인증 수단\n영수증\nsuh****\n리뷰 1,758사진 2\n팔로우\n별점\n4.5\n점\n반응 남기기\n방문일\n21.6.6.일\n2021년 6월 6일 일요일\n1번째 방문\n인증 수단\n영수증\nkks****\n리뷰 1,705\n팔로우\n별점\n4.5\n점\n반응 남기기\n방문일\n21.6.6.일\n2021년 6월 6일 일요일\n1번째 방문\n인증 수단\n영수증\n펼쳐서 더보기\n이용약관고객센터리뷰운영정책신고센터\n네이버""}]"
308,308,네이처리퍼블릭,쇼핑,"286,297-1호",,33.5130652,126.525435,064-755-6480,,,,지하상가,success,4_coord_close_auto,좌표 0m ≤ 80m,0.1,naver_place,https://map.naver.com/p/entry/place/31269491,https://map.naver.com/p/entry/place/31269491,https://pcmap.place.naver.com/place/31269491/home,31269491,네이처리퍼블릭 제주중앙지하상가점,"화장품,향수",,,제주 제주시 이도일동 오현길 74,제주 제주시 이도일동 1425,,064-755-6480,,33.5130659,126.5254341,,,,{},정보 수정,,"제로페이
네이버페이
알고 계신 정보와 다른 정보가 있나요?
사진으로 간단하게 제보해 주세요.
정보 수정 제안하기
이용약관고객센터리뷰운영정책신고센터
네이버",,,,,,,,"네이처리퍼블릭 제주중앙지하상가점|화장품,향수|제주 제주시 이도일동 오현길 74|제주 제주시 이도일동 1425|064-755-6480","[""네이처리퍼블릭 제주중앙지하상가점"", ""화장품,향수"", ""제주 제주시 이도일동 오현길 74"", ""제주 제주시 이도일동 1425"", ""064-755-6480""]","{""name"": [""네이처리퍼블릭 제주중앙지하상가점""], ""category"": [""화장품,향수""], ""address"": [""제주 제주시 이도일동 오현길 74"", ""제주 제주시 이도일동 1425""], ""phone"": [""064-755-6480""]}",네이처리퍼블릭 | 제주 네이처리퍼블릭 | 네이처리퍼블릭 쇼핑 | 제주 네이처리퍼블릭 쇼핑,,,,,"[{""title"": ""결제수단"", ""body"": ""제로페이\n네이버페이\n알고 계신 정보와 다른 정보가 있나요?\n사진으로 간단하게 제보해 주세요.\n정보 수정 제안하기\n이용약관고객센터리뷰운영정책신고센터\n네이버""}]"
309,309,마인드브릿지,쇼핑,"287,288,297-2호",,33.5130875,126.525398,064-752-0059,,,,지하상가,needs_confirm,4_coord_near_confirm,좌표 94m ≤ 250m → 확인 필요,94.1,naver_place,https://map.naver.com/p/entry/place/1825723867,https://map.naver.com/p/entry/place/1825723867,https://pcmap.place.naver.com/place/1825723867/home,1825723867,마인드브릿지 제주지하점,캐주얼웨어,,,"제주 제주시 중앙로 60 287,288호 마인드브릿지",제주 제주시 일도일동 1454-2,제주 중앙지하상가 3번 출구 4번 출구로 들어오시면 쉽게 찾을 수 있습니다.,064-752-0059,,33.5128347,126.5244294,10:30 - 20:00,영업 중20:00에 영업 종료,,"{""매일"": {""open"": ""10:30 - 20:00""}}",영업 중20:00에 영업 종료 | 20시 0분에 영업 종료 | 매일 | 10:30 - 20:00 | 접기,,"직장인의 하루를 설계하는 워케이션 라이프스타일 브랜드, 마인드브릿지입니다. 꾸미지 않아도 취향이 드러나는 스타일이 일상의 태도를 만듭니다. 비즈니스캐주얼과 데일리룩, 셋업과 남성캐주얼, 시즌 캐주얼웨어까지 일하는 날과 쉬는 날 모두 자연스럽게 이어지는 스타일을 제안합니다.
가까운 마인드브릿지 매장에서 시즌 신상품을 확인해보세요.",,,,,,,,"마인드브릿지 제주지하점|캐주얼웨어|제주 제주시 중앙로 60 287,288호 마인드브릿지|제주 제주시 일도일동 1454-2|064-752-0059|10:30 - 20:00|친절해요|품질이 좋아요|가성비가 좋아요|종류가 다양해요|독특한 디자인이 많아요|분위기가 편안해요|스타일 추천을 잘해줘요|A/S가 세심해요","[""마인드브릿지 제주지하점"", ""캐주얼웨어"", ""제주 제주시 중앙로 60 287,288호 마인드브릿지"", ""제주 제주시 일도일동 1454-2"", ""064-752-0059"", ""10:30 - 20:00"", ""친절해요"", ""품질이 좋아요"", ""가성비가 좋아요"", ""종류가 다양해요"", ""독특한 디자인이 많아요"", ""분위기가 편안해요"", ""스타일 추천을 잘해줘요"", ""A/S가 세심해요""]","{""name"": [""마인드브릿지 제주지하점""], ""category"": [""캐주얼웨어""], ""address"": [""제주 제주시 중앙로 60 287,288호 마인드브릿지"", ""제주 제주시 일도일동 1454-2""], ""phone"": [""064-752-0059""], ""hours"": [""10:30 - 20:00""], ""visitor_keywords"": [""친절해요"", ""품질이 좋아요"", ""가성비가 좋아요"", ""종류가 다양해요"", ""독특한 디자인이 많아요"", ""분위기가 편안해요"", ""스타일 추천을 잘해줘요"", ""A/S가 세심해요""]}",마인드브릿지 | 제주 마인드브릿지 | 마인드브릿지 쇼핑 | 제주 마인드브릿지 쇼핑,,,,"[{""keyword"": ""친절해요"", ""count"": ""10""}, {""keyword"": ""품질이 좋아요"", ""count"": ""10""}, {""keyword"": ""가성비가 좋아요"", ""count"": ""6""}, {""keyword"": ""종류가 다양해요"", ""count"": ""6""}, {""keyword"": ""독특한 디자인이 많아요"", ""count"": ""3""}, {""keyword"": ""분위기가 편안해요"", ""count"": ""2""}, {""keyword"": ""스타일 추천을 잘해줘요"", ""count"": ""2""}, {""keyword"": ""A/S가 세심해요"", ""count"": ""1""}]","[{""title"": ""소개"", ""body"": ""직장인의 하루를 설계하는 워케이션 라이프스타일 브랜드, 마인드브릿지입니다. 꾸미지 않아도 취향이 드러나는 스타일이 일상의 태도를 만듭니다. 비즈니스캐주얼과 데일리룩, 셋업과 남성캐주얼, 시즌 캐주얼웨어까지 일하는 날과 쉬는 날 모두 자연스럽게 이어지는 스타일을 제안합니다.\n가까운 마인드브릿지 매장에서 시즌 신상품을 확인해보세요.""}, {""title"": ""대표 키워드"", ""body"": ""마인드브릿지남자옷비즈니스캐주얼출근룩여성캐주얼""}, {""title"": ""결제수단"", ""body"": ""지역화폐 (지류형)\n지역화폐 (카드형)\n제로페이""}, {""title"": ""SNS"", ""body"": ""인스타그램\nhttps://www.instagram.com/mindbridge_kr\n알고 계신 정보와 다른 정보가 있나요?\n사진으로 간단하게 제보해 주세요.\n정보 수정 제안하기\n이용약관고객센터리뷰운영정책신고센터\n네이버""}]"
310,310,비너스와코루,쇼핑,"289,290,297-3호",,33.5130909,126.525321,010-9001-8538,,,,지하상가,success,4_coord_close_auto,좌표 7m ≤ 80m,6.9,naver_place,https://map.naver.com/p/entry/place/11826987,https://map.naver.com/p/entry/place/11826987,https://pcmap.place.naver.com/place/11826987/home,11826987,비너스 와코루 제주중앙점,속옷,,,"제주 제주시 중앙로 60 중앙지하상가 289, 290호",제주 제주시 일도일동 1454-2,,064-759-4998,,33.5130494,126.5252662,,,,{},,단체 이용 가능|포장|배달|방문접수/출장|예약|무선 인터넷|반려동물 동반|유아시설 (놀이방)|남/녀 화장실 구분|대기공간|유아의자,"당신의 우아함을 더욱 빛내는 공간,
70년 전통의 고품격 비너스 와코루 란제리를 제주중앙점에서 만나보실 수 있습니다.

여기에서만 제공되는 프리미엄 맞춤형 서비스와 함께,
당신의 아름다움을 돋보이게 해줄 특별한 경험을 지금 바로 만나보세요.

자신감을 더하는 프리미엄 경험,
오직 제주중앙점에서만 가능합니다.",,,,,,,,"비너스 와코루 제주중앙점|속옷|제주 제주시 중앙로 60 중앙지하상가 289, 290호|제주 제주시 일도일동 1454-2|064-759-4998|단체 이용 가능|포장|배달|방문접수/출장|무선 인터넷|반려동물 동반|유아시설 (놀이방)|남/녀 화장실 구분|대기공간|유아의자|안내|방문 키워드 통계 그래프 예시입니다.|현재 8명 참여|10명 이상 참여하면|방문 키워드 통계가 공개됩니다!|최신순|adminaa|팔로우|예쁨|품질이 좋아요|종류가 다양해요|고급스러워요|친절해요|스타일 추천을 잘해줘요|반응 남기기|방문일|24.1.11.목|2024년 1월 11일 목요일|1번째 방문","[""비너스 와코루 제주중앙점"", ""속옷"", ""제주 제주시 중앙로 60 중앙지하상가 289, 290호"", ""제주 제주시 일도일동 1454-2"", ""064-759-4998"", ""단체 이용 가능"", ""포장"", ""배달"", ""방문접수/출장"", ""무선 인터넷"", ""반려동물 동반"", ""유아시설 (놀이방)"", ""남/녀 화장실 구분"", ""대기공간"", ""유아의자"", ""안내"", ""방문 키워드 통계 그래프 예시입니다."", ""현재 8명 참여"", ""10명 이상 참여하면"", ""방문 키워드 통계가 공개됩니다!"", ""최신순"", ""adminaa"", ""팔로우"", ""예쁨"", ""품질이 좋아요"", ""종류가 다양해요"", ""고급스러워요"", ""친절해요"", ""스타일 추천을 잘해줘요"", ""반응 남기기"", ""방문일"", ""24.1.11.목"", ""2024년 1월 11일 목요일"", ""1번째 방문""]","{""name"": [""비너스 와코루 제주중앙점""], ""category"": [""속옷""], ""address"": [""제주 제주시 중앙로 60 중앙지하상가 289, 290호"", ""제주 제주시 일도일동 1454-2""], ""phone"": [""064-759-4998""], ""conveniences"": [""단체 이용 가능"", ""포장"", ""배달"", ""방문접수/출장"", ""무선 인터넷"", ""반려동물 동반"", ""유아시설 (놀이방)"", ""남/녀 화장실 구분"", ""대기공간"", ""유아의자""], ""visitor_keywords"": [""안내"", ""방문 키워드 통계 그래프 예시입니다."", ""현재 8명 참여"", ""10명 이상 참여하면"", ""방문 키워드 통계가 공개됩니다!"", ""최신순"", ""adminaa"", ""팔로우"", ""예쁨"", ""품질이 좋아요"", ""종류가 다양해요"", ""고급스러워요"", ""친절해요"", ""스타일 추천을 잘해줘요"", ""반응 남기기"", ""방문일"", ""24.1.11.목"", ""2024년 1월 11일 목요일"", ""1번째 방문""]}",비너스와코루 | 제주 비너스와코루 | 비너스와코루 쇼핑 | 제주 비너스와코루 쇼핑,,"[""비너스 와코루 제주중앙점\nSALE와코루 7월 여름 세일\n🌊 무더운 여름, 가장 편안한 선택\n와코루 7월 특별 세일 지금 시작!\n인기 브라·팬티·잠옷 최대 60% 할인\n여름을 더 시원하고 편하게, 와코루와 함께하세요.\n📅\n🎟️ 탐나는전·온누리상품권 사용 가능\n🌊 Your Most Comfortable Choice This Summer\nThe Wacoal July Special Sale is here!\n✨ Up to 60% OFF on selected bras, panties, and sleepwear.\nStay cool, comfortable, and confident all summer with Wacoal.\n📅\n🎟️ Tamna Jeon (Jeju Local Currency) and Onnuri Gift Certificates are accepted.\n더보기\n좋아요\n2026.07.04.\n2026년 7월 4일"", ""비너스 와코루 제주중앙점\n동영상\nNEW🌸 25 S/S Collection\n🌸 25 S/S Collection\n꽃잎처럼 가볍고, 우아하게.\n⠀\n컵 위로 덧댄 레이스 라인,\n그 곡선을 정갈하게 잡아주는 와이어 설계.\n부드러운 시스루와 은은한 자수가 어우러져\n입는 순간 기분까지 우아해지는 란제리.\n⠀\n✔ 디자인과 핏 모두 만족스러운 데일리 아이템\n✔ 피부에 닿는 촉감까지 섬세하게 설계된 와코루\n⠀\n비너스 와코루 제주중앙점에서 만나보세요.\n📍 제주시 중앙로 60, 지하상가\n📞 064-759-4998\n⠀\n#와코루 #비너스와코루 #DBR0459 #25ss컬렉션\n#여성속옷 #제주속옷매장 #우아한속옷 #데일리란제리\n더보기\n좋아요\n2025.07.21.\n2025년 7월 21일"", ""비너스 와코루 제주중앙점\n동영상\n동영상\nNEW🌸 25 S/S 컬렉션 신상품 입고\n🌸 25 S/S 컬렉션 신상품 입고\n올여름, 단 하나의 플라워 라인으로 완성되는 실루엣.\n⠀\n🔹 브라, 팬티\n컵 위까지 부드럽게 감싸는 PN망 구조로\n편안한 착용감과 자연스러운 볼륨감을 동시에.\n찬란하게 피어난 플라워 자수가\n한 송이 여름처럼 청량한 무드를 선사합니다.\n⠀\n🔹 올인원(바디슈트)\n복부와 힙라인을 탄탄하게 정리해주는\n풀메이크업 설계의 보정 라인.\n부드러운 메쉬 소재와 섬세한 자수 디테일이\n우아한 실루엣과 시선을 동시에 사로잡습니다.\n⠀\n✔ 브라·올인원 세트 구성 가능\n✔ 25 S/S 플라워 라인\n✔ 고급감 있는 청량 블루 컬러\n⠀\n직접 입어보시면,\n몸의 분위기가 달라지는 걸 느끼실 거예요.\n📍 와코루 제주중앙점 (제주시 중앙로 60, 지하상가)\n📞 064-759-4998\n더보기\n좋아요\n2025.07.21.\n2025년 7월 21일""]",,"[""안내"", ""방문 키워드 통계 그래프 예시입니다."", ""현재 8명 참여"", ""10명 이상 참여하면"", ""방문 키워드 통계가 공개됩니다!"", ""최신순"", ""adminaa"", ""팔로우"", ""예쁨"", ""품질이 좋아요"", ""종류가 다양해요"", ""고급스러워요"", ""친절해요"", ""스타일 추천을 잘해줘요"", ""반응 남기기"", ""방문일"", ""24.1.11.목"", ""2024년 1월 11일 목요일"", ""1번째 방문""]","[{""title"": ""소개"", ""body"": ""당신의 우아함을 더욱 빛내는 공간,\n70년 전통의 고품격 비너스 와코루 란제리를 제주중앙점에서 만나보실 수 있습니다.\n\n여기에서만 제공되는 프리미엄 맞춤형 서비스와 함께,\n당신의 아름다움을 돋보이게 해줄 특별한 경험을 지금 바로 만나보세요.\n\n자신감을 더하는 프리미엄 경험,\n오직 제주중앙점에서만 가능합니다.""}, {""title"": ""대표 키워드"", ""body"": ""비너스와코루체형보정속옷임산부속옷속옷""}, {""title"": ""편의시설 및 서비스"", ""body"": ""단체 이용 가능\n포장\n배달\n방문접수/출장\n예약\n무선 인터넷\n유아시설 (놀이방)\n남/녀 화장실 구분\n대기공간\n유아의자\n화장실 휠체어 이용가능\n출입구 휠체어 이용가능\n좌석 휠체어 이용가능\n장애인 주차구역""}, {""title"": ""반려동물 동반"", ""body"": ""반려동물 동반 가능""}, {""title"": ""주차"", ""body"": ""주차 불가\n▶ 네이버에서 \""제주 지하상가 근처 주차장\""을 검색하시면 더 많은 정보가 나옵니다. 천년타워 주차장: 제주 제주시 관덕로13길 5 칠성상가 제2 공영 주차장: 제주 제주시 일도1동 1401-13 동문수산시장 주차장 출구: 제주 제주시 이도1동 제일주차빌딩 공영 주차장: 제주 제주시 관덕로15길 3 칠성상가 제1 공영 주차장: 제주 제주시 일도일동 1476-1 관덕정 서측 공영 주차장: 제주 제주시 삼도이동 1024 호남새마을금고 주차장: 제주 제주시 오현길 69 제주 중앙로상점가 주차장: 제주 제주시 이도일동 1491-4 탑동 입구 노상 공영 주차장: 제주 제주시 건입동 1429 칠성골 공영 주차장: 제주 제주시 임항로 8 ▶ 지하상가 5,6,7,8 출입구는 엘리베이터로 연결되어 있어 편리합니다.\n내용 더보기""}, {""title"": ""결제수단"", ""body"": ""지역화폐 (지류형)\n지역화폐 (카드형)""}, {""title"": ""SNS"", ""body"": ""인스타그램\nhttps://www.instagram.com/venus.wacoal.jeju\n알고 계신 정보와 다른 정보가 있나요?\n사진으로 간단하게 제보해 주세요.\n정보 수정 제안하기\n이용약관고객센터리뷰운영정책신고센터\n네이버""}]"
311,311,㈜정성 엘르언더웨어 제주점,쇼핑,"291,292호",,33.5130953,126.525256,064-757-6170,,,,지하상가,fail,5_fail,매칭 실패,,,,,,,,,,,,,,,,,,,,,{},,,,,,,,,,,,[],{},㈜정성 엘르언더웨어 제주점 | 제주 ㈜정성 엘르언더웨어 제주점 | ㈜정성 엘르언더웨어 제주점 쇼핑 | 제주 ㈜정성 엘르언더웨어 제주점 쇼핑,,,,,
312,312,㈜정성 게스언더웨어 제주점,쇼핑,"293,294호",,33.5130987,126.525193,064-757-6170,,,,지하상가,fail,5_fail,매칭 실패,,,,,,,,,,,,,,,,,,,,,{},,,,,,,,,,,,[],{},㈜정성 게스언더웨어 제주점 | 제주 ㈜정성 게스언더웨어 제주점 | ㈜정성 게스언더웨어 제주점 쇼핑 | 제주 ㈜정성 게스언더웨어 제주점 쇼핑,,,,,
313,313,코데즈 이너웨어,쇼핑,"295,296호",,33.5130976,126.52513,064-751-6170,,,,지하상가,success,4_coord_close_auto,좌표 0m ≤ 80m,0.1,naver_place,https://map.naver.com/p/entry/place/31269387,https://map.naver.com/p/entry/place/31269387,https://pcmap.place.naver.com/place/31269387/home,31269387,코데즈컴바인이너웨어 제주중앙지하상가점,패션,,,제주 제주시 이도일동 오현길 74,제주 제주시 이도일동 1425,,064-751-6170,,33.5130981,126.525129,,,,{},,,,,,,,,,,코데즈컴바인이너웨어 제주중앙지하상가점|패션|제주 제주시 이도일동 오현길 74|제주 제주시 이도일동 1425|064-751-6170|친절해요|품질이 좋아요|종류가 다양해요|가성비가 좋아요|독특한 디자인이 많아요|분위기가 편안해요|스타일 추천을 잘해줘요|주차하기 편해요|A/S가 세심해요|매장이 넓어요,"[""코데즈컴바인이너웨어 제주중앙지하상가점"", ""패션"", ""제주 제주시 이도일동 오현길 74"", ""제주 제주시 이도일동 1425"", ""064-751-6170"", ""친절해요"", ""품질이 좋아요"", ""종류가 다양해요"", ""가성비가 좋아요"", ""독특한 디자인이 많아요"", ""분위기가 편안해요"", ""스타일 추천을 잘해줘요"", ""주차하기 편해요"", ""A/S가 세심해요"", ""매장이 넓어요""]","{""name"": [""코데즈컴바인이너웨어 제주중앙지하상가점""], ""category"": [""패션""], ""address"": [""제주 제주시 이도일동 오현길 74"", ""제주 제주시 이도일동 1425""], ""phone"": [""064-751-6170""], ""visitor_keywords"": [""친절해요"", ""품질이 좋아요"", ""종류가 다양해요"", ""가성비가 좋아요"", ""독특한 디자인이 많아요"", ""분위기가 편안해요"", ""스타일 추천을 잘해줘요"", ""주차하기 편해요"", ""A/S가 세심해요"", ""매장이 넓어요""]}",코데즈 이너웨어 | 제주 코데즈 이너웨어 | 코데즈 이너웨어 쇼핑 | 제주 코데즈 이너웨어 쇼핑,,,,"[{""keyword"": ""친절해요"", ""count"": ""28""}, {""keyword"": ""품질이 좋아요"", ""count"": ""23""}, {""keyword"": ""종류가 다양해요"", ""count"": ""14""}, {""keyword"": ""가성비가 좋아요"", ""count"": ""12""}, {""keyword"": ""독특한 디자인이 많아요"", ""count"": ""5""}, {""keyword"": ""분위기가 편안해요"", ""count"": ""4""}, {""keyword"": ""스타일 추천을 잘해줘요"", ""count"": ""3""}, {""keyword"": ""주차하기 편해요"", ""count"": ""2""}, {""keyword"": ""A/S가 세심해요"", ""count"": ""1""}, {""keyword"": ""매장이 넓어요"", ""count"": ""1""}]","[{""title"": ""결제수단"", ""body"": ""제로페이\n알고 계신 정보와 다른 정보가 있나요?\n사진으로 간단하게 제보해 주세요.\n정보 수정 제안하기\n이용약관고객센터리뷰운영정책신고센터\n네이버""}]"
314,314,모노로그 제주점,쇼핑,"298-1,2호",,33.5130819,126.526714,064-752-7100,,,,지하상가,needs_confirm,4_coord_near_confirm,좌표 195m ≤ 250m → 확인 필요,194.9,naver_place,https://map.naver.com/p/entry/place/1325584254,https://map.naver.com/p/entry/place/1325584254,https://pcmap.place.naver.com/place/1325584254/home,1325584254,모노로그 제주점,스포츠의류,,,제주 제주시 일도일동 중앙로 60 중앙지하상가 298호,제주 제주시 일도일동 1425-3,,064-752-7100,,33.5131838,126.5246152,,,,{},,,,,,,,,,,모노로그 제주점|스포츠의류|제주 제주시 일도일동 중앙로 60 중앙지하상가 298호|제주 제주시 일도일동 1425-3|064-752-7100|가성비가 좋아요|친절해요|품질이 좋아요|종류가 다양해요|분위기가 편안해요|스타일 추천을 잘해줘요|독특한 디자인이 많아요|주차하기 편해요|매장이 넓어요,"[""모노로그 제주점"", ""스포츠의류"", ""제주 제주시 일도일동 중앙로 60 중앙지하상가 298호"", ""제주 제주시 일도일동 1425-3"", ""064-752-7100"", ""가성비가 좋아요"", ""친절해요"", ""품질이 좋아요"", ""종류가 다양해요"", ""분위기가 편안해요"", ""스타일 추천을 잘해줘요"", ""독특한 디자인이 많아요"", ""주차하기 편해요"", ""매장이 넓어요""]","{""name"": [""모노로그 제주점""], ""category"": [""스포츠의류""], ""address"": [""제주 제주시 일도일동 중앙로 60 중앙지하상가 298호"", ""제주 제주시 일도일동 1425-3""], ""phone"": [""064-752-7100""], ""visitor_keywords"": [""가성비가 좋아요"", ""친절해요"", ""품질이 좋아요"", ""종류가 다양해요"", ""분위기가 편안해요"", ""스타일 추천을 잘해줘요"", ""독특한 디자인이 많아요"", ""주차하기 편해요"", ""매장이 넓어요""]}",모노로그 제주점 | 제주 모노로그 제주점 | 모노로그 제주점 쇼핑 | 제주 모노로그 제주점 쇼핑,,,,"[{""keyword"": ""가성비가 좋아요"", ""count"": ""47""}, {""keyword"": ""친절해요"", ""count"": ""33""}, {""keyword"": ""품질이 좋아요"", ""count"": ""26""}, {""keyword"": ""종류가 다양해요"", ""count"": ""23""}, {""keyword"": ""분위기가 편안해요"", ""count"": ""9""}, {""keyword"": ""스타일 추천을 잘해줘요"", ""count"": ""6""}, {""keyword"": ""독특한 디자인이 많아요"", ""count"": ""5""}, {""keyword"": ""주차하기 편해요"", ""count"": ""2""}, {""keyword"": ""매장이 넓어요"", ""count"": ""2""}]","[{""title"": ""결제수단"", ""body"": ""제로페이\n알고 계신 정보와 다른 정보가 있나요?\n사진으로 간단하게 제보해 주세요.\n정보 수정 제안하기\n이용약관고객센터리뷰운영정책신고센터\n네이버""}]"
315,315,다온,쇼핑,298-3호,,33.513054,126.526726,064-725-0627,,,,지하상가,fail,5_fail,매칭 실패,450.4,naver_place,https://map.naver.com/p/entry/place/16980708,https://map.naver.com/p/entry/place/16980708,https://pcmap.place.naver.com/place/16980708/home,16980708,다온자리,한식,,,제주 제주시 동문로 47,제주 제주시 일도일동 1069-4,,064-711-2838,,33.5132736,126.5315769,,,,{},,,,,,,,,,,다온자리|한식|제주 제주시 동문로 47|제주 제주시 일도일동 1069-4|064-711-2838|안내|방문 키워드 통계 그래프 예시입니다.|현재 6명 참여|10명 이상 참여하면|방문 키워드 통계가 공개됩니다!|가정식백반1|닭볶음탕1|된장찌개1|찌개1|특징|만족도3|음식량1|예약1|목적1|서비스1|맛1|추천순|최신순,"[""다온자리"", ""한식"", ""제주 제주시 동문로 47"", ""제주 제주시 일도일동 1069-4"", ""064-711-2838"", ""안내"", ""방문 키워드 통계 그래프 예시입니다."", ""현재 6명 참여"", ""10명 이상 참여하면"", ""방문 키워드 통계가 공개됩니다!"", ""가정식백반1"", ""닭볶음탕1"", ""된장찌개1"", ""찌개1"", ""특징"", ""만족도3"", ""음식량1"", ""예약1"", ""목적1"", ""서비스1"", ""맛1"", ""추천순"", ""최신순""]","{""name"": [""다온자리""], ""category"": [""한식""], ""address"": [""제주 제주시 동문로 47"", ""제주 제주시 일도일동 1069-4""], ""phone"": [""064-711-2838""], ""visitor_keywords"": [""안내"", ""방문 키워드 통계 그래프 예시입니다."", ""현재 6명 참여"", ""10명 이상 참여하면"", ""방문 키워드 통계가 공개됩니다!"", ""가정식백반1"", ""닭볶음탕1"", ""된장찌개1"", ""찌개1"", ""특징"", ""만족도3"", ""음식량1"", ""예약1"", ""목적1"", ""서비스1"", ""맛1"", ""추천순"", ""최신순""]}",다온 | 제주 다온,,,,"[""안내"", ""방문 키워드 통계 그래프 예시입니다."", ""현재 6명 참여"", ""10명 이상 참여하면"", ""방문 키워드 통계가 공개됩니다!"", ""메뉴"", ""가정식백반1"", ""닭볶음탕1"", ""된장찌개1"", ""찌개1"", ""특징"", ""만족도3"", ""음식량1"", ""예약1"", ""목적1"", ""서비스1"", ""맛1"", ""추천순"", ""최신순""]",
316,316,유니끄,쇼핑,300호,,33.5130271,126.526698,010-7414-4383,,,,지하상가,success,2_address_match,주소일치(exact_or_contains) query=유니끄,192.1,naver_place,https://map.naver.com/p/entry/place/1153369572,https://map.naver.com/p/entry/place/1153369572,https://pcmap.place.naver.com/place/1153369572/home,1153369572,유니끄,패션,,,제주 제주시 일도일동 중앙로 60 중앙지하상가 300호,제주 제주시 일도일동 1425-3,,,,33.5131588,126.524632,,,,{},정보 수정,,,,,,,,,,유니끄|패션|제주 제주시 일도일동 중앙로 60 중앙지하상가 300호|제주 제주시 일도일동 1425-3,"[""유니끄"", ""패션"", ""제주 제주시 일도일동 중앙로 60 중앙지하상가 300호"", ""제주 제주시 일도일동 1425-3""]","{""name"": [""유니끄""], ""category"": [""패션""], ""address"": [""제주 제주시 일도일동 중앙로 60 중앙지하상가 300호"", ""제주 제주시 일도일동 1425-3""]}",유니끄,,,,,"[{""title"": ""결제수단"", ""body"": ""제로페이\n알고 계신 정보와 다른 정보가 있나요?\n사진으로 간단하게 제보해 주세요.\n정보 수정 제안하기\n이용약관고객센터리뷰운영정책신고센터\n네이버""}]"
317,317,소쿠리,쇼핑,301호,,33.5131412,126.524136,010-9805-1967,,,,지하상가,success,4_coord_close_auto,좌표 38m ≤ 80m,37.5,naver_place,https://map.naver.com/p/entry/place/1804011797,https://map.naver.com/p/entry/place/1804011797,https://pcmap.place.naver.com/place/1804011797/home,1804011797,소쿠리,"판촉,기념품",,,"제주 제주시 중앙로 60 중앙지하상가 58호,59호",제주 제주시 일도일동 1454-2,,,,33.5129264,126.5244482,영업 중,영업 중,,{},영업 중,남/녀 화장실 구분|단체 이용 가능|포장,"제주 소쿠리 소품샵입니다. JEJU GIFT SHOP
SOKURI",,,,,,,,"소쿠리|판촉,기념품|제주 제주시 중앙로 60 중앙지하상가 58호,59호|제주 제주시 일도일동 1454-2|영업 중|남/녀 화장실 구분|단체 이용 가능|포장|친절해요|종류가 다양해요|가성비가 좋아요|품질이 좋아요|특색 있는 제품이 많아요|분위기가 편안해요|선물하기 좋아요|비싼 만큼 가치있어요|추천을 잘해줘요|매장이 넓어요","[""소쿠리"", ""판촉,기념품"", ""제주 제주시 중앙로 60 중앙지하상가 58호,59호"", ""제주 제주시 일도일동 1454-2"", ""영업 중"", ""남/녀 화장실 구분"", ""단체 이용 가능"", ""포장"", ""친절해요"", ""종류가 다양해요"", ""가성비가 좋아요"", ""품질이 좋아요"", ""특색 있는 제품이 많아요"", ""분위기가 편안해요"", ""선물하기 좋아요"", ""비싼 만큼 가치있어요"", ""추천을 잘해줘요"", ""매장이 넓어요""]","{""name"": [""소쿠리""], ""category"": [""판촉,기념품""], ""address"": [""제주 제주시 중앙로 60 중앙지하상가 58호,59호"", ""제주 제주시 일도일동 1454-2""], ""hours"": [""영업 중""], ""conveniences"": [""남/녀 화장실 구분"", ""단체 이용 가능"", ""포장""], ""visitor_keywords"": [""친절해요"", ""종류가 다양해요"", ""가성비가 좋아요"", ""품질이 좋아요"", ""특색 있는 제품이 많아요"", ""분위기가 편안해요"", ""선물하기 좋아요"", ""비싼 만큼 가치있어요"", ""추천을 잘해줘요"", ""매장이 넓어요""]}",소쿠리 | 제주 소쿠리 | 소쿠리 쇼핑,,"[""소쿠리\nEVENT소쿠리 영수증 리뷰 EVENT 🏝️\n🍊선물을 증정해드립니다!\n참여하고 득템해가시요 ~~ 🤍\n기간\n2025.12.31.\n1명\n2025.03.20.\n2025년 3월 20일"", ""소쿠리\n알림소쿠리를 찾아오시는 분께 알립니다 🤎\n안녕하세요🍊제주 중앙지하상가 7번 출구로 내려오시면 58,59호 소쿠리를 빠르게 찾을 수 있답니다~\n1명\n2024.10.08.\n2024년 10월 8일""]",,"[{""keyword"": ""친절해요"", ""count"": ""13""}, {""keyword"": ""종류가 다양해요"", ""count"": ""13""}, {""keyword"": ""가성비가 좋아요"", ""count"": ""11""}, {""keyword"": ""품질이 좋아요"", ""count"": ""9""}, {""keyword"": ""특색 있는 제품이 많아요"", ""count"": ""6""}, {""keyword"": ""분위기가 편안해요"", ""count"": ""4""}, {""keyword"": ""선물하기 좋아요"", ""count"": ""2""}, {""keyword"": ""비싼 만큼 가치있어요"", ""count"": ""2""}, {""keyword"": ""추천을 잘해줘요"", ""count"": ""2""}, {""keyword"": ""매장이 넓어요"", ""count"": ""2""}]","[{""title"": ""소개"", ""body"": ""제주 소쿠리 소품샵입니다. JEJU GIFT SHOP\nSOKURI""}, {""title"": ""대표 키워드"", ""body"": ""선물가게기념품제주선물소품샵제주여행""}, {""title"": ""편의시설 및 서비스"", ""body"": ""남/녀 화장실 구분\n단체 이용 가능\n포장""}, {""title"": ""SNS"", ""body"": ""인스타그램\nhttps://www.instagram.com/sokuridamda\n알고 계신 정보와 다른 정보가 있나요?\n사진으로 간단하게 제보해 주세요.\n정보 수정 제안하기\n이용약관고객센터리뷰운영정책신고센터\n네이버""}]"
318,318,까사노블,쇼핑,302호,,33.5131468,126.524106,010-9805-1967,,,,지하상가,success,4_coord_close_auto,좌표 47m ≤ 80m,47.4,naver_place,https://map.naver.com/p/entry/place/1112046646,https://map.naver.com/p/entry/place/1112046646,https://pcmap.place.naver.com/place/1112046646/home,1112046646,까사노블,여성의류,,,제주 제주시 일도일동 중앙로 60,제주 제주시 일도일동 1425-3,,064-755-1967,,33.5131838,126.5246152,,,,{},,,,,,,,,,,까사노블|여성의류|제주 제주시 일도일동 중앙로 60|제주 제주시 일도일동 1425-3|064-755-1967|안내|방문 키워드 통계 그래프 예시입니다.|현재 5명 참여|10명 이상 참여하면|방문 키워드 통계가 공개됩니다!|최신순|syo****|팔로우|좋아요|친절해요|스타일 추천을 잘해줘요|종류가 다양해요|독특한 디자인이 많아요|반응 남기기|방문일|23.6.10.토|2023년 6월 10일 토요일|1번째 방문|인증 수단,"[""까사노블"", ""여성의류"", ""제주 제주시 일도일동 중앙로 60"", ""제주 제주시 일도일동 1425-3"", ""064-755-1967"", ""안내"", ""방문 키워드 통계 그래프 예시입니다."", ""현재 5명 참여"", ""10명 이상 참여하면"", ""방문 키워드 통계가 공개됩니다!"", ""최신순"", ""syo****"", ""팔로우"", ""좋아요"", ""친절해요"", ""스타일 추천을 잘해줘요"", ""종류가 다양해요"", ""독특한 디자인이 많아요"", ""반응 남기기"", ""방문일"", ""23.6.10.토"", ""2023년 6월 10일 토요일"", ""1번째 방문"", ""인증 수단""]","{""name"": [""까사노블""], ""category"": [""여성의류""], ""address"": [""제주 제주시 일도일동 중앙로 60"", ""제주 제주시 일도일동 1425-3""], ""phone"": [""064-755-1967""], ""visitor_keywords"": [""안내"", ""방문 키워드 통계 그래프 예시입니다."", ""현재 5명 참여"", ""10명 이상 참여하면"", ""방문 키워드 통계가 공개됩니다!"", ""최신순"", ""syo****"", ""팔로우"", ""좋아요"", ""친절해요"", ""스타일 추천을 잘해줘요"", ""종류가 다양해요"", ""독특한 디자인이 많아요"", ""반응 남기기"", ""방문일"", ""23.6.10.토"", ""2023년 6월 10일 토요일"", ""1번째 방문"", ""인증 수단""]}",까사노블 | 제주 까사노블 | 까사노블 쇼핑,,,,"[""안내"", ""방문 키워드 통계 그래프 예시입니다."", ""현재 5명 참여"", ""10명 이상 참여하면"", ""방문 키워드 통계가 공개됩니다!"", ""최신순"", ""syo****"", ""팔로우"", ""좋아요"", ""친절해요"", ""스타일 추천을 잘해줘요"", ""종류가 다양해요"", ""독특한 디자인이 많아요"", ""반응 남기기"", ""방문일"", ""23.6.10.토"", ""2023년 6월 10일 토요일"", ""1번째 방문"", ""인증 수단""]","[{""title"": ""결제수단"", ""body"": ""제로페이\n알고 계신 정보와 다른 정보가 있나요?\n사진으로 간단하게 제보해 주세요.\n정보 수정 제안하기\n이용약관고객센터리뷰운영정책신고센터\n네이버""}]"
319,319,신상마켓,쇼핑,303호,,33.5131468,126.524072,010-6665-9981,,nmap://place?lat=33.5131468&lng=126.524072&name=%EC%99%80%EC%9D%B4%EB%93%9C%EC%95%B5%EA%B8%80&appname=stan.ai.kr,,지하상가,success,4_coord_close_auto,좌표 52m ≤ 80m,51.9,naver_place,https://map.naver.com/p/entry/place/1205075333,https://map.naver.com/p/entry/place/1205075333,https://pcmap.place.naver.com/place/1205075333/home,1205075333,신상마켓,패션,,,제주 제주시 일도일동 관덕로11길 11,제주 제주시 일도일동 1427-5,,,,33.5131588,126.524632,,,,{},정보 수정,,,,,,,,,,신상마켓|패션|제주 제주시 일도일동 관덕로11길 11|제주 제주시 일도일동 1427-5,"[""신상마켓"", ""패션"", ""제주 제주시 일도일동 관덕로11길 11"", ""제주 제주시 일도일동 1427-5""]","{""name"": [""신상마켓""], ""category"": [""패션""], ""address"": [""제주 제주시 일도일동 관덕로11길 11"", ""제주 제주시 일도일동 1427-5""]}",신상마켓 | 제주 신상마켓 | 신상마켓 쇼핑 | 제주 신상마켓 쇼핑,,,,,"[{""title"": ""결제수단"", ""body"": ""제로페이\n알고 계신 정보와 다른 정보가 있나요?\n사진으로 간단하게 제보해 주세요.\n정보 수정 제안하기\n이용약관고객센터리뷰운영정책신고센터\n네이버""}]"
320,320,이디,쇼핑,304호,,33.513149,126.524039,010-5128-7606,,,,지하상가,fail,5_fail,매칭 실패,4342.0,naver_place,https://map.naver.com/p/entry/place/1144186065,https://map.naver.com/p/entry/place/1144186065,https://pcmap.place.naver.com/place/1144186065/home,1144186065,이디온공인중개사사무소,중개업,,,제주 제주시 신광로4길 28 에코힐튼 1층 103호,제주 제주시 연동 251-9,한라병원(동)에서 하차후 제원아파트쪽으로 약 140m 걸어오셔서 에코힐튼 오피스텔 1층으로 오시면 됩니다.,0507-1338-3737,,33.4890088,126.4872318,월 08:00 - 19:00,영업 중19:00에 영업 종료,,"{""목"": {""open"": ""08:00 - 19:00""}, ""금"": {""open"": ""08:00 - 19:00""}, ""토"": {""open"": ""10:00 - 16:00""}, ""일"": {""open"": ""10:00 - 16:00""}, ""월"": {""open"": ""08:00 - 19:00""}, ""화"": {""open"": ""08:00 - 19:00""}, ""수"": {""open"": ""08:00 - 19:00""}}",영업 중19:00에 영업 종료 | 19시 0분에 영업 종료 | 목 | 08:00 - 19:00 | 금 | 08:00 - 19:00 | 토 | 10:00 - 16:00 | 일 | 10:00 - 16:00 | 월 | 08:00 - 19:00 | 화 | 08:00 - 19:00 | 수 | 08:00 - 19:00 | 09/25 추석 휴무 | 접기,단체 이용 가능|반려동물 동반|대기공간|무선 인터넷|예약|주차,,,,,,,,,이디온공인중개사사무소|중개업|제주 제주시 신광로4길 28 에코힐튼 1층 103호|제주 제주시 연동 251-9|0507-1338-3737|월 08:00 - 19:00|단체 이용 가능|반려동물 동반|대기공간|무선 인터넷|주차,"[""이디온공인중개사사무소"", ""중개업"", ""제주 제주시 신광로4길 28 에코힐튼 1층 103호"", ""제주 제주시 연동 251-9"", ""0507-1338-3737"", ""월 08:00 - 19:00"", ""단체 이용 가능"", ""반려동물 동반"", ""대기공간"", ""무선 인터넷"", ""주차""]","{""name"": [""이디온공인중개사사무소""], ""category"": [""중개업""], ""address"": [""제주 제주시 신광로4길 28 에코힐튼 1층 103호"", ""제주 제주시 연동 251-9""], ""phone"": [""0507-1338-3737""], ""hours"": [""월 08:00 - 19:00""], ""conveniences"": [""단체 이용 가능"", ""반려동물 동반"", ""대기공간"", ""무선 인터넷"", ""주차""]}",이디 | 제주 이디,,,,,
321,321,더인,쇼핑,305호,,33.5131568,126.524002,064-725-7363,,,,지하상가,success,2_address_match,주소일치(exact_or_contains) query=더인,58.4,naver_place,https://map.naver.com/p/entry/place/1070303568,https://map.naver.com/p/entry/place/1070303568,https://pcmap.place.naver.com/place/1070303568/home,1070303568,더인,패션,,,제주 제주시 일도일동 중앙로 60 305호,제주 제주시 일도일동 1425-3,,,,33.5131588,126.524632,,,,{},정보 수정,,,,,,,,,,더인|패션|제주 제주시 일도일동 중앙로 60 305호|제주 제주시 일도일동 1425-3,"[""더인"", ""패션"", ""제주 제주시 일도일동 중앙로 60 305호"", ""제주 제주시 일도일동 1425-3""]","{""name"": [""더인""], ""category"": [""패션""], ""address"": [""제주 제주시 일도일동 중앙로 60 305호"", ""제주 제주시 일도일동 1425-3""]}",더인,,,,,"[{""title"": ""결제수단"", ""body"": ""제로페이\n알고 계신 정보와 다른 정보가 있나요?\n사진으로 간단하게 제보해 주세요.\n정보 수정 제안하기\n이용약관고객센터리뷰운영정책신고센터\n네이버""}]"
322,322,예쁜걸,쇼핑,306호,,33.5131513,126.523969,010-9214-3721,,,,지하상가,fail,5_fail,매칭 실패,18504.0,naver_place,https://map.naver.com/p/entry/place/1592340717,https://map.naver.com/p/entry/place/1592340717,https://pcmap.place.naver.com/place/1592340717/home,1592340717,시와 스튜디오 셀프사진관,"셀프,대여스튜디오",,,제주 제주시 애월읍 애월해안로 177 시니물리조트빌 D동 1층 시와 스튜디오,제주 제주시 애월읍 고내리 1231,,,,33.468811,126.3316429,영업 중,영업 중,,{},영업 중,예약|무선 인터넷|반려동물 동반|주차,,,,,,,,,"시와 스튜디오 셀프사진관|셀프,대여스튜디오|제주 제주시 애월읍 애월해안로 177 시니물리조트빌 D동 1층 시와 스튜디오|제주 제주시 애월읍 고내리 1231|영업 중|무선 인터넷|반려동물 동반|주차|안내|814회794명 참여|""시설이 깔끔해요""|이 키워드를 선택한 인원|""친절해요""|""주차하기 편해요""|""보정을 꼼꼼하게 해줘요""|""채광이 좋아요""|4.96255개 평점(253명 참여)|동영상","[""시와 스튜디오 셀프사진관"", ""셀프,대여스튜디오"", ""제주 제주시 애월읍 애월해안로 177 시니물리조트빌 D동 1층 시와 스튜디오"", ""제주 제주시 애월읍 고내리 1231"", ""영업 중"", ""무선 인터넷"", ""반려동물 동반"", ""주차"", ""안내"", ""814회794명 참여"", ""\""시설이 깔끔해요\"""", ""이 키워드를 선택한 인원"", ""\""친절해요\"""", ""\""주차하기 편해요\"""", ""\""보정을 꼼꼼하게 해줘요\"""", ""\""채광이 좋아요\"""", ""4.96255개 평점(253명 참여)"", ""동영상""]","{""name"": [""시와 스튜디오 셀프사진관""], ""category"": [""셀프,대여스튜디오""], ""address"": [""제주 제주시 애월읍 애월해안로 177 시니물리조트빌 D동 1층 시와 스튜디오"", ""제주 제주시 애월읍 고내리 1231""], ""hours"": [""영업 중""], ""conveniences"": [""무선 인터넷"", ""반려동물 동반"", ""주차""], ""visitor_keywords"": [""안내"", ""814회794명 참여"", ""\""시설이 깔끔해요\"""", ""이 키워드를 선택한 인원"", ""\""친절해요\"""", ""\""주차하기 편해요\"""", ""\""보정을 꼼꼼하게 해줘요\"""", ""\""채광이 좋아요\"""", ""4.96255개 평점(253명 참여)"", ""동영상""]}",예쁜걸 | 제주 예쁜걸 | 예쁜걸 쇼핑,,,,"[""안내"", ""814회794명 참여"", ""\""시설이 깔끔해요\"""", ""이 키워드를 선택한 인원"", ""\""친절해요\"""", ""\""주차하기 편해요\"""", ""\""보정을 꼼꼼하게 해줘요\"""", ""\""채광이 좋아요\"""", ""4.96255개 평점(253명 참여)"", ""동영상""]",
323,323,오로라,쇼핑,307호,,33.5131535,126.523935,010-4690-7772,,,,지하상가,fail,5_fail,매칭 실패,4013.2,naver_place,https://map.naver.com/p/entry/place/1942571551,https://map.naver.com/p/entry/place/1942571551,https://pcmap.place.naver.com/place/1942571551/home,1942571551,오로라뷰티,"피부,체형관리",,,제주 제주시 신대로12길 41 1층,제주 제주시 연동 282-21,미소네일 안으로 들어오세요,0507-1457-1167,,33.4886435,126.4921639,월 10:00 - 22:00,영업 중22:00에 영업 종료,,"{""목"": {""open"": ""10:00 - 22:00""}, ""금"": {""open"": ""10:00 - 22:00""}, ""토"": {""open"": ""10:00 - 18:00""}, ""일"": {""open"": ""10:00 - 18:00""}, ""월"": {""open"": ""10:00 - 22:00""}, ""화"": {""open"": ""10:00 - 22:00""}, ""수"": {""open"": ""10:00 - 22:00""}}",영업 중22:00에 영업 종료 | 22시 0분에 영업 종료 | 목 | 10:00 - 22:00 | 금 | 10:00 - 22:00 | 토 | 10:00 - 18:00 | 일 | 10:00 - 18:00 | 월 | 10:00 - 22:00 | 화 | 10:00 - 22:00 | 수 | 10:00 - 22:00 | 접기,예약|무선 인터넷,,,,,,,,,"오로라뷰티|피부,체형관리|제주 제주시 신대로12길 41 1층|제주 제주시 연동 282-21|0507-1457-1167|월 10:00 - 22:00|무선 인터넷","[""오로라뷰티"", ""피부,체형관리"", ""제주 제주시 신대로12길 41 1층"", ""제주 제주시 연동 282-21"", ""0507-1457-1167"", ""월 10:00 - 22:00"", ""무선 인터넷""]","{""name"": [""오로라뷰티""], ""category"": [""피부,체형관리""], ""address"": [""제주 제주시 신대로12길 41 1층"", ""제주 제주시 연동 282-21""], ""phone"": [""0507-1457-1167""], ""hours"": [""월 10:00 - 22:00""], ""conveniences"": [""무선 인터넷""]}",오로라 | 제주 오로라 | 오로라 쇼핑,,,,,
324,324,여시,쇼핑,308호,,33.5131535,126.5239,010-4890-1977,,,,지하상가,success,4_coord_close_auto,좌표 0m ≤ 80m,0.1,naver_place,https://map.naver.com/p/entry/place/31269468,https://map.naver.com/p/entry/place/31269468,https://pcmap.place.naver.com/place/31269468/home,31269468,여시 제주중앙지하상가점,패션,,,제주 제주시 일도일동 중앙로 60 제주중앙지하상가 308,제주 제주시 일도일동 1425-3,,064-722-8485,,33.5131542,126.5239005,,,,{},정보 수정,,,,,,,,,,여시 제주중앙지하상가점|패션|제주 제주시 일도일동 중앙로 60 제주중앙지하상가 308|제주 제주시 일도일동 1425-3|064-722-8485,"[""여시 제주중앙지하상가점"", ""패션"", ""제주 제주시 일도일동 중앙로 60 제주중앙지하상가 308"", ""제주 제주시 일도일동 1425-3"", ""064-722-8485""]","{""name"": [""여시 제주중앙지하상가점""], ""category"": [""패션""], ""address"": [""제주 제주시 일도일동 중앙로 60 제주중앙지하상가 308"", ""제주 제주시 일도일동 1425-3""], ""phone"": [""064-722-8485""]}",여시 | 제주 여시 | 여시 쇼핑,,,,,
325,325,홍조,쇼핑,309호,,33.5131568,126.523867,010-3872-2131,,,,지하상가,fail,5_fail,매칭 실패,2991.1,naver_place,https://map.naver.com/p/entry/place/1130969553,https://map.naver.com/p/entry/place/1130969553,https://pcmap.place.naver.com/place/1130969553/home,1130969553,홍조,"의류,패션",,,제주 제주시 구남동5길 20 . 1동,제주 제주시 이도이동 1979-16,제주중앙여고 맞은편,,,33.4901326,126.5405473,월 12:00 - 19:00,운영 중19:00에 운영 종료,,"{""목"": {""open"": ""12:00 - 19:00""}, ""금"": {""open"": ""12:00 - 19:00""}, ""토"": {""open"": ""12:00 - 18:00""}, ""일"": {""open"": ""정기휴무 (매주 일요일)""}, ""월"": {""open"": ""12:00 - 19:00""}, ""화"": {""open"": ""12:00 - 19:00""}, ""수"": {""open"": ""12:00 - 19:00""}}",운영 중19:00에 운영 종료 | 19시 0분에 운영 종료 | 목 | 12:00 - 19:00 | 금 | 12:00 - 19:00 | 토 | 12:00 - 18:00 | 일 | 정기휴무 (매주 일요일) | 월 | 12:00 - 19:00 | 화 | 12:00 - 19:00 | 수 | 12:00 - 19:00 | 09/24-09/26 추석 연휴 휴무 | 접기,단체 이용 가능|반려동물 동반|간편결제|주차|발렛파킹,,,,,,,,,"홍조|의류,패션|제주 제주시 구남동5길 20 . 1동|제주 제주시 이도이동 1979-16|월 12:00 - 19:00|단체 이용 가능|반려동물 동반|간편결제|주차|발렛파킹","[""홍조"", ""의류,패션"", ""제주 제주시 구남동5길 20 . 1동"", ""제주 제주시 이도이동 1979-16"", ""월 12:00 - 19:00"", ""단체 이용 가능"", ""반려동물 동반"", ""간편결제"", ""주차"", ""발렛파킹""]","{""name"": [""홍조""], ""category"": [""의류,패션""], ""address"": [""제주 제주시 구남동5길 20 . 1동"", ""제주 제주시 이도이동 1979-16""], ""hours"": [""월 12:00 - 19:00""], ""conveniences"": [""단체 이용 가능"", ""반려동물 동반"", ""간편결제"", ""주차"", ""발렛파킹""]}",홍조 | 제주 홍조 | 홍조 쇼핑,,,,,
326,326,쨈아저씨,쇼핑,"311,312호",,33.5131613,126.523797,064-702-2914,,https://naver.me/FBMfe2lr,,지하상가,success,1_naver_link,naver_link place_id=31269471,0.1,naver_place,https://map.naver.com/p/entry/place/31269471,https://map.naver.com/p/entry/place/31269471,https://pcmap.place.naver.com/place/31269471/home,31269471,쨈아저씨 제주중앙지하상가점,유아동복,,,제주 제주시 일도일동 중앙로 60 제주중앙지하상가 311,제주 제주시 일도일동 1425-3,,064-702-2914,,33.5131605,126.5237974,,,,{},,,,,,,,,,,쨈아저씨 제주중앙지하상가점|유아동복|제주 제주시 일도일동 중앙로 60 제주중앙지하상가 311|제주 제주시 일도일동 1425-3|064-702-2914|안내|방문 키워드 통계 그래프 예시입니다.|현재 6명 참여|10명 이상 참여하면|방문 키워드 통계가 공개됩니다!|최신순|홅홅홅|팔로우|품질이 좋아요|친절해요|반응 남기기|방문일|24.2.4.일|2024년 2월 4일 일요일|3번째 방문|인증 수단|영수증|sgm****,"[""쨈아저씨 제주중앙지하상가점"", ""유아동복"", ""제주 제주시 일도일동 중앙로 60 제주중앙지하상가 311"", ""제주 제주시 일도일동 1425-3"", ""064-702-2914"", ""안내"", ""방문 키워드 통계 그래프 예시입니다."", ""현재 6명 참여"", ""10명 이상 참여하면"", ""방문 키워드 통계가 공개됩니다!"", ""최신순"", ""홅홅홅"", ""팔로우"", ""품질이 좋아요"", ""친절해요"", ""반응 남기기"", ""방문일"", ""24.2.4.일"", ""2024년 2월 4일 일요일"", ""3번째 방문"", ""인증 수단"", ""영수증"", ""sgm****""]","{""name"": [""쨈아저씨 제주중앙지하상가점""], ""category"": [""유아동복""], ""address"": [""제주 제주시 일도일동 중앙로 60 제주중앙지하상가 311"", ""제주 제주시 일도일동 1425-3""], ""phone"": [""064-702-2914""], ""visitor_keywords"": [""안내"", ""방문 키워드 통계 그래프 예시입니다."", ""현재 6명 참여"", ""10명 이상 참여하면"", ""방문 키워드 통계가 공개됩니다!"", ""최신순"", ""홅홅홅"", ""팔로우"", ""품질이 좋아요"", ""친절해요"", ""반응 남기기"", ""방문일"", ""24.2.4.일"", ""2024년 2월 4일 일요일"", ""3번째 방문"", ""인증 수단"", ""영수증"", ""sgm****""]}",https://naver.me/FBMfe2lr,,,,"[""안내"", ""방문 키워드 통계 그래프 예시입니다."", ""현재 6명 참여"", ""10명 이상 참여하면"", ""방문 키워드 통계가 공개됩니다!"", ""최신순"", ""홅홅홅"", ""팔로우"", ""."", ""품질이 좋아요"", ""친절해요"", ""반응 남기기"", ""방문일"", ""24.2.4.일"", ""2024년 2월 4일 일요일"", ""3번째 방문"", ""인증 수단"", ""영수증"", ""sgm****""]","[{""title"": ""결제수단"", ""body"": ""제로페이\n알고 계신 정보와 다른 정보가 있나요?\n사진으로 간단하게 제보해 주세요.\n정보 수정 제안하기\n이용약관고객센터리뷰운영정책신고센터\n네이버""}]"
327,327,토토,쇼핑,313호,,33.5131613,126.523737,064-755-8649,,,,지하상가,success,4_coord_close_auto,좌표 0m ≤ 80m,0.1,naver_place,https://map.naver.com/p/entry/place/16687083,https://map.naver.com/p/entry/place/16687083,https://pcmap.place.naver.com/place/16687083/home,16687083,토토 제주중앙지하상가점,패션,,,제주 제주시 일도일동 중앙로 60 제주중앙지하상가 313,제주 제주시 일도일동 1425-3,,064-755-8649,,33.5131619,126.5237374,,,,{},,,,,,,,,,,토토 제주중앙지하상가점|패션|제주 제주시 일도일동 중앙로 60 제주중앙지하상가 313|제주 제주시 일도일동 1425-3|064-755-8649|안내|방문 키워드 통계 그래프 예시입니다.|현재 5명 참여|10명 이상 참여하면|방문 키워드 통계가 공개됩니다!|최신순|상습범491|팔로우|친절하고 매장도 넓어요|친절해요|매장이 넓어요|반응 남기기|방문일|23.5.10.수|2023년 5월 10일 수요일|1번째 방문|인증 수단|영수증|팽귄몬,"[""토토 제주중앙지하상가점"", ""패션"", ""제주 제주시 일도일동 중앙로 60 제주중앙지하상가 313"", ""제주 제주시 일도일동 1425-3"", ""064-755-8649"", ""안내"", ""방문 키워드 통계 그래프 예시입니다."", ""현재 5명 참여"", ""10명 이상 참여하면"", ""방문 키워드 통계가 공개됩니다!"", ""최신순"", ""상습범491"", ""팔로우"", ""친절하고 매장도 넓어요"", ""친절해요"", ""매장이 넓어요"", ""반응 남기기"", ""방문일"", ""23.5.10.수"", ""2023년 5월 10일 수요일"", ""1번째 방문"", ""인증 수단"", ""영수증"", ""팽귄몬""]","{""name"": [""토토 제주중앙지하상가점""], ""category"": [""패션""], ""address"": [""제주 제주시 일도일동 중앙로 60 제주중앙지하상가 313"", ""제주 제주시 일도일동 1425-3""], ""phone"": [""064-755-8649""], ""visitor_keywords"": [""안내"", ""방문 키워드 통계 그래프 예시입니다."", ""현재 5명 참여"", ""10명 이상 참여하면"", ""방문 키워드 통계가 공개됩니다!"", ""최신순"", ""상습범491"", ""팔로우"", ""친절하고 매장도 넓어요"", ""친절해요"", ""매장이 넓어요"", ""반응 남기기"", ""방문일"", ""23.5.10.수"", ""2023년 5월 10일 수요일"", ""1번째 방문"", ""인증 수단"", ""영수증"", ""팽귄몬""]}",토토 | 제주 토토 | 토토 쇼핑 | 제주 토토 쇼핑,,,,"[""안내"", ""방문 키워드 통계 그래프 예시입니다."", ""현재 5명 참여"", ""10명 이상 참여하면"", ""방문 키워드 통계가 공개됩니다!"", ""최신순"", ""상습범491"", ""팔로우"", ""친절하고 매장도 넓어요"", ""친절해요"", ""매장이 넓어요"", ""반응 남기기"", ""방문일"", ""23.5.10.수"", ""2023년 5월 10일 수요일"", ""1번째 방문"", ""인증 수단"", ""영수증"", ""팽귄몬""]","[{""title"": ""결제수단"", ""body"": ""제로페이\n알고 계신 정보와 다른 정보가 있나요?\n사진으로 간단하게 제보해 주세요.\n정보 수정 제안하기\n이용약관고객센터리뷰운영정책신고센터\n네이버""}]"
328,328,오월의신부,쇼핑,314호,,33.5131669,126.523694,064-758-9276,,https://naver.me/FjmDbtpr,,지하상가,success,1_naver_link,naver_link place_id=31269426,0.0,naver_place,https://map.naver.com/p/entry/place/31269426,https://map.naver.com/p/entry/place/31269426,https://pcmap.place.naver.com/place/31269426/home,31269426,오월 제주중앙지하상가점,패션,,,제주 제주시 일도일동 중앙로 60 제주중앙지하상가 314,제주 제주시 일도일동 1425-3,,064-758-9276,,33.5131666,126.5236937,,,,{},,,,,,,,,,,오월 제주중앙지하상가점|패션|제주 제주시 일도일동 중앙로 60 제주중앙지하상가 314|제주 제주시 일도일동 1425-3|064-758-9276|안내|방문 키워드 통계 그래프 예시입니다.|현재 2명 참여|10명 이상 참여하면|방문 키워드 통계가 공개됩니다!|최신순|sgm****|팔로우|품질이 좋아요|가성비가 좋아요|종류가 다양해요|친절해요|스타일 추천을 잘해줘요|반응 남기기|방문일|23.7.9.일|2023년 7월 9일 일요일|4번째 방문,"[""오월 제주중앙지하상가점"", ""패션"", ""제주 제주시 일도일동 중앙로 60 제주중앙지하상가 314"", ""제주 제주시 일도일동 1425-3"", ""064-758-9276"", ""안내"", ""방문 키워드 통계 그래프 예시입니다."", ""현재 2명 참여"", ""10명 이상 참여하면"", ""방문 키워드 통계가 공개됩니다!"", ""최신순"", ""sgm****"", ""팔로우"", ""품질이 좋아요"", ""가성비가 좋아요"", ""종류가 다양해요"", ""친절해요"", ""스타일 추천을 잘해줘요"", ""반응 남기기"", ""방문일"", ""23.7.9.일"", ""2023년 7월 9일 일요일"", ""4번째 방문""]","{""name"": [""오월 제주중앙지하상가점""], ""category"": [""패션""], ""address"": [""제주 제주시 일도일동 중앙로 60 제주중앙지하상가 314"", ""제주 제주시 일도일동 1425-3""], ""phone"": [""064-758-9276""], ""visitor_keywords"": [""안내"", ""방문 키워드 통계 그래프 예시입니다."", ""현재 2명 참여"", ""10명 이상 참여하면"", ""방문 키워드 통계가 공개됩니다!"", ""최신순"", ""sgm****"", ""팔로우"", ""품질이 좋아요"", ""가성비가 좋아요"", ""종류가 다양해요"", ""친절해요"", ""스타일 추천을 잘해줘요"", ""반응 남기기"", ""방문일"", ""23.7.9.일"", ""2023년 7월 9일 일요일"", ""4번째 방문""]}",https://naver.me/FjmDbtpr,,,,"[""안내"", ""방문 키워드 통계 그래프 예시입니다."", ""현재 2명 참여"", ""10명 이상 참여하면"", ""방문 키워드 통계가 공개됩니다!"", ""최신순"", ""sgm****"", ""팔로우"", ""굿"", ""품질이 좋아요"", ""가성비가 좋아요"", ""종류가 다양해요"", ""친절해요"", ""스타일 추천을 잘해줘요"", ""반응 남기기"", ""방문일"", ""23.7.9.일"", ""2023년 7월 9일 일요일"", ""4번째 방문""]","[{""title"": ""결제수단"", ""body"": ""제로페이\n알고 계신 정보와 다른 정보가 있나요?\n사진으로 간단하게 제보해 주세요.\n정보 수정 제안하기\n이용약관고객센터리뷰운영정책신고센터\n네이버""}]"
329,329,게스트,쇼핑,315호,,33.5131658,126.523662,064-756-1028,,,,지하상가,success,2_address_match,주소일치(exact_or_contains) query=게스트 쇼핑,88.4,naver_place,https://map.naver.com/p/entry/place/1214255153,https://map.naver.com/p/entry/place/1214255153,https://pcmap.place.naver.com/place/1214255153/home,1214255153,게스트,패션,,,제주 제주시 중앙로 60 중앙지하상가 315호,제주 제주시 일도1동 1425-3,,,,33.5131839,126.5246153,,,,{},,,,,,,,,,,게스트|패션|제주 제주시 중앙로 60 중앙지하상가 315호|제주 제주시 일도1동 1425-3|안내|방문 키워드 통계 그래프 예시입니다.|현재 5명 참여|10명 이상 참여하면|방문 키워드 통계가 공개됩니다!|최신순|스탈쟁이7080|팔로우|친절하고 좋아요|품질이 좋아요|종류가 다양해요|친절해요|분위기가 편안해요|반응 남기기|방문일|23.7.20.목|2023년 7월 20일 목요일|1번째 방문|인증 수단,"[""게스트"", ""패션"", ""제주 제주시 중앙로 60 중앙지하상가 315호"", ""제주 제주시 일도1동 1425-3"", ""안내"", ""방문 키워드 통계 그래프 예시입니다."", ""현재 5명 참여"", ""10명 이상 참여하면"", ""방문 키워드 통계가 공개됩니다!"", ""최신순"", ""스탈쟁이7080"", ""팔로우"", ""친절하고 좋아요"", ""품질이 좋아요"", ""종류가 다양해요"", ""친절해요"", ""분위기가 편안해요"", ""반응 남기기"", ""방문일"", ""23.7.20.목"", ""2023년 7월 20일 목요일"", ""1번째 방문"", ""인증 수단""]","{""name"": [""게스트""], ""category"": [""패션""], ""address"": [""제주 제주시 중앙로 60 중앙지하상가 315호"", ""제주 제주시 일도1동 1425-3""], ""visitor_keywords"": [""안내"", ""방문 키워드 통계 그래프 예시입니다."", ""현재 5명 참여"", ""10명 이상 참여하면"", ""방문 키워드 통계가 공개됩니다!"", ""최신순"", ""스탈쟁이7080"", ""팔로우"", ""친절하고 좋아요"", ""품질이 좋아요"", ""종류가 다양해요"", ""친절해요"", ""분위기가 편안해요"", ""반응 남기기"", ""방문일"", ""23.7.20.목"", ""2023년 7월 20일 목요일"", ""1번째 방문"", ""인증 수단""]}",게스트 | 제주 게스트 | 게스트 쇼핑,,,,"[""안내"", ""방문 키워드 통계 그래프 예시입니다."", ""현재 5명 참여"", ""10명 이상 참여하면"", ""방문 키워드 통계가 공개됩니다!"", ""최신순"", ""스탈쟁이7080"", ""팔로우"", ""친절하고 좋아요"", ""품질이 좋아요"", ""종류가 다양해요"", ""친절해요"", ""분위기가 편안해요"", ""반응 남기기"", ""방문일"", ""23.7.20.목"", ""2023년 7월 20일 목요일"", ""1번째 방문"", ""인증 수단""]","[{""title"": ""결제수단"", ""body"": ""제로페이\n알고 계신 정보와 다른 정보가 있나요?\n사진으로 간단하게 제보해 주세요.\n정보 수정 제안하기\n이용약관고객센터리뷰운영정책신고센터\n네이버""}]"
330,330,쟝피엘,쇼핑,316호,,33.5131669,126.523628,064-724-9365,,,,지하상가,fail,5_fail,매칭 실패,301431.0,naver_place,https://map.naver.com/p/entry/place/37956718,https://map.naver.com/p/entry/place/37956718,https://pcmap.place.naver.com/place/37956718/home,37956718,장삐엘헤어 본점,미용실,,,부산 연제구 안연로8번길 80,부산 연제구 연산동 401-6,,051-522-0371,,35.1883973,129.1053783,영업 중,영업 중,,{},정보 수정,,,,,,,,,,장삐엘헤어 본점|미용실|부산 연제구 안연로8번길 80|부산 연제구 연산동 401-6|051-522-0371|영업 중,"[""장삐엘헤어 본점"", ""미용실"", ""부산 연제구 안연로8번길 80"", ""부산 연제구 연산동 401-6"", ""051-522-0371"", ""영업 중""]","{""name"": [""장삐엘헤어 본점""], ""category"": [""미용실""], ""address"": [""부산 연제구 안연로8번길 80"", ""부산 연제구 연산동 401-6""], ""phone"": [""051-522-0371""], ""hours"": [""영업 중""]}",쟝피엘 | 제주 쟝피엘 | 쟝피엘 쇼핑 | 제주 쟝피엘 쇼핑,,,,,
331,331,윔,쇼핑,317호,,33.5131703,126.523593,721-6367,,,,지하상가,success,4_coord_close_auto,좌표 0m ≤ 80m,0.0,naver_place,https://map.naver.com/p/entry/place/31269407,https://map.naver.com/p/entry/place/31269407,https://pcmap.place.naver.com/place/31269407/home,31269407,윔 제주중앙지하상가점,패션,,,제주 제주시 일도일동 중앙로 60 제주중앙지하상가 317,제주 제주시 일도일동 1425-3,,064-752-8802,,33.5131701,126.523593,,,,{},,,,,,,,,,,윔 제주중앙지하상가점|패션|제주 제주시 일도일동 중앙로 60 제주중앙지하상가 317|제주 제주시 일도일동 1425-3|064-752-8802|안내|방문 키워드 통계 그래프 예시입니다.|현재 3명 참여|10명 이상 참여하면|방문 키워드 통계가 공개됩니다!|최신순|wntkfkd7927h|팔로우|친절해요|품질이 좋아요|종류가 다양해요|독특한 디자인이 많아요|반응 남기기|방문일|25.8.4.월|2025년 8월 4일 월요일|1번째 방문|인증 수단,"[""윔 제주중앙지하상가점"", ""패션"", ""제주 제주시 일도일동 중앙로 60 제주중앙지하상가 317"", ""제주 제주시 일도일동 1425-3"", ""064-752-8802"", ""안내"", ""방문 키워드 통계 그래프 예시입니다."", ""현재 3명 참여"", ""10명 이상 참여하면"", ""방문 키워드 통계가 공개됩니다!"", ""최신순"", ""wntkfkd7927h"", ""팔로우"", ""친절해요"", ""품질이 좋아요"", ""종류가 다양해요"", ""독특한 디자인이 많아요"", ""반응 남기기"", ""방문일"", ""25.8.4.월"", ""2025년 8월 4일 월요일"", ""1번째 방문"", ""인증 수단""]","{""name"": [""윔 제주중앙지하상가점""], ""category"": [""패션""], ""address"": [""제주 제주시 일도일동 중앙로 60 제주중앙지하상가 317"", ""제주 제주시 일도일동 1425-3""], ""phone"": [""064-752-8802""], ""visitor_keywords"": [""안내"", ""방문 키워드 통계 그래프 예시입니다."", ""현재 3명 참여"", ""10명 이상 참여하면"", ""방문 키워드 통계가 공개됩니다!"", ""최신순"", ""wntkfkd7927h"", ""팔로우"", ""친절해요"", ""품질이 좋아요"", ""종류가 다양해요"", ""독특한 디자인이 많아요"", ""반응 남기기"", ""방문일"", ""25.8.4.월"", ""2025년 8월 4일 월요일"", ""1번째 방문"", ""인증 수단""]}",윔 | 제주 윔,,,,"[""안내"", ""방문 키워드 통계 그래프 예시입니다."", ""현재 3명 참여"", ""10명 이상 참여하면"", ""방문 키워드 통계가 공개됩니다!"", ""최신순"", ""wntkfkd7927h"", ""팔로우"", ""친절해요"", ""품질이 좋아요"", ""종류가 다양해요"", ""독특한 디자인이 많아요"", ""반응 남기기"", ""방문일"", ""25.8.4.월"", ""2025년 8월 4일 월요일"", ""1번째 방문"", ""인증 수단""]","[{""title"": ""결제수단"", ""body"": ""제로페이\n알고 계신 정보와 다른 정보가 있나요?\n사진으로 간단하게 제보해 주세요.\n정보 수정 제안하기\n이용약관고객센터리뷰운영정책신고센터\n네이버""}]"
332,332,의류학과,쇼핑,318호,,33.5131725,126.523558,064-721-6367,,,,지하상가,success,4_coord_close_auto,좌표 0m ≤ 80m,0.0,naver_place,https://map.naver.com/p/entry/place/31269437,https://map.naver.com/p/entry/place/31269437,https://pcmap.place.naver.com/place/31269437/home,31269437,의류학과 제주중앙지하상가점,패션,,,제주 제주시 일도일동 중앙로 60 제주중앙지하상가 318,제주 제주시 일도일동 1425-3,,064-721-6367,,33.5131725,126.523558,,,,{},,,,,,,,,,,의류학과 제주중앙지하상가점|패션|제주 제주시 일도일동 중앙로 60 제주중앙지하상가 318|제주 제주시 일도일동 1425-3|064-721-6367|안내|방문 키워드 통계 그래프 예시입니다.|현재 4명 참여|10명 이상 참여하면|방문 키워드 통계가 공개됩니다!|최신순|ksm****|팔로우|품질이 좋아요|친절해요|주차하기 편해요|반응 남기기|방문일|23.8.15.화|2023년 8월 15일 화요일|1번째 방문|인증 수단|영수증,"[""의류학과 제주중앙지하상가점"", ""패션"", ""제주 제주시 일도일동 중앙로 60 제주중앙지하상가 318"", ""제주 제주시 일도일동 1425-3"", ""064-721-6367"", ""안내"", ""방문 키워드 통계 그래프 예시입니다."", ""현재 4명 참여"", ""10명 이상 참여하면"", ""방문 키워드 통계가 공개됩니다!"", ""최신순"", ""ksm****"", ""팔로우"", ""품질이 좋아요"", ""친절해요"", ""주차하기 편해요"", ""반응 남기기"", ""방문일"", ""23.8.15.화"", ""2023년 8월 15일 화요일"", ""1번째 방문"", ""인증 수단"", ""영수증""]","{""name"": [""의류학과 제주중앙지하상가점""], ""category"": [""패션""], ""address"": [""제주 제주시 일도일동 중앙로 60 제주중앙지하상가 318"", ""제주 제주시 일도일동 1425-3""], ""phone"": [""064-721-6367""], ""visitor_keywords"": [""안내"", ""방문 키워드 통계 그래프 예시입니다."", ""현재 4명 참여"", ""10명 이상 참여하면"", ""방문 키워드 통계가 공개됩니다!"", ""최신순"", ""ksm****"", ""팔로우"", ""품질이 좋아요"", ""친절해요"", ""주차하기 편해요"", ""반응 남기기"", ""방문일"", ""23.8.15.화"", ""2023년 8월 15일 화요일"", ""1번째 방문"", ""인증 수단"", ""영수증""]}",의류학과 | 제주 의류학과 | 의류학과 쇼핑 | 제주 의류학과 쇼핑,,,,"[""안내"", ""방문 키워드 통계 그래프 예시입니다."", ""현재 4명 참여"", ""10명 이상 참여하면"", ""방문 키워드 통계가 공개됩니다!"", ""최신순"", ""ksm****"", ""팔로우"", ""굿"", ""품질이 좋아요"", ""친절해요"", ""주차하기 편해요"", ""반응 남기기"", ""방문일"", ""23.8.15.화"", ""2023년 8월 15일 화요일"", ""1번째 방문"", ""인증 수단"", ""영수증""]","[{""title"": ""결제수단"", ""body"": ""제로페이\n알고 계신 정보와 다른 정보가 있나요?\n사진으로 간단하게 제보해 주세요.\n정보 수정 제안하기\n이용약관고객센터리뷰운영정책신고센터\n네이버""}]"
333,333,넘버원,쇼핑,319호,,33.5131725,126.523525,064-721-8584,,https://naver.me/FlZVKTyX,,지하상가,success,1_naver_link,naver_link place_id=31269455,102.6,naver_place,https://map.naver.com/p/entry/place/31269455,https://map.naver.com/p/entry/place/31269455,https://pcmap.place.naver.com/place/31269455/home,31269455,넘버원 제주중앙지하상가점,패션,,,제주 제주시 중앙로 60 중앙지하상가 319호 넘버원,제주 제주시 일도일동 1454-2,"중앙지하상가 9번, 10번 출입구로 들어오심 찾기 편해요.(매장은 지하에 있어요~) | 근처 공영주차장이나 중앙성당주차장에 주차하시면되요. | (오픈시간이 유동적이라 전화주세요)",0507-1489-8584,,33.5131588,126.524632,월 13:30 - 18:30,영업 중18:30에 영업 종료,오픈시간이 유동적이라 인스타그램 참고해주세요!,"{""목"": {""open"": ""13:30 - 18:30""}, ""금"": {""open"": ""13:30 - 18:30""}, ""토"": {""open"": ""13:30 - 18:30""}, ""일"": {""open"": ""13:30 - 18:30""}, ""월"": {""open"": ""13:30 - 18:30""}, ""화"": {""open"": ""13:30 - 18:30""}, ""수"": {""open"": ""정기휴무 (매주 수요일)""}}",영업 중18:30에 영업 종료 | 18시 30분에 영업 종료 | 목 | 13:30 - 18:30 | 금 | 13:30 - 18:30 | 토 | 13:30 - 18:30 | 일 | 13:30 - 18:30 | 월 | 13:30 - 18:30 | 화 | 13:30 - 18:30 | 수 | 정기휴무 (매주 수요일) | - 오픈시간이 유동적이라 인스타그램 참고해주세요! | 접기,예약|간편결제,"제주도 수영복매장이예요~
여자수영복, 남자수영복 판매중입니다.
여러종류의 비키니와 모노키니 다 있어요^^
※오픈시간이 유동적이라 오시기전에 전화주세요
오픈시간- 13:30",,,,,,,,넘버원 제주중앙지하상가점|패션|제주 제주시 중앙로 60 중앙지하상가 319호 넘버원|제주 제주시 일도일동 1454-2|0507-1489-8584|월 13:30 - 18:30|간편결제,"[""넘버원 제주중앙지하상가점"", ""패션"", ""제주 제주시 중앙로 60 중앙지하상가 319호 넘버원"", ""제주 제주시 일도일동 1454-2"", ""0507-1489-8584"", ""월 13:30 - 18:30"", ""간편결제""]","{""name"": [""넘버원 제주중앙지하상가점""], ""category"": [""패션""], ""address"": [""제주 제주시 중앙로 60 중앙지하상가 319호 넘버원"", ""제주 제주시 일도일동 1454-2""], ""phone"": [""0507-1489-8584""], ""hours"": [""월 13:30 - 18:30""], ""conveniences"": [""간편결제""]}",https://naver.me/FlZVKTyX,,"[""넘버원 제주중앙지하상가점\n알림7월30일 목요일 15:00 오픈합니다.\n오픈시간변경안내\n7월30일 목요일 15시:00 오픈합니다.\n좋아요\n2026.07.30.\n2026년 7월 30일"", ""넘버원 제주중앙지하상가점\n알림휴무변경안내-5월29일(금요일 휴무)\n5월28일(목요일)-정상영업\n5월29일(금요일)-휴무\n1명\n2026.05.27.\n2026년 5월 27일"", ""넘버원 제주중앙지하상가점\n알림임시휴무-4월17일(금요일)\n4월17일 휴무안내-개인사정으로 인해 휴무합니다.\n좋아요\n2026.04.17.\n2026년 4월 17일""]",,,"[{""title"": ""소개"", ""body"": ""제주도 수영복매장이예요~\n여자수영복, 남자수영복 판매중입니다.\n여러종류의 비키니와 모노키니 다 있어요^^\n※오픈시간이 유동적이라 오시기전에 전화주세요\n오픈시간- 13:30""}, {""title"": ""대표 키워드"", ""body"": ""제주도여자수영복제주도비키니매장제주도모노키니제주도남자수영복제주도수영복매장""}, {""title"": ""편의시설 및 서비스"", ""body"": ""예약""}, {""title"": ""주차"", ""body"": ""주차 불가\n제주중앙성당주차장(유료)""}, {""title"": ""결제수단"", ""body"": ""지역화폐 (카드형)\n지역화폐 (지류형)\n지역화폐 (모바일형)\n제로페이\n간편결제""}, {""title"": ""SNS"", ""body"": ""인스타그램\nhttps://www.instagram.com/n.1_jeju?igsh=MWs0MGFrZmJhZnV2aA==\n알고 계신 정보와 다른 정보가 있나요?\n사진으로 간단하게 제보해 주세요.\n정보 수정 제안하기\n이용약관고객센터리뷰운영정책신고센터\n네이버""}]"
334,334,꽃길,쇼핑,320호,,33.5131736,126.52349,010-3997-4568,,,,지하상가,fail,5_fail,매칭 실패,1077.2,naver_place,https://map.naver.com/p/entry/place/1332919352,https://map.naver.com/p/entry/place/1332919352,https://pcmap.place.naver.com/place/1332919352/home,1332919352,꽃길,베이커리,,,제주 제주시 서광로25길 60 1층,제주 제주시 삼도일동 305-26,,070-8261-7815,,33.5035917,126.5217764,,,,{},,포장|배달|예약|남/녀 화장실 구분,,,,,,,,탕종식빵|쌀팥빵|뚱카롱|초코쿠키(4개입)|두바이초코파이|생초코파이,"꽃길|베이커리|제주 제주시 서광로25길 60 1층|제주 제주시 삼도일동 305-26|070-8261-7815|탕종식빵|쌀팥빵|뚱카롱|초코쿠키(4개입)|두바이초코파이|생초코파이|포장|배달|남/녀 화장실 구분|안내|46회26명 참여|""빵이 맛있어요""|이 키워드를 선택한 인원|""커피가 맛있어요""|""친절해요""|""음료가 맛있어요""|""가성비가 좋아요""|식빵6|커피3|빙수2|크로와상2|딸기빙수1|밤식빵1","[""꽃길"", ""베이커리"", ""제주 제주시 서광로25길 60 1층"", ""제주 제주시 삼도일동 305-26"", ""070-8261-7815"", ""탕종식빵"", ""쌀팥빵"", ""뚱카롱"", ""초코쿠키(4개입)"", ""두바이초코파이"", ""생초코파이"", ""포장"", ""배달"", ""남/녀 화장실 구분"", ""안내"", ""46회26명 참여"", ""\""빵이 맛있어요\"""", ""이 키워드를 선택한 인원"", ""\""커피가 맛있어요\"""", ""\""친절해요\"""", ""\""음료가 맛있어요\"""", ""\""가성비가 좋아요\"""", ""식빵6"", ""커피3"", ""빙수2"", ""크로와상2"", ""딸기빙수1"", ""밤식빵1""]","{""name"": [""꽃길""], ""category"": [""베이커리""], ""address"": [""제주 제주시 서광로25길 60 1층"", ""제주 제주시 삼도일동 305-26""], ""phone"": [""070-8261-7815""], ""menus"": [""탕종식빵"", ""쌀팥빵"", ""뚱카롱"", ""초코쿠키(4개입)"", ""두바이초코파이"", ""생초코파이""], ""conveniences"": [""포장"", ""배달"", ""남/녀 화장실 구분""], ""visitor_keywords"": [""안내"", ""46회26명 참여"", ""\""빵이 맛있어요\"""", ""이 키워드를 선택한 인원"", ""\""커피가 맛있어요\"""", ""\""친절해요\"""", ""\""음료가 맛있어요\"""", ""\""가성비가 좋아요\"""", ""식빵6"", ""커피3"", ""빙수2"", ""크로와상2"", ""딸기빙수1"", ""밤식빵1""]}",꽃길 | 제주 꽃길,,,,"[""안내"", ""46회26명 참여"", ""\""빵이 맛있어요\"""", ""이 키워드를 선택한 인원"", ""\""커피가 맛있어요\"""", ""\""친절해요\"""", ""\""음료가 맛있어요\"""", ""\""가성비가 좋아요\"""", ""메뉴"", ""식빵6"", ""커피3"", ""빙수2"", ""크로와상2"", ""딸기빙수1"", ""밤식빵1""]",
335,335,쏨씨2,쇼핑,321호,,33.5131759,126.523456,064-755-0107,,,,지하상가,fail,5_fail,매칭 실패,,,,,,,,,,,,,,,,,,,,,{},,,,,,,,,,,,[],{},쏨씨2 | 제주 쏨씨2 | 쏨씨2 쇼핑 | 제주 쏨씨2 쇼핑,,,,,
336,336,루키버드,쇼핑,322호,,33.513177,126.523423,064-752-7224,,,,지하상가,success,4_coord_close_auto,좌표 56m ≤ 80m,56.1,naver_place,https://map.naver.com/p/entry/place/16687044,https://map.naver.com/p/entry/place/16687044,https://pcmap.place.naver.com/place/16687044/home,16687044,루키버드 제주중앙지하상가점,패션,,,제주 제주시 삼도이동 중앙로 60 제주중앙지하상가 352,제주 제주시 삼도이동 1425-3,,064-752-7224,,33.513272,126.5228289,,,,{},정보 수정,,,,,,,,,,루키버드 제주중앙지하상가점|패션|제주 제주시 삼도이동 중앙로 60 제주중앙지하상가 352|제주 제주시 삼도이동 1425-3|064-752-7224,"[""루키버드 제주중앙지하상가점"", ""패션"", ""제주 제주시 삼도이동 중앙로 60 제주중앙지하상가 352"", ""제주 제주시 삼도이동 1425-3"", ""064-752-7224""]","{""name"": [""루키버드 제주중앙지하상가점""], ""category"": [""패션""], ""address"": [""제주 제주시 삼도이동 중앙로 60 제주중앙지하상가 352"", ""제주 제주시 삼도이동 1425-3""], ""phone"": [""064-752-7224""]}",루키버드 | 제주 루키버드 | 루키버드 쇼핑,,,,,"[{""title"": ""결제수단"", ""body"": ""제로페이\n알고 계신 정보와 다른 정보가 있나요?\n사진으로 간단하게 제보해 주세요.\n정보 수정 제안하기\n이용약관고객센터리뷰운영정책신고센터\n네이버""}]"
337,337,폰앤펀,쇼핑,323호,,33.5131781,126.523389,010-3505-6261,,https://naver.me/xoGDH4iK,,지하상가,success,1_naver_link,naver_link place_id=31269408,0.0,naver_place,https://map.naver.com/p/entry/place/31269408,https://map.naver.com/p/entry/place/31269408,https://pcmap.place.naver.com/place/31269408/home,31269408,폰앤펀 제주중앙지하상가점,휴대폰,,,제주 제주시 일도일동 중앙로 60 제주중앙지하상가 323,제주 제주시 일도일동 1425-3,,070-4115-6114,,33.5131779,126.5233893,,,,{},,,,,,,,,,,폰앤펀 제주중앙지하상가점|휴대폰|제주 제주시 일도일동 중앙로 60 제주중앙지하상가 323|제주 제주시 일도일동 1425-3|070-4115-6114|친절해요|가격이 합리적이에요|서비스가 좋아요|설명이 자세해요|시설이 깔끔해요|분위기가 편안해요|대기공간이 잘 되어있어요,"[""폰앤펀 제주중앙지하상가점"", ""휴대폰"", ""제주 제주시 일도일동 중앙로 60 제주중앙지하상가 323"", ""제주 제주시 일도일동 1425-3"", ""070-4115-6114"", ""친절해요"", ""가격이 합리적이에요"", ""서비스가 좋아요"", ""설명이 자세해요"", ""시설이 깔끔해요"", ""분위기가 편안해요"", ""대기공간이 잘 되어있어요""]","{""name"": [""폰앤펀 제주중앙지하상가점""], ""category"": [""휴대폰""], ""address"": [""제주 제주시 일도일동 중앙로 60 제주중앙지하상가 323"", ""제주 제주시 일도일동 1425-3""], ""phone"": [""070-4115-6114""], ""visitor_keywords"": [""친절해요"", ""가격이 합리적이에요"", ""서비스가 좋아요"", ""설명이 자세해요"", ""시설이 깔끔해요"", ""분위기가 편안해요"", ""대기공간이 잘 되어있어요""]}",https://naver.me/xoGDH4iK,,,,"[{""keyword"": ""친절해요"", ""count"": ""29""}, {""keyword"": ""가격이 합리적이에요"", ""count"": ""12""}, {""keyword"": ""서비스가 좋아요"", ""count"": ""11""}, {""keyword"": ""설명이 자세해요"", ""count"": ""10""}, {""keyword"": ""시설이 깔끔해요"", ""count"": ""7""}, {""keyword"": ""분위기가 편안해요"", ""count"": ""4""}, {""keyword"": ""대기공간이 잘 되어있어요"", ""count"": ""1""}]","[{""title"": ""결제수단"", ""body"": ""제로페이\n알고 계신 정보와 다른 정보가 있나요?\n사진으로 간단하게 제보해 주세요.\n정보 수정 제안하기\n이용약관고객센터리뷰운영정책신고센터\n네이버""}]"
338,338,밀(MILL),쇼핑,324호,,33.513177,126.523233,010-2696-4473,,,,지하상가,success,2_address_match,주소일치(exact_or_contains) query=밀(MILL) 쇼핑,3.3,naver_place,https://map.naver.com/p/entry/place/1805612383,https://map.naver.com/p/entry/place/1805612383,https://pcmap.place.naver.com/place/1805612383/home,1805612383,MILL,신발,,,제주 제주시 중앙로 60 중앙지하상가 324호,제주 제주시 일도일동 1454-2,,0507-1476-8223,,33.5131749,126.5232687,,,,{},정보 수정,,,,,,,,,,MILL|신발|제주 제주시 중앙로 60 중앙지하상가 324호|제주 제주시 일도일동 1454-2|0507-1476-8223,"[""MILL"", ""신발"", ""제주 제주시 중앙로 60 중앙지하상가 324호"", ""제주 제주시 일도일동 1454-2"", ""0507-1476-8223""]","{""name"": [""MILL""], ""category"": [""신발""], ""address"": [""제주 제주시 중앙로 60 중앙지하상가 324호"", ""제주 제주시 일도일동 1454-2""], ""phone"": [""0507-1476-8223""]}",밀(MILL) | 제주 밀(MILL) | 밀(MILL) 쇼핑,,,,,"[{""title"": ""결제수단"", ""body"": ""제로페이\n알고 계신 정보와 다른 정보가 있나요?\n사진으로 간단하게 제보해 주세요.\n정보 수정 제안하기\n이용약관고객센터리뷰운영정책신고센터\n네이버""}]"
339,339,망고스틴2,쇼핑,325호,,33.5131971,126.5232,010-5755-6235,,,,지하상가,fail,5_fail,매칭 실패,163748.7,naver_place,https://map.naver.com/p/entry/place/37046533,https://map.naver.com/p/entry/place/37046533,https://pcmap.place.naver.com/place/37046533/home,37046533,희망망고,과일,,,전남광주 무안군 무안읍 하마로 39-1,전남광주 무안군 무안읍 성남리 810-2,,,,34.9851732,126.4702006,00:00 - 24:00,24시간 영업연중무휴,,"{""매일"": {""open"": ""00:00 - 24:00""}}",24시간 영업연중무휴 | 연중무휴 | 매일 | 00:00 - 24:00 | 접기,,,,,,,,,,희망망고|과일|전남광주 무안군 무안읍 하마로 39-1|전남광주 무안군 무안읍 성남리 810-2|00:00 - 24:00,"[""희망망고"", ""과일"", ""전남광주 무안군 무안읍 하마로 39-1"", ""전남광주 무안군 무안읍 성남리 810-2"", ""00:00 - 24:00""]","{""name"": [""희망망고""], ""category"": [""과일""], ""address"": [""전남광주 무안군 무안읍 하마로 39-1"", ""전남광주 무안군 무안읍 성남리 810-2""], ""hours"": [""00:00 - 24:00""]}",망고스틴2 | 제주 망고스틴2 | 망고스틴2 쇼핑 | 제주 망고스틴2 쇼핑,,,,,
340,340,아스피린,쇼핑,326호,,33.5131814,126.523172,070-8900-4875,,,,지하상가,success,4_coord_close_auto,좌표 0m ≤ 80m,0.0,naver_place,https://map.naver.com/p/entry/place/31269440,https://map.naver.com/p/entry/place/31269440,https://pcmap.place.naver.com/place/31269440/home,31269440,아스피린 제주중앙지하상가점,패션,,,제주 제주시 삼도이동 중앙로 60 제주중앙지하상가 326,제주 제주시 삼도이동 1425-3,,070-8900-4875,,33.5131812,126.523172,,,,{},정보 수정,,,,,,,,,,아스피린 제주중앙지하상가점|패션|제주 제주시 삼도이동 중앙로 60 제주중앙지하상가 326|제주 제주시 삼도이동 1425-3|070-8900-4875,"[""아스피린 제주중앙지하상가점"", ""패션"", ""제주 제주시 삼도이동 중앙로 60 제주중앙지하상가 326"", ""제주 제주시 삼도이동 1425-3"", ""070-8900-4875""]","{""name"": [""아스피린 제주중앙지하상가점""], ""category"": [""패션""], ""address"": [""제주 제주시 삼도이동 중앙로 60 제주중앙지하상가 326"", ""제주 제주시 삼도이동 1425-3""], ""phone"": [""070-8900-4875""]}",아스피린 | 제주 아스피린 | 아스피린 쇼핑 | 제주 아스피린 쇼핑,,,,,"[{""title"": ""결제수단"", ""body"": ""제로페이\n알고 계신 정보와 다른 정보가 있나요?\n사진으로 간단하게 제보해 주세요.\n정보 수정 제안하기\n이용약관고객센터리뷰운영정책신고센터\n네이버""}]"
341,341,브이아이피,쇼핑,327호,,33.5131893,126.523145,010-3342-1662,,,,지하상가,success,2_address_match,주소일치(exact_or_contains) query=제주 브이아이피,137.9,naver_place,https://map.naver.com/p/entry/place/1895532609,https://map.naver.com/p/entry/place/1895532609,https://pcmap.place.naver.com/place/1895532609/home,1895532609,브이아이피,패션,,,제주 제주시 일도일동 중앙로 60 중앙지하상가 327호,제주 제주시 일도일동 1425-3,,,,33.5131588,126.524632,,,,{},정보 수정,,,,,,,,,,브이아이피|패션|제주 제주시 일도일동 중앙로 60 중앙지하상가 327호|제주 제주시 일도일동 1425-3,"[""브이아이피"", ""패션"", ""제주 제주시 일도일동 중앙로 60 중앙지하상가 327호"", ""제주 제주시 일도일동 1425-3""]","{""name"": [""브이아이피""], ""category"": [""패션""], ""address"": [""제주 제주시 일도일동 중앙로 60 중앙지하상가 327호"", ""제주 제주시 일도일동 1425-3""]}",브이아이피 | 제주 브이아이피,,,,,"[{""title"": ""결제수단"", ""body"": ""제로페이\n알고 계신 정보와 다른 정보가 있나요?\n사진으로 간단하게 제보해 주세요.\n정보 수정 제안하기\n이용약관고객센터리뷰운영정책신고센터\n네이버""}]"
342,342,마니주,쇼핑,"329,330호",,33.5131926,126.523081,010-6591-0418,,,,지하상가,success,2_address_match,주소일치(exact_or_contains) query=마니주,142.2,naver_place,https://map.naver.com/p/entry/place/1513919505,https://map.naver.com/p/entry/place/1513919505,https://pcmap.place.naver.com/place/1513919505/home,1513919505,마니주,"특산물,관광민예품",,,"제주 제주시 중앙로 60 329,330호",제주 제주시 일도일동 1425-3,,,,33.5131839,126.5246153,,,,{},,,,,,,,,,,"마니주|특산물,관광민예품|제주 제주시 중앙로 60 329,330호|제주 제주시 일도일동 1425-3|친절해요|특색 있는 제품이 많아요|품질이 좋아요|가성비가 좋아요|비싼 만큼 가치있어요|종류가 다양해요|시설이 깔끔해요|분위기가 편안해요|추천을 잘해줘요","[""마니주"", ""특산물,관광민예품"", ""제주 제주시 중앙로 60 329,330호"", ""제주 제주시 일도일동 1425-3"", ""친절해요"", ""특색 있는 제품이 많아요"", ""품질이 좋아요"", ""가성비가 좋아요"", ""비싼 만큼 가치있어요"", ""종류가 다양해요"", ""시설이 깔끔해요"", ""분위기가 편안해요"", ""추천을 잘해줘요""]","{""name"": [""마니주""], ""category"": [""특산물,관광민예품""], ""address"": [""제주 제주시 중앙로 60 329,330호"", ""제주 제주시 일도일동 1425-3""], ""visitor_keywords"": [""친절해요"", ""특색 있는 제품이 많아요"", ""품질이 좋아요"", ""가성비가 좋아요"", ""비싼 만큼 가치있어요"", ""종류가 다양해요"", ""시설이 깔끔해요"", ""분위기가 편안해요"", ""추천을 잘해줘요""]}",마니주,,,,"[{""keyword"": ""친절해요"", ""count"": ""8""}, {""keyword"": ""특색 있는 제품이 많아요"", ""count"": ""5""}, {""keyword"": ""품질이 좋아요"", ""count"": ""4""}, {""keyword"": ""가성비가 좋아요"", ""count"": ""2""}, {""keyword"": ""비싼 만큼 가치있어요"", ""count"": ""2""}, {""keyword"": ""종류가 다양해요"", ""count"": ""2""}, {""keyword"": ""시설이 깔끔해요"", ""count"": ""1""}, {""keyword"": ""분위기가 편안해요"", ""count"": ""1""}, {""keyword"": ""추천을 잘해줘요"", ""count"": ""1""}]","[{""title"": ""결제수단"", ""body"": ""제로페이\n알고 계신 정보와 다른 정보가 있나요?\n사진으로 간단하게 제보해 주세요.\n정보 수정 제안하기\n이용약관고객센터리뷰운영정책신고센터\n네이버""}]"
343,343,가디너,쇼핑,332호,,33.5131949,126.523011,064-757-9514,,,,지하상가,success,4_coord_close_auto,좌표 0m ≤ 80m,0.1,naver_place,https://map.naver.com/p/entry/place/16689290,https://map.naver.com/p/entry/place/16689290,https://pcmap.place.naver.com/place/16689290/home,16689290,가디너 제주중앙지하상가점,패션,,,제주 제주시 삼도이동 중앙로 60 제주중앙지하상가 332,제주 제주시 삼도이동 1425-3,,064-757-9514,,33.5131951,126.5230118,,,,{},,,,,,,,,,,가디너 제주중앙지하상가점|패션|제주 제주시 삼도이동 중앙로 60 제주중앙지하상가 332|제주 제주시 삼도이동 1425-3|064-757-9514|안내|방문 키워드 통계 그래프 예시입니다.|현재 3명 참여|10명 이상 참여하면|방문 키워드 통계가 공개됩니다!|최신순|hon****|팔로우|좋아요|친절해요|독특한 디자인이 많아요|반응 남기기|방문일|22.10.19.수|2022년 10월 19일 수요일|1번째 방문|인증 수단|영수증|jjg****,"[""가디너 제주중앙지하상가점"", ""패션"", ""제주 제주시 삼도이동 중앙로 60 제주중앙지하상가 332"", ""제주 제주시 삼도이동 1425-3"", ""064-757-9514"", ""안내"", ""방문 키워드 통계 그래프 예시입니다."", ""현재 3명 참여"", ""10명 이상 참여하면"", ""방문 키워드 통계가 공개됩니다!"", ""최신순"", ""hon****"", ""팔로우"", ""좋아요"", ""친절해요"", ""독특한 디자인이 많아요"", ""반응 남기기"", ""방문일"", ""22.10.19.수"", ""2022년 10월 19일 수요일"", ""1번째 방문"", ""인증 수단"", ""영수증"", ""jjg****""]","{""name"": [""가디너 제주중앙지하상가점""], ""category"": [""패션""], ""address"": [""제주 제주시 삼도이동 중앙로 60 제주중앙지하상가 332"", ""제주 제주시 삼도이동 1425-3""], ""phone"": [""064-757-9514""], ""visitor_keywords"": [""안내"", ""방문 키워드 통계 그래프 예시입니다."", ""현재 3명 참여"", ""10명 이상 참여하면"", ""방문 키워드 통계가 공개됩니다!"", ""최신순"", ""hon****"", ""팔로우"", ""좋아요"", ""친절해요"", ""독특한 디자인이 많아요"", ""반응 남기기"", ""방문일"", ""22.10.19.수"", ""2022년 10월 19일 수요일"", ""1번째 방문"", ""인증 수단"", ""영수증"", ""jjg****""]}",가디너 | 제주 가디너 | 가디너 쇼핑 | 제주 가디너 쇼핑,,,,"[""안내"", ""방문 키워드 통계 그래프 예시입니다."", ""현재 3명 참여"", ""10명 이상 참여하면"", ""방문 키워드 통계가 공개됩니다!"", ""최신순"", ""hon****"", ""팔로우"", ""좋아요"", ""친절해요"", ""독특한 디자인이 많아요"", ""반응 남기기"", ""방문일"", ""22.10.19.수"", ""2022년 10월 19일 수요일"", ""1번째 방문"", ""인증 수단"", ""영수증"", ""jjg****""]","[{""title"": ""결제수단"", ""body"": ""제로페이\n알고 계신 정보와 다른 정보가 있나요?\n사진으로 간단하게 제보해 주세요.\n정보 수정 제안하기\n이용약관고객센터리뷰운영정책신고센터\n네이버""}]"
344,344,스타,쇼핑,333호,,33.5131971,126.522987,064-723-3785,,https://naver.me/xtNYgSgw,,지하상가,success,1_naver_link,naver_link place_id=31269383,0.0,naver_place,https://map.naver.com/p/entry/place/31269383,https://map.naver.com/p/entry/place/31269383,https://pcmap.place.naver.com/place/31269383/home,31269383,스타 제주중앙지하상가점,패션,,,제주 제주시 삼도이동 중앙로 60 제주중앙지하상가 333,제주 제주시 삼도이동 1425-3,,064-723-3785,,33.513197,126.5229871,,,,{},정보 수정,,,,,,,,,,스타 제주중앙지하상가점|패션|제주 제주시 삼도이동 중앙로 60 제주중앙지하상가 333|제주 제주시 삼도이동 1425-3|064-723-3785,"[""스타 제주중앙지하상가점"", ""패션"", ""제주 제주시 삼도이동 중앙로 60 제주중앙지하상가 333"", ""제주 제주시 삼도이동 1425-3"", ""064-723-3785""]","{""name"": [""스타 제주중앙지하상가점""], ""category"": [""패션""], ""address"": [""제주 제주시 삼도이동 중앙로 60 제주중앙지하상가 333"", ""제주 제주시 삼도이동 1425-3""], ""phone"": [""064-723-3785""]}",https://naver.me/xtNYgSgw,,,,,"[{""title"": ""결제수단"", ""body"": ""제로페이\n알고 계신 정보와 다른 정보가 있나요?\n사진으로 간단하게 제보해 주세요.\n정보 수정 제안하기\n이용약관고객센터리뷰운영정책신고센터\n네이버""}]"
345,345,엘리,쇼핑,334호,,33.5131982,126.522959,064-758-5446,,,,지하상가,fail,5_fail,매칭 실패,458.2,naver_place,https://map.naver.com/p/entry/place/1550232796,https://map.naver.com/p/entry/place/1550232796,https://pcmap.place.naver.com/place/1550232796/home,1550232796,앨리팝 제주탑동점,"맥주,호프",,,제주 제주시 관덕로15길 29 2층,제주 제주시 건입동 1399-1,탑동흑돼지거리내 위치하고 있습니다. | 대돈 2층 실내및외부 루프탑 계단으로 이용가능 합니다.,064-727-7400,http://alleypub.co.kr,33.5158839,126.5267075,월 18:00 - 24:00,영업 중24:00에 영업 종료,,"{""목"": {""open"": ""18:00 - 24:00""}, ""금"": {""open"": ""18:00 - 24:00""}, ""토"": {""open"": ""18:00 - 24:00""}, ""일"": {""open"": ""정기휴무 (매주 일요일)""}, ""월"": {""open"": ""18:00 - 24:00""}, ""화"": {""open"": ""18:00 - 24:00""}, ""수"": {""open"": ""18:00 - 24:00""}}",영업 중24:00에 영업 종료 | 0시 0분에 영업 종료 | 목 | 18:00 - 24:00 | 금 | 18:00 - 24:00 | 토 | 18:00 - 24:00 | 일 | 정기휴무 (매주 일요일) | 월 | 18:00 - 24:00 | 화 | 18:00 - 24:00 | 수 | 18:00 - 24:00 | 접기,무선 인터넷|예약|단체 이용 가능|포장,,,,,,,,[Signature] 순살치킨 트리오|[Signature] 후라이드 치킨|[부드러운] 순살 후라이드 치킨|[Signature] 비어 플래터|감바스|엘리팝 오뎅탕|추억의 국물 떡볶이|[페스츄리도우] 고르곤졸라 피자|[페스츄리도우] 페퍼로니 피자|[Signature] 살얼음 생맥주|[NEW] 사천소고기마라우동|[NEW] 마라탕(소고기)|[NEW] 쯔란윙봉|[NEW] 엘리팝왕돈까스|[NEW] 함박스테이크&포테이토|[NEW] 버터오징어&군밤|[NEW] 붕어빵&꿀호떡|[Signature] 엘리비어|모듬 소세지|노가리|루꼴라 치즈 피자|치즈 오븐 스파게티|블루베리요거트아이스크림|요.아.호|김치 교자 우동|닭발 & 주먹밥|엘리 플래터|양념 치킨|엘리 버팔로윙|닭껍데기 칩스|오다리&칩스|쥐포 튀김|허니버터 감자튀김|에그인헬|골뱅이 파무침&소면|해물 짬뽕탕|매운 오돌뼈 & 주먹밥|비빔만두|직화 먹태구이|반건조 오징어,"앨리팝 제주탑동점|맥주,호프|제주 제주시 관덕로15길 29 2층|제주 제주시 건입동 1399-1|064-727-7400|월 18:00 - 24:00|[Signature] 순살치킨 트리오|[Signature] 후라이드 치킨|[부드러운] 순살 후라이드 치킨|[Signature] 비어 플래터|감바스|엘리팝 오뎅탕|추억의 국물 떡볶이|[페스츄리도우] 고르곤졸라 피자|[페스츄리도우] 페퍼로니 피자|[Signature] 살얼음 생맥주|[NEW] 사천소고기마라우동|[NEW] 마라탕(소고기)|[NEW] 쯔란윙봉|[NEW] 엘리팝왕돈까스|[NEW] 함박스테이크&포테이토|[NEW] 버터오징어&군밤|[NEW] 붕어빵&꿀호떡|[Signature] 엘리비어|모듬 소세지|노가리|루꼴라 치즈 피자|치즈 오븐 스파게티|블루베리요거트아이스크림|요.아.호|김치 교자 우동|닭발 & 주먹밥|엘리 플래터|양념 치킨|엘리 버팔로윙|닭껍데기 칩스|오다리&칩스|쥐포 튀김|허니버터 감자튀김|에그인헬|골뱅이 파무침&소면|해물 짬뽕탕|매운 오돌뼈 & 주먹밥|비빔만두|직화 먹태구이|반건조 오징어|무선 인터넷|단체 이용 가능|포장","[""앨리팝 제주탑동점"", ""맥주,호프"", ""제주 제주시 관덕로15길 29 2층"", ""제주 제주시 건입동 1399-1"", ""064-727-7400"", ""월 18:00 - 24:00"", ""[Signature] 순살치킨 트리오"", ""[Signature] 후라이드 치킨"", ""[부드러운] 순살 후라이드 치킨"", ""[Signature] 비어 플래터"", ""감바스"", ""엘리팝 오뎅탕"", ""추억의 국물 떡볶이"", ""[페스츄리도우] 고르곤졸라 피자"", ""[페스츄리도우] 페퍼로니 피자"", ""[Signature] 살얼음 생맥주"", ""[NEW] 사천소고기마라우동"", ""[NEW] 마라탕(소고기)"", ""[NEW] 쯔란윙봉"", ""[NEW] 엘리팝왕돈까스"", ""[NEW] 함박스테이크&포테이토"", ""[NEW] 버터오징어&군밤"", ""[NEW] 붕어빵&꿀호떡"", ""[Signature] 엘리비어"", ""모듬 소세지"", ""노가리"", ""루꼴라 치즈 피자"", ""치즈 오븐 스파게티"", ""블루베리요거트아이스크림"", ""요.아.호"", ""김치 교자 우동"", ""닭발 & 주먹밥"", ""엘리 플래터"", ""양념 치킨"", ""엘리 버팔로윙"", ""닭껍데기 칩스"", ""오다리&칩스"", ""쥐포 튀김"", ""허니버터 감자튀김"", ""에그인헬"", ""골뱅이 파무침&소면"", ""해물 짬뽕탕"", ""매운 오돌뼈 & 주먹밥"", ""비빔만두"", ""직화 먹태구이"", ""반건조 오징어"", ""무선 인터넷"", ""단체 이용 가능"", ""포장""]","{""name"": [""앨리팝 제주탑동점""], ""category"": [""맥주,호프""], ""address"": [""제주 제주시 관덕로15길 29 2층"", ""제주 제주시 건입동 1399-1""], ""phone"": [""064-727-7400""], ""hours"": [""월 18:00 - 24:00""], ""menus"": [""[Signature] 순살치킨 트리오"", ""[Signature] 후라이드 치킨"", ""[부드러운] 순살 후라이드 치킨"", ""[Signature] 비어 플래터"", ""감바스"", ""엘리팝 오뎅탕"", ""추억의 국물 떡볶이"", ""[페스츄리도우] 고르곤졸라 피자"", ""[페스츄리도우] 페퍼로니 피자"", ""[Signature] 살얼음 생맥주"", ""[NEW] 사천소고기마라우동"", ""[NEW] 마라탕(소고기)"", ""[NEW] 쯔란윙봉"", ""[NEW] 엘리팝왕돈까스"", ""[NEW] 함박스테이크&포테이토"", ""[NEW] 버터오징어&군밤"", ""[NEW] 붕어빵&꿀호떡"", ""[Signature] 엘리비어"", ""모듬 소세지"", ""노가리"", ""루꼴라 치즈 피자"", ""치즈 오븐 스파게티"", ""블루베리요거트아이스크림"", ""요.아.호"", ""김치 교자 우동"", ""닭발 & 주먹밥"", ""엘리 플래터"", ""양념 치킨"", ""엘리 버팔로윙"", ""닭껍데기 칩스"", ""오다리&칩스"", ""쥐포 튀김"", ""허니버터 감자튀김"", ""에그인헬"", ""골뱅이 파무침&소면"", ""해물 짬뽕탕"", ""매운 오돌뼈 & 주먹밥"", ""비빔만두"", ""직화 먹태구이"", ""반건조 오징어""], ""conveniences"": [""무선 인터넷"", ""단체 이용 가능"", ""포장""]}",엘리 | 제주 엘리,,,,,
346,346,케이,쇼핑,335호,,33.5131993,126.522933,010-7712-1627,,,,지하상가,fail,5_fail,매칭 실패,357.1,naver_place,https://map.naver.com/p/entry/place/36919618,https://map.naver.com/p/entry/place/36919618,https://pcmap.place.naver.com/place/36919618/home,36919618,케이라인 이사자재전문점,종합도소매,,,제주 제주시 북성로 43,제주 제주시 삼도이동 1116-4,제주시 북성로 43번지,064-724-2404,,33.5155709,126.5203354,월 09:00 - 19:00,영업 중19:00에 영업 종료,,"{""목"": {""open"": ""09:00 - 19:00""}, ""금"": {""open"": ""09:00 - 19:00""}, ""토"": {""open"": ""09:00 - 19:00""}, ""일"": {""open"": ""정기휴무 (매주 일요일)""}, ""월"": {""open"": ""09:00 - 19:00""}, ""화"": {""open"": ""09:00 - 19:00""}, ""수"": {""open"": ""09:00 - 19:00""}}",영업 중19:00에 영업 종료 | 19시 0분에 영업 종료 | 목 | 09:00 - 19:00 | 금 | 09:00 - 19:00 | 토 | 09:00 - 19:00 | 일 | 정기휴무 (매주 일요일) | 월 | 09:00 - 19:00 | 화 | 09:00 - 19:00 | 수 | 09:00 - 19:00 | 09/25-09/26 추석 휴무 | 접기,예약|주차|포장,,,,,,,,,케이라인 이사자재전문점|종합도소매|제주 제주시 북성로 43|제주 제주시 삼도이동 1116-4|064-724-2404|월 09:00 - 19:00|주차|포장,"[""케이라인 이사자재전문점"", ""종합도소매"", ""제주 제주시 북성로 43"", ""제주 제주시 삼도이동 1116-4"", ""064-724-2404"", ""월 09:00 - 19:00"", ""주차"", ""포장""]","{""name"": [""케이라인 이사자재전문점""], ""category"": [""종합도소매""], ""address"": [""제주 제주시 북성로 43"", ""제주 제주시 삼도이동 1116-4""], ""phone"": [""064-724-2404""], ""hours"": [""월 09:00 - 19:00""], ""conveniences"": [""주차"", ""포장""]}",케이 | 제주 케이 | 케이 쇼핑 | 제주 케이 쇼핑,,,,,
347,347,아이리스,쇼핑,"336,337호",,33.5132005,126.522907,064-702-3077,,,,지하상가,fail,5_fail,매칭 실패,4833.8,naver_place,https://map.naver.com/p/entry/place/16843553,https://map.naver.com/p/entry/place/16843553,https://pcmap.place.naver.com/place/16843553/home,16843553,아이리스,"맥주,호프",,,제주 제주시 국기로3길 5,제주 제주시 연동 1501-8,,064-747-8278,,33.4788617,126.4909402,영업 중,영업 중,,{},정보 수정,,,,,,,,,,"아이리스|맥주,호프|제주 제주시 국기로3길 5|제주 제주시 연동 1501-8|064-747-8278|영업 중","[""아이리스"", ""맥주,호프"", ""제주 제주시 국기로3길 5"", ""제주 제주시 연동 1501-8"", ""064-747-8278"", ""영업 중""]","{""name"": [""아이리스""], ""category"": [""맥주,호프""], ""address"": [""제주 제주시 국기로3길 5"", ""제주 제주시 연동 1501-8""], ""phone"": [""064-747-8278""], ""hours"": [""영업 중""]}",아이리스 | 제주 아이리스 | 아이리스 쇼핑,,,,,
348,348,딸기딸기,쇼핑,338호,,33.5132027,126.522853,064-759-8282,,https://naver.me/FORthy13,,지하상가,success,1_naver_link,naver_link place_id=31269477,0.1,naver_place,https://map.naver.com/p/entry/place/31269477,https://map.naver.com/p/entry/place/31269477,https://pcmap.place.naver.com/place/31269477/home,31269477,딸기 제주중앙지하상가점,패션,,,제주 제주시 삼도이동 중앙로 60 제주중앙지하상가 338,제주 제주시 삼도이동 1425-3,,064-759-8282,,33.5132031,126.5228526,,,,{},정보 수정,,,,,,,,,,딸기 제주중앙지하상가점|패션|제주 제주시 삼도이동 중앙로 60 제주중앙지하상가 338|제주 제주시 삼도이동 1425-3|064-759-8282,"[""딸기 제주중앙지하상가점"", ""패션"", ""제주 제주시 삼도이동 중앙로 60 제주중앙지하상가 338"", ""제주 제주시 삼도이동 1425-3"", ""064-759-8282""]","{""name"": [""딸기 제주중앙지하상가점""], ""category"": [""패션""], ""address"": [""제주 제주시 삼도이동 중앙로 60 제주중앙지하상가 338"", ""제주 제주시 삼도이동 1425-3""], ""phone"": [""064-759-8282""]}",https://naver.me/FORthy13,,,,,"[{""title"": ""결제수단"", ""body"": ""제로페이\n알고 계신 정보와 다른 정보가 있나요?\n사진으로 간단하게 제보해 주세요.\n정보 수정 제안하기\n이용약관고객센터리뷰운영정책신고센터\n네이버""}]"
349,349,스타일 도도,쇼핑,340호,,33.513206,126.522798,010-7195-3833,,,,지하상가,fail,5_fail,매칭 실패,404337.0,naver_place,https://map.naver.com/p/entry/place/21793226,https://map.naver.com/p/entry/place/21793226,https://pcmap.place.naver.com/place/21793226/home,21793226,스타일도도헤어,미용실,,,충북 충주시 남산로 1,충북 충주시 지현동 1543,,043-857-5270,,36.9624891,127.9326931,,,,{},,,,,,,,,,,스타일도도헤어|미용실|충북 충주시 남산로 1|충북 충주시 지현동 1543|043-857-5270|안내|방문 키워드 통계 그래프 예시입니다.|현재 4명 참여|10명 이상 참여하면|방문 키워드 통계가 공개됩니다!|특징|서비스1|만족도1|추천순|최신순|곰냥비비됴|팔로우|원하는 스타일로 잘해줘요|친절해요|반응 남기기|방문일|1.20.화|2026년 1월 20일 화요일|6번째 방문,"[""스타일도도헤어"", ""미용실"", ""충북 충주시 남산로 1"", ""충북 충주시 지현동 1543"", ""043-857-5270"", ""안내"", ""방문 키워드 통계 그래프 예시입니다."", ""현재 4명 참여"", ""10명 이상 참여하면"", ""방문 키워드 통계가 공개됩니다!"", ""특징"", ""서비스1"", ""만족도1"", ""추천순"", ""최신순"", ""곰냥비비됴"", ""팔로우"", ""원하는 스타일로 잘해줘요"", ""친절해요"", ""반응 남기기"", ""방문일"", ""1.20.화"", ""2026년 1월 20일 화요일"", ""6번째 방문""]","{""name"": [""스타일도도헤어""], ""category"": [""미용실""], ""address"": [""충북 충주시 남산로 1"", ""충북 충주시 지현동 1543""], ""phone"": [""043-857-5270""], ""visitor_keywords"": [""안내"", ""방문 키워드 통계 그래프 예시입니다."", ""현재 4명 참여"", ""10명 이상 참여하면"", ""방문 키워드 통계가 공개됩니다!"", ""특징"", ""서비스1"", ""만족도1"", ""추천순"", ""최신순"", ""곰냥비비됴"", ""팔로우"", ""원하는 스타일로 잘해줘요"", ""친절해요"", ""반응 남기기"", ""방문일"", ""1.20.화"", ""2026년 1월 20일 화요일"", ""6번째 방문""]}",스타일 도도 | 제주 스타일 도도 | 스타일 도도 쇼핑 | 제주 스타일 도도 쇼핑,,,,"[""안내"", ""방문 키워드 통계 그래프 예시입니다."", ""현재 4명 참여"", ""10명 이상 참여하면"", ""방문 키워드 통계가 공개됩니다!"", ""특징"", ""서비스1"", ""만족도1"", ""추천순"", ""최신순"", ""곰냥비비됴"", ""팔로우"", ""원하는 스타일로 잘해줘요"", ""친절해요"", ""반응 남기기"", ""방문일"", ""1.20.화"", ""2026년 1월 20일 화요일"", ""6번째 방문""]",
350,350,럭셔리우먼,쇼핑,"341,342호",,33.5131982,126.522773,010-2695-3580,,,,지하상가,fail,5_fail,매칭 실패,274155.9,naver_place,https://map.naver.com/p/entry/place/15189821,https://map.naver.com/p/entry/place/15189821,https://pcmap.place.naver.com/place/15189821/home,15189821,미니멈 창원대리점,여성의류,,,경남 창원시 성산구 용지로 70 성원오피스텔 129호(1층 송월타월 맞은 편),경남 창원시 성산구 중앙동 98-4,,,,35.2221762,128.6760105,영업 중,영업 중,,{},영업 중,단체 이용 가능|남/녀 화장실 구분|대기공간|반려동물 동반|배달|포장|간편결제|주차,,,,,,,,,"미니멈 창원대리점|여성의류|경남 창원시 성산구 용지로 70 성원오피스텔 129호(1층 송월타월 맞은 편)|경남 창원시 성산구 중앙동 98-4|영업 중|단체 이용 가능|남/녀 화장실 구분|대기공간|반려동물 동반|배달|포장|간편결제|주차|안내|12회10명 참여|""품질이 좋아요""|이 키워드를 선택한 인원|""친절해요""|""주차하기 편해요""|""스타일 추천을 잘해줘요""|""독특한 디자인이 많아요""|최신순|귀염이6352|팔로우|예쁜 옷이 많아요.|품질이 좋아요|종류가 다양해요|독특한 디자인이 많아요","[""미니멈 창원대리점"", ""여성의류"", ""경남 창원시 성산구 용지로 70 성원오피스텔 129호(1층 송월타월 맞은 편)"", ""경남 창원시 성산구 중앙동 98-4"", ""영업 중"", ""단체 이용 가능"", ""남/녀 화장실 구분"", ""대기공간"", ""반려동물 동반"", ""배달"", ""포장"", ""간편결제"", ""주차"", ""안내"", ""12회10명 참여"", ""\""품질이 좋아요\"""", ""이 키워드를 선택한 인원"", ""\""친절해요\"""", ""\""주차하기 편해요\"""", ""\""스타일 추천을 잘해줘요\"""", ""\""독특한 디자인이 많아요\"""", ""최신순"", ""귀염이6352"", ""팔로우"", ""예쁜 옷이 많아요."", ""품질이 좋아요"", ""종류가 다양해요"", ""독특한 디자인이 많아요""]","{""name"": [""미니멈 창원대리점""], ""category"": [""여성의류""], ""address"": [""경남 창원시 성산구 용지로 70 성원오피스텔 129호(1층 송월타월 맞은 편)"", ""경남 창원시 성산구 중앙동 98-4""], ""hours"": [""영업 중""], ""conveniences"": [""단체 이용 가능"", ""남/녀 화장실 구분"", ""대기공간"", ""반려동물 동반"", ""배달"", ""포장"", ""간편결제"", ""주차""], ""visitor_keywords"": [""안내"", ""12회10명 참여"", ""\""품질이 좋아요\"""", ""이 키워드를 선택한 인원"", ""\""친절해요\"""", ""\""주차하기 편해요\"""", ""\""스타일 추천을 잘해줘요\"""", ""\""독특한 디자인이 많아요\"""", ""최신순"", ""귀염이6352"", ""팔로우"", ""예쁜 옷이 많아요."", ""품질이 좋아요"", ""종류가 다양해요"", ""독특한 디자인이 많아요""]}",럭셔리우먼 | 제주 럭셔리우먼 | 럭셔리우먼 쇼핑 | 제주 럭셔리우먼 쇼핑,,,,"[""안내"", ""12회10명 참여"", ""\""품질이 좋아요\"""", ""이 키워드를 선택한 인원"", ""\""친절해요\"""", ""\""주차하기 편해요\"""", ""\""스타일 추천을 잘해줘요\"""", ""\""독특한 디자인이 많아요\"""", ""최신순"", ""귀염이6352"", ""팔로우"", ""예쁜 옷이 많아요."", ""품질이 좋아요"", ""종류가 다양해요"", ""독특한 디자인이 많아요""]",
351,351,톡톡톡 바르고,쇼핑,344호,,33.5132049,126.522693,010-8635-9582,,,,지하상가,fail,5_fail,매칭 실패,13458.1,naver_place,https://map.naver.com/p/entry/place/1292775098,https://map.naver.com/p/entry/place/1292775098,https://pcmap.place.naver.com/place/1292775098/home,1292775098,선물가게바나나 제주 기념품샵 함덕점,"판촉,기념품",,,제주 제주시 조천읍 신북로 491-9 3층,제주 제주시 조천읍 함덕리 1020-2,,,,33.5437983,126.6631673,영업 중,영업 중,,{},영업 중,무선 인터넷|포장|남/녀 화장실 구분|주차,,,,,,,,동백물티슈|제주 지비츠|실내용 디퓨저,"선물가게바나나 제주 기념품샵 함덕점|판촉,기념품|제주 제주시 조천읍 신북로 491-9 3층|제주 제주시 조천읍 함덕리 1020-2|영업 중|동백물티슈|제주 지비츠|실내용 디퓨저|무선 인터넷|포장|남/녀 화장실 구분|주차|안내|828회2|774명 참여|""종류가 다양해요""|이 키워드를 선택한 인원|""친절해요""|""가성비가 좋아요""|""주차하기 편해요""|""뷰가 좋아요""|동영상|최신순|awe****","[""선물가게바나나 제주 기념품샵 함덕점"", ""판촉,기념품"", ""제주 제주시 조천읍 신북로 491-9 3층"", ""제주 제주시 조천읍 함덕리 1020-2"", ""영업 중"", ""동백물티슈"", ""제주 지비츠"", ""실내용 디퓨저"", ""무선 인터넷"", ""포장"", ""남/녀 화장실 구분"", ""주차"", ""안내"", ""828회2"", ""774명 참여"", ""\""종류가 다양해요\"""", ""이 키워드를 선택한 인원"", ""\""친절해요\"""", ""\""가성비가 좋아요\"""", ""\""주차하기 편해요\"""", ""\""뷰가 좋아요\"""", ""동영상"", ""최신순"", ""awe****""]","{""name"": [""선물가게바나나 제주 기념품샵 함덕점""], ""category"": [""판촉,기념품""], ""address"": [""제주 제주시 조천읍 신북로 491-9 3층"", ""제주 제주시 조천읍 함덕리 1020-2""], ""hours"": [""영업 중""], ""menus"": [""동백물티슈"", ""제주 지비츠"", ""실내용 디퓨저""], ""conveniences"": [""무선 인터넷"", ""포장"", ""남/녀 화장실 구분"", ""주차""], ""visitor_keywords"": [""안내"", ""828회2"", ""774명 참여"", ""\""종류가 다양해요\"""", ""이 키워드를 선택한 인원"", ""\""친절해요\"""", ""\""가성비가 좋아요\"""", ""\""주차하기 편해요\"""", ""\""뷰가 좋아요\"""", ""동영상"", ""최신순"", ""awe****""]}",톡톡톡 바르고 | 제주 톡톡톡 바르고 | 톡톡톡 바르고 쇼핑 | 제주 톡톡톡 바르고 쇼핑,,,,"[""안내"", ""2,828회2,774명 참여"", ""\""종류가 다양해요\"""", ""이 키워드를 선택한 인원"", ""\""친절해요\"""", ""\""가성비가 좋아요\"""", ""\""주차하기 편해요\"""", ""\""뷰가 좋아요\"""", ""동영상"", ""최신순"", ""awe****""]",
352,352,바글바글,쇼핑,346호,,33.513281,126.52246,010-4445-9933,,,,지하상가,fail,5_fail,매칭 실패,8753.1,naver_place,https://map.naver.com/p/entry/place/1742606757,https://map.naver.com/p/entry/place/1742606757,https://pcmap.place.naver.com/place/1742606757/home,1742606757,바글바글해장국몸국,해장국,,,제주 제주시 우정로5길 10,제주 제주시 외도일동 477-4,,064-749-1150,,33.4902038,126.4322058,영업 중,영업 중,,{},영업 중,,,,,,,,,몸국|해장국|내장탕|흑돼지 김치찌개|매운갈비찜|흑돼지주물럭|황태해장국|냉동한치물회|활한치물회,"바글바글해장국몸국|해장국|제주 제주시 우정로5길 10|제주 제주시 외도일동 477-4|064-749-1150|영업 중|몸국|내장탕|흑돼지 김치찌개|매운갈비찜|흑돼지주물럭|황태해장국|냉동한치물회|활한치물회|안내|41회34명 참여|""음식이 맛있어요""|이 키워드를 선택한 인원|""친절해요""|""양이 많아요""|""가성비가 좋아요""|""주차하기 편해요""|동영상|몸국4|고기2|물회2","[""바글바글해장국몸국"", ""해장국"", ""제주 제주시 우정로5길 10"", ""제주 제주시 외도일동 477-4"", ""064-749-1150"", ""영업 중"", ""몸국"", ""내장탕"", ""흑돼지 김치찌개"", ""매운갈비찜"", ""흑돼지주물럭"", ""황태해장국"", ""냉동한치물회"", ""활한치물회"", ""안내"", ""41회34명 참여"", ""\""음식이 맛있어요\"""", ""이 키워드를 선택한 인원"", ""\""친절해요\"""", ""\""양이 많아요\"""", ""\""가성비가 좋아요\"""", ""\""주차하기 편해요\"""", ""동영상"", ""몸국4"", ""고기2"", ""물회2""]","{""name"": [""바글바글해장국몸국""], ""category"": [""해장국""], ""address"": [""제주 제주시 우정로5길 10"", ""제주 제주시 외도일동 477-4""], ""phone"": [""064-749-1150""], ""hours"": [""영업 중""], ""menus"": [""몸국"", ""해장국"", ""내장탕"", ""흑돼지 김치찌개"", ""매운갈비찜"", ""흑돼지주물럭"", ""황태해장국"", ""냉동한치물회"", ""활한치물회""], ""visitor_keywords"": [""안내"", ""41회34명 참여"", ""\""음식이 맛있어요\"""", ""이 키워드를 선택한 인원"", ""\""친절해요\"""", ""\""양이 많아요\"""", ""\""가성비가 좋아요\"""", ""\""주차하기 편해요\"""", ""동영상"", ""몸국4"", ""고기2"", ""물회2""]}",바글바글 | 제주 바글바글 | 바글바글 쇼핑,,,,"[""안내"", ""41회34명 참여"", ""\""음식이 맛있어요\"""", ""이 키워드를 선택한 인원"", ""\""친절해요\"""", ""\""양이 많아요\"""", ""\""가성비가 좋아요\"""", ""\""주차하기 편해요\"""", ""동영상"", ""메뉴"", ""몸국4"", ""고기2"", ""물회2""]",
353,353,마당발,쇼핑,347호,,33.5132653,126.522697,064-724-8988,,,,지하상가,success,2_address_match,주소일치(exact_or_contains) query=마당발,167.6,naver_place,https://map.naver.com/p/entry/place/37883545,https://map.naver.com/p/entry/place/37883545,https://pcmap.place.naver.com/place/37883545/home,37883545,마당발,신발,,,제주 제주시 중앙로 60 중앙지하상가 347호,제주 제주시 일도일동 1454-2,본죽사거리에서 바닷가 방향으로 100미터,064-748-0988,,33.5128347,126.5244294,,,,{},정보 수정,,열심히 하겠습니다~,,,,,,,,마당발|신발|제주 제주시 중앙로 60 중앙지하상가 347호|제주 제주시 일도일동 1454-2|064-748-0988,"[""마당발"", ""신발"", ""제주 제주시 중앙로 60 중앙지하상가 347호"", ""제주 제주시 일도일동 1454-2"", ""064-748-0988""]","{""name"": [""마당발""], ""category"": [""신발""], ""address"": [""제주 제주시 중앙로 60 중앙지하상가 347호"", ""제주 제주시 일도일동 1454-2""], ""phone"": [""064-748-0988""]}",마당발,,,,,"[{""title"": ""소개"", ""body"": ""열심히 하겠습니다~""}, {""title"": ""대표 키워드"", ""body"": ""운동화숙녀화아동화남성화신발""}, {""title"": ""결제수단"", ""body"": ""제로페이\n알고 계신 정보와 다른 정보가 있나요?\n사진으로 간단하게 제보해 주세요.\n정보 수정 제안하기\n이용약관고객센터리뷰운영정책신고센터\n네이버""}]"
354,354,슈즈마당발,쇼핑,348호,,33.5132765,126.522724,010-2627-7314,,,,지하상가,needs_confirm,4_coord_near_confirm,좌표 166m ≤ 250m → 확인 필요,165.6,naver_place,https://map.naver.com/p/entry/place/37883545,https://map.naver.com/p/entry/place/37883545,https://pcmap.place.naver.com/place/37883545/home,37883545,마당발,신발,,,제주 제주시 중앙로 60 중앙지하상가 347호,제주 제주시 일도일동 1454-2,본죽사거리에서 바닷가 방향으로 100미터,064-748-0988,,33.5128347,126.5244294,,,,{},정보 수정,,열심히 하겠습니다~,,,,,,,,마당발|신발|제주 제주시 중앙로 60 중앙지하상가 347호|제주 제주시 일도일동 1454-2|064-748-0988,"[""마당발"", ""신발"", ""제주 제주시 중앙로 60 중앙지하상가 347호"", ""제주 제주시 일도일동 1454-2"", ""064-748-0988""]","{""name"": [""마당발""], ""category"": [""신발""], ""address"": [""제주 제주시 중앙로 60 중앙지하상가 347호"", ""제주 제주시 일도일동 1454-2""], ""phone"": [""064-748-0988""]}",슈즈마당발 | 제주 슈즈마당발 | 슈즈마당발 쇼핑 | 제주 슈즈마당발 쇼핑,,,,,"[{""title"": ""소개"", ""body"": ""열심히 하겠습니다~""}, {""title"": ""대표 키워드"", ""body"": ""운동화숙녀화아동화남성화신발""}, {""title"": ""결제수단"", ""body"": ""제로페이\n알고 계신 정보와 다른 정보가 있나요?\n사진으로 간단하게 제보해 주세요.\n정보 수정 제안하기\n이용약관고객센터리뷰운영정책신고센터\n네이버""}]"
355,355,샤샤코리아,쇼핑,"349,350호",,33.5132675,126.522764,064-758-8834,,https://naver.me/Fx258qjn,,지하상가,success,1_naver_link,naver_link place_id=31269498,0.1,naver_place,https://map.naver.com/p/entry/place/31269498,https://map.naver.com/p/entry/place/31269498,https://pcmap.place.naver.com/place/31269498/home,31269498,샤샤코리아 제주중앙지하상가점,"화장품,향수",,,"제주 제주시 삼도이동 중앙로 60 제주중앙지하상가 349,350",제주 제주시 삼도이동 1425-3,,064-758-8834,,33.5132669,126.5227643,,,,{},정보 수정,,,,,,,,,,"샤샤코리아 제주중앙지하상가점|화장품,향수|제주 제주시 삼도이동 중앙로 60 제주중앙지하상가 349,350|제주 제주시 삼도이동 1425-3|064-758-8834","[""샤샤코리아 제주중앙지하상가점"", ""화장품,향수"", ""제주 제주시 삼도이동 중앙로 60 제주중앙지하상가 349,350"", ""제주 제주시 삼도이동 1425-3"", ""064-758-8834""]","{""name"": [""샤샤코리아 제주중앙지하상가점""], ""category"": [""화장품,향수""], ""address"": [""제주 제주시 삼도이동 중앙로 60 제주중앙지하상가 349,350"", ""제주 제주시 삼도이동 1425-3""], ""phone"": [""064-758-8834""]}",https://naver.me/Fx258qjn,,,,,
356,356,악센트,쇼핑,351호,,33.5132575,126.522802,010-3690-1099,,,,지하상가,fail,5_fail,매칭 실패,296354.3,naver_place,https://map.naver.com/p/entry/place/37537231,https://map.naver.com/p/entry/place/37537231,https://pcmap.place.naver.com/place/37537231/home,37537231,BSJOY,"건강,의료용품",,,부산 부산진구 전포대로223번길 15,부산 부산진구 전포동 681-11,,0507-1437-6001,,35.1563277,129.0643256,00:00 - 24:00,24시간 영업연중무휴,,"{""매일"": {""open"": ""00:00 - 24:00""}}",24시간 영업연중무휴 | 연중무휴 | 매일 | 00:00 - 24:00 | 접기,,,,,,,,,,"BSJOY|건강,의료용품|부산 부산진구 전포대로223번길 15|부산 부산진구 전포동 681-11|0507-1437-6001|00:00 - 24:00","[""BSJOY"", ""건강,의료용품"", ""부산 부산진구 전포대로223번길 15"", ""부산 부산진구 전포동 681-11"", ""0507-1437-6001"", ""00:00 - 24:00""]","{""name"": [""BSJOY""], ""category"": [""건강,의료용품""], ""address"": [""부산 부산진구 전포대로223번길 15"", ""부산 부산진구 전포동 681-11""], ""phone"": [""0507-1437-6001""], ""hours"": [""00:00 - 24:00""]}",악센트 | 제주 악센트 | 악센트 쇼핑 | 제주 악센트 쇼핑,,,,,
357,357,감귤당,쇼핑,352호,,33.513272,126.522829,010-5540-5441,,,,지하상가,fail,5_fail,매칭 실패,,,,,,,,,,,,,,,,,,,,,{},,,,,,,,,,,,[],{},감귤당 | 제주 감귤당 | 감귤당 쇼핑 | 제주 감귤당 쇼핑,,,,,
358,358,그루터기,쇼핑,354호,,33.5132687,126.522884,064-722-5859,,,,지하상가,success,4_coord_close_auto,좌표 0m ≤ 80m,0.1,naver_place,https://map.naver.com/p/entry/place/31269502,https://map.naver.com/p/entry/place/31269502,https://pcmap.place.naver.com/place/31269502/home,31269502,그루터기 제주중앙지하상가점,패션,,,제주 제주시 삼도이동 중앙로 60 제주중앙지하상가 354,제주 제주시 삼도이동 1425-3,,064-722-5859,,33.5132683,126.5228829,,,,{},정보 수정,,"벼리온리
23.11.111번째 방문영수증
엄마옷 쇼핑
친절해요
nij****
22.7.51번째 방문영수증
굿
로딩중
알고 계신 정보와 다른 정보가 있나요?
사진으로 간단하게 제보해 주세요.
정보 수정 제안하기
이용약관고객센터리뷰운영정책신고센터
네이버",,,,,,,,그루터기 제주중앙지하상가점|패션|제주 제주시 삼도이동 중앙로 60 제주중앙지하상가 354|제주 제주시 삼도이동 1425-3|064-722-5859,"[""그루터기 제주중앙지하상가점"", ""패션"", ""제주 제주시 삼도이동 중앙로 60 제주중앙지하상가 354"", ""제주 제주시 삼도이동 1425-3"", ""064-722-5859""]","{""name"": [""그루터기 제주중앙지하상가점""], ""category"": [""패션""], ""address"": [""제주 제주시 삼도이동 중앙로 60 제주중앙지하상가 354"", ""제주 제주시 삼도이동 1425-3""], ""phone"": [""064-722-5859""]}",그루터기 | 제주 그루터기,,,,,"[{""title"": ""방문자 리뷰4"", ""body"": ""벼리온리\n23.11.111번째 방문영수증\n엄마옷 쇼핑\n친절해요\nnij****\n22.7.51번째 방문영수증\n굿\n로딩중\n알고 계신 정보와 다른 정보가 있나요?\n사진으로 간단하게 제보해 주세요.\n정보 수정 제안하기\n이용약관고객센터리뷰운영정책신고센터\n네이버""}]"
359,359,포칼라,쇼핑,355호,,33.5132608,126.522911,064-757-0645,,,,지하상가,success,4_coord_close_auto,좌표 0m ≤ 80m,0.1,naver_place,https://map.naver.com/p/entry/place/31269503,https://map.naver.com/p/entry/place/31269503,https://pcmap.place.naver.com/place/31269503/home,31269503,포칼라 제주중앙지하상가점,패션,,,제주 제주시 삼도이동 중앙로 60 제주중앙지하상가 355,제주 제주시 삼도이동 1425-3,,064-757-0645,,33.5132606,126.5229102,,,,{},정보 수정,,,,,,,,,,포칼라 제주중앙지하상가점|패션|제주 제주시 삼도이동 중앙로 60 제주중앙지하상가 355|제주 제주시 삼도이동 1425-3|064-757-0645,"[""포칼라 제주중앙지하상가점"", ""패션"", ""제주 제주시 삼도이동 중앙로 60 제주중앙지하상가 355"", ""제주 제주시 삼도이동 1425-3"", ""064-757-0645""]","{""name"": [""포칼라 제주중앙지하상가점""], ""category"": [""패션""], ""address"": [""제주 제주시 삼도이동 중앙로 60 제주중앙지하상가 355"", ""제주 제주시 삼도이동 1425-3""], ""phone"": [""064-757-0645""]}",포칼라 | 제주 포칼라 | 포칼라 쇼핑 | 제주 포칼라 쇼핑,,,,,"[{""title"": ""결제수단"", ""body"": ""제로페이\n알고 계신 정보와 다른 정보가 있나요?\n사진으로 간단하게 제보해 주세요.\n정보 수정 제안하기\n이용약관고객센터리뷰운영정책신고센터\n네이버""}]"
360,360,트렌디2,쇼핑,356호,,33.5132508,126.522937,064-6646-2739,,,,지하상가,success,4_coord_close_auto,좌표 0m ≤ 80m,0.0,naver_place,https://map.naver.com/p/entry/place/31269514,https://map.naver.com/p/entry/place/31269514,https://pcmap.place.naver.com/place/31269514/home,31269514,트렌디2 제주중앙지하상가점,패션,,,제주 제주시 삼도이동 중앙로 60 제주중앙지하상가 356,제주 제주시 삼도이동 1425-3,,064-758-2739,,33.5132512,126.5229372,,,,{},정보 수정,,"bon****
22.6.31번째 방문영수증
🫶🏻
tpt****
22.6.31번째 방문영수증
좋아요
ljo****
22.6.31번째 방문영수증
굿
알고 계신 정보와 다른 정보가 있나요?
사진으로 간단하게 제보해 주세요.
정보 수정 제안하기
이용약관고객센터리뷰운영정책신고센터
네이버",,,,,,,,트렌디2 제주중앙지하상가점|패션|제주 제주시 삼도이동 중앙로 60 제주중앙지하상가 356|제주 제주시 삼도이동 1425-3|064-758-2739,"[""트렌디2 제주중앙지하상가점"", ""패션"", ""제주 제주시 삼도이동 중앙로 60 제주중앙지하상가 356"", ""제주 제주시 삼도이동 1425-3"", ""064-758-2739""]","{""name"": [""트렌디2 제주중앙지하상가점""], ""category"": [""패션""], ""address"": [""제주 제주시 삼도이동 중앙로 60 제주중앙지하상가 356"", ""제주 제주시 삼도이동 1425-3""], ""phone"": [""064-758-2739""]}",트렌디2 | 제주 트렌디2 | 트렌디2 쇼핑,,,,,"[{""title"": ""방문자 리뷰3"", ""body"": ""bon****\n22.6.31번째 방문영수증\n🫶🏻\ntpt****\n22.6.31번째 방문영수증\n좋아요\nljo****\n22.6.31번째 방문영수증\n굿\n알고 계신 정보와 다른 정보가 있나요?\n사진으로 간단하게 제보해 주세요.\n정보 수정 제안하기\n이용약관고객센터리뷰운영정책신고센터\n네이버""}]"
361,361,블링블링2,쇼핑,357호,,33.5132687,126.522966,064-757-9514,,,,지하상가,needs_confirm,4_coord_near_confirm,좌표 153m ≤ 250m → 확인 필요,153.2,naver_place,https://map.naver.com/p/entry/place/1974843796,https://map.naver.com/p/entry/place/1974843796,https://pcmap.place.naver.com/place/1974843796/home,1974843796,블링블링2,패션,,,제주 제주시 중앙로 60,제주 제주시 일도1동 1425-3,,064-756-1005,,33.5131839,126.5246153,,,,{},,,,,,,,,,,블링블링2|패션|제주 제주시 중앙로 60|제주 제주시 일도1동 1425-3|064-756-1005|안내|방문 키워드 통계 그래프 예시입니다.|현재 4명 참여|10명 이상 참여하면|방문 키워드 통계가 공개됩니다!|최신순|숲속곰|팔로우|조아요|품질이 좋아요|가성비가 좋아요|반응 남기기|방문일|25.11.4.화|2025년 11월 4일 화요일|1번째 방문|인증 수단|영수증|이 쀼 니,"[""블링블링2"", ""패션"", ""제주 제주시 중앙로 60"", ""제주 제주시 일도1동 1425-3"", ""064-756-1005"", ""안내"", ""방문 키워드 통계 그래프 예시입니다."", ""현재 4명 참여"", ""10명 이상 참여하면"", ""방문 키워드 통계가 공개됩니다!"", ""최신순"", ""숲속곰"", ""팔로우"", ""조아요"", ""품질이 좋아요"", ""가성비가 좋아요"", ""반응 남기기"", ""방문일"", ""25.11.4.화"", ""2025년 11월 4일 화요일"", ""1번째 방문"", ""인증 수단"", ""영수증"", ""이 쀼 니""]","{""name"": [""블링블링2""], ""category"": [""패션""], ""address"": [""제주 제주시 중앙로 60"", ""제주 제주시 일도1동 1425-3""], ""phone"": [""064-756-1005""], ""visitor_keywords"": [""안내"", ""방문 키워드 통계 그래프 예시입니다."", ""현재 4명 참여"", ""10명 이상 참여하면"", ""방문 키워드 통계가 공개됩니다!"", ""최신순"", ""숲속곰"", ""팔로우"", ""조아요"", ""품질이 좋아요"", ""가성비가 좋아요"", ""반응 남기기"", ""방문일"", ""25.11.4.화"", ""2025년 11월 4일 화요일"", ""1번째 방문"", ""인증 수단"", ""영수증"", ""이 쀼 니""]}",블링블링2 | 제주 블링블링2 | 블링블링2 쇼핑,,,,"[""안내"", ""방문 키워드 통계 그래프 예시입니다."", ""현재 4명 참여"", ""10명 이상 참여하면"", ""방문 키워드 통계가 공개됩니다!"", ""최신순"", ""숲속곰"", ""팔로우"", ""조아요"", ""품질이 좋아요"", ""가성비가 좋아요"", ""반응 남기기"", ""방문일"", ""25.11.4.화"", ""2025년 11월 4일 화요일"", ""1번째 방문"", ""인증 수단"", ""영수증"", ""이 쀼 니""]","[{""title"": ""결제수단"", ""body"": ""제로페이\n알고 계신 정보와 다른 정보가 있나요?\n사진으로 간단하게 제보해 주세요.\n정보 수정 제안하기\n이용약관고객센터리뷰운영정책신고센터\n네이버""}]"
362,362,망고,쇼핑,"358,359호",,33.5132575,126.523003,010-7568-9995,,,,지하상가,fail,5_fail,매칭 실패,2061.0,naver_place,https://map.naver.com/p/entry/place/1184503705,https://map.naver.com/p/entry/place/1184503705,https://pcmap.place.naver.com/place/1184503705/home,1184503705,망고케이스 제주일도점,휴대폰액세서리,,,제주 제주시 천수로9길 1 102호,제주 제주시 일도이동 416-7,,070-4401-0008,,33.5042637,126.5424397,영업 중,영업 중,,{},영업 중,반려동물 동반|주차,,,,,,,,,"망고케이스 제주일도점|휴대폰액세서리|제주 제주시 천수로9길 1 102호|제주 제주시 일도이동 416-7|070-4401-0008|영업 중|반려동물 동반|주차|안내|44회37명 참여|""친절해요""|이 키워드를 선택한 인원|""서비스가 좋아요""|""설명이 자세해요""|""가격이 합리적이에요""|""시설이 깔끔해요""|최신순|호두666|팔로우|친절해요|가격이 합리적이에요|시설이 깔끔해요|반응 남기기","[""망고케이스 제주일도점"", ""휴대폰액세서리"", ""제주 제주시 천수로9길 1 102호"", ""제주 제주시 일도이동 416-7"", ""070-4401-0008"", ""영업 중"", ""반려동물 동반"", ""주차"", ""안내"", ""44회37명 참여"", ""\""친절해요\"""", ""이 키워드를 선택한 인원"", ""\""서비스가 좋아요\"""", ""\""설명이 자세해요\"""", ""\""가격이 합리적이에요\"""", ""\""시설이 깔끔해요\"""", ""최신순"", ""호두666"", ""팔로우"", ""친절해요"", ""가격이 합리적이에요"", ""시설이 깔끔해요"", ""반응 남기기""]","{""name"": [""망고케이스 제주일도점""], ""category"": [""휴대폰액세서리""], ""address"": [""제주 제주시 천수로9길 1 102호"", ""제주 제주시 일도이동 416-7""], ""phone"": [""070-4401-0008""], ""hours"": [""영업 중""], ""conveniences"": [""반려동물 동반"", ""주차""], ""visitor_keywords"": [""안내"", ""44회37명 참여"", ""\""친절해요\"""", ""이 키워드를 선택한 인원"", ""\""서비스가 좋아요\"""", ""\""설명이 자세해요\"""", ""\""가격이 합리적이에요\"""", ""\""시설이 깔끔해요\"""", ""최신순"", ""호두666"", ""팔로우"", ""친절해요"", ""가격이 합리적이에요"", ""시설이 깔끔해요"", ""반응 남기기""]}",망고 | 제주 망고 | 망고 쇼핑 | 제주 망고 쇼핑,,,,"[""안내"", ""44회37명 참여"", ""\""친절해요\"""", ""이 키워드를 선택한 인원"", ""\""서비스가 좋아요\"""", ""\""설명이 자세해요\"""", ""\""가격이 합리적이에요\"""", ""\""시설이 깔끔해요\"""", ""최신순"", ""호두666"", ""팔로우"", ""친절해요"", ""가격이 합리적이에요"", ""시설이 깔끔해요"", ""반응 남기기""]",
363,363,도토리,쇼핑,360호,,33.5132452,126.523042,064-722-9600,,,,지하상가,fail,5_fail,매칭 실패,476.1,naver_place,https://map.naver.com/p/entry/place/223026237,https://map.naver.com/p/entry/place/223026237,https://pcmap.place.naver.com/place/223026237/home,223026237,도토리키친 본점,국수,,건강한 재료로 만든 제주 감성 메뉴,제주 제주시 북성로 59 1층,제주 제주시 삼도이동 1158-1,제주국제공항에서 차로 5분거리에 위치 |  | / 네비,0507-1463-1021,http://www.instagram.com/dotoreekitchen,33.5153809,126.5185915,월 11:00 - 17:00,영업 종료11:00에 영업 시작,16:30 라스트오더 | 주방마감은 영업종료 30분 전입니다.,"{""목"": {""open"": ""11:00 - 17:00""}, ""금"": {""open"": ""11:00 - 17:00""}, ""토"": {""open"": ""11:00 - 17:00""}, ""일"": {""open"": ""11:00 - 17:00""}, ""월"": {""open"": ""11:00 - 17:00""}, ""화"": {""open"": ""11:00 - 17:00""}, ""수"": {""open"": ""11:00 - 17:00""}}",영업 종료11:00에 영업 시작 | 11시 0분에 영업 시작 | 목 | 11:00 - 17:00 | 16:30 라스트오더 | 금 | 11:00 - 17:00 | 16:30 라스트오더 | 토 | 11:00 - 17:00 | 16:30 라스트오더 | 일 | 11:00 - 17:00 | 16:30 라스트오더 | 월 | 11:00 - 17:00 | 16:30 라스트오더 | 화 | 11:00 - 17:00 | 16:30 라스트오더 | 수 | 11:00 - 17:00 | 16:30 라스트오더 | 09/25 추석 휴무 | - 주방마감은 영업종료 30분 전입니다. | 접기,남/녀 화장실 구분|유아의자|대기공간|주차,,,,,,,,청귤소바|청귤소바+톳유부초밥|냉소바|청귤소바+새우감자고로케|롤카베츠(겨울한정)|소바롤|톳유부초밥 3ps|청귤에이드|닭껍질교자|새우감자고로케,도토리키친 본점|국수|제주 제주시 북성로 59 1층|제주 제주시 삼도이동 1158-1|0507-1463-1021|월 11:00 - 17:00|청귤소바|청귤소바+톳유부초밥|냉소바|청귤소바+새우감자고로케|롤카베츠(겨울한정)|소바롤|톳유부초밥 3ps|청귤에이드|닭껍질교자|새우감자고로케|건강한 재료로 만든 제주 감성 메뉴|남/녀 화장실 구분|유아의자|대기공간|주차,"[""도토리키친 본점"", ""국수"", ""제주 제주시 북성로 59 1층"", ""제주 제주시 삼도이동 1158-1"", ""0507-1463-1021"", ""월 11:00 - 17:00"", ""청귤소바"", ""청귤소바+톳유부초밥"", ""냉소바"", ""청귤소바+새우감자고로케"", ""롤카베츠(겨울한정)"", ""소바롤"", ""톳유부초밥 3ps"", ""청귤에이드"", ""닭껍질교자"", ""새우감자고로케"", ""건강한 재료로 만든 제주 감성 메뉴"", ""남/녀 화장실 구분"", ""유아의자"", ""대기공간"", ""주차""]","{""name"": [""도토리키친 본점""], ""category"": [""국수""], ""address"": [""제주 제주시 북성로 59 1층"", ""제주 제주시 삼도이동 1158-1""], ""phone"": [""0507-1463-1021""], ""hours"": [""월 11:00 - 17:00""], ""menus"": [""청귤소바"", ""청귤소바+톳유부초밥"", ""냉소바"", ""청귤소바+새우감자고로케"", ""롤카베츠(겨울한정)"", ""소바롤"", ""톳유부초밥 3ps"", ""청귤에이드"", ""닭껍질교자"", ""새우감자고로케""], ""slogan"": [""건강한 재료로 만든 제주 감성 메뉴""], ""conveniences"": [""남/녀 화장실 구분"", ""유아의자"", ""대기공간"", ""주차""]}",도토리 | 제주 도토리,,,,,
364,364,마니주 블루밍,쇼핑,361호,,33.5132642,126.52307,010-6591-0418,,,,지하상가,fail,5_fail,매칭 실패,,,,,,,,,,,,,,,,,,,,,{},,,,,,,,,,,,[],{},마니주 블루밍 | 제주 마니주 블루밍 | 마니주 블루밍 쇼핑 | 제주 마니주 블루밍 쇼핑,,,,,
365,365,레드가모패션,쇼핑,362호,,33.5132463,126.523096,010-8211-9933,,,,지하상가,needs_confirm,4_coord_near_confirm,좌표 143m ≤ 250m → 확인 필요,142.7,naver_place,https://map.naver.com/p/entry/place/1712074667,https://map.naver.com/p/entry/place/1712074667,https://pcmap.place.naver.com/place/1712074667/home,1712074667,레드가모패션,패션,,,제주 제주시 일도일동 중앙로 60,제주 제주시 일도일동 1425-3,,,,33.5131588,126.524632,,,,{},정보 수정,,"푸른하늘2427
22.1.211번째 방문영수증
굿
알고 계신 정보와 다른 정보가 있나요?
사진으로 간단하게 제보해 주세요.
정보 수정 제안하기
이용약관고객센터리뷰운영정책신고센터
네이버",,,,,,,,레드가모패션|패션|제주 제주시 일도일동 중앙로 60|제주 제주시 일도일동 1425-3,"[""레드가모패션"", ""패션"", ""제주 제주시 일도일동 중앙로 60"", ""제주 제주시 일도일동 1425-3""]","{""name"": [""레드가모패션""], ""category"": [""패션""], ""address"": [""제주 제주시 일도일동 중앙로 60"", ""제주 제주시 일도일동 1425-3""]}",레드가모패션 | 제주 레드가모패션 | 레드가모패션 쇼핑 | 제주 레드가모패션 쇼핑,,,,,"[{""title"": ""방문자 리뷰3"", ""body"": ""푸른하늘2427\n22.1.211번째 방문영수증\n굿\n알고 계신 정보와 다른 정보가 있나요?\n사진으로 간단하게 제보해 주세요.\n정보 수정 제안하기\n이용약관고객센터리뷰운영정책신고센터\n네이버""}]"
366,366,바이리미,쇼핑,363호,,33.5132608,126.523123,010-4252-4861,,,,지하상가,success,2_address_match,주소일치(exact_or_contains) query=바이리미,20.1,naver_place,https://map.naver.com/p/entry/place/1778660009,https://map.naver.com/p/entry/place/1778660009,https://pcmap.place.naver.com/place/1778660009/home,1778660009,바이리미,여성의류,,,제주 제주시 중앙로 60 363호,제주 제주시 일도일동 1454-2,관덕정 우체국방면 지하상가로 내려오시면 | 수선집 바로 옆 가게에 위치해 있습니다.,0507-1355-4861,,33.5134031,126.5229899,,,,{},정보 수정,,,,,,,,,,바이리미|여성의류|제주 제주시 중앙로 60 363호|제주 제주시 일도일동 1454-2|0507-1355-4861,"[""바이리미"", ""여성의류"", ""제주 제주시 중앙로 60 363호"", ""제주 제주시 일도일동 1454-2"", ""0507-1355-4861""]","{""name"": [""바이리미""], ""category"": [""여성의류""], ""address"": [""제주 제주시 중앙로 60 363호"", ""제주 제주시 일도일동 1454-2""], ""phone"": [""0507-1355-4861""]}",바이리미,,,,,"[{""title"": ""결제수단"", ""body"": ""제로페이\n알고 계신 정보와 다른 정보가 있나요?\n사진으로 간단하게 제보해 주세요.\n정보 수정 제안하기\n이용약관고객센터리뷰운영정책신고센터\n네이버""}]"
367,367,실과바늘,기타,364호,,33.5132497,126.523151,064-702-2623,,https://naver.me/FQuTVEYU,,지하상가,success,1_naver_link,naver_link place_id=31313961,0.0,naver_place,https://map.naver.com/p/entry/place/31313961,https://map.naver.com/p/entry/place/31313961,https://pcmap.place.naver.com/place/31313961/home,31313961,실과바늘 제주중앙지하상가점,옷수선,,,제주 제주시 삼도이동 중앙로 60 제주중앙지하상가 364,제주 제주시 삼도이동 1425-3,,064-702-2623,,33.5132496,126.5231507,10:00 - 21:00,영업 중21:00에 영업 종료,,"{""매일"": {""open"": ""10:00 - 21:00""}}",영업 중21:00에 영업 종료 | 21시 0분에 영업 종료 | 매일 | 10:00 - 21:00 | 접기,,"첫째 셋째 월요일 휴무
알고 계신 정보와 다른 정보가 있나요?
사진으로 간단하게 제보해 주세요.
정보 수정 제안하기
이용약관고객센터리뷰운영정책신고센터
네이버",,,,,,,,실과바늘 제주중앙지하상가점|옷수선|제주 제주시 삼도이동 중앙로 60 제주중앙지하상가 364|제주 제주시 삼도이동 1425-3|064-702-2623|10:00 - 21:00,"[""실과바늘 제주중앙지하상가점"", ""옷수선"", ""제주 제주시 삼도이동 중앙로 60 제주중앙지하상가 364"", ""제주 제주시 삼도이동 1425-3"", ""064-702-2623"", ""10:00 - 21:00""]","{""name"": [""실과바늘 제주중앙지하상가점""], ""category"": [""옷수선""], ""address"": [""제주 제주시 삼도이동 중앙로 60 제주중앙지하상가 364"", ""제주 제주시 삼도이동 1425-3""], ""phone"": [""064-702-2623""], ""hours"": [""10:00 - 21:00""]}",https://naver.me/FQuTVEYU,,,,,"[{""title"": ""소개"", ""body"": ""첫째 셋째 월요일 휴무\n알고 계신 정보와 다른 정보가 있나요?\n사진으로 간단하게 제보해 주세요.\n정보 수정 제안하기\n이용약관고객센터리뷰운영정책신고센터\n네이버""}]"
368,368,망고스틴3,쇼핑,366호,,33.5132575,126.523203,010-5755-6235,,,,지하상가,fail,5_fail,매칭 실패,449322.2,naver_place,https://map.naver.com/p/entry/place/38419131,https://map.naver.com/p/entry/place/38419131,https://pcmap.place.naver.com/place/38419131/home,38419131,XANGO,종합도소매,,,서울 양천구 목동중앙남로16나길 49,서울 양천구 목3동 642-5,,0507-1414-9118,,37.5445589,126.8645585,,,,{},정보 수정,,,,,,,,,,XANGO|종합도소매|서울 양천구 목동중앙남로16나길 49|서울 양천구 목3동 642-5|0507-1414-9118,"[""XANGO"", ""종합도소매"", ""서울 양천구 목동중앙남로16나길 49"", ""서울 양천구 목3동 642-5"", ""0507-1414-9118""]","{""name"": [""XANGO""], ""category"": [""종합도소매""], ""address"": [""서울 양천구 목동중앙남로16나길 49"", ""서울 양천구 목3동 642-5""], ""phone"": [""0507-1414-9118""]}",망고스틴3 | 제주 망고스틴3 | 망고스틴3 쇼핑 | 제주 망고스틴3 쇼핑,,,,,
369,369,비비안,쇼핑,367호,,33.5132385,126.523237,064-753-8944,,,,지하상가,needs_confirm,4_coord_near_confirm,좌표 124m ≤ 250m → 확인 필요,124.4,naver_place,https://map.naver.com/p/entry/place/31269531,https://map.naver.com/p/entry/place/31269531,https://pcmap.place.naver.com/place/31269531/home,31269531,비비안 제주중앙점,속옷,,,제주 제주시 일도일동 중앙로 60 제주중앙지하상가 367,제주 제주시 일도일동 1425-3,,064-753-8944,,33.512844,126.524493,,,,{},,,,,,,,,,,비비안 제주중앙점|속옷|제주 제주시 일도일동 중앙로 60 제주중앙지하상가 367|제주 제주시 일도일동 1425-3|064-753-8944|안내|방문 키워드 통계 그래프 예시입니다.|현재 9명 참여|10명 이상 참여하면|방문 키워드 통계가 공개됩니다!|4.0715개 평점(14명 참여)|최신순|여름밤의우리|팔로우|좋아요 품질도 좋네요|친절하세요|품질이 좋아요|가성비가 좋아요|친절해요|반응 남기기|방문일|24.9.19.목|2024년 9월 19일 목요일,"[""비비안 제주중앙점"", ""속옷"", ""제주 제주시 일도일동 중앙로 60 제주중앙지하상가 367"", ""제주 제주시 일도일동 1425-3"", ""064-753-8944"", ""안내"", ""방문 키워드 통계 그래프 예시입니다."", ""현재 9명 참여"", ""10명 이상 참여하면"", ""방문 키워드 통계가 공개됩니다!"", ""4.0715개 평점(14명 참여)"", ""최신순"", ""여름밤의우리"", ""팔로우"", ""좋아요 품질도 좋네요"", ""친절하세요"", ""품질이 좋아요"", ""가성비가 좋아요"", ""친절해요"", ""반응 남기기"", ""방문일"", ""24.9.19.목"", ""2024년 9월 19일 목요일""]","{""name"": [""비비안 제주중앙점""], ""category"": [""속옷""], ""address"": [""제주 제주시 일도일동 중앙로 60 제주중앙지하상가 367"", ""제주 제주시 일도일동 1425-3""], ""phone"": [""064-753-8944""], ""visitor_keywords"": [""안내"", ""방문 키워드 통계 그래프 예시입니다."", ""현재 9명 참여"", ""10명 이상 참여하면"", ""방문 키워드 통계가 공개됩니다!"", ""4.0715개 평점(14명 참여)"", ""최신순"", ""여름밤의우리"", ""팔로우"", ""좋아요 품질도 좋네요"", ""친절하세요"", ""품질이 좋아요"", ""가성비가 좋아요"", ""친절해요"", ""반응 남기기"", ""방문일"", ""24.9.19.목"", ""2024년 9월 19일 목요일""]}",비비안 | 제주 비비안 | 비비안 쇼핑 | 제주 비비안 쇼핑,,,,"[""안내"", ""방문 키워드 통계 그래프 예시입니다."", ""현재 9명 참여"", ""10명 이상 참여하면"", ""방문 키워드 통계가 공개됩니다!"", ""4.0715개 평점(14명 참여)"", ""최신순"", ""여름밤의우리"", ""팔로우"", ""좋아요 품질도 좋네요"", ""친절하세요"", ""품질이 좋아요"", ""가성비가 좋아요"", ""친절해요"", ""반응 남기기"", ""방문일"", ""24.9.19.목"", ""2024년 9월 19일 목요일""]","[{""title"": ""결제수단"", ""body"": ""제로페이\n알고 계신 정보와 다른 정보가 있나요?\n사진으로 간단하게 제보해 주세요.\n정보 수정 제안하기\n이용약관고객센터리뷰운영정책신고센터\n네이버""}]"
370,370,솔브,쇼핑,368호,,33.5132385,126.523393,064-756-4713,,,,지하상가,success,2_address_match,주소일치(exact_or_contains) query=솔브,111.0,naver_place,https://map.naver.com/p/entry/place/36343466,https://map.naver.com/p/entry/place/36343466,https://pcmap.place.naver.com/place/36343466/home,36343466,솔브 제주중앙점,속옷,,,제주 제주시 중앙로 60 중앙지하상가 368호,제주 제주시 일도일동 1454-2,,064-756-4713,,33.512844,126.524493,,,,{},,,"홈페이지
http://solb.co.kr/
알고 계신 정보와 다른 정보가 있나요?
사진으로 간단하게 제보해 주세요.
정보 수정 제안하기
이용약관고객센터리뷰운영정책신고센터
네이버",,,,,,,,솔브 제주중앙점|속옷|제주 제주시 중앙로 60 중앙지하상가 368호|제주 제주시 일도일동 1454-2|064-756-4713|친절해요|품질이 좋아요|종류가 다양해요|가성비가 좋아요|분위기가 편안해요|스타일 추천을 잘해줘요,"[""솔브 제주중앙점"", ""속옷"", ""제주 제주시 중앙로 60 중앙지하상가 368호"", ""제주 제주시 일도일동 1454-2"", ""064-756-4713"", ""친절해요"", ""품질이 좋아요"", ""종류가 다양해요"", ""가성비가 좋아요"", ""분위기가 편안해요"", ""스타일 추천을 잘해줘요""]","{""name"": [""솔브 제주중앙점""], ""category"": [""속옷""], ""address"": [""제주 제주시 중앙로 60 중앙지하상가 368호"", ""제주 제주시 일도일동 1454-2""], ""phone"": [""064-756-4713""], ""visitor_keywords"": [""친절해요"", ""품질이 좋아요"", ""종류가 다양해요"", ""가성비가 좋아요"", ""분위기가 편안해요"", ""스타일 추천을 잘해줘요""]}",솔브,,,,"[{""keyword"": ""친절해요"", ""count"": ""9""}, {""keyword"": ""품질이 좋아요"", ""count"": ""8""}, {""keyword"": ""종류가 다양해요"", ""count"": ""7""}, {""keyword"": ""가성비가 좋아요"", ""count"": ""6""}, {""keyword"": ""분위기가 편안해요"", ""count"": ""3""}, {""keyword"": ""스타일 추천을 잘해줘요"", ""count"": ""2""}]","[{""title"": ""대표 키워드"", ""body"": ""속옷패션속옷피팅서비스""}, {""title"": ""SNS"", ""body"": ""홈페이지\nhttp://solb.co.kr/\n알고 계신 정보와 다른 정보가 있나요?\n사진으로 간단하게 제보해 주세요.\n정보 수정 제안하기\n이용약관고객센터리뷰운영정책신고센터\n네이버""}]"
371,371,늘푸른옷,쇼핑,370호,,33.5132351,126.523462,064-751-0781,,,,지하상가,success,4_coord_close_auto,좌표 0m ≤ 80m,0.1,naver_place,https://map.naver.com/p/entry/place/31269415,https://map.naver.com/p/entry/place/31269415,https://pcmap.place.naver.com/place/31269415/home,31269415,늘푸른옷 제주중앙지하상가점,패션,,,제주 제주시 일도일동 중앙로 60 제주중앙지하상가 370,제주 제주시 일도일동 1425-3,,064-751-0781,,33.5132352,126.5234613,,,,{},정보 수정,,,,,,,,,,늘푸른옷 제주중앙지하상가점|패션|제주 제주시 일도일동 중앙로 60 제주중앙지하상가 370|제주 제주시 일도일동 1425-3|064-751-0781,"[""늘푸른옷 제주중앙지하상가점"", ""패션"", ""제주 제주시 일도일동 중앙로 60 제주중앙지하상가 370"", ""제주 제주시 일도일동 1425-3"", ""064-751-0781""]","{""name"": [""늘푸른옷 제주중앙지하상가점""], ""category"": [""패션""], ""address"": [""제주 제주시 일도일동 중앙로 60 제주중앙지하상가 370"", ""제주 제주시 일도일동 1425-3""], ""phone"": [""064-751-0781""]}",늘푸른옷 | 제주 늘푸른옷 | 늘푸른옷 쇼핑 | 제주 늘푸른옷 쇼핑,,,,,"[{""title"": ""방문자 리뷰1"", ""body"": ""알고 계신 정보와 다른 정보가 있나요?\n사진으로 간단하게 제보해 주세요.\n정보 수정 제안하기\n이용약관고객센터리뷰운영정책신고센터\n네이버""}]"
372,372,삼칠일,쇼핑,371호,,33.513234,126.523495,064-712-7706,,,,지하상가,fail,5_fail,매칭 실패,34110.2,naver_place,https://map.naver.com/p/entry/place/265144987,https://map.naver.com/p/entry/place/265144987,https://pcmap.place.naver.com/place/265144987/home,265144987,제주해조네보말성게전문점,한식,,신선한 해산물로 만든 건강한 한끼,제주 서귀포시 안덕면 대평감산로 12 제주해조네 보말성게전문점,제주 서귀포시 안덕면 창천리 876-4,"찾아가는길 | 1). 렌트카이용시 | * 제주시출발-평화로 이용시 | 95번 국도를 지나 12번 국도를 이용하여 중문을 지나 대평리로 들어옴 | * 중문, 서귀포 출발-12번 국도 이용시 | 12번 국도의 중문을 지나 안덕계곡을 따라 내려가서 대평리로 들어옴 | 2). 버스 이용시 | * 제주시출발-평화로 이용시 | 공항-제주시외버스터미널-중문(약 50분 소요)-대평리 시내버스 이용- 대평리 | 종점에서 하차 | * 중문, 서귀포 출발-12번 국도 이용시 | 서귀포 시내버스(약 20분 소요)-중문 시내버스(약 10분 소요)-대평리 | 시내버스 이용- 대평리 종점에서 하차",0507-1417-7908,https://youtube.com/@jejuhaejo,33.2357649,126.3668463,월 08:00 - 15:00,영업 종료08:00에 영업 시작,14:40 라스트오더 | 재료 소진시 조기마감 됩수 있습니다.,"{""목"": {""open"": ""08:00 - 15:00""}, ""금"": {""open"": ""08:00 - 15:00""}, ""토"": {""open"": ""08:00 - 15:00""}, ""일"": {""open"": ""08:00 - 15:00""}, ""월"": {""open"": ""08:00 - 15:00""}, ""화"": {""open"": ""08:00 - 15:00""}, ""수"": {""open"": ""정기휴무 (매주 수요일)""}}",영업 종료08:00에 영업 시작 | 8시 0분에 영업 시작 | 목 | 08:00 - 15:00 | 14:40 라스트오더 | 금 | 08:00 - 15:00 | 14:40 라스트오더 | 토 | 08:00 - 15:00 | 14:40 라스트오더 | 일 | 08:00 - 15:00 | 14:40 라스트오더 | 월 | 08:00 - 15:00 | 14:40 라스트오더 | 화 | 08:00 - 15:00 | 14:40 라스트오더 | 수 | 정기휴무 (매주 수요일) | - 재료 소진시 조기마감 됩수 있습니다. | 접기,포장|무선 인터넷|유아의자|대기공간|간편결제|주차|반려동물 동반,,,,,,,,제주성게비빔밥|제주보말칼국수|제주보말죽|2026년 보말 구입 원가|2026년 성게 구입 원가|제주성게미역국|제주보말수제비|제주보말미역국|제주 성게칼국수|고등어구이세트|옥돔구이세트|제주 갈치구이세트,제주해조네보말성게전문점|한식|제주 서귀포시 안덕면 대평감산로 12 제주해조네 보말성게전문점|제주 서귀포시 안덕면 창천리 876-4|0507-1417-7908|월 08:00 - 15:00|제주성게비빔밥|제주보말칼국수|제주보말죽|2026년 보말 구입 원가|2026년 성게 구입 원가|제주성게미역국|제주보말수제비|제주보말미역국|제주 성게칼국수|고등어구이세트|옥돔구이세트|제주 갈치구이세트|신선한 해산물로 만든 건강한 한끼|포장|무선 인터넷|유아의자|대기공간|간편결제|주차|반려동물 동반,"[""제주해조네보말성게전문점"", ""한식"", ""제주 서귀포시 안덕면 대평감산로 12 제주해조네 보말성게전문점"", ""제주 서귀포시 안덕면 창천리 876-4"", ""0507-1417-7908"", ""월 08:00 - 15:00"", ""제주성게비빔밥"", ""제주보말칼국수"", ""제주보말죽"", ""2026년 보말 구입 원가"", ""2026년 성게 구입 원가"", ""제주성게미역국"", ""제주보말수제비"", ""제주보말미역국"", ""제주 성게칼국수"", ""고등어구이세트"", ""옥돔구이세트"", ""제주 갈치구이세트"", ""신선한 해산물로 만든 건강한 한끼"", ""포장"", ""무선 인터넷"", ""유아의자"", ""대기공간"", ""간편결제"", ""주차"", ""반려동물 동반""]","{""name"": [""제주해조네보말성게전문점""], ""category"": [""한식""], ""address"": [""제주 서귀포시 안덕면 대평감산로 12 제주해조네 보말성게전문점"", ""제주 서귀포시 안덕면 창천리 876-4""], ""phone"": [""0507-1417-7908""], ""hours"": [""월 08:00 - 15:00""], ""menus"": [""제주성게비빔밥"", ""제주보말칼국수"", ""제주보말죽"", ""2026년 보말 구입 원가"", ""2026년 성게 구입 원가"", ""제주성게미역국"", ""제주보말수제비"", ""제주보말미역국"", ""제주 성게칼국수"", ""고등어구이세트"", ""옥돔구이세트"", ""제주 갈치구이세트""], ""slogan"": [""신선한 해산물로 만든 건강한 한끼""], ""conveniences"": [""포장"", ""무선 인터넷"", ""유아의자"", ""대기공간"", ""간편결제"", ""주차"", ""반려동물 동반""]}",삼칠일 | 제주 삼칠일 | 삼칠일 쇼핑 | 제주 삼칠일 쇼핑,,,,,
373,373,씨밀레,쇼핑,372호,,33.5132329,126.523528,064-724-3567,,,,지하상가,success,4_coord_close_auto,좌표 0m ≤ 80m,0.1,naver_place,https://map.naver.com/p/entry/place/31269416,https://map.naver.com/p/entry/place/31269416,https://pcmap.place.naver.com/place/31269416/home,31269416,씨밀레 제주중앙지하상가점,패션,,,,제주 제주시 일도1동 1425-3,,,,33.5132321,126.5235275,영업 중,영업 중,,{},영업 중,간편결제,"**수공 은(silver)목걸이,귀걸이,반지,쥬얼리,고급 헤어핀,브로치,액세서리,잡화 판매,수리,리폼 전문
**블로그 주소: https://blog.naver.com/similre2000",,,,,,,,씨밀레 제주중앙지하상가점|패션|제주 제주시 일도1동 1425-3|영업 중|간편결제|안내|방문 키워드 통계 그래프 예시입니다.|현재 4명 참여|10명 이상 참여하면|방문 키워드 통계가 공개됩니다!|최신순|슈퍼긍정엄마|팔로우|양면 모자입니다. 꽃무늬도 이쁘네요.|품질이 좋아요|가성비가 좋아요|종류가 다양해요|친절해요|반응 남기기|방문일|25.7.11.금|2025년 7월 11일 금요일|1번째 방문|인증 수단,"[""씨밀레 제주중앙지하상가점"", ""패션"", ""제주 제주시 일도1동 1425-3"", ""영업 중"", ""간편결제"", ""안내"", ""방문 키워드 통계 그래프 예시입니다."", ""현재 4명 참여"", ""10명 이상 참여하면"", ""방문 키워드 통계가 공개됩니다!"", ""최신순"", ""슈퍼긍정엄마"", ""팔로우"", ""양면 모자입니다. 꽃무늬도 이쁘네요."", ""품질이 좋아요"", ""가성비가 좋아요"", ""종류가 다양해요"", ""친절해요"", ""반응 남기기"", ""방문일"", ""25.7.11.금"", ""2025년 7월 11일 금요일"", ""1번째 방문"", ""인증 수단""]","{""name"": [""씨밀레 제주중앙지하상가점""], ""category"": [""패션""], ""address"": [""제주 제주시 일도1동 1425-3""], ""hours"": [""영업 중""], ""conveniences"": [""간편결제""], ""visitor_keywords"": [""안내"", ""방문 키워드 통계 그래프 예시입니다."", ""현재 4명 참여"", ""10명 이상 참여하면"", ""방문 키워드 통계가 공개됩니다!"", ""최신순"", ""슈퍼긍정엄마"", ""팔로우"", ""양면 모자입니다. 꽃무늬도 이쁘네요."", ""품질이 좋아요"", ""가성비가 좋아요"", ""종류가 다양해요"", ""친절해요"", ""반응 남기기"", ""방문일"", ""25.7.11.금"", ""2025년 7월 11일 금요일"", ""1번째 방문"", ""인증 수단""]}",씨밀레 | 제주 씨밀레 | 씨밀레 쇼핑,,,,"[""안내"", ""방문 키워드 통계 그래프 예시입니다."", ""현재 4명 참여"", ""10명 이상 참여하면"", ""방문 키워드 통계가 공개됩니다!"", ""최신순"", ""슈퍼긍정엄마"", ""팔로우"", ""양면 모자입니다. 꽃무늬도 이쁘네요."", ""품질이 좋아요"", ""가성비가 좋아요"", ""종류가 다양해요"", ""친절해요"", ""반응 남기기"", ""방문일"", ""25.7.11.금"", ""2025년 7월 11일 금요일"", ""1번째 방문"", ""인증 수단""]","[{""title"": ""소개"", ""body"": ""**수공 은(silver)목걸이,귀걸이,반지,쥬얼리,고급 헤어핀,브로치,액세서리,잡화 판매,수리,리폼 전문\n**블로그 주소: https://blog.naver.com/similre2000""}, {""title"": ""결제수단"", ""body"": ""지역화폐 (지류형)\n지역화폐 (카드형)\n지역화폐 (모바일형)\n제로페이\n간편결제\n알고 계신 정보와 다른 정보가 있나요?\n사진으로 간단하게 제보해 주세요.\n정보 수정 제안하기\n이용약관고객센터리뷰운영정책신고센터\n네이버""}]"
374,374,영희네,쇼핑,373호,,33.5132306,126.523564,064-723-7766,,,,지하상가,fail,5_fail,매칭 실패,1701.6,naver_place,https://map.naver.com/p/entry/place/1720474818,https://map.naver.com/p/entry/place/1720474818,https://pcmap.place.naver.com/place/1720474818/home,1720474818,영희네국밥,국밥,,,제주 제주시 가령골2길 12,제주 제주시 이도이동 318-6,,064-782-2524,,33.503831,126.5380466,,,,{},,,,,,,,,,순대정식(따로)|순대국밥|막창정식|몸국|돼지편육|순대모듬 중|순대모듬 대|순대,"영희네국밥|국밥|제주 제주시 가령골2길 12|제주 제주시 이도이동 318-6|064-782-2524|순대정식(따로)|순대국밥|막창정식|몸국|돼지편육|순대모듬 중|순대모듬 대|순대|안내|26회17명 참여|""음식이 맛있어요""|이 키워드를 선택한 인원|""친절해요""|""혼밥하기 좋아요""|""양이 많아요""|""가성비가 좋아요""|다음|순대5|국밥4|따로국밥2|몸국2|순대국2","[""영희네국밥"", ""국밥"", ""제주 제주시 가령골2길 12"", ""제주 제주시 이도이동 318-6"", ""064-782-2524"", ""순대정식(따로)"", ""순대국밥"", ""막창정식"", ""몸국"", ""돼지편육"", ""순대모듬 중"", ""순대모듬 대"", ""순대"", ""안내"", ""26회17명 참여"", ""\""음식이 맛있어요\"""", ""이 키워드를 선택한 인원"", ""\""친절해요\"""", ""\""혼밥하기 좋아요\"""", ""\""양이 많아요\"""", ""\""가성비가 좋아요\"""", ""다음"", ""순대5"", ""국밥4"", ""따로국밥2"", ""몸국2"", ""순대국2""]","{""name"": [""영희네국밥""], ""category"": [""국밥""], ""address"": [""제주 제주시 가령골2길 12"", ""제주 제주시 이도이동 318-6""], ""phone"": [""064-782-2524""], ""menus"": [""순대정식(따로)"", ""순대국밥"", ""막창정식"", ""몸국"", ""돼지편육"", ""순대모듬 중"", ""순대모듬 대"", ""순대""], ""visitor_keywords"": [""안내"", ""26회17명 참여"", ""\""음식이 맛있어요\"""", ""이 키워드를 선택한 인원"", ""\""친절해요\"""", ""\""혼밥하기 좋아요\"""", ""\""양이 많아요\"""", ""\""가성비가 좋아요\"""", ""다음"", ""순대5"", ""국밥4"", ""따로국밥2"", ""몸국2"", ""순대국2""]}",영희네 | 제주 영희네,,,,"[""안내"", ""26회17명 참여"", ""\""음식이 맛있어요\"""", ""이 키워드를 선택한 인원"", ""\""친절해요\"""", ""\""혼밥하기 좋아요\"""", ""\""양이 많아요\"""", ""\""가성비가 좋아요\"""", ""다음"", ""메뉴"", ""순대5"", ""국밥4"", ""따로국밥2"", ""몸국2"", ""순대국2""]",
375,375,아꼬미,쇼핑,"375,376호",,33.5132284,126.523631,064-757-2326,,,,지하상가,needs_confirm,4_coord_near_confirm,좌표 86m ≤ 250m → 확인 필요,86.0,naver_place,https://map.naver.com/p/entry/place/1459424018,https://map.naver.com/p/entry/place/1459424018,https://pcmap.place.naver.com/place/1459424018/home,1459424018,아꼬미,"판촉,기념품",,,제주 제주시 중앙로 60,제주 제주시 일도일동 1454-2,,,,33.5128347,126.5244294,,,,{},,,"안내
15회14명 참여
""친절해요""
이 키워드를 선택한 인원
12
""종류가 다양해요""
이 키워드를 선택한 인원
12
""가성비가 좋아요""
이 키워드를 선택한 인원
11
""선물하기 좋아요""
이 키워드를 선택한 인원
5
""특색 있는 제품이 많아요""
이 키워드를 선택한 인원
4
더보기",,,,,,,,"아꼬미|판촉,기념품|제주 제주시 중앙로 60|제주 제주시 일도일동 1454-2|친절해요|종류가 다양해요|가성비가 좋아요|선물하기 좋아요|특색 있는 제품이 많아요|예쁜 소품이 많아요|품질이 좋아요|추천을 잘해줘요|신상품이 많아요|설명이 자세해요","[""아꼬미"", ""판촉,기념품"", ""제주 제주시 중앙로 60"", ""제주 제주시 일도일동 1454-2"", ""친절해요"", ""종류가 다양해요"", ""가성비가 좋아요"", ""선물하기 좋아요"", ""특색 있는 제품이 많아요"", ""예쁜 소품이 많아요"", ""품질이 좋아요"", ""추천을 잘해줘요"", ""신상품이 많아요"", ""설명이 자세해요""]","{""name"": [""아꼬미""], ""category"": [""판촉,기념품""], ""address"": [""제주 제주시 중앙로 60"", ""제주 제주시 일도일동 1454-2""], ""visitor_keywords"": [""친절해요"", ""종류가 다양해요"", ""가성비가 좋아요"", ""선물하기 좋아요"", ""특색 있는 제품이 많아요"", ""예쁜 소품이 많아요"", ""품질이 좋아요"", ""추천을 잘해줘요"", ""신상품이 많아요"", ""설명이 자세해요""]}",아꼬미 | 제주 아꼬미 | 아꼬미 쇼핑 | 제주 아꼬미 쇼핑,,,,"[{""keyword"": ""친절해요"", ""count"": ""12""}, {""keyword"": ""종류가 다양해요"", ""count"": ""12""}, {""keyword"": ""가성비가 좋아요"", ""count"": ""11""}, {""keyword"": ""선물하기 좋아요"", ""count"": ""5""}, {""keyword"": ""특색 있는 제품이 많아요"", ""count"": ""4""}, {""keyword"": ""예쁜 소품이 많아요"", ""count"": ""3""}, {""keyword"": ""품질이 좋아요"", ""count"": ""3""}, {""keyword"": ""추천을 잘해줘요"", ""count"": ""3""}, {""keyword"": ""신상품이 많아요"", ""count"": ""2""}, {""keyword"": ""설명이 자세해요"", ""count"": ""1""}]","[{""title"": ""이런 점이 좋았어요"", ""body"": ""안내\n15회14명 참여\n\""친절해요\""\n이 키워드를 선택한 인원\n12\n\""종류가 다양해요\""\n이 키워드를 선택한 인원\n12\n\""가성비가 좋아요\""\n이 키워드를 선택한 인원\n11\n\""선물하기 좋아요\""\n이 키워드를 선택한 인원\n5\n\""특색 있는 제품이 많아요\""\n이 키워드를 선택한 인원\n4\n더보기""}, {""title"": ""사진·영상 리뷰"", ""body"": """"}, {""title"": ""리뷰11"", ""body"": ""안내\n사진/영상 리뷰만\n최신순\n리뷰 제공 기준\n리뷰 클렌징 시스템 작동중입니다\nBeans trip\n리뷰 412사진 186팔로워 5\n팔로우\n별점\n4.5\n점\n기념품 살때 여기 추천드려요👍🏻\n시식 해보고 구매할 수 있게 준비를 다 해주셨어요!\n게다가 구매하면 사은품으로 간식 좀더 챙겨주셔서 과자 고르기 정말 편해요!\n그리고 편히 보고 질문할 수 있는게 너무 맘에들었습니다.\n\n그리고 여러분 지하상가 여름에 정말 시원합니다 ㅠㅠ💕\n더보기\n친절해요\n선물하기 좋아요\n품질이 좋아요\n가성비가 좋아요\n종류가 다양해요\n반응 남기기\n방문일\n7.16.목\n2026년 7월 16일 목요일\n1번째 방문\n인증 수단\n결제내역\nkdh****\n리뷰 15사진 18\n팔로우\n별점\n5\n점\n어린이들 기념품과 가족들 과자선물 사려고 왔는데 시식이 가능해서 맛보고 살 수 있고 설명도 잘해주셔서 만족스럽게 고르고 왔어요~\n종류가 다양해요\n친절해요\n추천을 잘해줘요\n선물하기 좋아요\n설명이 자세해요\n반응 남기기\n방문일\n7.12.일\n2026년 7월 12일 일요일\n1번째 방문\n인증 수단\n영수증\nL jinha\n리뷰 2,482사진 19\n팔로우\n별점\n5\n점\n굿 👍 👍 👍 👍\n친절해요\n가성비가 좋아요\n반응 남기기\n방문일\n7.8.수\n2026년 7월 8일 수요일\n1번째 방문\n인증 수단\n영수증\n햇살처럼64\n리뷰 3사진 6\n팔로우\n별점\n5\n점\n제주도 여행 온김에 근처에 지하상가가 있어서 오후에 한번 방문해서 구매 했다가 이것저것 챙겨 주셔서 (구매한제품은 하나 인데 드셔보라고 샘플처럼 몇개 챙겨주시더라구요 ^^) 그래서 와이프하고 저녁 식사하고 선물구매 하러 갔습니다 .\n첫번째 사진은 샘플로 주신거 두번째 사진이 저희가 구매한것입니다. 하나를 더 산것처럼 두둑히 주셔서 너무 감사해하면서 매장 나섰네요 . 커플용 키링도 챙겨주시고 사장님 지금도 장사 잘되시는데 더 많은 사람이 내방하기를 바라겠습니다. ^^\n일부 과자는 시식도 해볼수 있으니 방문해보세요\n더보기\n종류가 다양해요\n예쁜 소품이 많아요\n친절해요\n추천을 잘해줘요\n선물하기 좋아요\n반응 남기기\n방문일\n6.16.화\n2026년 6월 16일 화요일\n1번째 방문\n인증 수단\n영수증\n져니57\n리뷰 122사진 349팔로워 5\n팔로우\n늦은시간에 지하상가 한 번 걸어볼검 들어가 본 건데 모든 가게가 문을 닫은상태이지만 여기만 유일하게 사막에 오아시스처럼 문이 열려 있더라고요ㅋ. 늦은 시간까지 정리하시느라 가게 문 안 닫고 정리하고 계셨다는데 덕분에 기념품샵 갈 시간 없던 여행객으로써 여기서 기념품을 살 수 있었어서 너무 반가운 가게였네요!. 늦은 시간인데도 사장님은 정리하시느라 재촉없어서 저도 편안하게 구경하며 고를 수 있었네요~ 특히 마그넷 종류 진짜 많은거같아요! 다른 인형이나 뭐 다양한 기념품이 너무 많았어서 다른 기념품샵 두세군데 가봤는데 여기가 제일 종류가 많은 거 같아요~! 먹을 것도 있고. 상품들도 많아서 늦은 시간에 기념품 샵을 찾는다면 여기 추천합니다!!\n가성비가 좋아요\n종류가 다양해요\n품질이 좋아요\n특색 있는 제품이 많아요\n신상품이 많아요\n반응 남기기\n방문일\n3.20.금\n2026년 3월 20일 금요일\n1번째 방문\n인증 수단\n결제내역\nrkq****\n리뷰 17사진 29\n팔로우\n추석방문후 설날또 재방문\n실망시키지않는 서비스로 재방문에도 후회없이 사갑니다\n가성비가 좋아요\n종류가 다양해요\n품질이 좋아요\n특색 있는 제품이 많아요\n친절해요\n반응 남기기\n방문일\n2.16.월\n2026년 2월 16일 월요일\n2번째 방문\n인증 수단\n영수증\n흐듀흐듀\n리뷰 379사진 350\n팔로우\n제가 산 건 파우치랑 가방 키링 2개인데, 과자랑\n다른 키링을 선물로 끼워주셔서 너무 좋았어요. ^^ 위치는 제주중앙지하상가 9번 출입구로 내려가셔서 좌측편으로 가면 나와요.\n가성비가 좋아요\n종류가 다양해요\n친절해요\n매장이 넓어요\n반응 남기기\n방문일\n25.11.2.일\n2025년 11월 2일 일요일\n1번째 방문\n인증 수단\n영수증\n마멜s2\n리뷰 89사진 127\n팔로우\n우연히 방문한 곳인데 매장이 넓고 제품도 다양해서 골라보는 맛이 있었어요!! 가격도 제일 저렴한거 같구 사장님도 직원분도 너무 친절하셨습니다😊 다음에 제주도 오면 또 방문할 의사 200퍼 있어요 ㅎㅎ\n가성비가 좋아요\n종류가 다양해요\n예쁜 소품이 많아요\n친절해요\n선물하기 좋아요\n반응 남기기\n방문일\n25.10.26.일\n2025년 10월 26일 일요일\n1번째 방문\n인증 수단\n영수증\nrkq****\n리뷰 17사진 29\n팔로우\n지하상가 선물가게 여러집둘러봤는데 그중에 여기 가게사장님이 응대가 친절하셔서 명함까지 받아와 직접 리뷰까지 적는 지나가는 아재1입니다.\n(다른가게들은 가격안적힌게 수두룩해서 얼마인지도 안알려주고 계산할때 바가지 씌우려고 말바꾸시는분들도 많아요, 조심하시길)\n여기는 가격정찰제고 가끔안적혀있는거도 세세하게 설명해주시고 다른 비슷한물품이랑도 비교해주십니다\n특별히 과자 디저트 판매대에서 샘플준비가되어있어서 먹어보고 구매할수있게 해주십니다 정직한가게!!\n(결제금액이 많아지면 그만큼 서비스물품 챙겨준다는건 비밀)\n관광지돌면서 비싸게 바가지쓰지말고 지하상가 377호 '아꼬미'오셔서 착한가격에 선물 사가시길 바랍니다.\n더보기\n가성비가 좋아요\n종류가 다양해요\n특색 있는 제품이 많아요\n예쁜 소품이 많아요\n친절해요\n반응 남기기\n방문일\n25.10.4.토\n2025년 10월 4일 토요일\n1번째 방문\n인증 수단\n영수증\n반짝반짝빛나는324\n리뷰 320사진 799팔로워 4\n팔로우\n제주 중앙로 지하상가에서 제주 기념품을 구매하시면 어떨까요? 날이 너무 더워 지하 상가에서 여러 기념품을 구매 하였는데 지하상가 377호 주인분도 아주 친절하시고 제품 추천도 잘해주셔서 좋았어요. 동문시장과 제품 차이 없고 시원하게 지하에서 편안한 쇼핑 했습니다. 추천해요.\n9번 출구 쪽 거의 관덕정 끝까지 오면 있는 곳이에요.\n가성비가 좋아요\n종류가 다양해요\n특색 있는 제품이 많아요\n친절해요\n추천을 잘해줘요\n반응 남기기\n방문일\n25.8.1.금\n2025년 8월 1일 금요일\n1번째 방문\n인증 수단\n영수증\n펼쳐서 더보기""}, {""title"": ""키워드·별점 리뷰4"", ""body"": ""김 샤\n리뷰 112사진 21\n팔로우\n별점\n4\n점\n친절해요\n신상품이 많아요\n가성비가 좋아요\n반응 남기기\n방문일\n5.13.수\n2026년 5월 13일 수요일\n1번째 방문\n인증 수단\n영수증\nplj****\n리뷰 1,562사진 2\n팔로우\n가성비가 좋아요\n종류가 다양해요\n반응 남기기\n방문일\n3.22.일\n2026년 3월 22일 일요일\n1번째 방문\n인증 수단\n영수증\nLUCE\n리뷰 697사진 144팔로워 4\n팔로우\n친절해요\n선물하기 좋아요\n종류가 다양해요\n반응 남기기\n방문일\n25.5.14.수\n2025년 5월 14일 수요일\n1번째 방문\n인증 수단\n영수증\nDongbi\n리뷰 1,978사진 99\n팔로우\n가성비가 좋아요\n반응 남기기\n방문일\n25.3.1.토\n2025년 3월 1일 토요일\n1번째 방문\n인증 수단\n영수증\n이용약관고객센터리뷰운영정책신고센터\n네이버""}]"
376,376,수브르,쇼핑,381호,,33.5132172,126.523837,010-3639-9947,,,,지하상가,success,4_coord_close_auto,좌표 74m ≤ 80m,73.6,naver_place,https://map.naver.com/p/entry/place/38627922,https://map.naver.com/p/entry/place/38627922,https://pcmap.place.naver.com/place/38627922/home,38627922,수부르,종합패션,,,제주 제주시 일도일동 중앙로 60 중앙지하상가,제주 제주시 일도일동 1425-3,,,,33.512844,126.524493,,,,{},정보 수정,,,,,,,,,,수부르|종합패션|제주 제주시 일도일동 중앙로 60 중앙지하상가|제주 제주시 일도일동 1425-3,"[""수부르"", ""종합패션"", ""제주 제주시 일도일동 중앙로 60 중앙지하상가"", ""제주 제주시 일도일동 1425-3""]","{""name"": [""수부르""], ""category"": [""종합패션""], ""address"": [""제주 제주시 일도일동 중앙로 60 중앙지하상가"", ""제주 제주시 일도일동 1425-3""]}",수브르 | 제주 수브르 | 수브르 쇼핑 | 제주 수브르 쇼핑,,,,,"[{""title"": ""결제수단"", ""body"": ""제로페이\n알고 계신 정보와 다른 정보가 있나요?\n사진으로 간단하게 제보해 주세요.\n정보 수정 제안하기\n이용약관고객센터리뷰운영정책신고센터\n네이버""}]"
377,377,퀸즈,쇼핑,383호,,33.5132228,126.523907,010-3414-8222,,,,지하상가,success,2_address_match,주소일치(exact_or_contains) query=퀸즈,67.6,naver_place,https://map.naver.com/p/entry/place/1696900675,https://map.naver.com/p/entry/place/1696900675,https://pcmap.place.naver.com/place/1696900675/home,1696900675,퀸즈,패션,,,제주 제주시 일도일동 중앙로 60 383호,제주 제주시 일도일동 1425-3,,,,33.5131588,126.524632,,,,{},정보 수정,,,,,,,,,,퀸즈|패션|제주 제주시 일도일동 중앙로 60 383호|제주 제주시 일도일동 1425-3,"[""퀸즈"", ""패션"", ""제주 제주시 일도일동 중앙로 60 383호"", ""제주 제주시 일도일동 1425-3""]","{""name"": [""퀸즈""], ""category"": [""패션""], ""address"": [""제주 제주시 일도일동 중앙로 60 383호"", ""제주 제주시 일도일동 1425-3""]}",퀸즈,,,,,"[{""title"": ""방문자 리뷰2"", ""body"": ""알고 계신 정보와 다른 정보가 있나요?\n사진으로 간단하게 제보해 주세요.\n정보 수정 제안하기\n이용약관고객센터리뷰운영정책신고센터\n네이버""}]"
378,378,레드,쇼핑,384호,,33.5132128,126.523938,064-757-2565,,,,지하상가,fail,5_fail,매칭 실패,421.8,naver_place,https://map.naver.com/p/entry/place/1622751515,https://map.naver.com/p/entry/place/1622751515,https://pcmap.place.naver.com/place/1622751515/home,1622751515,웰컴버거,햄버거,,레드락 맥주와 찰떡궁합 버거 한 상,제주 제주시 중앙로7길 31 1층 웰컴버거,제주 제주시 일도1동 1251,- 북수구 공영주차장 입구 바로 앞 | - 고씨주택 바로 옆 | - 동문시장에서 도보 5분,070-7834-5054,http://www.instagram.com/welcomeburger_jeju,33.5149025,126.5280115,월 11:30 - 21:00,영업 중20:30에 라스트오더,"영업 중20:30에 라스트오더 | 20시 30분에 라스트오더 | 14:30, 20:30 라스트오더","{""목"": {""open"": ""11:30 - 21:00""}, ""금"": {""open"": ""11:30 - 21:00""}, ""토"": {""open"": ""11:30 - 21:00""}, ""일"": {""open"": ""11:30 - 21:00""}, ""월"": {""open"": ""11:30 - 21:00""}, ""화"": {""open"": ""정기휴무 (매주 화요일)""}, ""수"": {""open"": ""11:30 - 21:00""}}","영업 중20:30에 라스트오더 | 20시 30분에 라스트오더 | 목 | 11:30 - 21:00 | 15:00 - 17:00 브레이크타임 | 14:30, 20:30 라스트오더 | 금 | 11:30 - 21:00 | 15:00 - 17:00 브레이크타임 | 14:30, 20:30 라스트오더 | 토 | 11:30 - 21:00 | 15:00 - 17:00 브레이크타임 | 14:30, 20:30 라스트오더 | 일 | 11:30 - 21:00 | 15:00 - 17:00 브레이크타임 | 14:30, 20:30 라스트오더 | 월 | 11:30 - 21:00 | 15:00 - 17:00 브레이크타임 | 14:30, 20:30 라스트오더 | 화 | 정기휴무 (매주 화요일) | 수 | 11:30 - 21:00 | 15:00 - 17:00 브레이크타임 | 14:30, 20:30 라스트오더 | 접기",단체 이용 가능|포장|무선 인터넷|남/녀 화장실 구분|유아의자|예약|배달|간편결제|주차,,,,,,,,스파이시치킨버거|야자수버거|웰컴더블버거|버팔로윙(10조각)|나쵸슈프림|미트칠리프라이|과카몰리버거|미트칠리버거|디럭스 버거|웰컴치즈버거|치킨 텐더(4조각)|프렌치프라이|스텔라(생맥주)|레드락(생맥주)|바닐라밀크쉐이크|콜라/스프라이드/제로콜라/닥터페퍼|세트 추가(미트칠리프라이+탄산음료)|세트 추가(프렌치프라이+음료)|패티 추가,웰컴버거|햄버거|제주 제주시 중앙로7길 31 1층 웰컴버거|제주 제주시 일도1동 1251|070-7834-5054|월 11:30 - 21:00|스파이시치킨버거|야자수버거|웰컴더블버거|버팔로윙(10조각)|나쵸슈프림|미트칠리프라이|과카몰리버거|미트칠리버거|디럭스 버거|웰컴치즈버거|치킨 텐더(4조각)|프렌치프라이|스텔라(생맥주)|레드락(생맥주)|바닐라밀크쉐이크|콜라/스프라이드/제로콜라/닥터페퍼|세트 추가(미트칠리프라이+탄산음료)|세트 추가(프렌치프라이+음료)|패티 추가|레드락 맥주와 찰떡궁합 버거 한 상|단체 이용 가능|포장|무선 인터넷|남/녀 화장실 구분|유아의자|배달|간편결제|주차,"[""웰컴버거"", ""햄버거"", ""제주 제주시 중앙로7길 31 1층 웰컴버거"", ""제주 제주시 일도1동 1251"", ""070-7834-5054"", ""월 11:30 - 21:00"", ""스파이시치킨버거"", ""야자수버거"", ""웰컴더블버거"", ""버팔로윙(10조각)"", ""나쵸슈프림"", ""미트칠리프라이"", ""과카몰리버거"", ""미트칠리버거"", ""디럭스 버거"", ""웰컴치즈버거"", ""치킨 텐더(4조각)"", ""프렌치프라이"", ""스텔라(생맥주)"", ""레드락(생맥주)"", ""바닐라밀크쉐이크"", ""콜라/스프라이드/제로콜라/닥터페퍼"", ""세트 추가(미트칠리프라이+탄산음료)"", ""세트 추가(프렌치프라이+음료)"", ""패티 추가"", ""레드락 맥주와 찰떡궁합 버거 한 상"", ""단체 이용 가능"", ""포장"", ""무선 인터넷"", ""남/녀 화장실 구분"", ""유아의자"", ""배달"", ""간편결제"", ""주차""]","{""name"": [""웰컴버거""], ""category"": [""햄버거""], ""address"": [""제주 제주시 중앙로7길 31 1층 웰컴버거"", ""제주 제주시 일도1동 1251""], ""phone"": [""070-7834-5054""], ""hours"": [""월 11:30 - 21:00""], ""menus"": [""스파이시치킨버거"", ""야자수버거"", ""웰컴더블버거"", ""버팔로윙(10조각)"", ""나쵸슈프림"", ""미트칠리프라이"", ""과카몰리버거"", ""미트칠리버거"", ""디럭스 버거"", ""웰컴치즈버거"", ""치킨 텐더(4조각)"", ""프렌치프라이"", ""스텔라(생맥주)"", ""레드락(생맥주)"", ""바닐라밀크쉐이크"", ""콜라/스프라이드/제로콜라/닥터페퍼"", ""세트 추가(미트칠리프라이+탄산음료)"", ""세트 추가(프렌치프라이+음료)"", ""패티 추가""], ""slogan"": [""레드락 맥주와 찰떡궁합 버거 한 상""], ""conveniences"": [""단체 이용 가능"", ""포장"", ""무선 인터넷"", ""남/녀 화장실 구분"", ""유아의자"", ""배달"", ""간편결제"", ""주차""]}",레드 | 제주 레드,,,,,
379,379,미쉘,쇼핑,385호,,33.5132195,126.523974,010-8339-1147,,,,지하상가,success,4_coord_close_auto,좌표 0m ≤ 80m,0.1,naver_place,https://map.naver.com/p/entry/place/31269549,https://map.naver.com/p/entry/place/31269549,https://pcmap.place.naver.com/place/31269549/home,31269549,미쉘 제주중앙지하상가점,패션,,,제주 제주시 일도일동 중앙로 60 제주중앙지하상가 385,제주 제주시 일도일동 1425-3,,064-702-0515,,33.5132189,126.523973,,,,{},정보 수정,,,,,,,,,,미쉘 제주중앙지하상가점|패션|제주 제주시 일도일동 중앙로 60 제주중앙지하상가 385|제주 제주시 일도일동 1425-3|064-702-0515,"[""미쉘 제주중앙지하상가점"", ""패션"", ""제주 제주시 일도일동 중앙로 60 제주중앙지하상가 385"", ""제주 제주시 일도일동 1425-3"", ""064-702-0515""]","{""name"": [""미쉘 제주중앙지하상가점""], ""category"": [""패션""], ""address"": [""제주 제주시 일도일동 중앙로 60 제주중앙지하상가 385"", ""제주 제주시 일도일동 1425-3""], ""phone"": [""064-702-0515""]}",미쉘 | 제주 미쉘 | 미쉘 쇼핑,,,,,"[{""title"": ""결제수단"", ""body"": ""제로페이\n알고 계신 정보와 다른 정보가 있나요?\n사진으로 간단하게 제보해 주세요.\n정보 수정 제안하기\n이용약관고객센터리뷰운영정책신고센터\n네이버""}]"
380,380,PAT,쇼핑,"387,388호",,33.5132094,126.52406,064-752-2838,,,,지하상가,needs_confirm,4_coord_near_confirm,좌표 97m ≤ 250m → 확인 필요,97.4,naver_place,https://map.naver.com/p/entry/place/2147352857,https://map.naver.com/p/entry/place/2147352857,https://pcmap.place.naver.com/place/2147352857/home,2147352857,PAT 독립문점,캐주얼웨어,,,제주 제주시 관덕로 54-1,제주 제주시 이도일동 1354-3,,,,33.5130086,126.5250828,,,,{},정보 수정,,,,,,,,,,PAT 독립문점|캐주얼웨어|제주 제주시 관덕로 54-1|제주 제주시 이도일동 1354-3,"[""PAT 독립문점"", ""캐주얼웨어"", ""제주 제주시 관덕로 54-1"", ""제주 제주시 이도일동 1354-3""]","{""name"": [""PAT 독립문점""], ""category"": [""캐주얼웨어""], ""address"": [""제주 제주시 관덕로 54-1"", ""제주 제주시 이도일동 1354-3""]}",PAT | 제주 PAT | PAT 쇼핑 | 제주 PAT 쇼핑,,,,,
381,381,지니타로,쇼핑,389호,,33.5131993,126.52411,010-8510-6599,,,,지하상가,success,2_address_match,주소일치(exact_or_contains) query=지니타로,50.2,naver_place,https://map.naver.com/p/entry/place/2016294173,https://map.naver.com/p/entry/place/2016294173,https://pcmap.place.naver.com/place/2016294173/home,2016294173,지니타로,"운세,사주",,,제주 제주시 중앙로 60 389호,제주 제주시 일도일동 1454-2,중앙로 지하상가 내에 있습니다. | 중앙로에서 관덕로 방향으로 걸어오시면 PAT 매장이 보입니다. | 지니타로는 PAT 옆에 있습니다.,0507-1352-6599,,33.5128347,126.5244294,월 14:00 - 19:00,곧 영업 종료19:00에 영업 종료,,"{""목"": {""open"": ""14:00 - 19:00""}, ""금"": {""open"": ""14:00 - 19:00""}, ""토"": {""open"": ""14:00 - 19:00""}, ""일"": {""open"": ""14:00 - 19:00""}, ""월"": {""open"": ""14:00 - 19:00""}, ""화"": {""open"": ""14:00 - 19:00""}, ""수"": {""open"": ""14:00 - 19:00""}}",곧 영업 종료19:00에 영업 종료 | 19시 0분에 영업 종료 | 목 | 14:00 - 19:00 | 금 | 14:00 - 19:00 | 토 | 14:00 - 19:00 | 일 | 14:00 - 19:00 | 월 | 14:00 - 19:00 | 화 | 14:00 - 19:00 | 수 | 14:00 - 19:00 | 접기,무선 인터넷|예약|방문접수/출장|주차,"당신의 마음을 비추는 특별한 상담, 지니 타로입니다.

지니타로는 단순한 운세 풀이가 아닌,
삶의 중요한 순간마다 올바른 선택을 하실 수 있도록
진솔하고 따뜻한 타로 리딩을 제공합니다.

연애, 인간관계, 진로, 일, 일상 속 다양한 고민까지..
혼자만의 답답한 마음을 가볍게 풀어 내실 수 있도록
신뢰와 경험을 바탕으로 상담해드립니다.

[궁합/연애/금전/사업운/진로/취업운/결혼/자식운/건강운]",,,,,,,,"지니타로|운세,사주|제주 제주시 중앙로 60 389호|제주 제주시 일도일동 1454-2|0507-1352-6599|월 14:00 - 19:00|무선 인터넷|방문접수/출장|주차","[""지니타로"", ""운세,사주"", ""제주 제주시 중앙로 60 389호"", ""제주 제주시 일도일동 1454-2"", ""0507-1352-6599"", ""월 14:00 - 19:00"", ""무선 인터넷"", ""방문접수/출장"", ""주차""]","{""name"": [""지니타로""], ""category"": [""운세,사주""], ""address"": [""제주 제주시 중앙로 60 389호"", ""제주 제주시 일도일동 1454-2""], ""phone"": [""0507-1352-6599""], ""hours"": [""월 14:00 - 19:00""], ""conveniences"": [""무선 인터넷"", ""방문접수/출장"", ""주차""]}",지니타로,,"[""지니타로\n임시휴무6월23일~24일 이틀간 병원스케쥴 있어서 임시휴무예요^^\n서울 병원스케쥴 있어서 6월23일~24일 이틀간 임시휴무입니다 6월25일 정상영업하오니 상담예약 문자남기시면 바로 연락드릴게요~^^\n기간\n2026.06.23. ~ 2026.06.24.\n좋아요\n2026.06.22.\n2026년 6월 22일"", ""지니타로\n임시휴무육지일정 휴가중ᆢ\n개인사정으로 임시휴무예요~010-8510-6599로 예약문자 남겨주시면 답변드리겠습니다^^♡\n기간\n2026.05.08. ~ 2026.05.11.\n좋아요\n2026.05.08.\n2026년 5월 8일"", ""지니타로\n임시휴무세미나일정\n4월15일~4월16일 세미나일정으로 이틀간 임시휴무입니다 예약은 문자로 받습니다~^^\n기간\n2026.04.15. ~ 2026.04.16.\n좋아요\n2026.04.15.\n2026년 4월 15일""]",,,"[{""title"": ""소개"", ""body"": ""당신의 마음을 비추는 특별한 상담, 지니 타로입니다.\n\n지니타로는 단순한 운세 풀이가 아닌,\n삶의 중요한 순간마다 올바른 선택을 하실 수 있도록\n진솔하고 따뜻한 타로 리딩을 제공합니다.\n\n연애, 인간관계, 진로, 일, 일상 속 다양한 고민까지..\n혼자만의 답답한 마음을 가볍게 풀어 내실 수 있도록\n신뢰와 경험을 바탕으로 상담해드립니다.\n\n[궁합/연애/금전/사업운/진로/취업운/결혼/자식운/건강운]""}, {""title"": ""대표 키워드"", ""body"": ""타로사주타로제주타로제주사주풀이타로상담""}, {""title"": ""편의시설 및 서비스"", ""body"": ""무선 인터넷\n예약\n방문접수/출장""}, {""title"": ""주차"", ""body"": ""주차가능\n무료\n중앙로 지하상가 주변 공영주차장을 이용해 주세요.\n알고 계신 정보와 다른 정보가 있나요?\n사진으로 간단하게 제보해 주세요.\n정보 수정 제안하기\n이용약관고객센터리뷰운영정책신고센터\n네이버""}]"
382,382,아이꼬,쇼핑,390호,,33.5132116,126.524146,064-752-0390,,,,지하상가,success,4_coord_close_auto,좌표 0m ≤ 80m,0.1,naver_place,https://map.naver.com/p/entry/place/31269405,https://map.naver.com/p/entry/place/31269405,https://pcmap.place.naver.com/place/31269405/home,31269405,아이꼬 제주중앙지하상가점,패션,,,제주 제주시 일도일동 중앙로 60 제주중앙지하상가 390,제주 제주시 일도일동 1425-3,,064-752-0390,,33.5132114,126.5241452,,,,{},정보 수정,,"갈꽃5
22.9.241번째 방문영수증
ㅣ
asi****
22.5.151번째 방문영수증
조아요
로딩중
알고 계신 정보와 다른 정보가 있나요?
사진으로 간단하게 제보해 주세요.
정보 수정 제안하기
이용약관고객센터리뷰운영정책신고센터
네이버",,,,,,,,아이꼬 제주중앙지하상가점|패션|제주 제주시 일도일동 중앙로 60 제주중앙지하상가 390|제주 제주시 일도일동 1425-3|064-752-0390,"[""아이꼬 제주중앙지하상가점"", ""패션"", ""제주 제주시 일도일동 중앙로 60 제주중앙지하상가 390"", ""제주 제주시 일도일동 1425-3"", ""064-752-0390""]","{""name"": [""아이꼬 제주중앙지하상가점""], ""category"": [""패션""], ""address"": [""제주 제주시 일도일동 중앙로 60 제주중앙지하상가 390"", ""제주 제주시 일도일동 1425-3""], ""phone"": [""064-752-0390""]}",아이꼬 | 제주 아이꼬 | 아이꼬 쇼핑 | 제주 아이꼬 쇼핑,,,,,"[{""title"": ""방문자 리뷰3"", ""body"": ""갈꽃5\n22.9.241번째 방문영수증\nㅣ\nasi****\n22.5.151번째 방문영수증\n조아요\n로딩중\n알고 계신 정보와 다른 정보가 있나요?\n사진으로 간단하게 제보해 주세요.\n정보 수정 제안하기\n이용약관고객센터리뷰운영정책신고센터\n네이버""}]"
383,383,우생당,기타,제주특별자치도 제주시 관덕로 42,,33.5129389,126.5237804,010-4783-1859,,https://naver.me/xIe4jlNS,,중앙로,success,1_naver_link,naver_link place_id=16684613,12.0,naver_place,https://map.naver.com/p/entry/place/16684613,https://map.naver.com/p/entry/place/16684613,https://pcmap.place.naver.com/place/16684613/home,16684613,우생당,서점,,,제주 제주시 관덕로 42,제주 제주시 일도일동 1438,,064-722-2107,,33.5130131,126.5236867,영업 중,영업 중,,{},영업 중,,"문화체육관광부
문득문득
문화비소득공제
문화비 소득공제 적용 가능 매장
안내
문화비 소득공제 등록업체 정보는 한국문화정보원과 사업주분들께서 제공한 정보로, 실제 적용 가능 여부는 매장에 확인해 주세요.",,,,,,,,우생당|서점|제주 제주시 관덕로 42|제주 제주시 일도일동 1438|064-722-2107|영업 중|책 종류가 다양해요|베스트셀러가 많아요|신간이 빨리 들어와요|원하는 책을 찾기 쉬워요|시설이 깔끔해요|독특한 책이 많아요|책 읽기 쾌적해요|아늑해요|카페 같은 분위기에요|매장이 넓어요,"[""우생당"", ""서점"", ""제주 제주시 관덕로 42"", ""제주 제주시 일도일동 1438"", ""064-722-2107"", ""영업 중"", ""책 종류가 다양해요"", ""베스트셀러가 많아요"", ""신간이 빨리 들어와요"", ""원하는 책을 찾기 쉬워요"", ""시설이 깔끔해요"", ""독특한 책이 많아요"", ""책 읽기 쾌적해요"", ""아늑해요"", ""카페 같은 분위기에요"", ""매장이 넓어요""]","{""name"": [""우생당""], ""category"": [""서점""], ""address"": [""제주 제주시 관덕로 42"", ""제주 제주시 일도일동 1438""], ""phone"": [""064-722-2107""], ""hours"": [""영업 중""], ""visitor_keywords"": [""책 종류가 다양해요"", ""베스트셀러가 많아요"", ""신간이 빨리 들어와요"", ""원하는 책을 찾기 쉬워요"", ""시설이 깔끔해요"", ""독특한 책이 많아요"", ""책 읽기 쾌적해요"", ""아늑해요"", ""카페 같은 분위기에요"", ""매장이 넓어요""]}",https://naver.me/xIe4jlNS,,,,"[{""keyword"": ""책 종류가 다양해요"", ""count"": ""67""}, {""keyword"": ""베스트셀러가 많아요"", ""count"": ""35""}, {""keyword"": ""신간이 빨리 들어와요"", ""count"": ""33""}, {""keyword"": ""원하는 책을 찾기 쉬워요"", ""count"": ""32""}, {""keyword"": ""시설이 깔끔해요"", ""count"": ""23""}, {""keyword"": ""독특한 책이 많아요"", ""count"": ""12""}, {""keyword"": ""책 읽기 쾌적해요"", ""count"": ""12""}, {""keyword"": ""아늑해요"", ""count"": ""6""}, {""keyword"": ""카페 같은 분위기에요"", ""count"": ""2""}, {""keyword"": ""매장이 넓어요"", ""count"": ""2""}]","[{""title"": ""문화비 소득공제"", ""body"": ""문화체육관광부\n문득문득\n문화비소득공제\n문화비 소득공제 적용 가능 매장\n안내\n문화비 소득공제 등록업체 정보는 한국문화정보원과 사업주분들께서 제공한 정보로, 실제 적용 가능 여부는 매장에 확인해 주세요.""}, {""title"": ""결제수단"", ""body"": ""제로페이\n문화누리카드\n알고 계신 정보와 다른 정보가 있나요?\n사진으로 간단하게 제보해 주세요.\n정보 수정 제안하기\n이용약관고객센터리뷰운영정책신고센터\n네이버""}]"
384,384,늘봄꽃집,쇼핑,제주특별자치도 제주시 중앙로 64,,33.5124993,126.5244451,010-7696-5440,,https://naver.me/xVGpQkoG,,중앙로,success,1_naver_link,naver_link place_id=1458161281,4.3,naver_place,https://map.naver.com/p/entry/place/1458161281,https://map.naver.com/p/entry/place/1458161281,https://pcmap.place.naver.com/place/1458161281/home,1458161281,늘봄꽃예술원,"꽃집,꽃배달",,,제주 제주시 중앙로 64,제주 제주시 일도일동 1450-1,,064-757-1464,,33.5125375,126.5244404,,,,{},,,"중소벤처기업부 인증
백년가게

백년가게는 30년 이상 명맥을 유지하면서도 오래도록 고객의 꾸준한 사랑을 받아온 점포 가운데, 중소벤처기업부에서 그 우수성과 성장 가능성을 높게 평가 받아 공식 인증받은 점포입니다.",,,,,,,,"늘봄꽃예술원|꽃집,꽃배달|제주 제주시 중앙로 64|제주 제주시 일도일동 1450-1|064-757-1464|친절해요|싱싱해요|꽃 조합이 예뻐요|감각적이에요|가격이 합리적이에요|포장이 정성스러워요|비싼 만큼 가치있어요","[""늘봄꽃예술원"", ""꽃집,꽃배달"", ""제주 제주시 중앙로 64"", ""제주 제주시 일도일동 1450-1"", ""064-757-1464"", ""친절해요"", ""싱싱해요"", ""꽃 조합이 예뻐요"", ""감각적이에요"", ""가격이 합리적이에요"", ""포장이 정성스러워요"", ""비싼 만큼 가치있어요""]","{""name"": [""늘봄꽃예술원""], ""category"": [""꽃집,꽃배달""], ""address"": [""제주 제주시 중앙로 64"", ""제주 제주시 일도일동 1450-1""], ""phone"": [""064-757-1464""], ""visitor_keywords"": [""친절해요"", ""싱싱해요"", ""꽃 조합이 예뻐요"", ""감각적이에요"", ""가격이 합리적이에요"", ""포장이 정성스러워요"", ""비싼 만큼 가치있어요""]}",https://naver.me/xVGpQkoG,,,,"[{""keyword"": ""친절해요"", ""count"": ""20""}, {""keyword"": ""싱싱해요"", ""count"": ""19""}, {""keyword"": ""꽃 조합이 예뻐요"", ""count"": ""17""}, {""keyword"": ""감각적이에요"", ""count"": ""13""}, {""keyword"": ""가격이 합리적이에요"", ""count"": ""9""}, {""keyword"": ""포장이 정성스러워요"", ""count"": ""8""}, {""keyword"": ""비싼 만큼 가치있어요"", ""count"": ""4""}]","[{""title"": ""인증 정보"", ""body"": ""중소벤처기업부 인증\n백년가게\n\n백년가게는 30년 이상 명맥을 유지하면서도 오래도록 고객의 꾸준한 사랑을 받아온 점포 가운데, 중소벤처기업부에서 그 우수성과 성장 가능성을 높게 평가 받아 공식 인증받은 점포입니다.""}, {""title"": ""결제수단"", ""body"": ""제로페이\n알고 계신 정보와 다른 정보가 있나요?\n사진으로 간단하게 제보해 주세요.\n정보 수정 제안하기\n이용약관고객센터리뷰운영정책신고센터\n네이버""}]"
385,385,이태리안경,쇼핑,제주특별자치도 제주시 중앙로 61,,33.5126643,126.5248054,010-8664-6432,,https://naver.me/xgXLm6kS,,중앙로,success,1_naver_link,naver_link place_id=16701039,17.0,naver_place,https://map.naver.com/p/entry/place/16701039,https://map.naver.com/p/entry/place/16701039,https://pcmap.place.naver.com/place/16701039/home,16701039,이태리안경,안경원,,,제주 제주시 중앙로 61,제주 제주시 이도1동 1359-1,,064-722-6432,,33.512813,126.524762,,,,{},정보 수정,,"중소벤처기업부 인증
백년가게

백년가게는 30년 이상 명맥을 유지하면서도 오래도록 고객의 꾸준한 사랑을 받아온 점포 가운데, 중소벤처기업부에서 그 우수성과 성장 가능성을 높게 평가 받아 공식 인증받은 점포입니다.

알고 계신 정보와 다른 정보가 있나요?
사진으로 간단하게 제보해 주세요.
정보 수정 제안하기
이용약관고객센터리뷰운영정책신고센터
네이버",,,,,,,,이태리안경|안경원|제주 제주시 중앙로 61|제주 제주시 이도1동 1359-1|064-722-6432,"[""이태리안경"", ""안경원"", ""제주 제주시 중앙로 61"", ""제주 제주시 이도1동 1359-1"", ""064-722-6432""]","{""name"": [""이태리안경""], ""category"": [""안경원""], ""address"": [""제주 제주시 중앙로 61"", ""제주 제주시 이도1동 1359-1""], ""phone"": [""064-722-6432""]}",https://naver.me/xgXLm6kS,,,,,"[{""title"": ""인증 정보"", ""body"": ""중소벤처기업부 인증\n백년가게\n\n백년가게는 30년 이상 명맥을 유지하면서도 오래도록 고객의 꾸준한 사랑을 받아온 점포 가운데, 중소벤처기업부에서 그 우수성과 성장 가능성을 높게 평가 받아 공식 인증받은 점포입니다.\n\n알고 계신 정보와 다른 정보가 있나요?\n사진으로 간단하게 제보해 주세요.\n정보 수정 제안하기\n이용약관고객센터리뷰운영정책신고센터\n네이버""}]"
386,386,팬텀 제주중앙점,쇼핑,제주특별자치도 제주시 중앙로 59,,33.5129515,126.5249879,010-9996-4160,,https://naver.me/5f5F9OYQ,,중앙로,success,1_naver_link,naver_link place_id=1587618877,3.5,naver_place,https://map.naver.com/p/entry/place/1587618877,https://map.naver.com/p/entry/place/1587618877,https://pcmap.place.naver.com/place/1587618877/home,1587618877,팬텀 제주중앙점,스포츠의류,,,제주 제주시 중앙로 59,제주 제주시 이도일동 1355-4,,064-721-2133,,33.5129749,126.5249621,,,,{},정보 수정,,"jjg****
22.8.151번째 방문영수증
친절해요
YANG HC
22.5.61번째 방문영수증
좋아요
테마22
21.7.142번째 방문영수증
친절해요
로딩중
알고 계신 정보와 다른 정보가 있나요?
사진으로 간단하게 제보해 주세요.
정보 수정 제안하기
이용약관고객센터리뷰운영정책신고센터
네이버",,,,,,,,팬텀 제주중앙점|스포츠의류|제주 제주시 중앙로 59|제주 제주시 이도일동 1355-4|064-721-2133,"[""팬텀 제주중앙점"", ""스포츠의류"", ""제주 제주시 중앙로 59"", ""제주 제주시 이도일동 1355-4"", ""064-721-2133""]","{""name"": [""팬텀 제주중앙점""], ""category"": [""스포츠의류""], ""address"": [""제주 제주시 중앙로 59"", ""제주 제주시 이도일동 1355-4""], ""phone"": [""064-721-2133""]}",https://naver.me/5f5F9OYQ,,,,,"[{""title"": ""방문자 리뷰9"", ""body"": ""jjg****\n22.8.151번째 방문영수증\n친절해요\nYANG HC\n22.5.61번째 방문영수증\n좋아요\n테마22\n21.7.142번째 방문영수증\n친절해요\n로딩중\n알고 계신 정보와 다른 정보가 있나요?\n사진으로 간단하게 제보해 주세요.\n정보 수정 제안하기\n이용약관고객센터리뷰운영정책신고센터\n네이버""}]"
387,387,퀸주얼리(Queen),쇼핑,제주특별자치도 제주시 중앙로 68,,33.5121623,126.5243862,010-3697-1025,,https://naver.me/xk18T4CQ,,중앙로,success,1_naver_link,naver_link place_id=32151995,8.2,naver_place,https://map.naver.com/p/entry/place/32151995,https://map.naver.com/p/entry/place/32151995,https://pcmap.place.naver.com/place/32151995/home,32151995,퀸주얼리,"귀금속,시계",,,제주 제주시 중앙로 68,제주 제주시 이도일동 1369-4,,064-758-5232,,33.51212,126.5244581,영업 중,영업 중,,{},영업 중,주차,"지역화폐 (지류형)
지역화폐 (카드형)
지역화폐 (모바일형)
제로페이
알고 계신 정보와 다른 정보가 있나요?
사진으로 간단하게 제보해 주세요.
정보 수정 제안하기
이용약관고객센터리뷰운영정책신고센터
네이버",,,,,,,,"퀸주얼리|귀금속,시계|제주 제주시 중앙로 68|제주 제주시 이도일동 1369-4|064-758-5232|영업 중|주차|친절해요|상품이 다양해요|매장이 청결해요|맞춤 제작을 잘해요|선물하기 좋아요|A/S가 세심해요|독특한 디자인이 많아요|비싼 만큼 가치있어요|가성비가 좋아요|추천을 잘해줘요","[""퀸주얼리"", ""귀금속,시계"", ""제주 제주시 중앙로 68"", ""제주 제주시 이도일동 1369-4"", ""064-758-5232"", ""영업 중"", ""주차"", ""친절해요"", ""상품이 다양해요"", ""매장이 청결해요"", ""맞춤 제작을 잘해요"", ""선물하기 좋아요"", ""A/S가 세심해요"", ""독특한 디자인이 많아요"", ""비싼 만큼 가치있어요"", ""가성비가 좋아요"", ""추천을 잘해줘요""]","{""name"": [""퀸주얼리""], ""category"": [""귀금속,시계""], ""address"": [""제주 제주시 중앙로 68"", ""제주 제주시 이도일동 1369-4""], ""phone"": [""064-758-5232""], ""hours"": [""영업 중""], ""conveniences"": [""주차""], ""visitor_keywords"": [""친절해요"", ""상품이 다양해요"", ""매장이 청결해요"", ""맞춤 제작을 잘해요"", ""선물하기 좋아요"", ""A/S가 세심해요"", ""독특한 디자인이 많아요"", ""비싼 만큼 가치있어요"", ""가성비가 좋아요"", ""추천을 잘해줘요""]}",https://naver.me/xk18T4CQ,,,,"[{""keyword"": ""친절해요"", ""count"": ""20""}, {""keyword"": ""상품이 다양해요"", ""count"": ""12""}, {""keyword"": ""매장이 청결해요"", ""count"": ""11""}, {""keyword"": ""맞춤 제작을 잘해요"", ""count"": ""9""}, {""keyword"": ""선물하기 좋아요"", ""count"": ""9""}, {""keyword"": ""A/S가 세심해요"", ""count"": ""7""}, {""keyword"": ""독특한 디자인이 많아요"", ""count"": ""5""}, {""keyword"": ""비싼 만큼 가치있어요"", ""count"": ""4""}, {""keyword"": ""가성비가 좋아요"", ""count"": ""3""}, {""keyword"": ""추천을 잘해줘요"", ""count"": ""3""}]","[{""title"": ""주차"", ""body"": ""주차가능\n무료\n제주시 이도일동 1491-4 (중앙로상점가주차장) 토,일 공휴일 무료 (평일 30분 무료)""}, {""title"": ""결제수단"", ""body"": ""지역화폐 (지류형)\n지역화폐 (카드형)\n지역화폐 (모바일형)\n제로페이\n알고 계신 정보와 다른 정보가 있나요?\n사진으로 간단하게 제보해 주세요.\n정보 수정 제안하기\n이용약관고객센터리뷰운영정책신고센터\n네이버""}]"
388,388,오여사네 밥상,음식점,제주특별자치도 제주시 중앙로12길 8,,33.5120382,126.5237505,010-7440-3509,,https://naver.me/FJbmDNEo,,중앙로,success,1_naver_link,naver_link place_id=1178223647,0.3,naver_place,https://map.naver.com/p/entry/place/1178223647,https://map.naver.com/p/entry/place/1178223647,https://pcmap.place.naver.com/place/1178223647/home,1178223647,오여사밥상중앙로점,한식,,생선구이와 제육볶음의 완벽한 조합,제주 제주시 중앙로12길 8 1층,제주 제주시 이도일동 1385-1,중앙앙성당 버스정류장에서 우회전 도보 3분 | 카톨릭회관 맞은편,0507-1393-3509,,33.5120379,126.5237475,월 10:00 - 22:00,영업 중21:00에 라스트오더,영업 중21:00에 라스트오더 | 21시 0분에 라스트오더 | 21:00 라스트오더 | 재료소진시 조기마감될 수 있습니다,"{""목"": {""open"": ""10:00 - 22:00""}, ""금"": {""open"": ""10:00 - 22:00""}, ""토"": {""open"": ""10:00 - 22:00""}, ""일"": {""open"": ""정기휴무 (매주 일요일)""}, ""월"": {""open"": ""10:00 - 22:00""}, ""화"": {""open"": ""10:00 - 22:00""}, ""수"": {""open"": ""10:00 - 22:00""}}",영업 중21:00에 라스트오더 | 21시 0분에 라스트오더 | 목 | 10:00 - 22:00 | 21:00 라스트오더 | 금 | 10:00 - 22:00 | 21:00 라스트오더 | 토 | 10:00 - 22:00 | 21:00 라스트오더 | 일 | 정기휴무 (매주 일요일) | 월 | 10:00 - 22:00 | 21:00 라스트오더 | 화 | 10:00 - 22:00 | 21:00 라스트오더 | 수 | 10:00 - 22:00 | 21:00 라스트오더 | - 재료소진시 조기마감될 수 있습니다 | 접기,단체 이용 가능|무선 인터넷|대기공간,"제주시내 중앙성당 앞에 위치한 소문난 음식점 입니다. 신선한 채소들과 싱싱한 제주산 돼지고기, 갈치, 생선만 사용하고 집밥처럼 맛있고 편안하게 식사를 즐길 수 있습니다.

지하에는 조각가 김형석 작가의 감성 넘치는 제주현무암 조각 작품들이 전시되어 있으며 무료로 관람할 수 있습니다.

< 추천 식사 메뉴>
정식A - 생선구이 / 제육복음
정식B - 생선조림 / 떡갈비 (대체가능)
두루치기
※ 1인 가능 (혼밥 가능)

<추천 구이 메뉴>
제주산오겹살
흑돼지대패구이
<식사추가>
냉모밀
된장찌개
김치찌개
접기","사용자 리뷰를 바탕으로 주요 특징을 요약했습니다. |  | 오여사밥상중앙로점은 현지인들에게 사랑받는 한식집으로, 매콤하게 졸인 생선조림과 바삭한 제육볶음이 인기 메뉴입니다. | 세레나 | +1 | 점심 정식을 다양하게 즐길 수 있으며, 저녁에는 오겹살이나 대패삼겹살과 함께 막걸리를 곁들이기 좋습니다. | 게으른나그네 | +2 | 가성비와 맛을 모두 잡은 도민 맛집으로 추천됩니다. | 세레나 | +2",,,,,,점심 정식A(생선구이/제육볶음)|점심 정식B (생선조림 / 떡갈비)|오겹살 (200g)|대패삼겹살 (200g)|된장찌개|김치찌개|두루치기|모둠구이 중(600g)|꼬들살 (200g),오여사밥상중앙로점|한식|제주 제주시 중앙로12길 8 1층|제주 제주시 이도일동 1385-1|0507-1393-3509|월 10:00 - 22:00|점심 정식A(생선구이/제육볶음)|점심 정식B (생선조림 / 떡갈비)|오겹살 (200g)|대패삼겹살 (200g)|된장찌개|김치찌개|두루치기|모둠구이 중(600g)|꼬들살 (200g)|생선구이와 제육볶음의 완벽한 조합|단체 이용 가능|무선 인터넷|대기공간|음식이 맛있어요|가성비가 좋아요|반찬이 잘 나와요|재료가 신선해요|혼밥하기 좋아요|친절해요|양이 많아요|메뉴 구성이 알차요|특별한 메뉴가 있어요|현지 맛에 가까워요,"[""오여사밥상중앙로점"", ""한식"", ""제주 제주시 중앙로12길 8 1층"", ""제주 제주시 이도일동 1385-1"", ""0507-1393-3509"", ""월 10:00 - 22:00"", ""점심 정식A(생선구이/제육볶음)"", ""점심 정식B (생선조림 / 떡갈비)"", ""오겹살 (200g)"", ""대패삼겹살 (200g)"", ""된장찌개"", ""김치찌개"", ""두루치기"", ""모둠구이 중(600g)"", ""꼬들살 (200g)"", ""생선구이와 제육볶음의 완벽한 조합"", ""단체 이용 가능"", ""무선 인터넷"", ""대기공간"", ""음식이 맛있어요"", ""가성비가 좋아요"", ""반찬이 잘 나와요"", ""재료가 신선해요"", ""혼밥하기 좋아요"", ""친절해요"", ""양이 많아요"", ""메뉴 구성이 알차요"", ""특별한 메뉴가 있어요"", ""현지 맛에 가까워요""]","{""name"": [""오여사밥상중앙로점""], ""category"": [""한식""], ""address"": [""제주 제주시 중앙로12길 8 1층"", ""제주 제주시 이도일동 1385-1""], ""phone"": [""0507-1393-3509""], ""hours"": [""월 10:00 - 22:00""], ""menus"": [""점심 정식A(생선구이/제육볶음)"", ""점심 정식B (생선조림 / 떡갈비)"", ""오겹살 (200g)"", ""대패삼겹살 (200g)"", ""된장찌개"", ""김치찌개"", ""두루치기"", ""모둠구이 중(600g)"", ""꼬들살 (200g)""], ""slogan"": [""생선구이와 제육볶음의 완벽한 조합""], ""conveniences"": [""단체 이용 가능"", ""무선 인터넷"", ""대기공간""], ""visitor_keywords"": [""음식이 맛있어요"", ""가성비가 좋아요"", ""반찬이 잘 나와요"", ""재료가 신선해요"", ""혼밥하기 좋아요"", ""친절해요"", ""양이 많아요"", ""메뉴 구성이 알차요"", ""특별한 메뉴가 있어요"", ""현지 맛에 가까워요""]}",https://naver.me/FJbmDNEo,,,,"[{""keyword"": ""음식이 맛있어요"", ""count"": ""47""}, {""keyword"": ""가성비가 좋아요"", ""count"": ""41""}, {""keyword"": ""반찬이 잘 나와요"", ""count"": ""29""}, {""keyword"": ""재료가 신선해요"", ""count"": ""24""}, {""keyword"": ""혼밥하기 좋아요"", ""count"": ""13""}, {""keyword"": ""친절해요"", ""count"": ""12""}, {""keyword"": ""양이 많아요"", ""count"": ""11""}, {""keyword"": ""메뉴 구성이 알차요"", ""count"": ""8""}, {""keyword"": ""특별한 메뉴가 있어요"", ""count"": ""5""}, {""keyword"": ""현지 맛에 가까워요"", ""count"": ""2""}]","[{""title"": ""소개"", ""body"": ""제주시내 중앙성당 앞에 위치한 소문난 음식점 입니다. 신선한 채소들과 싱싱한 제주산 돼지고기, 갈치, 생선만 사용하고 집밥처럼 맛있고 편안하게 식사를 즐길 수 있습니다.\n\n지하에는 조각가 김형석 작가의 감성 넘치는 제주현무암 조각 작품들이 전시되어 있으며 무료로 관람할 수 있습니다.\n\n< 추천 식사 메뉴>\n정식A - 생선구이 / 제육복음\n정식B - 생선조림 / 떡갈비 (대체가능)\n두루치기\n※ 1인 가능 (혼밥 가능)\n\n<추천 구이 메뉴>\n제주산오겹살\n흑돼지대패구이\n<식사추가>\n냉모밀\n된장찌개\n김치찌개\n접기""}, {""title"": ""편의시설 및 서비스"", ""body"": ""단체 이용 가능\n무선 인터넷\n대기공간""}, {""title"": ""결제수단"", ""body"": ""제로페이\n알고 계신 정보와 다른 정보가 있나요?\n사진으로 간단하게 제보해 주세요.\n정보 수정 제안하기\n이용약관고객센터리뷰운영정책신고센터\n네이버""}]"
389,389,마트21,기타,제주특별자치도 제주시 관덕로8길 11,,33.5122288,126.5237801,010-4699-7356,,https://naver.me/xcAwqZ1v,,중앙로,success,1_naver_link,naver_link place_id=1845348128,19.9,naver_place,https://map.naver.com/p/entry/place/1845348128,https://map.naver.com/p/entry/place/1845348128,https://pcmap.place.naver.com/place/1845348128/home,1845348128,나들가게 마트21,"슈퍼,마트",,,제주 제주시 관덕로8길 11 극동행복그린,제주 제주시 이도일동 1380,,064-757-0131,,33.5123129,126.5235912,영업 중,영업 중,,{},영업 중,,"안내
64회44명 참여
""친절해요""
이 키워드를 선택한 인원
40
""상품이 다양해요""
이 키워드를 선택한 인원
33
""매장이 청결해요""
이 키워드를 선택한 인원
9
""즉석조리 식품이 맛있어요""
이 키워드를 선택한 인원
7
""신상품이 많아요""
이 키워드를 선택한 인원
7
더보기
4.2124개 평점(19명 참여)
안내",,,,,,,,"나들가게 마트21|슈퍼,마트|제주 제주시 관덕로8길 11 극동행복그린|제주 제주시 이도일동 1380|064-757-0131|영업 중|친절해요|상품이 다양해요|매장이 청결해요|즉석조리 식품이 맛있어요|신상품이 많아요|배달 시스템이 편리해요|과채가 신선해요|할인/적립을 잘 챙겨줘요|행사 상품이 다양해요|매장이 넓어요","[""나들가게 마트21"", ""슈퍼,마트"", ""제주 제주시 관덕로8길 11 극동행복그린"", ""제주 제주시 이도일동 1380"", ""064-757-0131"", ""영업 중"", ""친절해요"", ""상품이 다양해요"", ""매장이 청결해요"", ""즉석조리 식품이 맛있어요"", ""신상품이 많아요"", ""배달 시스템이 편리해요"", ""과채가 신선해요"", ""할인/적립을 잘 챙겨줘요"", ""행사 상품이 다양해요"", ""매장이 넓어요""]","{""name"": [""나들가게 마트21""], ""category"": [""슈퍼,마트""], ""address"": [""제주 제주시 관덕로8길 11 극동행복그린"", ""제주 제주시 이도일동 1380""], ""phone"": [""064-757-0131""], ""hours"": [""영업 중""], ""visitor_keywords"": [""친절해요"", ""상품이 다양해요"", ""매장이 청결해요"", ""즉석조리 식품이 맛있어요"", ""신상품이 많아요"", ""배달 시스템이 편리해요"", ""과채가 신선해요"", ""할인/적립을 잘 챙겨줘요"", ""행사 상품이 다양해요"", ""매장이 넓어요""]}",https://naver.me/xcAwqZ1v,,,,"[{""keyword"": ""친절해요"", ""count"": ""40""}, {""keyword"": ""상품이 다양해요"", ""count"": ""33""}, {""keyword"": ""매장이 청결해요"", ""count"": ""9""}, {""keyword"": ""즉석조리 식품이 맛있어요"", ""count"": ""7""}, {""keyword"": ""신상품이 많아요"", ""count"": ""7""}, {""keyword"": ""배달 시스템이 편리해요"", ""count"": ""6""}, {""keyword"": ""과채가 신선해요"", ""count"": ""6""}, {""keyword"": ""할인/적립을 잘 챙겨줘요"", ""count"": ""5""}, {""keyword"": ""행사 상품이 다양해요"", ""count"": ""4""}, {""keyword"": ""매장이 넓어요"", ""count"": ""4""}]","[{""title"": ""이런 점이 좋았어요"", ""body"": ""안내\n64회44명 참여\n\""친절해요\""\n이 키워드를 선택한 인원\n40\n\""상품이 다양해요\""\n이 키워드를 선택한 인원\n33\n\""매장이 청결해요\""\n이 키워드를 선택한 인원\n9\n\""즉석조리 식품이 맛있어요\""\n이 키워드를 선택한 인원\n7\n\""신상품이 많아요\""\n이 키워드를 선택한 인원\n7\n더보기\n4.2124개 평점(19명 참여)\n안내""}, {""title"": ""사진·영상 리뷰"", ""body"": """"}, {""title"": ""리뷰49"", ""body"": ""안내\n사진/영상 리뷰만\n최신순\n리뷰 제공 기준\n리뷰 클렌징 시스템 작동중입니다\nwntkfkd7927h\n리뷰 894사진 1,482\n팔로우\n친절해요\n친절해요\n배달 시스템이 편리해요\n상품이 다양해요\n트렌디한 상품이 많아요\n반응 남기기\n방문일\n25.12.8.월\n2025년 12월 8일 월요일\n1번째 방문\n인증 수단\n영수증\n엘리쟈벳ㅎ\n리뷰 2,985사진 1,336팔로워 4\n팔로우\n친절해요\n반응 남기기\n방문일\n25.12.15.월\n2025년 12월 15일 월요일\n2번째 방문\n인증 수단\n영수증\n쇼펜하우어7\n리뷰 1,616사진 1,511\n팔로우\n괜찮아요\n상품이 다양해요\n반응 남기기\n방문일\n25.12.13.토\n2025년 12월 13일 토요일\n8번째 방문\n인증 수단\n영수증\n수니54\n리뷰 1,366사진 165\n팔로우\n집근처 나들가게에요\n상품이 다양해요\n반응 남기기\n방문일\n25.10.3.금\n2025년 10월 3일 금요일\n4번째 방문\n인증 수단\n영수증\n앞으로5240\n리뷰 950사진 3,085팔로워 26\n팔로우\n주차는 근처 골목에 알아서 하셔야 되구요,\n상품은 동네 슈퍼라고 생각하시면 되니- 좋은 물건을 사시려면 근처 이마트로 가세요.\n당장 가까이에서 필요한 물품을 사기에는 좋은 곳입니다.\n\n오래된 감성 느끼고 싶다면 방문하시면 좋겠어요\n사장님께서 친절한 곳입니다.\n더보기\n상품이 다양해요\n친절해요\n할인/적립을 잘 챙겨줘요\n반응 남기기\n방문일\n24.9.10.화\n2024년 9월 10일 화요일\n2번째 방문\n인증 수단\n결제내역\nfbg****\n리뷰 1,885사진 12팔로워 22\n팔로우\n좋아요\n반응 남기기\n방문일\n24.7.14.일\n2024년 7월 14일 일요일\n2번째 방문\n인증 수단\n영수증\n앞으로5240\n리뷰 950사진 3,085팔로워 26\n팔로우\n사무실에서 먹을 감자 찍어먹을 소금 구입했습니당^^\n상품이 다양해요\n친절해요\n반응 남기기\n방문일\n24.7.9.화\n2024년 7월 9일 화요일\n1번째 방문\n인증 수단\n영수증\n0806heo\n리뷰 1,284사진 9\n팔로우\n좋아요\n상품이 다양해요\n친절해요\n행사 상품이 다양해요\n반응 남기기\n방문일\n24.6.14.금\n2024년 6월 14일 금요일\n1번째 방문\n인증 수단\n영수증\nfbg****\n리뷰 1,885사진 12팔로워 22\n팔로우\n좋아요\n반응 남기기\n방문일\n24.3.1.금\n2024년 3월 1일 금요일\n1번째 방문\n인증 수단\n영수증\n쇼펜하우어7\n리뷰 1,616사진 1,511\n팔로우\n친절하고 반찬도 소분해서 판매하고 좋아요\n친절해요\n반응 남기기\n방문일\n24.2.29.목\n2024년 2월 29일 목요일\n6번째 방문\n인증 수단\n영수증\n펼쳐서 더보기""}, {""title"": ""키워드·별점 리뷰47"", ""body"": ""christin5597\n리뷰 403\n팔로우\n신상품이 많아요\n매장이 청결해요\n매장이 넓어요\n반응 남기기\n방문일\n24.1.2.화\n2024년 1월 2일 화요일\n3번째 방문\n인증 수단\n영수증\nqp2008\n리뷰 570사진 116팔로워 2\n팔로우\n상품이 다양해요\n친절해요\n매장이 넓어요\n반응 남기기\n방문일\n23.10.31.화\n2023년 10월 31일 화요일\n1번째 방문\n인증 수단\n결제내역\n기가파이터\n리뷰 387사진 1팔로워 3\n팔로우\n상품이 다양해요\n반응 남기기\n방문일\n23.10.18.수\n2023년 10월 18일 수요일\n1번째 방문\n인증 수단\n결제내역\n수니54\n리뷰 1,366사진 165\n팔로우\n상품이 다양해요\n신상품이 많아요\n반응 남기기\n방문일\n23.9.5.화\n2023년 9월 5일 화요일\n2번째 방문\n인증 수단\n영수증\n수니54\n리뷰 1,366사진 165\n팔로우\n상품이 다양해요\n신상품이 많아요\n반응 남기기\n방문일\n23.9.3.일\n2023년 9월 3일 일요일\n1번째 방문\n인증 수단\n영수증\nchristin5597\n리뷰 403\n팔로우\n즉석조리 식품이 맛있어요\n매장이 청결해요\n반응 남기기\n방문일\n23.7.18.화\n2023년 7월 18일 화요일\n2번째 방문\n인증 수단\n영수증\nchristin5597\n리뷰 403\n팔로우\n즉석조리 식품이 맛있어요\n상품이 다양해요\n매장이 청결해요\n반응 남기기\n방문일\n23.7.12.수\n2023년 7월 12일 수요일\n1번째 방문\n인증 수단\n영수증\n프린세스5875\n리뷰 378사진 15팔로워 4\n팔로우\n상품이 다양해요\n즉석조리 식품이 맛있어요\n과채가 신선해요\n친절해요\n매장이 청결해요\n반응 남기기\n방문일\n23.7.2.일\n2023년 7월 2일 일요일\n7번째 방문\n인증 수단\n결제내역\n꽃빵1212\n리뷰 140사진 22\n팔로우\n과채가 신선해요\n고기 질이 좋아요\n반응 남기기\n방문일\n23.6.28.수\n2023년 6월 28일 수요일\n1번째 방문\n인증 수단\n영수증\n프린세스5875\n리뷰 378사진 15팔로워 4\n팔로우\n즉석조리 식품이 맛있어요\n고기 질이 좋아요\n친절해요\n할인/적립을 잘 챙겨줘요\n배달 시스템이 편리해요\n반응 남기기\n방문일\n23.6.2.금\n2023년 6월 2일 금요일\n6번째 방문\n인증 수단\n결제내역\n펼쳐서 더보기\n이용약관고객센터리뷰운영정책신고센터\n네이버""}]"
390,390,중앙BYC,쇼핑,제주특별자치도 제주시 중앙로 76,,33.5115243,126.5242333,010-4706-6209,,https://naver.me/GIITSNnH,,중앙로,success,1_naver_link,naver_link place_id=1315017461,7.2,naver_place,https://map.naver.com/p/entry/place/1315017461,https://map.naver.com/p/entry/place/1315017461,https://pcmap.place.naver.com/place/1315017461/home,1315017461,중앙비와이씨,속옷,,,제주 제주시 중앙로 76,제주 제주시 이도일동 1402-2,,,,33.5114605,126.5242451,,,,{},,,"안내
20회19명 참여
""친절해요""
이 키워드를 선택한 인원
15
""품질이 좋아요""
이 키워드를 선택한 인원
10
""가성비가 좋아요""
이 키워드를 선택한 인원
8
""종류가 다양해요""
이 키워드를 선택한 인원
6
""매장이 넓어요""
이 키워드를 선택한 인원
3
더보기",,,,,,,,중앙비와이씨|속옷|제주 제주시 중앙로 76|제주 제주시 이도일동 1402-2|친절해요|품질이 좋아요|가성비가 좋아요|종류가 다양해요|매장이 넓어요|스타일 추천을 잘해줘요|독특한 디자인이 많아요,"[""중앙비와이씨"", ""속옷"", ""제주 제주시 중앙로 76"", ""제주 제주시 이도일동 1402-2"", ""친절해요"", ""품질이 좋아요"", ""가성비가 좋아요"", ""종류가 다양해요"", ""매장이 넓어요"", ""스타일 추천을 잘해줘요"", ""독특한 디자인이 많아요""]","{""name"": [""중앙비와이씨""], ""category"": [""속옷""], ""address"": [""제주 제주시 중앙로 76"", ""제주 제주시 이도일동 1402-2""], ""visitor_keywords"": [""친절해요"", ""품질이 좋아요"", ""가성비가 좋아요"", ""종류가 다양해요"", ""매장이 넓어요"", ""스타일 추천을 잘해줘요"", ""독특한 디자인이 많아요""]}",https://naver.me/GIITSNnH,,,,"[{""keyword"": ""친절해요"", ""count"": ""15""}, {""keyword"": ""품질이 좋아요"", ""count"": ""10""}, {""keyword"": ""가성비가 좋아요"", ""count"": ""8""}, {""keyword"": ""종류가 다양해요"", ""count"": ""6""}, {""keyword"": ""매장이 넓어요"", ""count"": ""3""}, {""keyword"": ""스타일 추천을 잘해줘요"", ""count"": ""2""}, {""keyword"": ""독특한 디자인이 많아요"", ""count"": ""1""}]","[{""title"": ""이런 점이 좋았어요"", ""body"": ""안내\n20회19명 참여\n\""친절해요\""\n이 키워드를 선택한 인원\n15\n\""품질이 좋아요\""\n이 키워드를 선택한 인원\n10\n\""가성비가 좋아요\""\n이 키워드를 선택한 인원\n8\n\""종류가 다양해요\""\n이 키워드를 선택한 인원\n6\n\""매장이 넓어요\""\n이 키워드를 선택한 인원\n3\n더보기""}, {""title"": ""사진·영상 리뷰"", ""body"": """"}, {""title"": ""리뷰18"", ""body"": ""안내\n사진/영상 리뷰만\n최신순\n리뷰 제공 기준\n리뷰 클렌징 시스템 작동중입니다\n새로운출발과 도전\n리뷰 2,343사진 155팔로워 1\n팔로우\n신속해요\n품질이 좋아요\n친절해요\n반응 남기기\n방문일\n25.10.20.월\n2025년 10월 20일 월요일\n1번째 방문\n인증 수단\n영수증\nolivia0806\n리뷰 1,835사진 5,621팔로워 47\n팔로우\n중앙로 횡단보도 쪽에 있다\n품질이 좋아요\n종류가 다양해요\n친절해요\n스타일 추천을 잘해줘요\n반응 남기기\n방문일\n25.8.7.목\n2025년 8월 7일 목요일\n1번째 방문\n인증 수단\n영수증\ny a m\n리뷰 2,182사진 3,190팔로워 109\n팔로우\n친절해요!!\n친절해요\n반응 남기기\n방문일\n24.11.26.화\n2024년 11월 26일 화요일\n1번째 방문\n인증 수단\n영수증\n페르지오\n리뷰 1,246사진 1,034\n팔로우\n올레걷기하는데발가락양말필요해서들렸더니\n친절하게응대해주셨어요\n품질이 좋아요\n가성비가 좋아요\n종류가 다양해요\n친절해요\n스타일 추천을 잘해줘요\n반응 남기기\n방문일\n24.10.31.목\n2024년 10월 31일 목요일\n1번째 방문\n인증 수단\n영수증\n캔디208\n리뷰 1,598사진 670\n팔로우\n좋아요\n품질이 좋아요\n반응 남기기\n방문일\n24.2.26.월\n2024년 2월 26일 월요일\n1번째 방문\n인증 수단\n영수증\n꽃사랑87\n리뷰 1,094사진 297\n팔로우\n좋아여~~\n친절해요\n품질이 좋아요\n반응 남기기\n방문일\n23.10.11.수\n2023년 10월 11일 수요일\n1번째 방문\n인증 수단\n영수증\n쇼펜하우어7\n리뷰 1,616사진 1,511\n팔로우\n괜찮아요\n반응 남기기\n방문일\n23.9.30.토\n2023년 9월 30일 토요일\n1번째 방문\n인증 수단\n영수증\n윤숙자38\n리뷰 676사진 3\n팔로우\n정성스레 소님을대해요\n종류가 다양해요\n친절해요\n매장이 넓어요\n반응 남기기\n방문일\n23.1.17.화\n2023년 1월 17일 화요일\n1번째 방문\n인증 수단\n영수증\nsea****\n리뷰 2,250사진 39\n팔로우\n굿\n친절해요\n반응 남기기\n방문일\n22.12.28.수\n2022년 12월 28일 수요일\n1번째 방문\n인증 수단\n영수증\n강남건축자재디자인\n리뷰 39팔로워 1\n팔로우\n사장님 친절하고 유머감각 있으세요\n친절해요\n반응 남기기\n방문일\n22.10.7.금\n2022년 10월 7일 금요일\n1번째 방문\n인증 수단\n영수증\n펼쳐서 더보기""}, {""title"": ""키워드·별점 리뷰12"", ""body"": ""슈퍼긍정엄마\n리뷰 1,232사진 250팔로워 1테마 1\n팔로우\n가성비가 좋아요\n종류가 다양해요\n매장이 넓어요\n반응 남기기\n방문일\n25.6.22.일\n2025년 6월 22일 일요일\n1번째 방문\n인증 수단\n영수증\nwntkfkd7927h\n리뷰 894사진 1,482\n팔로우\n품질이 좋아요\n가성비가 좋아요\n친절해요\n매장이 넓어요\n반응 남기기\n방문일\n25.1.11.토\n2025년 1월 11일 토요일\n1번째 방문\n인증 수단\n영수증\n희탁27\n리뷰 252사진 12\n팔로우\n가성비가 좋아요\n반응 남기기\n방문일\n24.11.6.수\n2024년 11월 6일 수요일\n1번째 방문\n인증 수단\n영수증\nmsc****\n리뷰 1,042사진 18팔로워 1\n팔로우\n친절해요\n반응 남기기\n방문일\n24.7.5.금\n2024년 7월 5일 금요일\n2번째 방문\n인증 수단\n영수증\nchristin5597\n리뷰 403\n팔로우\n품질이 좋아요\n가성비가 좋아요\n반응 남기기\n방문일\n24.5.1.수\n2024년 5월 1일 수요일\n1번째 방문\n인증 수단\n영수증\nsum****\n리뷰 1,188사진 6\n팔로우\n품질이 좋아요\n종류가 다양해요\n친절해요\n반응 남기기\n방문일\n24.4.7.일\n2024년 4월 7일 일요일\n1번째 방문\n인증 수단\n영수증\nmsc****\n리뷰 1,042사진 18팔로워 1\n팔로우\n친절해요\n반응 남기기\n방문일\n23.10.12.목\n2023년 10월 12일 목요일\n1번째 방문\n인증 수단\n영수증\nsi8527\n리뷰 713사진 53팔로워 1\n팔로우\n품질이 좋아요\n가성비가 좋아요\n종류가 다양해요\n독특한 디자인이 많아요\n친절해요\n반응 남기기\n1\n명\n방문일\n23.6.16.금\n2023년 6월 16일 금요일\n1번째 방문\n인증 수단\n영수증\n비행기568\n리뷰 691사진 286팔로워 5\n팔로우\n품질이 좋아요\n가성비가 좋아요\n반응 남기기\n방문일\n23.6.11.일\n2023년 6월 11일 일요일\n1번째 방문\n인증 수단\n결제내역\n둘리껌딱지\n리뷰 292사진 148팔로워 21\n팔로우\n친절해요\n가성비가 좋아요\n반응 남기기\n방문일\n23.3.1.수\n2023년 3월 1일 수요일\n1번째 방문\n인증 수단\n영수증\n펼쳐서 더보기\n이용약관고객센터리뷰운영정책신고센터\n네이버""}]"
391,391,열이네청과,쇼핑,제주특별자치도 제주시 중앙로13길 1,,33.5114253,126.5247134,010-3955-4362,,https://naver.me/5ECRxzwp,,중앙로,success,1_naver_link,naver_link place_id=1949574429,4.2,naver_place,https://map.naver.com/p/entry/place/1949574429,https://map.naver.com/p/entry/place/1949574429,https://pcmap.place.naver.com/place/1949574429/home,1949574429,열이네청과,과일,,,제주 제주시 중앙로13길 1,제주 제주시 이도1동 1419-10,,,,33.5114127,126.5246708,,,,{},,,"안내
42회26명 참여
""친절해요""
이 키워드를 선택한 인원
21
""신선해요""
이 키워드를 선택한 인원
18
""과일이 맛있어요""
이 키워드를 선택한 인원
17
""상품이 다양해요""
이 키워드를 선택한 인원
8
""제철 과일이 빨리 나와요""
이 키워드를 선택한 인원
5
더보기",,,,,,,,열이네청과|과일|제주 제주시 중앙로13길 1|제주 제주시 이도1동 1419-10|친절해요|신선해요|과일이 맛있어요|상품이 다양해요|제철 과일이 빨리 나와요|가격이 합리적이에요|원산지 표시가 명확해요,"[""열이네청과"", ""과일"", ""제주 제주시 중앙로13길 1"", ""제주 제주시 이도1동 1419-10"", ""친절해요"", ""신선해요"", ""과일이 맛있어요"", ""상품이 다양해요"", ""제철 과일이 빨리 나와요"", ""가격이 합리적이에요"", ""원산지 표시가 명확해요""]","{""name"": [""열이네청과""], ""category"": [""과일""], ""address"": [""제주 제주시 중앙로13길 1"", ""제주 제주시 이도1동 1419-10""], ""visitor_keywords"": [""친절해요"", ""신선해요"", ""과일이 맛있어요"", ""상품이 다양해요"", ""제철 과일이 빨리 나와요"", ""가격이 합리적이에요"", ""원산지 표시가 명확해요""]}",https://naver.me/5ECRxzwp,,,,"[{""keyword"": ""친절해요"", ""count"": ""21""}, {""keyword"": ""신선해요"", ""count"": ""18""}, {""keyword"": ""과일이 맛있어요"", ""count"": ""17""}, {""keyword"": ""상품이 다양해요"", ""count"": ""8""}, {""keyword"": ""제철 과일이 빨리 나와요"", ""count"": ""5""}, {""keyword"": ""가격이 합리적이에요"", ""count"": ""4""}, {""keyword"": ""원산지 표시가 명확해요"", ""count"": ""3""}]","[{""title"": ""이런 점이 좋았어요"", ""body"": ""안내\n42회26명 참여\n\""친절해요\""\n이 키워드를 선택한 인원\n21\n\""신선해요\""\n이 키워드를 선택한 인원\n18\n\""과일이 맛있어요\""\n이 키워드를 선택한 인원\n17\n\""상품이 다양해요\""\n이 키워드를 선택한 인원\n8\n\""제철 과일이 빨리 나와요\""\n이 키워드를 선택한 인원\n5\n더보기""}, {""title"": ""사진·영상 리뷰"", ""body"": """"}, {""title"": ""리뷰17"", ""body"": ""안내\n사진/영상 리뷰만\n최신순\n리뷰 제공 기준\n리뷰 클렌징 시스템 작동중입니다\nkk****\n리뷰 1,100사진 364\n팔로우\n과일이 맛있어요\n신선해요\n반응 남기기\n방문일\n2.26.목\n2026년 2월 26일 목요일\n1번째 방문\n인증 수단\n영수증\n슈퍼긍정엄마\n리뷰 1,232사진 250팔로워 1테마 1\n팔로우\n친절하게 알려주세요.\n신선해요\n과일이 맛있어요\n상품이 다양해요\n친절해요\n반응 남기기\n방문일\n25.7.11.금\n2025년 7월 11일 금요일\n2번째 방문\n인증 수단\n영수증\n슈퍼긍정엄마\n리뷰 1,232사진 250팔로워 1테마 1\n팔로우\n신선해요. 가격도 좋습니다.\n신선해요\n상품이 다양해요\n제철 과일이 빨리 나와요\n친절해요\n반응 남기기\n방문일\n24.12.7.토\n2024년 12월 7일 토요일\n1번째 방문\n인증 수단\n영수증\nMk9090\n리뷰 863사진 110팔로워 11\n팔로우\n굿\n친절해요\n반응 남기기\n방문일\n24.6.21.금\n2024년 6월 21일 금요일\n1번째 방문\n인증 수단\n영수증\n천사8419\n리뷰 956사진 20팔로워 22\n팔로우\n육지에 비해서 비싸지만싱싱한거 같아요\n신선해요\n반응 남기기\n방문일\n24.4.13.토\n2024년 4월 13일 토요일\n1번째 방문\n인증 수단\n영수증\n천년묵은거북이\n리뷰 1,441사진 882팔로워 60\n팔로우\n좋아요\n과일이 맛있어요\n친절해요\n반응 남기기\n방문일\n23.10.23.월\n2023년 10월 23일 월요일\n1번째 방문\n인증 수단\n영수증\nKingPrincess\n리뷰 506사진 233팔로워 6\n팔로우\n천원 빼주셔서 감사합니다 ~\n맛평가는 직접 먹어보시길 🤣\n친절해요\n가격이 합리적이에요\n반응 남기기\n방문일\n23.9.28.목\n2023년 9월 28일 목요일\n1번째 방문\n인증 수단\n영수증\nJJUNG0523\n리뷰 901사진 836팔로워 12\n팔로우\n좋아요\n친절해요\n반응 남기기\n방문일\n23.8.2.수\n2023년 8월 2일 수요일\n9번째 방문\n인증 수단\n결제내역\nJJUNG0523\n리뷰 901사진 836팔로워 12\n팔로우\n좋아요\n신선해요\n과일이 맛있어요\n친절해요\n반응 남기기\n방문일\n23.7.25.화\n2023년 7월 25일 화요일\n8번째 방문\n인증 수단\n결제내역\nJJUNG0523\n리뷰 901사진 836팔로워 12\n팔로우\n저렴하고 좋아요^^\n과일이 맛있어요\n친절해요\n반응 남기기\n방문일\n23.7.14.금\n2023년 7월 14일 금요일\n7번째 방문\n인증 수단\n결제내역\n펼쳐서 더보기""}, {""title"": ""키워드·별점 리뷰32"", ""body"": ""zol****\n리뷰 2,547사진 507\n팔로우\n상품이 다양해요\n반응 남기기\n방문일\n25.1.19.일\n2025년 1월 19일 일요일\n6번째 방문\n인증 수단\n영수증\nimehandls\n리뷰 727사진 7\n팔로우\n친절해요\n반응 남기기\n방문일\n24.7.11.목\n2024년 7월 11일 목요일\n1번째 방문\n인증 수단\n영수증\n루피19\n리뷰 774사진 22\n팔로우\n과일이 맛있어요\n친절해요\n반응 남기기\n방문일\n24.6.25.화\n2024년 6월 25일 화요일\n1번째 방문\n인증 수단\n영수증\nkey김은영\n리뷰 775사진 21팔로워 51\n팔로우\n신선해요\n과일이 맛있어요\n상품이 다양해요\n반응 남기기\n방문일\n24.4.29.월\n2024년 4월 29일 월요일\n3번째 방문\n인증 수단\n결제내역\nkey김은영\n리뷰 775사진 21팔로워 51\n팔로우\n신선해요\n과일이 맛있어요\n제철 과일이 빨리 나와요\n원산지 표시가 명확해요\n반응 남기기\n방문일\n24.2.17.토\n2024년 2월 17일 토요일\n2번째 방문\n인증 수단\n결제내역\nLcrlsy\n리뷰 1,540사진 21\n팔로우\n신선해요\n반응 남기기\n방문일\n24.2.13.화\n2024년 2월 13일 화요일\n1번째 방문\n인증 수단\n영수증\nzol****\n리뷰 2,547사진 507\n팔로우\n상품이 다양해요\n반응 남기기\n방문일\n23.10.24.화\n2023년 10월 24일 화요일\n5번째 방문\n인증 수단\n영수증\nzol****\n리뷰 2,547사진 507\n팔로우\n상품이 다양해요\n반응 남기기\n방문일\n23.10.7.토\n2023년 10월 7일 토요일\n4번째 방문\n인증 수단\n영수증\n타휠\n리뷰 3,149사진 11\n팔로우\n신선해요\n반응 남기기\n방문일\n23.9.24.일\n2023년 9월 24일 일요일\n1번째 방문\n인증 수단\n영수증\nzol****\n리뷰 2,547사진 507\n팔로우\n신선해요\n반응 남기기\n방문일\n23.8.22.화\n2023년 8월 22일 화요일\n3번째 방문\n인증 수단\n영수증\n펼쳐서 더보기\n이용약관고객센터리뷰운영정책신고센터\n네이버""}]"
392,392,다모아,쇼핑,제주특별자치도 제주시 중앙로 63-10,,33.5116394,126.5247804,010-4165-2358,,https://naver.me/5RApKbct,,중앙로,success,1_naver_link,naver_link place_id=1383280833,1.6,naver_place,https://map.naver.com/p/entry/place/1383280833,https://map.naver.com/p/entry/place/1383280833,https://pcmap.place.naver.com/place/1383280833/home,1383280833,다모아,속옷,,,제주 제주시 중앙로 63-10,제주 제주시 이도1동 1409-2,,064-758-7276,,33.5116484,126.5247669,,,,{},정보 수정,,,,,,,,,,다모아|속옷|제주 제주시 중앙로 63-10|제주 제주시 이도1동 1409-2|064-758-7276,"[""다모아"", ""속옷"", ""제주 제주시 중앙로 63-10"", ""제주 제주시 이도1동 1409-2"", ""064-758-7276""]","{""name"": [""다모아""], ""category"": [""속옷""], ""address"": [""제주 제주시 중앙로 63-10"", ""제주 제주시 이도1동 1409-2""], ""phone"": [""064-758-7276""]}",https://naver.me/5RApKbct,,,,,"[{""title"": ""결제수단"", ""body"": ""제로페이\n알고 계신 정보와 다른 정보가 있나요?\n사진으로 간단하게 제보해 주세요.\n정보 수정 제안하기\n이용약관고객센터리뷰운영정책신고센터\n네이버""}]"
393,393,슈올즈,쇼핑,제주특별자치도 제주시 중앙로 73,,33.5117036,126.5246796,010-4890-5668,,https://naver.me/GgUMdpzk,,중앙로,success,1_naver_link,naver_link place_id=1822588169,3.0,naver_place,https://map.naver.com/p/entry/place/1822588169,https://map.naver.com/p/entry/place/1822588169,https://pcmap.place.naver.com/place/1822588169/home,1822588169,슈올즈제주중앙점,건강신발,,,제주 제주시 중앙로 73,제주 제주시 이도일동 1410-1,,,,33.5117004,126.5246475,,,,{},,,"안내
10회10명 참여
""품질이 좋아요""
이 키워드를 선택한 인원
7
""친절해요""
이 키워드를 선택한 인원
4
""독특한 디자인이 많아요""
이 키워드를 선택한 인원
3
""가성비가 좋아요""
이 키워드를 선택한 인원
2
""종류가 다양해요""
이 키워드를 선택한 인원
2
더보기",,,,,,,,슈올즈제주중앙점|건강신발|제주 제주시 중앙로 73|제주 제주시 이도일동 1410-1|품질이 좋아요|친절해요|독특한 디자인이 많아요|가성비가 좋아요|종류가 다양해요|A/S가 세심해요|분위기가 편안해요|비싼 만큼 가치있어요|특색 있는 제품이 많아요|스타일 추천을 잘해줘요,"[""슈올즈제주중앙점"", ""건강신발"", ""제주 제주시 중앙로 73"", ""제주 제주시 이도일동 1410-1"", ""품질이 좋아요"", ""친절해요"", ""독특한 디자인이 많아요"", ""가성비가 좋아요"", ""종류가 다양해요"", ""A/S가 세심해요"", ""분위기가 편안해요"", ""비싼 만큼 가치있어요"", ""특색 있는 제품이 많아요"", ""스타일 추천을 잘해줘요""]","{""name"": [""슈올즈제주중앙점""], ""category"": [""건강신발""], ""address"": [""제주 제주시 중앙로 73"", ""제주 제주시 이도일동 1410-1""], ""visitor_keywords"": [""품질이 좋아요"", ""친절해요"", ""독특한 디자인이 많아요"", ""가성비가 좋아요"", ""종류가 다양해요"", ""A/S가 세심해요"", ""분위기가 편안해요"", ""비싼 만큼 가치있어요"", ""특색 있는 제품이 많아요"", ""스타일 추천을 잘해줘요""]}",https://naver.me/GgUMdpzk,,,,"[{""keyword"": ""품질이 좋아요"", ""count"": ""7""}, {""keyword"": ""친절해요"", ""count"": ""4""}, {""keyword"": ""독특한 디자인이 많아요"", ""count"": ""3""}, {""keyword"": ""가성비가 좋아요"", ""count"": ""2""}, {""keyword"": ""종류가 다양해요"", ""count"": ""2""}, {""keyword"": ""A/S가 세심해요"", ""count"": ""1""}, {""keyword"": ""분위기가 편안해요"", ""count"": ""1""}, {""keyword"": ""비싼 만큼 가치있어요"", ""count"": ""1""}, {""keyword"": ""특색 있는 제품이 많아요"", ""count"": ""1""}, {""keyword"": ""스타일 추천을 잘해줘요"", ""count"": ""1""}]","[{""title"": ""이런 점이 좋았어요"", ""body"": ""안내\n10회10명 참여\n\""품질이 좋아요\""\n이 키워드를 선택한 인원\n7\n\""친절해요\""\n이 키워드를 선택한 인원\n4\n\""독특한 디자인이 많아요\""\n이 키워드를 선택한 인원\n3\n\""가성비가 좋아요\""\n이 키워드를 선택한 인원\n2\n\""종류가 다양해요\""\n이 키워드를 선택한 인원\n2\n더보기""}, {""title"": ""사진·영상 리뷰"", ""body"": """"}, {""title"": ""리뷰10"", ""body"": ""안내\n사진/영상 리뷰만\n최신순\n리뷰 제공 기준\n리뷰 클렌징 시스템 작동중입니다\n유영h\n리뷰 455사진 1,023팔로워 10\n팔로우\n무지외반증이 있어 찾아간 제주 슈올즈.\n생각보다 종류도 많고 디자인도 예뻐서 한 켤레 구입하려다 두 켤레로 했다.\n슈올즈 신고 있으면 확실히 문제 있던 부분이 한결 낫다.\n무릎도 안 좋아지고 있었는데 나아진 듯.\n제주에도 있어서 다행이다. 동문시장 근처라 같이 가기에도 좋음.\n직원 분도 친절하시고 다 신어볼 수 있어 좋고, 어르신들이 들러서 이거 신으면 안 아프다고 추천해서 신기했다. 효도 선물도 가능할 듯!\n더보기\n품질이 좋아요\n종류가 다양해요\n특색 있는 제품이 많아요\n친절해요\n스타일 추천을 잘해줘요\n반응 남기기\n방문일\n24.9.11.수\n2024년 9월 11일 수요일\n1번째 방문\n인증 수단\n영수증\n천사8419\n리뷰 956사진 20팔로워 22\n팔로우\n어머니 생일 선물로 샀어요\n비싼 만큼 가치있어요\n반응 남기기\n방문일\n24.4.11.목\n2024년 4월 11일 목요일\n1번째 방문\n인증 수단\n영수증\n0806heo\n리뷰 1,284사진 9\n팔로우\n좋아요\n품질이 좋아요\n독특한 디자인이 많아요\n친절해요\n분위기가 편안해요\n반응 남기기\n방문일\n24.3.1.금\n2024년 3월 1일 금요일\n1번째 방문\n인증 수단\n영수증\nwooS2o\n리뷰 612사진 97\n팔로우\n굿\n품질이 좋아요\nA/S가 세심해요\n반응 남기기\n방문일\n23.6.21.수\n2023년 6월 21일 수요일\n1번째 방문\n인증 수단\n영수증\n솜결54\n리뷰 1,815사진 864팔로워 55\n팔로우\n좋아요\n품질이 좋아요\n반응 남기기\n방문일\n23.3.14.화\n2023년 3월 14일 화요일\n2번째 방문\n인증 수단\n영수증\n민땡75\n리뷰 1,167사진 10\n팔로우\n굿\n반응 남기기\n방문일\n22.1.1.토\n2022년 1월 1일 토요일\n1번째 방문\n인증 수단\n영수증\n엘리할머니\n리뷰 121사진 133팔로워 13\n팔로우\n별점\n5\n점\n기본으로 구성된 트레킹화를\n구매해서 신고 한라산 둘레길을\n걸어봤는데 편하고 피로감이 덜오고\n미끄럼방지가아주 잘된신발이에요\n오늘 또 구매한건 많이 건ㅅ어서 출퇴근하는 딸에게 선물줄거랍니다ᆢ\n더보기\n반응 남기기\n방문일\n21.8.11.수\n2021년 8월 11일 수요일\n1번째 방문\n인증 수단\n영수증\n쪽빛바다7779\n리뷰 842사진 101팔로워 4\n팔로우\n별점\n4.5\n점\n굿\n반응 남기기\n방문일\n21.7.9.금\n2021년 7월 9일 금요일\n1번째 방문\n인증 수단\n영수증\n모네69\n리뷰 520사진 36\n팔로우\n별점\n4.5\n점\n직원 분이 너무 친절했어요\n반응 남기기\n방문일\n21.5.4.화\n2021년 5월 4일 화요일\n1번째 방문\n인증 수단\n영수증\n솜결54\n리뷰 1,815사진 864팔로워 55\n팔로우\n별점\n4\n점\n1번째방문\n반응 남기기\n방문일\n20.12.21.월\n2020년 12월 21일 월요일\n1번째 방문\n인증 수단\n영수증""}, {""title"": ""키워드·별점 리뷰7"", ""body"": ""ch****\n리뷰 376\n팔로우\n품질이 좋아요\n반응 남기기\n방문일\n24.6.10.월\n2024년 6월 10일 월요일\n1번째 방문\n인증 수단\n영수증\nskj****\n리뷰 1,514사진 33\n팔로우\n품질이 좋아요\n가성비가 좋아요\n종류가 다양해요\n반응 남기기\n방문일\n24.3.9.토\n2024년 3월 9일 토요일\n1번째 방문\n인증 수단\n영수증\n류잔고\n리뷰 1,944사진 2,408팔로워 88테마 1\n팔로우\n품질이 좋아요\n가성비가 좋아요\n독특한 디자인이 많아요\n반응 남기기\n방문일\n23.10.28.토\n2023년 10월 28일 토요일\n1번째 방문\n인증 수단\n영수증\n0119458964582\n리뷰 532\n팔로우\n친절해요\n독특한 디자인이 많아요\n반응 남기기\n방문일\n23.8.30.수\n2023년 8월 30일 수요일\n1번째 방문\n인증 수단\n영수증\nbu****\n리뷰 40사진 7\n팔로우\n친절해요\n반응 남기기\n방문일\n22.11.9.수\n2022년 11월 9일 수요일\n1번째 방문\n인증 수단\n영수증\nkjc****\n리뷰 282\n팔로우\n별점\n3\n점\n반응 남기기\n방문일\n21.8.21.토\n2021년 8월 21일 토요일\n1번째 방문\n인증 수단\n영수증\n곰쥬5948\n리뷰 751사진 8\n팔로우\n별점\n5\n점\n반응 남기기\n방문일\n21.4.30.금\n2021년 4월 30일 금요일\n1번째 방문\n인증 수단\n영수증\n이용약관고객센터리뷰운영정책신고센터\n네이버""}]"
394,394,태승식품,음식점,제주특별자치도 제주시 오현길 75,,33.5114369,126.5249007,010-2693-0921,,,,중앙로,fail,5_fail,매칭 실패,318.8,naver_place,https://map.naver.com/p/entry/place/1668190602,https://map.naver.com/p/entry/place/1668190602,https://pcmap.place.naver.com/place/1668190602/home,1668190602,태승식품,식료품제조,,,제주 제주시 관덕로7길 6,제주 제주시 일도일동 1401-7,,064-721-0921,,33.5139791,126.5233112,,,,{},정보 수정,,,,,,,,,,태승식품|식료품제조|제주 제주시 관덕로7길 6|제주 제주시 일도일동 1401-7|064-721-0921,"[""태승식품"", ""식료품제조"", ""제주 제주시 관덕로7길 6"", ""제주 제주시 일도일동 1401-7"", ""064-721-0921""]","{""name"": [""태승식품""], ""category"": [""식료품제조""], ""address"": [""제주 제주시 관덕로7길 6"", ""제주 제주시 일도일동 1401-7""], ""phone"": [""064-721-0921""]}",태승식품 | 제주시 태승식품 | 태승식품 음식점 | 제주시 태승식품 음식점,,,,,
395,395,미도신발,쇼핑,제주특별자치도 제주시 중앙로 63-10,,33.5116394,126.5247804,010-8530-4002,,,,중앙로,needs_confirm,4_coord_near_confirm,좌표 115m ≤ 250m → 확인 필요,115.1,naver_place,https://map.naver.com/p/entry/place/1735787254,https://map.naver.com/p/entry/place/1735787254,https://pcmap.place.naver.com/place/1735787254/home,1735787254,미도신발,신발,,,제주 제주시 관덕로14길 20 미도신발 미도신발,제주 제주시 이도일동 1436-7,,064-752-4002,,33.5115773,126.5260194,,,,{},정보 수정,,"""친절해요""
이 키워드를 선택한 인원
7
""가성비가 좋아요""
이 키워드를 선택한 인원
4
""종류가 다양해요""
이 키워드를 선택한 인원
3
""A/S가 세심해요""
이 키워드를 선택한 인원
1
""분위기가 편안해요""
이 키워드를 선택한 인원
1
cis****
25.11.41번째 방문영수증
좋아요
종류가 다양해요
지니22109
25.4.171번째 방문영수증
굿
품질이 좋아요
돼지감자87
24.8.61번째 방문영수증
굿
가성비가 좋아요
알고 계신 정보와 다른 정보가 있나요?
사진으로 간단하게 제보해 주세요.
정보 수정 제안하기
이용약관고객센터리뷰운영정책신고센터
네이버",,,,,,,,미도신발|신발|제주 제주시 관덕로14길 20 미도신발 미도신발|제주 제주시 이도일동 1436-7|064-752-4002|친절해요|가성비가 좋아요|종류가 다양해요|A/S가 세심해요|분위기가 편안해요|품질이 좋아요,"[""미도신발"", ""신발"", ""제주 제주시 관덕로14길 20 미도신발 미도신발"", ""제주 제주시 이도일동 1436-7"", ""064-752-4002"", ""친절해요"", ""가성비가 좋아요"", ""종류가 다양해요"", ""A/S가 세심해요"", ""분위기가 편안해요"", ""품질이 좋아요""]","{""name"": [""미도신발""], ""category"": [""신발""], ""address"": [""제주 제주시 관덕로14길 20 미도신발 미도신발"", ""제주 제주시 이도일동 1436-7""], ""phone"": [""064-752-4002""], ""visitor_keywords"": [""친절해요"", ""가성비가 좋아요"", ""종류가 다양해요"", ""A/S가 세심해요"", ""분위기가 편안해요"", ""품질이 좋아요""]}",미도신발 | 제주시 미도신발 | 미도신발 쇼핑 | 제주시 미도신발 쇼핑,,,,"[{""keyword"": ""친절해요"", ""count"": ""7""}, {""keyword"": ""가성비가 좋아요"", ""count"": ""4""}, {""keyword"": ""종류가 다양해요"", ""count"": ""3""}, {""keyword"": ""A/S가 세심해요"", ""count"": ""1""}, {""keyword"": ""분위기가 편안해요"", ""count"": ""1""}, {""keyword"": ""품질이 좋아요"", ""count"": ""1""}]","[{""title"": ""방문자 사진·영상"", ""body"": """"}, {""title"": ""방문자 리뷰23"", ""body"": ""\""친절해요\""\n이 키워드를 선택한 인원\n7\n\""가성비가 좋아요\""\n이 키워드를 선택한 인원\n4\n\""종류가 다양해요\""\n이 키워드를 선택한 인원\n3\n\""A/S가 세심해요\""\n이 키워드를 선택한 인원\n1\n\""분위기가 편안해요\""\n이 키워드를 선택한 인원\n1\ncis****\n25.11.41번째 방문영수증\n좋아요\n종류가 다양해요\n지니22109\n25.4.171번째 방문영수증\n굿\n품질이 좋아요\n돼지감자87\n24.8.61번째 방문영수증\n굿\n가성비가 좋아요\n알고 계신 정보와 다른 정보가 있나요?\n사진으로 간단하게 제보해 주세요.\n정보 수정 제안하기\n이용약관고객센터리뷰운영정책신고센터\n네이버""}]"
396,396,자연몸국,음식점,제주특별자치도 제주시 중앙로 63-11,,33.5117383,126.5250576,010-3693-3084,,https://naver.me/FK5vDPqY,,중앙로,success,1_naver_link,naver_link place_id=21861058,9.3,naver_place,https://map.naver.com/p/entry/place/21861058,https://map.naver.com/p/entry/place/21861058,https://pcmap.place.naver.com/place/21861058/home,21861058,자연몸국,한식,,,제주 제주시 중앙로 63-11,제주 제주시 이도일동 1347-1,,064-725-0803,,33.5116813,126.5249841,,,,{},,,,,,,,,,자연몸국|접작뼈국|고등어구이|옥돔구이|아강발|해물파전,자연몸국|한식|제주 제주시 중앙로 63-11|제주 제주시 이도일동 1347-1|064-725-0803|접작뼈국|고등어구이|옥돔구이|아강발|해물파전|음식이 맛있어요|친절해요|재료가 신선해요|가성비가 좋아요|특별한 메뉴가 있어요|양이 많아요|혼밥하기 좋아요|화장실이 깨끗해요|매장이 넓어요|특별한 날 가기 좋아요,"[""자연몸국"", ""한식"", ""제주 제주시 중앙로 63-11"", ""제주 제주시 이도일동 1347-1"", ""064-725-0803"", ""접작뼈국"", ""고등어구이"", ""옥돔구이"", ""아강발"", ""해물파전"", ""음식이 맛있어요"", ""친절해요"", ""재료가 신선해요"", ""가성비가 좋아요"", ""특별한 메뉴가 있어요"", ""양이 많아요"", ""혼밥하기 좋아요"", ""화장실이 깨끗해요"", ""매장이 넓어요"", ""특별한 날 가기 좋아요""]","{""name"": [""자연몸국""], ""category"": [""한식""], ""address"": [""제주 제주시 중앙로 63-11"", ""제주 제주시 이도일동 1347-1""], ""phone"": [""064-725-0803""], ""menus"": [""자연몸국"", ""접작뼈국"", ""고등어구이"", ""옥돔구이"", ""아강발"", ""해물파전""], ""visitor_keywords"": [""음식이 맛있어요"", ""친절해요"", ""재료가 신선해요"", ""가성비가 좋아요"", ""특별한 메뉴가 있어요"", ""양이 많아요"", ""혼밥하기 좋아요"", ""화장실이 깨끗해요"", ""매장이 넓어요"", ""특별한 날 가기 좋아요""]}",https://naver.me/FK5vDPqY,,,,"[{""keyword"": ""음식이 맛있어요"", ""count"": ""82""}, {""keyword"": ""친절해요"", ""count"": ""36""}, {""keyword"": ""재료가 신선해요"", ""count"": ""35""}, {""keyword"": ""가성비가 좋아요"", ""count"": ""32""}, {""keyword"": ""특별한 메뉴가 있어요"", ""count"": ""31""}, {""keyword"": ""양이 많아요"", ""count"": ""26""}, {""keyword"": ""혼밥하기 좋아요"", ""count"": ""22""}, {""keyword"": ""화장실이 깨끗해요"", ""count"": ""3""}, {""keyword"": ""매장이 넓어요"", ""count"": ""2""}, {""keyword"": ""특별한 날 가기 좋아요"", ""count"": ""2""}]","[{""title"": ""메뉴6"", ""body"": ""메뉴판 이미지로 보기\n자연몸국\n10,000원\n접작뼈국\n10,000원\n고등어구이\n13,000원\n옥돔구이\n15,000원\n이용약관고객센터리뷰운영정책신고센터\n네이버""}]"
397,397,삼다청정식품,쇼핑,제주특별자치도 제주시 오현길 75,,33.5114369,126.5249007,010-7131-7580,,,,중앙로,fail,5_fail,매칭 실패,8729.2,naver_place,https://map.naver.com/p/entry/place/16812897,https://map.naver.com/p/entry/place/16812897,https://pcmap.place.naver.com/place/16812897/home,16812897,제주종합식품,기업,,,제주 제주시 명림로 125,제주 제주시 봉개동 485,,064-752-2735,,33.4755953,126.6086513,월 06:00 - 18:00,영업 종료06:00에 영업 시작,,"{""목"": {""open"": ""06:00 - 18:00""}, ""금"": {""open"": ""06:00 - 18:00""}, ""토"": {""open"": ""06:00 - 18:00""}, ""일"": {""open"": ""정기휴무 (매주 일요일)""}, ""월"": {""open"": ""06:00 - 18:00""}, ""화"": {""open"": ""06:00 - 18:00""}, ""수"": {""open"": ""06:00 - 18:00""}}",영업 종료06:00에 영업 시작 | 6시 0분에 영업 시작 | 목 | 06:00 - 18:00 | 12:00 - 13:00 휴게시간 | 금 | 06:00 - 18:00 | 12:00 - 13:00 휴게시간 | 토 | 06:00 - 18:00 | 12:00 - 13:00 휴게시간 | 일 | 정기휴무 (매주 일요일) | 월 | 06:00 - 18:00 | 12:00 - 13:00 휴게시간 | 화 | 06:00 - 18:00 | 12:00 - 13:00 휴게시간 | 수 | 06:00 - 18:00 | 12:00 - 13:00 휴게시간 | 09/25 추석 휴무 | 접기,,,,,,,,,,제주종합식품|기업|제주 제주시 명림로 125|제주 제주시 봉개동 485|064-752-2735|월 06:00 - 18:00,"[""제주종합식품"", ""기업"", ""제주 제주시 명림로 125"", ""제주 제주시 봉개동 485"", ""064-752-2735"", ""월 06:00 - 18:00""]","{""name"": [""제주종합식품""], ""category"": [""기업""], ""address"": [""제주 제주시 명림로 125"", ""제주 제주시 봉개동 485""], ""phone"": [""064-752-2735""], ""hours"": [""월 06:00 - 18:00""]}",삼다청정식품 | 제주시 삼다청정식품 | 삼다청정식품 쇼핑 | 제주시 삼다청정식품 쇼핑,,,,,
398,398,영심이네 농산,쇼핑,제주특별자치도 제주시 중앙로 77,,33.5112412,126.5245607,010-8661-1326,,https://naver.me/xdMC5QNR,,중앙로,success,1_naver_link,naver_link place_id=1896133106,24.0,naver_place,https://map.naver.com/p/entry/place/1896133106,https://map.naver.com/p/entry/place/1896133106,https://pcmap.place.naver.com/place/1896133106/home,1896133106,영심이네농산,유기농산물,,,제주 제주시 중앙로 77 106호,제주 제주시 이도일동 1413-1,,,,33.5112794,126.5248152,,,,{},,,"야채, 고추 전문 신선한 농산물만 취급합니다!!",,,,,,,,영심이네농산|유기농산물|제주 제주시 중앙로 77 106호|제주 제주시 이도일동 1413-1|안내|방문 키워드 통계 그래프 예시입니다.|현재 1명 참여|10명 이상 참여하면|방문 키워드 통계가 공개됩니다!|최신순|아리아2992|팔로우|종류가 다양해요|친절해요|반응 남기기|방문일|24.1.3.수|2024년 1월 3일 수요일|1번째 방문|인증 수단|영수증,"[""영심이네농산"", ""유기농산물"", ""제주 제주시 중앙로 77 106호"", ""제주 제주시 이도일동 1413-1"", ""안내"", ""방문 키워드 통계 그래프 예시입니다."", ""현재 1명 참여"", ""10명 이상 참여하면"", ""방문 키워드 통계가 공개됩니다!"", ""최신순"", ""아리아2992"", ""팔로우"", ""종류가 다양해요"", ""친절해요"", ""반응 남기기"", ""방문일"", ""24.1.3.수"", ""2024년 1월 3일 수요일"", ""1번째 방문"", ""인증 수단"", ""영수증""]","{""name"": [""영심이네농산""], ""category"": [""유기농산물""], ""address"": [""제주 제주시 중앙로 77 106호"", ""제주 제주시 이도일동 1413-1""], ""visitor_keywords"": [""안내"", ""방문 키워드 통계 그래프 예시입니다."", ""현재 1명 참여"", ""10명 이상 참여하면"", ""방문 키워드 통계가 공개됩니다!"", ""최신순"", ""아리아2992"", ""팔로우"", ""종류가 다양해요"", ""친절해요"", ""반응 남기기"", ""방문일"", ""24.1.3.수"", ""2024년 1월 3일 수요일"", ""1번째 방문"", ""인증 수단"", ""영수증""]}",https://naver.me/xdMC5QNR,,,,"[""안내"", ""방문 키워드 통계 그래프 예시입니다."", ""현재 1명 참여"", ""10명 이상 참여하면"", ""방문 키워드 통계가 공개됩니다!"", ""최신순"", ""아리아2992"", ""팔로우"", ""굿"", ""종류가 다양해요"", ""친절해요"", ""반응 남기기"", ""방문일"", ""24.1.3.수"", ""2024년 1월 3일 수요일"", ""1번째 방문"", ""인증 수단"", ""영수증"", ""네이버""]","[{""title"": ""소개"", ""body"": ""야채, 고추 전문 신선한 농산물만 취급합니다!!""}, {""title"": ""대표 키워드"", ""body"": ""야채고추농산물""}, {""title"": ""결제수단"", ""body"": ""제로페이\n알고 계신 정보와 다른 정보가 있나요?\n사진으로 간단하게 제보해 주세요.\n정보 수정 제안하기\n이용약관고객센터리뷰운영정책신고센터\n네이버""}]"
399,399,항아리야채,쇼핑,제주특별자치도 제주시 오현길 79,,33.5118652,126.5251646,010-5175-6980,,https://naver.me/xCjG9KgL,,중앙로,success,1_naver_link,naver_link place_id=21763530,1.3,naver_place,https://map.naver.com/p/entry/place/21763530,https://map.naver.com/p/entry/place/21763530,https://pcmap.place.naver.com/place/21763530/home,21763530,항아리야채,채소,,,제주 제주시 오현길 79,제주 제주시 이도일동 1346-1,,064-721-2474,,33.5118737,126.5251744,,,,{},,,"안내
사진/영상 리뷰만
최신순
리뷰 제공 기준
리뷰 클렌징 시스템 작동중입니다
승후나98
리뷰 423사진 406팔로워 10
팔로우
ㅂㅣ싼데 맛은 있어요!
자리가 없을 수 있어서 야외 추천해요!
주차하기 편해요
매장이 넓어요
분위기가 편안해요
종류가 다양해요
품질이 좋아요
반응 남기기
방문일
23.7.9.일
2023년 7월 9일 일요일
1번째 방문
인증 수단
영수증",,,,,,,,항아리야채|채소|제주 제주시 오현길 79|제주 제주시 이도일동 1346-1|064-721-2474|안내|방문 키워드 통계 그래프 예시입니다.|현재 2명 참여|10명 이상 참여하면|방문 키워드 통계가 공개됩니다!|최신순|승후나98|팔로우|ㅂㅣ싼데 맛은 있어요!|자리가 없을 수 있어서 야외 추천해요!|주차하기 편해요|매장이 넓어요|분위기가 편안해요|종류가 다양해요|품질이 좋아요|반응 남기기|방문일|23.7.9.일|2023년 7월 9일 일요일,"[""항아리야채"", ""채소"", ""제주 제주시 오현길 79"", ""제주 제주시 이도일동 1346-1"", ""064-721-2474"", ""안내"", ""방문 키워드 통계 그래프 예시입니다."", ""현재 2명 참여"", ""10명 이상 참여하면"", ""방문 키워드 통계가 공개됩니다!"", ""최신순"", ""승후나98"", ""팔로우"", ""ㅂㅣ싼데 맛은 있어요!"", ""자리가 없을 수 있어서 야외 추천해요!"", ""주차하기 편해요"", ""매장이 넓어요"", ""분위기가 편안해요"", ""종류가 다양해요"", ""품질이 좋아요"", ""반응 남기기"", ""방문일"", ""23.7.9.일"", ""2023년 7월 9일 일요일""]","{""name"": [""항아리야채""], ""category"": [""채소""], ""address"": [""제주 제주시 오현길 79"", ""제주 제주시 이도일동 1346-1""], ""phone"": [""064-721-2474""], ""visitor_keywords"": [""안내"", ""방문 키워드 통계 그래프 예시입니다."", ""현재 2명 참여"", ""10명 이상 참여하면"", ""방문 키워드 통계가 공개됩니다!"", ""최신순"", ""승후나98"", ""팔로우"", ""ㅂㅣ싼데 맛은 있어요!"", ""자리가 없을 수 있어서 야외 추천해요!"", ""주차하기 편해요"", ""매장이 넓어요"", ""분위기가 편안해요"", ""종류가 다양해요"", ""품질이 좋아요"", ""반응 남기기"", ""방문일"", ""23.7.9.일"", ""2023년 7월 9일 일요일""]}",https://naver.me/xCjG9KgL,,,,"[""안내"", ""방문 키워드 통계 그래프 예시입니다."", ""현재 2명 참여"", ""10명 이상 참여하면"", ""방문 키워드 통계가 공개됩니다!"", ""최신순"", ""승후나98"", ""팔로우"", ""ㅂㅣ싼데 맛은 있어요!"", ""자리가 없을 수 있어서 야외 추천해요!"", ""주차하기 편해요"", ""매장이 넓어요"", ""분위기가 편안해요"", ""종류가 다양해요"", ""품질이 좋아요"", ""반응 남기기"", ""방문일"", ""23.7.9.일"", ""2023년 7월 9일 일요일""]","[{""title"": ""이런 점이 좋았어요"", ""body"": ""안내\n방문 키워드 통계 그래프 예시입니다.\n현재 2명 참여\n10명 이상 참여하면\n방문 키워드 통계가 공개됩니다!""}, {""title"": ""리뷰1"", ""body"": ""안내\n사진/영상 리뷰만\n최신순\n리뷰 제공 기준\n리뷰 클렌징 시스템 작동중입니다\n승후나98\n리뷰 423사진 406팔로워 10\n팔로우\nㅂㅣ싼데 맛은 있어요!\n자리가 없을 수 있어서 야외 추천해요!\n주차하기 편해요\n매장이 넓어요\n분위기가 편안해요\n종류가 다양해요\n품질이 좋아요\n반응 남기기\n방문일\n23.7.9.일\n2023년 7월 9일 일요일\n1번째 방문\n인증 수단\n영수증""}, {""title"": ""키워드·별점 리뷰3"", ""body"": ""eyoung\n리뷰 133사진 12\n팔로우\n친절해요\n주차하기 편해요\n반응 남기기\n방문일\n22.10.14.금\n2022년 10월 14일 금요일\n1번째 방문\n인증 수단\n영수증\n마시멜로1643\n리뷰 1,008사진 489팔로워 37\n팔로우\n별점\n3\n점\n반응 남기기\n방문일\n20.6.4.목\n2020년 6월 4일 목요일\n2번째 방문\n인증 수단\n영수증\n마시멜로1643\n리뷰 1,008사진 489팔로워 37\n팔로우\n별점\n3\n점\n반응 남기기\n방문일\n20.5.25.월\n2020년 5월 25일 월요일\n1번째 방문\n인증 수단\n영수증\n이용약관고객센터리뷰운영정책신고센터\n네이버""}]"
400,400,대원유통,쇼핑,제주특별자치도 제주시 중앙로14길 3,,33.5111777,126.5238787,010-3697-8225,,https://naver.me/539GOzww,,중앙로,success,1_naver_link,naver_link place_id=1974554441,1.8,naver_place,https://map.naver.com/p/entry/place/1974554441,https://map.naver.com/p/entry/place/1974554441,https://pcmap.place.naver.com/place/1974554441/home,1974554441,대원유통 제주대리점,"물류,유통",,,제주 제주시 중앙로14길 3,제주 제주시 이도일동 1481-2,,064-722-2078,,33.5111935,126.5238805,,,,{},정보 수정,,,,,,,,,,"대원유통 제주대리점|물류,유통|제주 제주시 중앙로14길 3|제주 제주시 이도일동 1481-2|064-722-2078","[""대원유통 제주대리점"", ""물류,유통"", ""제주 제주시 중앙로14길 3"", ""제주 제주시 이도일동 1481-2"", ""064-722-2078""]","{""name"": [""대원유통 제주대리점""], ""category"": [""물류,유통""], ""address"": [""제주 제주시 중앙로14길 3"", ""제주 제주시 이도일동 1481-2""], ""phone"": [""064-722-2078""]}",https://naver.me/539GOzww,,,,,"[{""title"": ""결제수단"", ""body"": ""제로페이\n알고 계신 정보와 다른 정보가 있나요?\n사진으로 간단하게 제보해 주세요.\n정보 수정 제안하기\n이용약관고객센터리뷰운영정책신고센터\n네이버""}]"
401,401,비티알,쇼핑,제주특별자치도 제주시 오현길 83,,33.512153,126.5250528,010-2632-6881,,https://naver.me/GP2Txirs,,중앙로,success,1_naver_link,naver_link place_id=1459738838,11.7,naver_place,https://map.naver.com/p/entry/place/1459738838,https://map.naver.com/p/entry/place/1459738838,https://pcmap.place.naver.com/place/1459738838/home,1459738838,비티알 제주 중앙점,골프웨어,,,제주 제주시 이도일동 오현길 83,제주 제주시 이도일동 1349-18,,064-758-7001,,33.5121354,126.5251775,,,,{},정보 수정,,"골프웨어골프브랜드비티알골프의류
알고 계신 정보와 다른 정보가 있나요?
사진으로 간단하게 제보해 주세요.
정보 수정 제안하기
이용약관고객센터리뷰운영정책신고센터
네이버",,,,,,,,비티알 제주 중앙점|골프웨어|제주 제주시 이도일동 오현길 83|제주 제주시 이도일동 1349-18|064-758-7001,"[""비티알 제주 중앙점"", ""골프웨어"", ""제주 제주시 이도일동 오현길 83"", ""제주 제주시 이도일동 1349-18"", ""064-758-7001""]","{""name"": [""비티알 제주 중앙점""], ""category"": [""골프웨어""], ""address"": [""제주 제주시 이도일동 오현길 83"", ""제주 제주시 이도일동 1349-18""], ""phone"": [""064-758-7001""]}",https://naver.me/GP2Txirs,,,,,"[{""title"": ""대표 키워드"", ""body"": ""골프웨어골프브랜드비티알골프의류\n알고 계신 정보와 다른 정보가 있나요?\n사진으로 간단하게 제보해 주세요.\n정보 수정 제안하기\n이용약관고객센터리뷰운영정책신고센터\n네이버""}]"
402,402,청실옥돔,쇼핑,제주특별자치도 제주시 오현길 79,,33.5118652,126.5251646,010-7593-3422,,https://naver.me/xuF4oHWB,,중앙로,success,1_naver_link,naver_link place_id=16699854,2.5,naver_place,https://map.naver.com/p/entry/place/16699854,https://map.naver.com/p/entry/place/16699854,https://pcmap.place.naver.com/place/16699854/home,16699854,청실옥돔,수산물,,,제주 제주시 오현길 79,제주 제주시 이도1동 1346-1,,064-752-6656,,33.5118586,126.5251387,,,,{},,,"안내
사진/영상 리뷰만
최신순
리뷰 제공 기준
리뷰 클렌징 시스템 작동중입니다
은빛여우4999
리뷰 263사진 1,426팔로워 39
팔로우
저녁에 방문
제주 공항 가기전 시간이 없어서 동문재래시장 주변 상가에서 옥돔과 고등어를 주문했어요. 시장 안보다 좀더 저렴한 것같아 픽했는데 시장안과 비교해보니 나쁘지 않았던 것 같아요. 사이즈별로 가격이 다른 것 같고 옥돔은 국내산이 아니지만 10마리 가격이 합리적인 것같아 주문했는데 어느정도 만족스럽네요. 저흰 옥돔 10마리, 고등어 5마리 샀는데 냉동시켜서 잘 먹고 있어요.
신선해요
종류가 다양해요
맛있어요
원산지 표시가 명확해요
손질이 깔끔해요
반응 남기기
방문일
25.9.15.월
2025년 9월 15일 월요일
1번째 방문
인증 수단
영수증
ycj61
리뷰 2,070사진 3
팔로우
저녁에 방문
옥돔이 맛있고 신선합니다
신선해요
종류가 다양해요
맛있어요
반응 남기기
방문일
23.11.22.수
2023년 11월 22일 수요일
1번째 방문
인증 수단
영수증
동토리8
리뷰 760사진 39팔로워 20
팔로우
저녁에 방문
굿

신선해요
반응 남기기
방문일
23.9.28.목
2023년 9월 28일 목요일
1번째 방문
인증 수단
영수증
modelguy
리뷰 769사진 2
팔로우
점심에 방문
동문시장 생선집 서비스 좋네요
신선해요
손질이 깔끔해요
가격이 합리적이에요
친절해요
포장이 깔끔해요
반응 남기기
방문일
23.2.3.금
2023년 2월 3일 금요일
7번째 방문
인증 수단
영수증
modelguy
리뷰 769사진 2
팔로우
점심에 방문
전보다 옥돔이 짜네요
신선해요
원산지 표시가 명확해요
포장이 깔끔해요
친절해요
반응 남기기
방문일
23.1.30.월
2023년 1월 30일 월요일
6번째 방문
인증 수단
영수증
이런사이
리뷰 381사진 213
팔로우
아침에 방문
좋아요
친절해요
맛있어요
손질이 깔끔해요
종류가 다양해요
반응 남기기
방문일
23.1.10.화
2023년 1월 10일 화요일
1번째 방문
인증 수단
영수증
modelguy
리뷰 769사진 2
팔로우
저녁에 방문
옥돔 안짜고 맛있어요
맛있어요
손질이 깔끔해요
신선해요
친절해요
반응 남기기
방문일
23.1.3.화
2023년 1월 3일 화요일
5번째 방문
인증 수단
영수증
modelguy
리뷰 769사진 2
팔로우
점심에 방문
다른곳보다 생선이 맛있습니다

손질이 깔끔해요
맛있어요
신선해요
친절해요
반응 남기기
방문일
22.12.7.수
2022년 12월 7일 수요일
4번째 방문
인증 수단
영수증
modelguy
리뷰 769사진 2
팔로우
점심에 방문
동문시장 최고 생선맛집
맛있어요
신선해요
손질이 깔끔해요
친절해요
표정을 눌러 반응을 남겨 보세요!
반응 남기기
1
명
방문일
22.12.2.금
2022년 12월 2일 금요일
3번째 방문
인증 수단
영수증
v도로롱v
리뷰 293사진 39
팔로우
점심에 방문
친절하세뇽!😊
신선해요
반응 남기기
방문일
22.11.10.목
2022년 11월 10일 목요일
2번째 방문
인증 수단
영수증
펼쳐서 더보기",,,,,,,,청실옥돔|수산물|제주 제주시 오현길 79|제주 제주시 이도1동 1346-1|064-752-6656|안내|방문 키워드 통계 그래프 예시입니다.|현재 8명 참여|10명 이상 참여하면|방문 키워드 통계가 공개됩니다!|최신순|은빛여우4999|팔로우|저녁에 방문|신선해요|종류가 다양해요|맛있어요|원산지 표시가 명확해요|손질이 깔끔해요|반응 남기기|방문일|25.9.15.월|2025년 9월 15일 월요일|1번째 방문,"[""청실옥돔"", ""수산물"", ""제주 제주시 오현길 79"", ""제주 제주시 이도1동 1346-1"", ""064-752-6656"", ""안내"", ""방문 키워드 통계 그래프 예시입니다."", ""현재 8명 참여"", ""10명 이상 참여하면"", ""방문 키워드 통계가 공개됩니다!"", ""최신순"", ""은빛여우4999"", ""팔로우"", ""저녁에 방문"", ""신선해요"", ""종류가 다양해요"", ""맛있어요"", ""원산지 표시가 명확해요"", ""손질이 깔끔해요"", ""반응 남기기"", ""방문일"", ""25.9.15.월"", ""2025년 9월 15일 월요일"", ""1번째 방문""]","{""name"": [""청실옥돔""], ""category"": [""수산물""], ""address"": [""제주 제주시 오현길 79"", ""제주 제주시 이도1동 1346-1""], ""phone"": [""064-752-6656""], ""visitor_keywords"": [""안내"", ""방문 키워드 통계 그래프 예시입니다."", ""현재 8명 참여"", ""10명 이상 참여하면"", ""방문 키워드 통계가 공개됩니다!"", ""최신순"", ""은빛여우4999"", ""팔로우"", ""저녁에 방문"", ""신선해요"", ""종류가 다양해요"", ""맛있어요"", ""원산지 표시가 명확해요"", ""손질이 깔끔해요"", ""반응 남기기"", ""방문일"", ""25.9.15.월"", ""2025년 9월 15일 월요일"", ""1번째 방문""]}",https://naver.me/xuF4oHWB,,,,"[""안내"", ""방문 키워드 통계 그래프 예시입니다."", ""현재 8명 참여"", ""10명 이상 참여하면"", ""방문 키워드 통계가 공개됩니다!"", ""최신순"", ""은빛여우4999"", ""팔로우"", ""저녁에 방문"", ""신선해요"", ""종류가 다양해요"", ""맛있어요"", ""원산지 표시가 명확해요"", ""손질이 깔끔해요"", ""반응 남기기"", ""방문일"", ""25.9.15.월"", ""2025년 9월 15일 월요일"", ""1번째 방문""]","[{""title"": ""이런 점이 좋았어요"", ""body"": ""안내\n방문 키워드 통계 그래프 예시입니다.\n현재 8명 참여\n10명 이상 참여하면\n방문 키워드 통계가 공개됩니다!""}, {""title"": ""사진·영상 리뷰"", ""body"": """"}, {""title"": ""리뷰13"", ""body"": ""안내\n사진/영상 리뷰만\n최신순\n리뷰 제공 기준\n리뷰 클렌징 시스템 작동중입니다\n은빛여우4999\n리뷰 263사진 1,426팔로워 39\n팔로우\n저녁에 방문\n제주 공항 가기전 시간이 없어서 동문재래시장 주변 상가에서 옥돔과 고등어를 주문했어요. 시장 안보다 좀더 저렴한 것같아 픽했는데 시장안과 비교해보니 나쁘지 않았던 것 같아요. 사이즈별로 가격이 다른 것 같고 옥돔은 국내산이 아니지만 10마리 가격이 합리적인 것같아 주문했는데 어느정도 만족스럽네요. 저흰 옥돔 10마리, 고등어 5마리 샀는데 냉동시켜서 잘 먹고 있어요.\n신선해요\n종류가 다양해요\n맛있어요\n원산지 표시가 명확해요\n손질이 깔끔해요\n반응 남기기\n방문일\n25.9.15.월\n2025년 9월 15일 월요일\n1번째 방문\n인증 수단\n영수증\nycj61\n리뷰 2,070사진 3\n팔로우\n저녁에 방문\n옥돔이 맛있고 신선합니다\n신선해요\n종류가 다양해요\n맛있어요\n반응 남기기\n방문일\n23.11.22.수\n2023년 11월 22일 수요일\n1번째 방문\n인증 수단\n영수증\n동토리8\n리뷰 760사진 39팔로워 20\n팔로우\n저녁에 방문\n굿\n\n신선해요\n반응 남기기\n방문일\n23.9.28.목\n2023년 9월 28일 목요일\n1번째 방문\n인증 수단\n영수증\nmodelguy\n리뷰 769사진 2\n팔로우\n점심에 방문\n동문시장 생선집 서비스 좋네요\n신선해요\n손질이 깔끔해요\n가격이 합리적이에요\n친절해요\n포장이 깔끔해요\n반응 남기기\n방문일\n23.2.3.금\n2023년 2월 3일 금요일\n7번째 방문\n인증 수단\n영수증\nmodelguy\n리뷰 769사진 2\n팔로우\n점심에 방문\n전보다 옥돔이 짜네요\n신선해요\n원산지 표시가 명확해요\n포장이 깔끔해요\n친절해요\n반응 남기기\n방문일\n23.1.30.월\n2023년 1월 30일 월요일\n6번째 방문\n인증 수단\n영수증\n이런사이\n리뷰 381사진 213\n팔로우\n아침에 방문\n좋아요\n친절해요\n맛있어요\n손질이 깔끔해요\n종류가 다양해요\n반응 남기기\n방문일\n23.1.10.화\n2023년 1월 10일 화요일\n1번째 방문\n인증 수단\n영수증\nmodelguy\n리뷰 769사진 2\n팔로우\n저녁에 방문\n옥돔 안짜고 맛있어요\n맛있어요\n손질이 깔끔해요\n신선해요\n친절해요\n반응 남기기\n방문일\n23.1.3.화\n2023년 1월 3일 화요일\n5번째 방문\n인증 수단\n영수증\nmodelguy\n리뷰 769사진 2\n팔로우\n점심에 방문\n다른곳보다 생선이 맛있습니다\n\n손질이 깔끔해요\n맛있어요\n신선해요\n친절해요\n반응 남기기\n방문일\n22.12.7.수\n2022년 12월 7일 수요일\n4번째 방문\n인증 수단\n영수증\nmodelguy\n리뷰 769사진 2\n팔로우\n점심에 방문\n동문시장 최고 생선맛집\n맛있어요\n신선해요\n손질이 깔끔해요\n친절해요\n표정을 눌러 반응을 남겨 보세요!\n반응 남기기\n1\n명\n방문일\n22.12.2.금\n2022년 12월 2일 금요일\n3번째 방문\n인증 수단\n영수증\nv도로롱v\n리뷰 293사진 39\n팔로우\n점심에 방문\n친절하세뇽!😊\n신선해요\n반응 남기기\n방문일\n22.11.10.목\n2022년 11월 10일 목요일\n2번째 방문\n인증 수단\n영수증\n펼쳐서 더보기""}, {""title"": ""키워드·별점 리뷰3"", ""body"": ""rb****\n리뷰 1,608사진 492\n팔로우\n맛있어요\n친절해요\n반응 남기기\n방문일\n24.1.29.월\n2024년 1월 29일 월요일\n1번째 방문\n인증 수단\n영수증\n문어5526\n리뷰 340사진 17\n팔로우\n별점\n4\n점\n반응 남기기\n방문일\n20.2.28.금\n2020년 2월 28일 금요일\n1번째 방문\n인증 수단\n영수증\n낙엽42\n리뷰 206\n팔로우\n별점\n5\n점\n반응 남기기\n방문일\n20.2.28.금\n2020년 2월 28일 금요일\n1번째 방문\n인증 수단\n영수증\n이용약관고객센터리뷰운영정책신고센터\n네이버""}]"
403,403,럭키분식,음식점,제주특별자치도 제주시 오현길 79,,33.5118652,126.5251646,010-4692-0823,,https://naver.me/GlJBf7hm,,중앙로,success,1_naver_link,naver_link place_id=651888986,14.2,naver_place,https://map.naver.com/p/entry/place/651888986,https://map.naver.com/p/entry/place/651888986,https://pcmap.place.naver.com/place/651888986/home,651888986,럭키분식,종합분식,,,제주 제주시 오현길 79,제주 제주시 이도1동 1346-1,,,,33.5117384,126.5251845,,,,{},,,,,,,,,,콩국수|갈비탕|비빔밥|냉면|떡볶이|모둠튀김|비빔국수|라면,럭키분식|종합분식|제주 제주시 오현길 79|제주 제주시 이도1동 1346-1|콩국수|갈비탕|비빔밥|냉면|떡볶이|모둠튀김|비빔국수|라면|음식이 맛있어요|가성비가 좋아요|혼밥하기 좋아요|재료가 신선해요|친절해요|양이 많아요|특별한 메뉴가 있어요|아늑해요|메뉴 구성이 알차요|주차하기 편해요,"[""럭키분식"", ""종합분식"", ""제주 제주시 오현길 79"", ""제주 제주시 이도1동 1346-1"", ""콩국수"", ""갈비탕"", ""비빔밥"", ""냉면"", ""떡볶이"", ""모둠튀김"", ""비빔국수"", ""라면"", ""음식이 맛있어요"", ""가성비가 좋아요"", ""혼밥하기 좋아요"", ""재료가 신선해요"", ""친절해요"", ""양이 많아요"", ""특별한 메뉴가 있어요"", ""아늑해요"", ""메뉴 구성이 알차요"", ""주차하기 편해요""]","{""name"": [""럭키분식""], ""category"": [""종합분식""], ""address"": [""제주 제주시 오현길 79"", ""제주 제주시 이도1동 1346-1""], ""menus"": [""콩국수"", ""갈비탕"", ""비빔밥"", ""냉면"", ""떡볶이"", ""모둠튀김"", ""비빔국수"", ""라면""], ""visitor_keywords"": [""음식이 맛있어요"", ""가성비가 좋아요"", ""혼밥하기 좋아요"", ""재료가 신선해요"", ""친절해요"", ""양이 많아요"", ""특별한 메뉴가 있어요"", ""아늑해요"", ""메뉴 구성이 알차요"", ""주차하기 편해요""]}",https://naver.me/GlJBf7hm,,,,"[{""keyword"": ""음식이 맛있어요"", ""count"": ""19""}, {""keyword"": ""가성비가 좋아요"", ""count"": ""10""}, {""keyword"": ""혼밥하기 좋아요"", ""count"": ""8""}, {""keyword"": ""재료가 신선해요"", ""count"": ""6""}, {""keyword"": ""친절해요"", ""count"": ""6""}, {""keyword"": ""양이 많아요"", ""count"": ""4""}, {""keyword"": ""특별한 메뉴가 있어요"", ""count"": ""3""}, {""keyword"": ""아늑해요"", ""count"": ""2""}, {""keyword"": ""메뉴 구성이 알차요"", ""count"": ""1""}, {""keyword"": ""주차하기 편해요"", ""count"": ""1""}]","[{""title"": ""메뉴8"", ""body"": ""콩국수\n8,000원\n갈비탕\n8,000원\n비빔밥\n6,000원\n냉면\n6,000원\n이용약관고객센터리뷰운영정책신고센터\n네이버""}]"
404,404,풍정포차,음식점,제주특별자치도 제주시 오현길 85,,33.5123593,126.5251592,010-6586-8568,,https://naver.me/F6lTpyrU,,중앙로,success,1_naver_link,naver_link place_id=1492014499,2.0,naver_place,https://map.naver.com/p/entry/place/1492014499,https://map.naver.com/p/entry/place/1492014499,https://pcmap.place.naver.com/place/1492014499/home,1492014499,풍정포차,중식당,,친절한 사장님과 함께하는 중국 여행,제주 제주시 오현길 85,제주 제주시 이도일동 1349-24,,0507-1316-8568,,33.512352,126.5251395,월 정기휴무 (매주 월요일),영업 중20:15에 라스트오더,영업 중20:15에 라스트오더 | 20시 15분에 라스트오더 | 20:15 라스트오더,"{""목"": {""open"": ""10:00 - 21:00""}, ""금"": {""open"": ""10:00 - 21:00""}, ""토"": {""open"": ""10:00 - 21:00""}, ""일"": {""open"": ""10:00 - 21:00""}, ""월"": {""open"": ""정기휴무 (매주 월요일)""}, ""화"": {""open"": ""10:00 - 21:00""}, ""수"": {""open"": ""10:00 - 21:00""}}",영업 중20:15에 라스트오더 | 20시 15분에 라스트오더 | 목 | 10:00 - 21:00 | 15:00 - 16:00 브레이크타임 | 20:15 라스트오더 | 금 | 10:00 - 21:00 | 15:00 - 16:00 브레이크타임 | 20:15 라스트오더 | 토 | 10:00 - 21:00 | 15:00 - 16:00 브레이크타임 | 20:15 라스트오더 | 일 | 10:00 - 21:00 | 15:00 - 16:00 브레이크타임 | 20:15 라스트오더 | 월 | 정기휴무 (매주 월요일) | 화 | 10:00 - 21:00 | 15:00 - 16:00 브레이크타임 | 20:15 라스트오더 | 수 | 10:00 - 21:00 | 15:00 - 16:00 브레이크타임 | 20:15 라스트오더 | 접기,포장,"신선한 재료와 정성으로 준비합니다
감사합니다","사용자 리뷰를 요약하면 다음과 같습니다. |  | 풍정포차는 제주도에서 꼭 방문해야 할 만두 맛집으로, 수제구운만두와 도사면볶음이 특히 인기입니다. | 숨 | +2 | 만두는 한입 가득 즙이 가득하고, 토마토우육면은 삼삼하면서도 깊은 맛이 특징입니다. | 따미 | 향신료 맛이 강하지 않아 현지인들도 즐겨 찾는 곳으로, 매운맛 조절이 가능해 취향에 맞게 즐길 수 있습니다. | 숨 | +2",,,,,,량피 비빔쌀국수|도사면볶음|막창볶음|수제구운만두(전복) 10개|수제구운만두(오징어) 10개|수제구운만두(고기 양배추) 10개|수제구운만두(고기 대파) 10개|수제물만두 16개|훈툰|로우자이모,풍정포차|중식당|제주 제주시 오현길 85|제주 제주시 이도일동 1349-24|0507-1316-8568|월 정기휴무 (매주 월요일)|량피 비빔쌀국수|도사면볶음|막창볶음|수제구운만두(전복) 10개|수제구운만두(오징어) 10개|수제구운만두(고기 양배추) 10개|수제구운만두(고기 대파) 10개|수제물만두 16개|훈툰|로우자이모|친절한 사장님과 함께하는 중국 여행|포장|음식이 맛있어요|특별한 메뉴가 있어요|친절해요|가성비가 좋아요|양이 많아요|재료가 신선해요|혼밥하기 좋아요|현지 맛에 가까워요|아늑해요|음식이 빨리 나와요,"[""풍정포차"", ""중식당"", ""제주 제주시 오현길 85"", ""제주 제주시 이도일동 1349-24"", ""0507-1316-8568"", ""월 정기휴무 (매주 월요일)"", ""량피 비빔쌀국수"", ""도사면볶음"", ""막창볶음"", ""수제구운만두(전복) 10개"", ""수제구운만두(오징어) 10개"", ""수제구운만두(고기 양배추) 10개"", ""수제구운만두(고기 대파) 10개"", ""수제물만두 16개"", ""훈툰"", ""로우자이모"", ""친절한 사장님과 함께하는 중국 여행"", ""포장"", ""음식이 맛있어요"", ""특별한 메뉴가 있어요"", ""친절해요"", ""가성비가 좋아요"", ""양이 많아요"", ""재료가 신선해요"", ""혼밥하기 좋아요"", ""현지 맛에 가까워요"", ""아늑해요"", ""음식이 빨리 나와요""]","{""name"": [""풍정포차""], ""category"": [""중식당""], ""address"": [""제주 제주시 오현길 85"", ""제주 제주시 이도일동 1349-24""], ""phone"": [""0507-1316-8568""], ""hours"": [""월 정기휴무 (매주 월요일)""], ""menus"": [""량피 비빔쌀국수"", ""도사면볶음"", ""막창볶음"", ""수제구운만두(전복) 10개"", ""수제구운만두(오징어) 10개"", ""수제구운만두(고기 양배추) 10개"", ""수제구운만두(고기 대파) 10개"", ""수제물만두 16개"", ""훈툰"", ""로우자이모""], ""slogan"": [""친절한 사장님과 함께하는 중국 여행""], ""conveniences"": [""포장""], ""visitor_keywords"": [""음식이 맛있어요"", ""특별한 메뉴가 있어요"", ""친절해요"", ""가성비가 좋아요"", ""양이 많아요"", ""재료가 신선해요"", ""혼밥하기 좋아요"", ""현지 맛에 가까워요"", ""아늑해요"", ""음식이 빨리 나와요""]}",https://naver.me/F6lTpyrU,,,,"[{""keyword"": ""음식이 맛있어요"", ""count"": ""204""}, {""keyword"": ""특별한 메뉴가 있어요"", ""count"": ""148""}, {""keyword"": ""친절해요"", ""count"": ""107""}, {""keyword"": ""가성비가 좋아요"", ""count"": ""71""}, {""keyword"": ""양이 많아요"", ""count"": ""44""}, {""keyword"": ""재료가 신선해요"", ""count"": ""42""}, {""keyword"": ""혼밥하기 좋아요"", ""count"": ""31""}, {""keyword"": ""현지 맛에 가까워요"", ""count"": ""21""}, {""keyword"": ""아늑해요"", ""count"": ""7""}, {""keyword"": ""음식이 빨리 나와요"", ""count"": ""6""}]","[{""title"": ""소개"", ""body"": ""신선한 재료와 정성으로 준비합니다\n감사합니다""}, {""title"": ""편의시설 및 서비스"", ""body"": ""포장""}, {""title"": ""결제수단"", ""body"": ""지역화폐 (카드형)\n지역화폐 (지류형)\n지역화폐 (모바일형)\n제로페이\n알고 계신 정보와 다른 정보가 있나요?\n사진으로 간단하게 제보해 주세요.\n정보 수정 제안하기\n이용약관고객센터리뷰운영정책신고센터\n네이버""}]"
405,405,삼다,쇼핑,제주특별자치도 제주시 오현길 79,,33.5118652,126.5251646,010-6685-7872,,https://naver.me/FdqjlROx,,중앙로,success,1_naver_link,naver_link place_id=1284546810,2.5,naver_place,https://map.naver.com/p/entry/place/1284546810,https://map.naver.com/p/entry/place/1284546810,https://pcmap.place.naver.com/place/1284546810/home,1284546810,삼다도농산,떡류제조,,,제주 제주시 오현길 79,제주 제주시 이도1동 1346-1,,064-722-7872,,33.5118586,126.5251387,,,,{},정보 수정,,"2026초희
2.11번째 방문영수증
감귤 싱싱해요 제주가면 재방문할께요
이미지 수
2
장그미람
1.201번째 방문영수증
귤맛있어요!
ysson2002
25.11.101번째 방문결제내역
상품이 좋아요
알고 계신 정보와 다른 정보가 있나요?
사진으로 간단하게 제보해 주세요.
정보 수정 제안하기
이용약관고객센터리뷰운영정책신고센터
네이버",,,,,,,,삼다도농산|떡류제조|제주 제주시 오현길 79|제주 제주시 이도1동 1346-1|064-722-7872,"[""삼다도농산"", ""떡류제조"", ""제주 제주시 오현길 79"", ""제주 제주시 이도1동 1346-1"", ""064-722-7872""]","{""name"": [""삼다도농산""], ""category"": [""떡류제조""], ""address"": [""제주 제주시 오현길 79"", ""제주 제주시 이도1동 1346-1""], ""phone"": [""064-722-7872""]}",https://naver.me/FdqjlROx,,,,,"[{""title"": ""방문자 사진·영상"", ""body"": """"}, {""title"": ""방문자 리뷰44"", ""body"": ""2026초희\n2.11번째 방문영수증\n감귤 싱싱해요 제주가면 재방문할께요\n이미지 수\n2\n장그미람\n1.201번째 방문영수증\n귤맛있어요!\nysson2002\n25.11.101번째 방문결제내역\n상품이 좋아요\n알고 계신 정보와 다른 정보가 있나요?\n사진으로 간단하게 제보해 주세요.\n정보 수정 제안하기\n이용약관고객센터리뷰운영정책신고센터\n네이버""}]"
406,406,해바라기,쇼핑,제주특별자치도 제주시 중앙로 63-10,,33.5116394,126.5247804,010-9025-0828,,,,중앙로,fail,5_fail,매칭 실패,285.5,naver_place,https://map.naver.com/p/entry/place/31672664,https://map.naver.com/p/entry/place/31672664,https://pcmap.place.naver.com/place/31672664/home,31672664,봄이네해바라기,한식,,오징어젓갈이 완성하는 깊은 풍미,제주 제주시 중앙로14길 24,제주 제주시 삼도이동 925-1,,064-755-0774,,33.5112317,126.5217399,월 08:00 - 20:00,영업 중20:00에 영업 종료,,"{""목"": {""open"": ""08:00 - 20:00""}, ""금"": {""open"": ""08:00 - 15:00""}, ""토"": {""open"": ""08:00 - 20:00""}, ""일"": {""open"": ""08:00 - 20:00""}, ""월"": {""open"": ""08:00 - 20:00""}, ""화"": {""open"": ""08:00 - 20:00""}, ""수"": {""open"": ""08:00 - 20:00""}}",영업 중20:00에 영업 종료 | 20시 0분에 영업 종료 | 목 | 08:00 - 20:00 | 금 | 08:00 - 15:00 | 토 | 08:00 - 20:00 | 일 | 08:00 - 20:00 | 월 | 08:00 - 20:00 | 화 | 08:00 - 20:00 | 수 | 08:00 - 20:00 | 접기,,,,,,,,,순두부찌개|김치찌개|해물된장뚝배기|뚝배기불고기|비빔밥|오징어젓갈|파족발 대|파족발 중|파족발 소|계란후라이|공기밥,봄이네해바라기|한식|제주 제주시 중앙로14길 24|제주 제주시 삼도이동 925-1|064-755-0774|월 08:00 - 20:00|순두부찌개|김치찌개|해물된장뚝배기|뚝배기불고기|비빔밥|오징어젓갈|파족발 대|파족발 중|파족발 소|계란후라이|공기밥|오징어젓갈이 완성하는 깊은 풍미,"[""봄이네해바라기"", ""한식"", ""제주 제주시 중앙로14길 24"", ""제주 제주시 삼도이동 925-1"", ""064-755-0774"", ""월 08:00 - 20:00"", ""순두부찌개"", ""김치찌개"", ""해물된장뚝배기"", ""뚝배기불고기"", ""비빔밥"", ""오징어젓갈"", ""파족발 대"", ""파족발 중"", ""파족발 소"", ""계란후라이"", ""공기밥"", ""오징어젓갈이 완성하는 깊은 풍미""]","{""name"": [""봄이네해바라기""], ""category"": [""한식""], ""address"": [""제주 제주시 중앙로14길 24"", ""제주 제주시 삼도이동 925-1""], ""phone"": [""064-755-0774""], ""hours"": [""월 08:00 - 20:00""], ""menus"": [""순두부찌개"", ""김치찌개"", ""해물된장뚝배기"", ""뚝배기불고기"", ""비빔밥"", ""오징어젓갈"", ""파족발 대"", ""파족발 중"", ""파족발 소"", ""계란후라이"", ""공기밥""], ""slogan"": [""오징어젓갈이 완성하는 깊은 풍미""]}",해바라기 | 제주시 해바라기 | 해바라기 쇼핑,,,,,
407,407,파리바게뜨중앙점,쇼핑,제주특별자치도 제주시 중앙로 73,,33.5117036,126.5246796,010-6606-8659,,https://naver.me/G4W88gVn,,중앙로,success,1_naver_link,naver_link place_id=16701803,8.6,naver_place,https://map.naver.com/p/entry/place/16701803,https://map.naver.com/p/entry/place/16701803,https://pcmap.place.naver.com/place/16701803/home,16701803,파리바게뜨 제주중앙점,베이커리,,,제주 제주시 중앙로 73 (이도일동) 1층 파리바게뜨,제주 제주시 이도일동 1410-1 1층 파리바게뜨,,064-759-0083,https://www.paris.co.kr/,33.5116295,126.5246513,07:00 - 23:00,영업 중23:00에 영업 종료,,"{""매일"": {""open"": ""07:00 - 23:00""}}",영업 중23:00에 영업 종료 | 23시 0분에 영업 종료 | 매일 | 07:00 - 23:00 | 접기,,파리바게뜨 제주중앙점입니다. 네이버 스마트주문에서 간편하게 주문하세요!,,,,,,,에스프레소 핫|아메리카노 핫|카푸치노 핫|카페모카 핫|녹차 핫,파리바게뜨 제주중앙점|베이커리|제주 제주시 중앙로 73 (이도일동) 1층 파리바게뜨|제주 제주시 이도일동 1410-1 1층 파리바게뜨|064-759-0083|07:00 - 23:00|에스프레소 핫|아메리카노 핫|카푸치노 핫|카페모카 핫|녹차 핫|빵이 맛있어요|친절해요|매장이 청결해요|커피가 맛있어요|특별한 메뉴가 있어요|음료가 맛있어요|가성비가 좋아요|인테리어가 멋져요|사진이 잘 나와요|대화하기 좋아요,"[""파리바게뜨 제주중앙점"", ""베이커리"", ""제주 제주시 중앙로 73 (이도일동) 1층 파리바게뜨"", ""제주 제주시 이도일동 1410-1 1층 파리바게뜨"", ""064-759-0083"", ""07:00 - 23:00"", ""에스프레소 핫"", ""아메리카노 핫"", ""카푸치노 핫"", ""카페모카 핫"", ""녹차 핫"", ""빵이 맛있어요"", ""친절해요"", ""매장이 청결해요"", ""커피가 맛있어요"", ""특별한 메뉴가 있어요"", ""음료가 맛있어요"", ""가성비가 좋아요"", ""인테리어가 멋져요"", ""사진이 잘 나와요"", ""대화하기 좋아요""]","{""name"": [""파리바게뜨 제주중앙점""], ""category"": [""베이커리""], ""address"": [""제주 제주시 중앙로 73 (이도일동) 1층 파리바게뜨"", ""제주 제주시 이도일동 1410-1 1층 파리바게뜨""], ""phone"": [""064-759-0083""], ""hours"": [""07:00 - 23:00""], ""menus"": [""에스프레소 핫"", ""아메리카노 핫"", ""카푸치노 핫"", ""카페모카 핫"", ""녹차 핫""], ""visitor_keywords"": [""빵이 맛있어요"", ""친절해요"", ""매장이 청결해요"", ""커피가 맛있어요"", ""특별한 메뉴가 있어요"", ""음료가 맛있어요"", ""가성비가 좋아요"", ""인테리어가 멋져요"", ""사진이 잘 나와요"", ""대화하기 좋아요""]}",https://naver.me/G4W88gVn,,"[""파리바게뜨 제주중앙점\nEVENT네이버 포장하면 Npay 포인트 3,000원 (1만5천원 이상 구매 시)\n단 2주간 진행되는 네이버 포장 혜택을 만나보세요!\n- 행사 기간: 10월 20일(월) ~ 11월 2일(일)\n- 혜택 내용: 네이버 포장 주문 시 Npay 포인트 3,000원 적립\n(15,000원 이상 구매 시)\n- 포인트 지급: 결제 후 최대 1일 이내\n- 선착순 예산 소진 시 조기 종료될 수 있습니다.\n- 기간 내 네이버ID 당 1회 참여 가능합니다.\n더보기\n기간\n2025.10.20. ~ 2025.11.02.\n좋아요\n2025.10.16.\n2025년 10월 16일"", ""파리바게뜨 제주중앙점\n알림[사전예약] 홀리데이 케이크 사전예약 🍰 (~12/19)\n[X-MAS 케이크 사전예약] 홀리데이 케이크 사전예약 주문 시 최대 30% 혜택!\n파바앱, 해피오더, 땡겨요, 카카오예약하기, 배달의민족에서 혜택 확인하고 케이크 사전예약하세요~!\n자세한 정보는 상단 '홈' → 파리바게뜨 공식 홈페이지 링크를 클릭해 확인해보세요 :)\n더보기\n기간\n2024.12.08. ~ 2024.12.19.\n좋아요\n2024.12.08.\n2024년 12월 8일"", ""파리바게뜨 제주중앙점\n알림[선착순EVENT] 아메리카노 100원+1,500원 할인쿠폰 받기(클릭)\nhttps://events.passorder.co.kr/100won-event-new　　 　　\n↑↑링크클릭해 참여가능!(3초면 충분해요)↑↑\n1명\n2024.07.31.\n2024년 7월 31일""]",,"[{""keyword"": ""빵이 맛있어요"", ""count"": ""365""}, {""keyword"": ""친절해요"", ""count"": ""176""}, {""keyword"": ""매장이 청결해요"", ""count"": ""75""}, {""keyword"": ""커피가 맛있어요"", ""count"": ""44""}, {""keyword"": ""특별한 메뉴가 있어요"", ""count"": ""40""}, {""keyword"": ""음료가 맛있어요"", ""count"": ""39""}, {""keyword"": ""가성비가 좋아요"", ""count"": ""27""}, {""keyword"": ""인테리어가 멋져요"", ""count"": ""10""}, {""keyword"": ""사진이 잘 나와요"", ""count"": ""10""}, {""keyword"": ""대화하기 좋아요"", ""count"": ""10""}]","[{""title"": ""소개"", ""body"": ""파리바게뜨 제주중앙점입니다. 네이버 스마트주문에서 간편하게 주문하세요!""}, {""title"": ""인증 정보"", ""body"": ""식약처 지정 식품안심업소\n\n유효기간: 2026.07.02~2029.07.01\n2026년 7월 2일~2029년 7월 1일""}, {""title"": ""위생 정보"", ""body"": ""세스코 멤버스\n2026.08\n2027년08월\n 최근 통합방제 점검월""}, {""title"": ""결제수단"", ""body"": ""제로페이\n네이버페이""}, {""title"": ""SNS"", ""body"": ""홈페이지\nhttps://www.paris.co.kr/\n알고 계신 정보와 다른 정보가 있나요?\n사진으로 간단하게 제보해 주세요.\n정보 수정 제안하기\n이용약관고객센터리뷰운영정책신고센터\n네이버""}]"
408,408,벧엘가방,쇼핑,제주특별자치도 제주시 중앙로13길 1-1,,33.5114792,126.5248082,010-5644-9806,,https://naver.me/xCjG9VjF,,중앙로,success,1_naver_link,naver_link place_id=32152029,3.6,naver_place,https://map.naver.com/p/entry/place/32152029,https://map.naver.com/p/entry/place/32152029,https://pcmap.place.naver.com/place/32152029/home,32152029,벧엘가방,"가방,핸드백",,,제주 제주시 중앙로13길 1-1,제주 제주시 이도1동 1420-2,,064-757-6767,,33.5114619,126.5247756,,,,{},,,"안내
사진/영상 리뷰만
최신순
리뷰 제공 기준
리뷰 클렌징 시스템 작동중입니다
modelguy
리뷰 769사진 2
팔로우
친절합니다
품질이 좋아요
가성비가 좋아요
종류가 다양해요
반응 남기기
방문일
24.1.3.수
2024년 1월 3일 수요일
1번째 방문
인증 수단
영수증
달봉이943
리뷰 713사진 44
팔로우
굿
품질이 좋아요
반응 남기기
방문일
25.9.25.목
2025년 9월 25일 목요일
1번째 방문
인증 수단
영수증
퓨마82
리뷰 286사진 17
팔로우
동문시장 내에 있는 가방가게예요 사장님 친절하시고 가성비 좋아요
가성비가 좋아요
종류가 다양해요
반응 남기기
방문일
23.7.8.토
2023년 7월 8일 토요일
1번째 방문
인증 수단
영수증",,,,,,,,"벧엘가방|가방,핸드백|제주 제주시 중앙로13길 1-1|제주 제주시 이도1동 1420-2|064-757-6767|안내|방문 키워드 통계 그래프 예시입니다.|현재 5명 참여|10명 이상 참여하면|방문 키워드 통계가 공개됩니다!|최신순|modelguy|팔로우|친절합니다|품질이 좋아요|가성비가 좋아요|종류가 다양해요|반응 남기기|방문일|24.1.3.수|2024년 1월 3일 수요일|1번째 방문|인증 수단|영수증","[""벧엘가방"", ""가방,핸드백"", ""제주 제주시 중앙로13길 1-1"", ""제주 제주시 이도1동 1420-2"", ""064-757-6767"", ""안내"", ""방문 키워드 통계 그래프 예시입니다."", ""현재 5명 참여"", ""10명 이상 참여하면"", ""방문 키워드 통계가 공개됩니다!"", ""최신순"", ""modelguy"", ""팔로우"", ""친절합니다"", ""품질이 좋아요"", ""가성비가 좋아요"", ""종류가 다양해요"", ""반응 남기기"", ""방문일"", ""24.1.3.수"", ""2024년 1월 3일 수요일"", ""1번째 방문"", ""인증 수단"", ""영수증""]","{""name"": [""벧엘가방""], ""category"": [""가방,핸드백""], ""address"": [""제주 제주시 중앙로13길 1-1"", ""제주 제주시 이도1동 1420-2""], ""phone"": [""064-757-6767""], ""visitor_keywords"": [""안내"", ""방문 키워드 통계 그래프 예시입니다."", ""현재 5명 참여"", ""10명 이상 참여하면"", ""방문 키워드 통계가 공개됩니다!"", ""최신순"", ""modelguy"", ""팔로우"", ""친절합니다"", ""품질이 좋아요"", ""가성비가 좋아요"", ""종류가 다양해요"", ""반응 남기기"", ""방문일"", ""24.1.3.수"", ""2024년 1월 3일 수요일"", ""1번째 방문"", ""인증 수단"", ""영수증""]}",https://naver.me/xCjG9VjF,,,,"[""안내"", ""방문 키워드 통계 그래프 예시입니다."", ""현재 5명 참여"", ""10명 이상 참여하면"", ""방문 키워드 통계가 공개됩니다!"", ""최신순"", ""modelguy"", ""팔로우"", ""친절합니다"", ""품질이 좋아요"", ""가성비가 좋아요"", ""종류가 다양해요"", ""반응 남기기"", ""방문일"", ""24.1.3.수"", ""2024년 1월 3일 수요일"", ""1번째 방문"", ""인증 수단"", ""영수증""]","[{""title"": ""이런 점이 좋았어요"", ""body"": ""안내\n방문 키워드 통계 그래프 예시입니다.\n현재 5명 참여\n10명 이상 참여하면\n방문 키워드 통계가 공개됩니다!""}, {""title"": ""리뷰3"", ""body"": ""안내\n사진/영상 리뷰만\n최신순\n리뷰 제공 기준\n리뷰 클렌징 시스템 작동중입니다\nmodelguy\n리뷰 769사진 2\n팔로우\n친절합니다\n품질이 좋아요\n가성비가 좋아요\n종류가 다양해요\n반응 남기기\n방문일\n24.1.3.수\n2024년 1월 3일 수요일\n1번째 방문\n인증 수단\n영수증\n달봉이943\n리뷰 713사진 44\n팔로우\n굿\n품질이 좋아요\n반응 남기기\n방문일\n25.9.25.목\n2025년 9월 25일 목요일\n1번째 방문\n인증 수단\n영수증\n퓨마82\n리뷰 286사진 17\n팔로우\n동문시장 내에 있는 가방가게예요 사장님 친절하시고 가성비 좋아요\n가성비가 좋아요\n종류가 다양해요\n반응 남기기\n방문일\n23.7.8.토\n2023년 7월 8일 토요일\n1번째 방문\n인증 수단\n영수증""}, {""title"": ""키워드·별점 리뷰5"", ""body"": ""wntkfkd7927h\n리뷰 894사진 1,482\n팔로우\n별점\n5\n점\n품질이 좋아요\n가성비가 좋아요\n종류가 다양해요\n친절해요\n반응 남기기\n방문일\n8.1.토\n2026년 8월 1일 토요일\n1번째 방문\n인증 수단\n영수증\nyan****\n리뷰 225\n팔로우\n친절해요\n반응 남기기\n방문일\n24.4.12.금\n2024년 4월 12일 금요일\n1번째 방문\n인증 수단\n영수증\ntngus9945\n리뷰 83사진 2\n팔로우\n별점\n4\n점\n반응 남기기\n방문일\n21.6.28.월\n2021년 6월 28일 월요일\n1번째 방문\n인증 수단\n영수증\nrebe\n리뷰 485\n팔로우\n별점\n3\n점\n반응 남기기\n방문일\n21.5.7.금\n2021년 5월 7일 금요일\n1번째 방문\n인증 수단\n영수증\nxjv****\n리뷰 1,766사진 27\n팔로우\n별점\n5\n점\n반응 남기기\n방문일\n20.3.27.금\n2020년 3월 27일 금요일\n1번째 방문\n인증 수단\n영수증\n이용약관고객센터리뷰운영정책신고센터\n네이버""}]"
409,409,산옥이네제주빙떡,음식점,제주특별자치도 제주시 중앙로 63-10,,33.5116394,126.5247804,010-4654-9281,,,,중앙로,fail,5_fail,매칭 실패,,,,,,,,,,,,,,,,,,,,,{},,,,,,,,,,,,[],{},산옥이네제주빙떡 | 제주시 산옥이네제주빙떡 | 산옥이네제주빙떡 음식점 | 제주시 산옥이네제주빙떡 음식점,,,,,
410,410,베사모복지장학회,기타,제주특별자치도 제주시 중앙로14길 5,,33.511236,126.5237273,010-7310-5504,,https://naver.me/xNp8DSbD,,중앙로,success,1_naver_link,naver_link place_id=13507206,1.8,naver_place,https://map.naver.com/p/entry/place/13507206,https://map.naver.com/p/entry/place/13507206,https://pcmap.place.naver.com/place/13507206/home,13507206,베사모복지장학회,복지재단,,,제주 제주시 중앙로14길 5 4층.,제주 제주시 이도1동 1482-2,,064-758-0449,http://www.besamo.com/,33.5112509,126.5237186,,,,{},정보 수정,,,,,,,,,,베사모복지장학회|복지재단|제주 제주시 중앙로14길 5 4층.|제주 제주시 이도1동 1482-2|064-758-0449,"[""베사모복지장학회"", ""복지재단"", ""제주 제주시 중앙로14길 5 4층."", ""제주 제주시 이도1동 1482-2"", ""064-758-0449""]","{""name"": [""베사모복지장학회""], ""category"": [""복지재단""], ""address"": [""제주 제주시 중앙로14길 5 4층."", ""제주 제주시 이도1동 1482-2""], ""phone"": [""064-758-0449""]}",https://naver.me/xNp8DSbD,,,,,
411,411,에브리바디빈티지패밀리,쇼핑,제주특별자치도 제주시 관덕로8길 31,,33.5105175,126.5233653,010-5775-4095,,https://naver.me/G9r51qIn,,중앙로,success,1_naver_link,naver_link place_id=1902148391,1.5,naver_place,https://map.naver.com/p/entry/place/1902148391,https://map.naver.com/p/entry/place/1902148391,https://pcmap.place.naver.com/place/1902148391/home,1902148391,에브리바디빈티지,구제의류,,,제주 제주시 관덕로8길 31 2층,제주 제주시 이도일동 1493-1,,064-723-0907,,33.5105134,126.5233494,영업 중,영업 중,,{},영업 중,주차,"주차가능
유료
최초 30분 1,000원
추가 요금 15분당 1,000원, 최대 10,000원
매장 바로 앞 유료 주차장 및 매장 뒤편에 공영 주차장(주말 무료)이 있습니다.",,,,,,,,에브리바디빈티지|구제의류|제주 제주시 관덕로8길 31 2층|제주 제주시 이도일동 1493-1|064-723-0907|영업 중|주차|친절해요|종류가 다양해요|독특한 디자인이 많아요|분위기가 편안해요|품질이 좋아요|매장이 넓어요|가성비가 좋아요|스타일 추천을 잘해줘요|주차하기 편해요|컨셉이 독특해요,"[""에브리바디빈티지"", ""구제의류"", ""제주 제주시 관덕로8길 31 2층"", ""제주 제주시 이도일동 1493-1"", ""064-723-0907"", ""영업 중"", ""주차"", ""친절해요"", ""종류가 다양해요"", ""독특한 디자인이 많아요"", ""분위기가 편안해요"", ""품질이 좋아요"", ""매장이 넓어요"", ""가성비가 좋아요"", ""스타일 추천을 잘해줘요"", ""주차하기 편해요"", ""컨셉이 독특해요""]","{""name"": [""에브리바디빈티지""], ""category"": [""구제의류""], ""address"": [""제주 제주시 관덕로8길 31 2층"", ""제주 제주시 이도일동 1493-1""], ""phone"": [""064-723-0907""], ""hours"": [""영업 중""], ""conveniences"": [""주차""], ""visitor_keywords"": [""친절해요"", ""종류가 다양해요"", ""독특한 디자인이 많아요"", ""분위기가 편안해요"", ""품질이 좋아요"", ""매장이 넓어요"", ""가성비가 좋아요"", ""스타일 추천을 잘해줘요"", ""주차하기 편해요"", ""컨셉이 독특해요""]}",https://naver.me/G9r51qIn,,"[""에브리바디빈티지\n알림주차 안내\n주차는 매장 바로 앞 유료 주차장(30분 1,000원) 및 매장 뒤편 공영 주차장(1시간 1,000원, 주말무료) 가능합니다.\n좋아요\n2025.08.31.\n2025년 8월 31일"", ""에브리바디빈티지\n알림매장운영시간 및 문의방법\n휴무는 설날,추석 당일 이틀만 휴무입니다\n오전 11시11분 오픈 오후7시 마감입니다.\n매장문의는 인스타그램 @everybody.vintage 로 부탁드립니다.\n더보기\n2명\n2021.03.03.\n2021년 3월 3일"", ""에브리바디빈티지\n알림휴무 및 매장문의\n휴무 - 설날 당일/ 추석 당일 이틀은 휴무 입니다.\n(영업시간 AM11:00~ PM7:00)\n매장문의는 @EVERYBODY.VINTAGE 인스타 DM으로 가능합니다.\n더보기\n4명\n2021.03.03.\n2021년 3월 3일""]",,"[{""keyword"": ""친절해요"", ""count"": ""46""}, {""keyword"": ""종류가 다양해요"", ""count"": ""44""}, {""keyword"": ""독특한 디자인이 많아요"", ""count"": ""40""}, {""keyword"": ""분위기가 편안해요"", ""count"": ""24""}, {""keyword"": ""품질이 좋아요"", ""count"": ""22""}, {""keyword"": ""매장이 넓어요"", ""count"": ""22""}, {""keyword"": ""가성비가 좋아요"", ""count"": ""14""}, {""keyword"": ""스타일 추천을 잘해줘요"", ""count"": ""10""}, {""keyword"": ""주차하기 편해요"", ""count"": ""7""}, {""keyword"": ""컨셉이 독특해요"", ""count"": ""4""}]","[{""title"": ""대표 키워드"", ""body"": ""제주빈티지제주빈티지가게제주빈티지샵제주도빈티지샵""}, {""title"": ""주차"", ""body"": ""주차가능\n유료\n최초 30분 1,000원\n추가 요금 15분당 1,000원, 최대 10,000원\n매장 바로 앞 유료 주차장 및 매장 뒤편에 공영 주차장(주말 무료)이 있습니다.""}, {""title"": ""결제수단"", ""body"": ""네이버페이\n알고 계신 정보와 다른 정보가 있나요?\n사진으로 간단하게 제보해 주세요.\n정보 수정 제안하기\n이용약관고객센터리뷰운영정책신고센터\n네이버""}]"
412,412,양인철헤어,기타,제주특별자치도 제주시 중앙로 83,,33.5108232,126.5243104,010-7213-1381,,https://naver.me/5chg9YBU,,중앙로,success,1_naver_link,naver_link place_id=19932687,6.8,naver_place,https://map.naver.com/p/entry/place/19932687,https://map.naver.com/p/entry/place/19932687,https://pcmap.place.naver.com/place/19932687/home,19932687,양인철헤어,미용실,,,제주 제주시 중앙로 83 양인철헤어,제주 제주시 이도일동 1416-1,,,,33.5108469,126.5242433,,,,{},,예약|무선 인터넷|주차,"'나를 표현할 것인가?'
'현재에 머무를 것인가?'
고객님에 품격과 가치를 높여 드리며,
감동과 행복을 전하는 양인철헤어는 습식 전문 시술로 펌, 컬러, 클리닉 시술시 수분영양관리포함 하여 시술중 입니다
표현하지 못했던 스타일,
변화를 추구 했지만 변하지 않을 스타일, 나만에 차별화된 스타일, 네츄렬한 스타일, 20대/30대/중년/중장년 나이때별 변하는 모발&두상 1:1상담 으로 당신에 모발관리, 두피관리로 스타일 연출 해 드립니다~
예약문의는 전화로 연락주세요~",,,,,,,남성 컷|여성 컷|여성 롱기장 연출컷,양인철헤어|미용실|제주 제주시 중앙로 83 양인철헤어|제주 제주시 이도일동 1416-1|남성 컷|여성 컷|여성 롱기장 연출컷|무선 인터넷|주차|안내|방문 키워드 통계 그래프 예시입니다.|현재 7명 참여|10명 이상 참여하면|방문 키워드 통계가 공개됩니다!|특징|만족도14|서비스9|컷2|추천순|최신순|디노컴퍼니라라|팔로우|스토리를 구구절절 말하자면|스타일 추천을 잘해줘요|트렌디해요|고급스러워요|손상이 적어요|시술이 꼼꼼해요,"[""양인철헤어"", ""미용실"", ""제주 제주시 중앙로 83 양인철헤어"", ""제주 제주시 이도일동 1416-1"", ""남성 컷"", ""여성 컷"", ""여성 롱기장 연출컷"", ""무선 인터넷"", ""주차"", ""안내"", ""방문 키워드 통계 그래프 예시입니다."", ""현재 7명 참여"", ""10명 이상 참여하면"", ""방문 키워드 통계가 공개됩니다!"", ""특징"", ""만족도14"", ""서비스9"", ""컷2"", ""추천순"", ""최신순"", ""디노컴퍼니라라"", ""팔로우"", ""스토리를 구구절절 말하자면"", ""스타일 추천을 잘해줘요"", ""트렌디해요"", ""고급스러워요"", ""손상이 적어요"", ""시술이 꼼꼼해요""]","{""name"": [""양인철헤어""], ""category"": [""미용실""], ""address"": [""제주 제주시 중앙로 83 양인철헤어"", ""제주 제주시 이도일동 1416-1""], ""menus"": [""남성 컷"", ""여성 컷"", ""여성 롱기장 연출컷""], ""conveniences"": [""무선 인터넷"", ""주차""], ""visitor_keywords"": [""안내"", ""방문 키워드 통계 그래프 예시입니다."", ""현재 7명 참여"", ""10명 이상 참여하면"", ""방문 키워드 통계가 공개됩니다!"", ""특징"", ""만족도14"", ""서비스9"", ""컷2"", ""추천순"", ""최신순"", ""디노컴퍼니라라"", ""팔로우"", ""스토리를 구구절절 말하자면"", ""스타일 추천을 잘해줘요"", ""트렌디해요"", ""고급스러워요"", ""손상이 적어요"", ""시술이 꼼꼼해요""]}",https://naver.me/5chg9YBU,,"[""양인철 헤어\n블로그\n블로그[공유] 동문시장근처 인생 미용실 찾았다! 양인철헤어 염색, 컷트까지 완벽 후기\n#제주일상 #제주시중앙로미용실 #양인철헤어 #이도동헤어 #이도동미용실 #제주시미용실 #제주미용실 #제주레이어드컷 #제주두피관리 #제주시두피관리 #제주두피클리닉 #제주동문시장헤어샵 #제주동문시장야시장 #제주시파마 #제주시염색 #제주동문시장 #제주여행 #서이추 #제주시 #제주시모발크리닉 #제주동문시장근처헤어 #제주시헤어추천 #제주도민헤어 #제주헤어추천 #제주헤어샵 #제주미용실 #제주중앙로상점가 #제주도 #동문시장근처염색\n공감\n2025.08.08.\n2025년 8월 8일"", ""양인철 헤어\n블로그\n블로그[공유] 제주 미용실 중앙로 양인철헤어\n#제주일상 #제주시중앙로미용실 #양인철헤어 #이도동헤어 #이도동미용실 #제주시미용실 #제주미용실 #제주레이어드컷 #제주두피관리 #제주시두피관리 #제주두피클리닉 #제주동문시장헤어샵 #제주동문시장야시장 #제주시파마 #제주시염색 #제주동문시장 #제주여행 #서이추 #제주시 #제주시모발크리닉 #제주동문시장근처헤어 #제주시헤어추천 #제주도민헤어 #제주헤어추천 #제주헤어샵 #제주미용실 #제주중앙로상점가 #제주도\n공감\n2025.08.08.\n2025년 8월 8일"", ""양인철 헤어\n블로그\n블로그[공유] 전문성이 돋보이는 제주미용실, 양인철헤어에서 봄라이트 톤업염색한 후기\n#제주일상 #제주시중앙로미용실 #양인철헤어 #이도동헤어 #이도동미용실 #제주시미용실 #제주미용실 #제주레이어드컷 #제주두피관리 #제주시두피관리 #제주두피클리닉 #제주동문시장헤어샵 #제주동문시장야시장 #제주시파마 #제주시염색 #제주동문시장 #제주여행 #서이추 #제주시 #제주시모발크리닉 #제주동문시장근처헤어 #제주시헤어추천 #제주도민헤어 #제주헤어추천 #제주헤어샵 #제주미용실 #제주중앙로상점가\n공감\n2025.07.15.\n2025년 7월 15일""]",,"[""안내"", ""방문 키워드 통계 그래프 예시입니다."", ""현재 7명 참여"", ""10명 이상 참여하면"", ""방문 키워드 통계가 공개됩니다!"", ""특징"", ""만족도14"", ""서비스9"", ""컷2"", ""추천순"", ""최신순"", ""디노컴퍼니라라"", ""팔로우"", ""스토리를 구구절절 말하자면,"", ""스타일 추천을 잘해줘요"", ""트렌디해요"", ""고급스러워요"", ""손상이 적어요"", ""시술이 꼼꼼해요""]","[{""title"": ""소개"", ""body"": ""'나를 표현할 것인가?'\n'현재에 머무를 것인가?'\n고객님에 품격과 가치를 높여 드리며,\n감동과 행복을 전하는 양인철헤어는 습식 전문 시술로 펌, 컬러, 클리닉 시술시 수분영양관리포함 하여 시술중 입니다\n표현하지 못했던 스타일,\n변화를 추구 했지만 변하지 않을 스타일, 나만에 차별화된 스타일, 네츄렬한 스타일, 20대/30대/중년/중장년 나이때별 변하는 모발&두상 1:1상담 으로 당신에 모발관리, 두피관리로 스타일 연출 해 드립니다~\n예약문의는 전화로 연락주세요~""}, {""title"": ""편의시설 및 서비스"", ""body"": ""헤어스파\n두피클리닉\n1인미용실\n예약\n무선 인터넷""}, {""title"": ""주차"", ""body"": ""주차가능\n유료\n최초 30분 무료\n추가 요금 10분당 1,000원, 최대 20,000원\n도보5분거리 (최초30분무료 /주말무료) 중앙로상점가공영주차장, 지하상가공영주차장 도보1분거리 (최초30분 1,500원 추가10분500원) 맘모스유료주차장, 호남새마을금고주차장 이용바랍니다.\n내용 더보기""}, {""title"": ""결제수단"", ""body"": ""지역화폐 (모바일형)\n지역화폐 (카드형)\n제로페이""}, {""title"": ""SNS"", ""body"": ""인스타그램\nhttps://www.instagram.com/\n알고 계신 정보와 다른 정보가 있나요?\n사진으로 간단하게 제보해 주세요.\n정보 수정 제안하기\n이용약관고객센터리뷰운영정책신고센터\n네이버""}]"
413,413,현대약국,기타,제주특별자치도 제주시 중앙로 77,,33.5112412,126.5245607,010-8663-0260,,https://naver.me/5CCrDMro,,중앙로,success,1_naver_link,naver_link place_id=13200860,10.7,naver_place,https://map.naver.com/p/entry/place/13200860,https://map.naver.com/p/entry/place/13200860,https://pcmap.place.naver.com/place/13200860/home,13200860,현대약국,약국,,,제주 제주시 중앙로 77,제주 제주시 이도일동 1413-1,,064-722-0392,,33.5112739,126.5244525,영업 중,영업 중,,{},영업 중,,,,,,,,,,현대약국|약국|제주 제주시 중앙로 77|제주 제주시 이도일동 1413-1|064-722-0392|영업 중|친절해요|복약지도를 잘해줘요|상담이 자세해요|제품 종류가 다양해요|가격이 합리적이에요|매장이 청결해요|조제약 포장이 세심해요|대기공간이 잘 되어있어요|매장이 넓어요|주차하기 편해요,"[""현대약국"", ""약국"", ""제주 제주시 중앙로 77"", ""제주 제주시 이도일동 1413-1"", ""064-722-0392"", ""영업 중"", ""친절해요"", ""복약지도를 잘해줘요"", ""상담이 자세해요"", ""제품 종류가 다양해요"", ""가격이 합리적이에요"", ""매장이 청결해요"", ""조제약 포장이 세심해요"", ""대기공간이 잘 되어있어요"", ""매장이 넓어요"", ""주차하기 편해요""]","{""name"": [""현대약국""], ""category"": [""약국""], ""address"": [""제주 제주시 중앙로 77"", ""제주 제주시 이도일동 1413-1""], ""phone"": [""064-722-0392""], ""hours"": [""영업 중""], ""visitor_keywords"": [""친절해요"", ""복약지도를 잘해줘요"", ""상담이 자세해요"", ""제품 종류가 다양해요"", ""가격이 합리적이에요"", ""매장이 청결해요"", ""조제약 포장이 세심해요"", ""대기공간이 잘 되어있어요"", ""매장이 넓어요"", ""주차하기 편해요""]}",https://naver.me/5CCrDMro,,,,"[{""keyword"": ""친절해요"", ""count"": ""141""}, {""keyword"": ""복약지도를 잘해줘요"", ""count"": ""63""}, {""keyword"": ""상담이 자세해요"", ""count"": ""39""}, {""keyword"": ""제품 종류가 다양해요"", ""count"": ""21""}, {""keyword"": ""가격이 합리적이에요"", ""count"": ""19""}, {""keyword"": ""매장이 청결해요"", ""count"": ""14""}, {""keyword"": ""조제약 포장이 세심해요"", ""count"": ""13""}, {""keyword"": ""대기공간이 잘 되어있어요"", ""count"": ""8""}, {""keyword"": ""매장이 넓어요"", ""count"": ""6""}, {""keyword"": ""주차하기 편해요"", ""count"": ""4""}]","[{""title"": ""결제수단"", ""body"": ""제로페이\n알고 계신 정보와 다른 정보가 있나요?\n사진으로 간단하게 제보해 주세요.\n정보 수정 제안하기\n이용약관고객센터리뷰운영정책신고센터\n네이버""}]"
414,414,해담유통(종합화장품),쇼핑,제주특별자치도 제주시 중앙로 77,,33.5112412,126.5245607,010-2697-1415,,https://naver.me/GfrBUHaG,,중앙로,success,1_naver_link,naver_link place_id=1697565965,12.7,naver_place,https://map.naver.com/p/entry/place/1697565965,https://map.naver.com/p/entry/place/1697565965,https://pcmap.place.naver.com/place/1697565965/home,1697565965,종합화장품,"화장품,향수",,,제주 제주시 중앙로 77,제주 제주시 이도일동 1413-1,,,,33.5112255,126.5244253,,,,{},정보 수정,,,,,,,,,,"종합화장품|화장품,향수|제주 제주시 중앙로 77|제주 제주시 이도일동 1413-1","[""종합화장품"", ""화장품,향수"", ""제주 제주시 중앙로 77"", ""제주 제주시 이도일동 1413-1""]","{""name"": [""종합화장품""], ""category"": [""화장품,향수""], ""address"": [""제주 제주시 중앙로 77"", ""제주 제주시 이도일동 1413-1""]}",https://naver.me/GfrBUHaG,,,,,
415,415,시온상회,쇼핑,제주특별자치도 제주시 중앙로 77,,33.5112412,126.5245607,010-7576-0048,,https://naver.me/xF4nvFE6,,중앙로,success,1_naver_link,naver_link place_id=1309016382,4.3,naver_place,https://map.naver.com/p/entry/place/1309016382,https://map.naver.com/p/entry/place/1309016382,https://pcmap.place.naver.com/place/1309016382/home,1309016382,시온상회,건강기능보조식품,,,제주 제주시 중앙로 77,제주 제주시 이도1동 1413-1,,064-757-0048,,33.5112685,126.5245278,,,,{},,,,,,,,,,,시온상회|건강기능보조식품|제주 제주시 중앙로 77|제주 제주시 이도1동 1413-1|064-757-0048|안내|방문 키워드 통계 그래프 예시입니다.|현재 6명 참여|10명 이상 참여하면|방문 키워드 통계가 공개됩니다!|4.0818개 평점(10명 참여)|최신순|sgm****|팔로우|품질이 좋아요|친절해요|반응 남기기|방문일|24.3.7.목|2024년 3월 7일 목요일|2번째 방문|인증 수단,"[""시온상회"", ""건강기능보조식품"", ""제주 제주시 중앙로 77"", ""제주 제주시 이도1동 1413-1"", ""064-757-0048"", ""안내"", ""방문 키워드 통계 그래프 예시입니다."", ""현재 6명 참여"", ""10명 이상 참여하면"", ""방문 키워드 통계가 공개됩니다!"", ""4.0818개 평점(10명 참여)"", ""최신순"", ""sgm****"", ""팔로우"", ""품질이 좋아요"", ""친절해요"", ""반응 남기기"", ""방문일"", ""24.3.7.목"", ""2024년 3월 7일 목요일"", ""2번째 방문"", ""인증 수단""]","{""name"": [""시온상회""], ""category"": [""건강기능보조식품""], ""address"": [""제주 제주시 중앙로 77"", ""제주 제주시 이도1동 1413-1""], ""phone"": [""064-757-0048""], ""visitor_keywords"": [""안내"", ""방문 키워드 통계 그래프 예시입니다."", ""현재 6명 참여"", ""10명 이상 참여하면"", ""방문 키워드 통계가 공개됩니다!"", ""4.0818개 평점(10명 참여)"", ""최신순"", ""sgm****"", ""팔로우"", ""품질이 좋아요"", ""친절해요"", ""반응 남기기"", ""방문일"", ""24.3.7.목"", ""2024년 3월 7일 목요일"", ""2번째 방문"", ""인증 수단""]}",https://naver.me/xF4nvFE6,,,,"[""안내"", ""방문 키워드 통계 그래프 예시입니다."", ""현재 6명 참여"", ""10명 이상 참여하면"", ""방문 키워드 통계가 공개됩니다!"", ""4.0818개 평점(10명 참여)"", ""최신순"", ""sgm****"", ""팔로우"", ""굿"", ""품질이 좋아요"", ""친절해요"", ""반응 남기기"", ""방문일"", ""24.3.7.목"", ""2024년 3월 7일 목요일"", ""2번째 방문"", ""인증 수단""]","[{""title"": ""결제수단"", ""body"": ""제로페이\n알고 계신 정보와 다른 정보가 있나요?\n사진으로 간단하게 제보해 주세요.\n정보 수정 제안하기\n이용약관고객센터리뷰운영정책신고센터\n네이버""}]"
416,416,한라미디어,쇼핑,제주특별자치도 제주시 중앙로 81-1,,33.5109188,126.5243118,010-5720-4748,,https://naver.me/5wWyQIQe,,중앙로,success,1_naver_link,naver_link place_id=11384253,4.8,naver_place,https://map.naver.com/p/entry/place/11384253,https://map.naver.com/p/entry/place/11384253,https://pcmap.place.naver.com/place/11384253/home,11384253,한라미디어음반게임,게임유통,,,제주 제주시 중앙로 81-1,제주 제주시 이도일동 1415-1,그랜드호텔사거리 코스모스호텔사거리 중간지점 신제주연동.,064-721-9501,,33.5109307,126.524262,월 12:00 - 21:00,영업 중21:00에 영업 종료,,"{""목"": {""open"": ""12:00 - 21:00""}, ""금"": {""open"": ""12:00 - 21:00""}, ""토"": {""open"": ""12:00 - 21:00""}, ""일"": {""open"": ""12:00 - 21:00""}, ""월"": {""open"": ""12:00 - 21:00""}, ""화"": {""open"": ""12:00 - 21:00""}, ""수"": {""open"": ""12:00 - 21:00""}}",영업 중21:00에 영업 종료 | 21시 0분에 영업 종료 | 목 | 12:00 - 21:00 | 금 | 12:00 - 21:00 | 토 | 12:00 - 21:00 | 일 | 12:00 - 21:00 | 월 | 12:00 - 21:00 | 화 | 12:00 - 21:00 | 수 | 12:00 - 21:00 | 접기,,"해 주셨어요. 정말 다 잘 알아요 🥹 소리도 안냈어 가게 들어오자마자 바로 우리는 모아인 거 알어봤어요! 완전 케이팝 박사이네요. 강추! 다음에도 꼭 올게요. 고마워요 이모님~~
하루히91
25.11.161번째 방문영수증
친절하시고 음반등이 다양해서 좋아요",,,,,,,,한라미디어음반게임|게임유통|제주 제주시 중앙로 81-1|제주 제주시 이도일동 1415-1|064-721-9501|월 12:00 - 21:00|내돈내산|제주닌텐도|닌텐도할인|제주닌텐도할인|온누리상품권|제주닌텐도온누리할인|한라미디어중앙점|한라미디어|온누리상품권할인,"[""한라미디어음반게임"", ""게임유통"", ""제주 제주시 중앙로 81-1"", ""제주 제주시 이도일동 1415-1"", ""064-721-9501"", ""월 12:00 - 21:00"", ""내돈내산"", ""제주닌텐도"", ""닌텐도할인"", ""제주닌텐도할인"", ""온누리상품권"", ""제주닌텐도온누리할인"", ""한라미디어중앙점"", ""한라미디어"", ""온누리상품권할인""]","{""name"": [""한라미디어음반게임""], ""category"": [""게임유통""], ""address"": [""제주 제주시 중앙로 81-1"", ""제주 제주시 이도일동 1415-1""], ""phone"": [""064-721-9501""], ""hours"": [""월 12:00 - 21:00""], ""hashtags"": [""내돈내산"", ""제주닌텐도"", ""닌텐도할인"", ""제주닌텐도할인"", ""온누리상품권"", ""제주닌텐도온누리할인"", ""한라미디어중앙점"", ""한라미디어"", ""온누리상품권할인""], ""body_hashtags"": [""내돈내산"", ""제주닌텐도"", ""닌텐도할인"", ""제주닌텐도할인"", ""온누리상품권"", ""제주닌텐도온누리할인"", ""한라미디어중앙점"", ""한라미디어"", ""온누리상품권할인""]}",https://naver.me/5wWyQIQe,,"[""제주 한라미디어 음반게임 공식 블로그\n블로그\n블로그[제주LP/USB/CD음반/게임 플레이스테이션(닌텐도 스위치 제주유일공식 판매점]NCT 127 - 정규 7집 [BLINGY] (CALL 127 Ver.)(스마트앨범)재입고26091\nTRACK LIST 01. Blingy (*Title) 02. Legacy 03. Piñata 04. Step Up 05. IKR 06. Getaway 07. Day After Day 08. 127 Million Miles 09. I mean, It’s about time DETAIL INFO - 아웃 박스 : 1종 - 박스 슬리브 : 1종 - 엠블럼 스티커 : 1종 삽입 - QR 카드 : 1종 삽입 - 엽서 : 28종 삽입 - 스티커 : 6종 삽입 - 유닛 포토카드 : 4종 삽입 - 스페셜 포토카드 : 2종 삽입 (그룹 1종 + 개인 5종 중 랜덤 1종) - 포토카드 : 5종 중 랜덤 1종 삽입 * 본 음반에 포함된 랜덤 구성품은 동일한 확률로 구성되어 있습니다. ‘대망의 컴백’ NCT 127, 정규 7집 ‘BLINGY’ 8월 24일 발매! 대체 불가능한 정체성 증명할 총 9곡 수록… NCT 127만이 할 수 있는 음악 10주년 찬란한 챕터의 막 오른다! NCT 127(엔시티 12\n더보기\n2명\n1일 전\n1일 전"", ""제주 한라미디어 음반게임 공식 블로그\n블로그\n블로그[제주LP/USB/CD음반/게임 플레이스테이션(닌텐도 스위치 제주유일공식 판매점]CD민호 - 미니 2집 [Make it hot] (Hot island Ver.)\n2명\n1일 전\n1일 전"", ""제주 한라미디어 음반게임 공식 블로그\n블로그\n블로그[제주LP/USB/CD음반/게임 플레이스테이션(닌텐도 스위치 제주유일공식 판매점]CD앤팀&TEAM - &TEAM KR 2nd Mini Album 'Mark on Me'\nTRACK LIST 추후 공개 DETAIL INFO 총 2종 (CRAVE YOU ver. / TAME ME ver.) - 아웃박스(2버전 / 버전별 1종) / 184 x 265 x 32mm - 포토북(2버전 / 버전별 1종) / 176 x 250mm / 56p - 프롤로그 시트(2버전 / 버전별 1종) / 170 x 245mm - 로고 스티커 세트(2버전 / 버전별 2종 1세트) / 95 x 24mm, 40 x 49mm (CRAVE YOU ver.) / 95 x 24mm, 45 x 40mm(TAME ME ver.) - 페이퍼 택(2버전 / 버전별 1종) / 60 x 142mm (CRAVE YOU ver.) / 60 x 150mm(TAME ME ver.) - 아코디언 엽서(2버전 / 버전별 1종) / 740 x 210mm - CD-R+봉투(2버전 / 버전별 1종) / 120 x 120mm, 125 x 125mm - 포스터(2버전 / 버전별 1종) / 320 x 240mm - 리릭 페이\n더보기\n2명\n1일 전\n1일 전""]",,,"[{""title"": ""대표 키워드"", ""body"": ""게임플레이스테이션닌텐도스위치음반DVD""}, {""title"": ""결제수단"", ""body"": ""지역화폐 (지류형)\n지역화폐 (카드형)\n문화누리카드\n알고 계신 정보와 다른 정보가 있나요?\n사진으로 간단하게 제보해 주세요.\n정보 수정 제안하기\n이용약관고객센터리뷰운영정책신고센터\n네이버""}]"
417,417,현이네야채,쇼핑,제주특별자치도 제주시 중앙로 77,,33.5112412,126.5245607,010-6303-4767,,https://naver.me/FgELaW73,,중앙로,success,1_naver_link,naver_link place_id=1906817246,17.4,naver_place,https://map.naver.com/p/entry/place/1906817246,https://map.naver.com/p/entry/place/1906817246,https://pcmap.place.naver.com/place/1906817246/home,1906817246,현이네야채,채소,,,제주 제주시 중앙로 77,제주 제주시 이도일동 1413-1,,,,33.5112958,126.5247364,,,,{},정보 수정,,,,,,,,,,현이네야채|채소|제주 제주시 중앙로 77|제주 제주시 이도일동 1413-1,"[""현이네야채"", ""채소"", ""제주 제주시 중앙로 77"", ""제주 제주시 이도일동 1413-1""]","{""name"": [""현이네야채""], ""category"": [""채소""], ""address"": [""제주 제주시 중앙로 77"", ""제주 제주시 이도일동 1413-1""]}",https://naver.me/FgELaW73,,,,,"[{""title"": ""결제수단"", ""body"": ""제로페이\n알고 계신 정보와 다른 정보가 있나요?\n사진으로 간단하게 제보해 주세요.\n정보 수정 제안하기\n이용약관고객센터리뷰운영정책신고센터\n네이버""}]"
418,418,동문#(일우모빌리티),기타,제주특별자치도 제주시 중앙로13길 6,,33.5111939,126.5247991,010-8300-9629,,https://naver.me/GDLjRUJt,,중앙로,success,1_naver_link,naver_link place_id=1746854377,13.5,naver_place,https://map.naver.com/p/entry/place/1746854377,https://map.naver.com/p/entry/place/1746854377,https://pcmap.place.naver.com/place/1746854377/home,1746854377,일우모빌리티,"특산물,관광민예품",,,제주 제주시 중앙로13길 6,제주 제주시 이도1동 1421-2,,064-723-5700,,33.5111207,126.5249159,,,,{},,,"안내
61회60명 참여
""친절해요""
이 키워드를 선택한 인원
42
""품질이 좋아요""
이 키워드를 선택한 인원
26
""주차하기 편해요""
이 키워드를 선택한 인원
20
""가성비가 좋아요""
이 키워드를 선택한 인원
19
""종류가 다양해요""
이 키워드를 선택한 인원
17
더보기",,,,,,,,"일우모빌리티|특산물,관광민예품|제주 제주시 중앙로13길 6|제주 제주시 이도1동 1421-2|064-723-5700|친절해요|품질이 좋아요|주차하기 편해요|가성비가 좋아요|종류가 다양해요|특색 있는 제품이 많아요|시설이 깔끔해요|선물하기 좋아요|분위기가 편안해요|설명이 자세해요","[""일우모빌리티"", ""특산물,관광민예품"", ""제주 제주시 중앙로13길 6"", ""제주 제주시 이도1동 1421-2"", ""064-723-5700"", ""친절해요"", ""품질이 좋아요"", ""주차하기 편해요"", ""가성비가 좋아요"", ""종류가 다양해요"", ""특색 있는 제품이 많아요"", ""시설이 깔끔해요"", ""선물하기 좋아요"", ""분위기가 편안해요"", ""설명이 자세해요""]","{""name"": [""일우모빌리티""], ""category"": [""특산물,관광민예품""], ""address"": [""제주 제주시 중앙로13길 6"", ""제주 제주시 이도1동 1421-2""], ""phone"": [""064-723-5700""], ""visitor_keywords"": [""친절해요"", ""품질이 좋아요"", ""주차하기 편해요"", ""가성비가 좋아요"", ""종류가 다양해요"", ""특색 있는 제품이 많아요"", ""시설이 깔끔해요"", ""선물하기 좋아요"", ""분위기가 편안해요"", ""설명이 자세해요""]}",https://naver.me/GDLjRUJt,,,,"[{""keyword"": ""친절해요"", ""count"": ""42""}, {""keyword"": ""품질이 좋아요"", ""count"": ""26""}, {""keyword"": ""주차하기 편해요"", ""count"": ""20""}, {""keyword"": ""가성비가 좋아요"", ""count"": ""19""}, {""keyword"": ""종류가 다양해요"", ""count"": ""17""}, {""keyword"": ""특색 있는 제품이 많아요"", ""count"": ""9""}, {""keyword"": ""시설이 깔끔해요"", ""count"": ""6""}, {""keyword"": ""선물하기 좋아요"", ""count"": ""6""}, {""keyword"": ""분위기가 편안해요"", ""count"": ""6""}, {""keyword"": ""설명이 자세해요"", ""count"": ""5""}]","[{""title"": ""이런 점이 좋았어요"", ""body"": ""안내\n61회60명 참여\n\""친절해요\""\n이 키워드를 선택한 인원\n42\n\""품질이 좋아요\""\n이 키워드를 선택한 인원\n26\n\""주차하기 편해요\""\n이 키워드를 선택한 인원\n20\n\""가성비가 좋아요\""\n이 키워드를 선택한 인원\n19\n\""종류가 다양해요\""\n이 키워드를 선택한 인원\n17\n더보기""}, {""title"": ""사진·영상 리뷰"", ""body"": ""동영상\n더보기""}, {""title"": ""리뷰62"", ""body"": ""안내\n사진/영상 리뷰만\n최신순\n리뷰 제공 기준\n리뷰 클렌징 시스템 작동중입니다\n럄럄럄\n리뷰 790사진 46팔로워 7\n팔로우\n별점\n1\n점\n빨리 먹고 나와야 합니다\n가성비가 좋아요\n종류가 다양해요\n반응 남기기\n방문일\n9.6.일\n2026년 9월 6일 일요일\n1번째 방문\n인증 수단\n영수증\nsierrawhiskey\n리뷰 20사진 18\n팔로우\n별점\n0.5\n점\n어처구니 없는 엿같은 곳이네요. 시장앞 땅에다 주차장 만들어서 관광객들 등쳐먹는 거 같네. 11분 1500원. 무슨 호텔도 아니고 시장 앞 주차장이 1시간에 6000원이 넘어. 미쳤나?\n반응 남기기\n방문일\n9.10.목\n2026년 9월 10일 목요일\n1번째 방문\n인증 수단\n영수증\n상상옥상\n리뷰 18사진 26팔로워 1\n팔로우\n별점\n1\n점\n공영주차장 가는 길 도중에 친절하게 마이크와 수신호로 주차를 유도해서 들어갔더니, 사설주차장이네요,\n오해를 할듯합니다,\n들어갔다가 공영이 아닌듯하여 나오니 기본 1500원부과 바로되네요\n친절해요\n반응 남기기\n방문일\n9.7.월\n2026년 9월 7일 월요일\n1번째 방문\n인증 수단\n영수증\nsmk****\n리뷰 500사진 35팔로워 31\n팔로우\n별점\n3\n점\n굿\n특색 있는 제품이 많아요\n반응 남기기\n방문일\n8.31.월\n2026년 8월 31일 월요일\n1번째 방문\n인증 수단\n영수증\ncapi****\n리뷰 31사진 62\n팔로우\n별점\n4\n점\n동문시장 공영주차장이 너무 붐벼서 도보 2분 거리에 있는 이곳에 주차했는데요!\n\n밖에 주차요금도 따로 적혀 있지 않고, 뭔가 영업을 많이 하는 분위기라 처음에는\n‘어…? 이거 주차장 덤탱이 아니야?’ 싶었어요ㅋㅋㅋ\n\n주차장에서 동문시장으로 가는 길에도 내부에 소품샵이나 제주 특산품을 판매하는 곳들이 있었는데, 일정 금액 이상 구매하면 주차비를 할인해준다고 하면서 영업도 많이 하시더라고요. 그래서 점점 더 ‘진짜 덤탱이인가…?’ 하는 생각이 들었습니다ㅋㅋㅋ\n\n그런데 막상 주차 정산을 해보니 37분 주차에 2,000원이었어요!\n\n생각했던 것보다 괜찮은 가격이라 나름 만족했습니다ㅎㅎ\n더보기\n주차하기 편해요\n반응 남기기\n방문일\n8.25.화\n2026년 8월 25일 화요일\n1번째 방문\n인증 수단\n영수증\ntaesea\n리뷰 6사진 7\n팔로우\n별점\n0.5\n점\nX공영주차장아님X\n봉들고 안내 하길래 공영인줄 알았는데 바로 차빼도 1500원나옴;; 개비쌈\n반응 남기기\n방문일\n8.23.일\n2026년 8월 23일 일요일\n1번째 방문\n인증 수단\n영수증\ngoodsmiling\n리뷰 54사진 151팔로워 4\n팔로우\n별점\n5\n점\n비행기 시간이 남아 동문시장 근처를 둘러보다가 우연히 들렀어요.\n제주바솔트 건너편에 있어 같이 구경하기 좋았고\n제주 느낌 나는 소품들이 다양해서 구경하는 재미가 있네요.\n특히 해녀키티와 귤을 모티브로 한 소품들, 돌하르방 키링이나 키캡도 귀여운 제품이 많아 고르기 너무 힘들었어요.\n키티당고와 해녀키티를 구입했는데 만족합니다!!!\n더보기\n종류가 다양해요\n특색 있는 제품이 많아요\n예쁜 소품이 많아요\n아기자기해요\n트렌디해요\n반응 남기기\n방문일\n8.11.화\n2026년 8월 11일 화요일\n1번째 방문\n인증 수단\n영수증\nBOSn\n리뷰 1,240사진 479팔로워 27\n팔로우\n별점\n3\n점\n3\n반응 남기기\n방문일\n8.10.월\n2026년 8월 10일 월요일\n1번째 방문\n인증 수단\n영수증\nekgus400278\n리뷰 60사진 69\n팔로우\n별점\n0.5\n점\n동문시장 구경하려고 왔는데 기분나빠서 회만 빨리 싸고 나오네요.\n\n공영주차장으로 가려고 하는데 경광봉 들고 차들 민영 주차장으로 끌고 가더라고요.\n\n주차 요금도 엄청 비싸고 호객행위 기분나빠서 시장 구경 안 하고 바로 나왔네요.\n\n사업자 등록은 상가로 해서 영수증 리뷰해도 주차장 리뷰로 안 뜨고 상가 리뷰로 뜨네요.^^\n참 열심히 사시네요. 존경합니다~^^\n더보기\n반응 남기기\n방문일\n7.29.수\n2026년 7월 29일 수요일\n1번째 방문\n인증 수단\n영수증\n땅꼬마6572\n리뷰 41사진 57\n팔로우\n별점\n0.5\n점\n공영주차장 가는길에 \""시장주차장이에요 시장주차장 맞아요\"" 이러면서 야광봉으로 주차 유도 하시고 주차장에 주차비가 안써있어요\n찝찝해서 시장 가다말고 돌아와서 차 뺐는데 10분에 1500원이네요\n여행 첫날부터 사기당한거같고 기분 너무 나빠요\n표정을 눌러 반응을 남겨 보세요!\n반응 남기기\n2\n명\n방문일\n7.14.화\n2026년 7월 14일 화요일\n1번째 방문\n인증 수단\n영수증\n펼쳐서 더보기""}, {""title"": ""키워드·별점 리뷰7"", ""body"": ""khy****\n리뷰 921사진 332\n팔로우\n별점\n3.5\n점\n가성비가 좋아요\n반응 남기기\n방문일\n8.15.토\n2026년 8월 15일 토요일\n1번째 방문\n인증 수단\n영수증\n카제csy\n리뷰 1,455사진 7\n팔로우\n별점\n5\n점\n가성비가 좋아요\n품질이 좋아요\n특색 있는 제품이 많아요\n종류가 다양해요\n반응 남기기\n방문일\n6.20.토\n2026년 6월 20일 토요일\n1번째 방문\n인증 수단\n영수증\n날자꾸나\n리뷰 53사진 41\n팔로우\n별점\n5\n점\n친절해요\n주차하기 편해요\n가성비가 좋아요\n종류가 다양해요\n반응 남기기\n방문일\n5.2.토\n2026년 5월 2일 토요일\n1번째 방문\n인증 수단\n결제내역\nkp****\n리뷰 754사진 9\n팔로우\n별점\n5\n점\n가성비가 좋아요\n종류가 다양해요\n품질이 좋아요\n친절해요\n반응 남기기\n방문일\n4.10.금\n2026년 4월 10일 금요일\n1번째 방문\n인증 수단\n영수증\njeo****\n리뷰 1,272\n팔로우\n특색 있는 제품이 많아요\n반응 남기기\n방문일\n1.24.토\n2026년 1월 24일 토요일\n1번째 방문\n인증 수단\n영수증\n잼마64\n리뷰 23사진 18\n팔로우\n가성비가 좋아요\n품질이 좋아요\n친절해요\n주차하기 편해요\n반응 남기기\n방문일\n25.12.27.토\n2025년 12월 27일 토요일\n1번째 방문\n인증 수단\n영수증\nchinguya79\n리뷰 130사진 98테마 1\n팔로우\n품질이 좋아요\n반응 남기기\n방문일\n25.8.18.월\n2025년 8월 18일 월요일\n1번째 방문\n인증 수단\n영수증\n이용약관고객센터리뷰운영정책신고센터\n네이버""}]"
419,419,예뻐 예뻐 채희모,쇼핑,제주특별자치도 제주시 중앙로 81,,33.5110022,126.5243726,010-5610-2280,,https://naver.me/GwfKXPpI,,중앙로,success,1_naver_link,naver_link place_id=1529366606,0.0,naver_place,https://map.naver.com/p/entry/place/1529366606,https://map.naver.com/p/entry/place/1529366606,https://pcmap.place.naver.com/place/1529366606/home,1529366606,예뻐예뻐 채희모,가발,,,제주 제주시 중앙로 81 1층 예뻐예뻐채희모,제주 제주시 이도1동 1414-4,,,,33.5110021,126.5243726,,,,{},,예약|남/녀 화장실 구분|간편결제,"예뻐예뻐 채희모는 제주에서
정수리, 패션가발, 부분, 전체가발, 항암가발
상담을 진행하는 맞춤 가발 전문샵입니다.

가발을 처음 고민하시는 분들도
부담 없이 방문하실 수 있도록 1:1 상담으로 진행합니다.

두상과 모발 상태를 먼저 확인한 뒤,
정수리 범위와 밀도를 자연스럽게
보완하는 방향으로 안내합니다.

무조건 제품을 권하지 않고,
현재 상태에 맞는 방법을 함께 고민합니다.

일상에서 편안하게 착용할 수 있는
자연스러움을 더 중요하게 생각합니다.
착용 후 컷트와 드라이, 관리 방법까지 안내해드립니다.

제주에서 가발 상담을 고민 중이시라면
예뻐예뻐 채희모 편안하게 방문해보세요:)

- 위치 : 중앙로 현대약국 사거리, 제민신협 맞은편 버스정류장에 위치
- 주차 : 인근 골목 주차 가능
(주차 어려우실 경우 연락 주세요)
접기",,,,,,,가발|악세사리,예뻐예뻐 채희모|가발|제주 제주시 중앙로 81 1층 예뻐예뻐채희모|제주 제주시 이도1동 1414-4|악세사리|남/녀 화장실 구분|간편결제|친절해요|품질이 좋아요|종류가 다양해요|가성비가 좋아요|스타일 추천을 잘해줘요|A/S가 세심해요|분위기가 편안해요|독특한 디자인이 많아요|사이즈가 다양해요|매장이 넓어요,"[""예뻐예뻐 채희모"", ""가발"", ""제주 제주시 중앙로 81 1층 예뻐예뻐채희모"", ""제주 제주시 이도1동 1414-4"", ""악세사리"", ""남/녀 화장실 구분"", ""간편결제"", ""친절해요"", ""품질이 좋아요"", ""종류가 다양해요"", ""가성비가 좋아요"", ""스타일 추천을 잘해줘요"", ""A/S가 세심해요"", ""분위기가 편안해요"", ""독특한 디자인이 많아요"", ""사이즈가 다양해요"", ""매장이 넓어요""]","{""name"": [""예뻐예뻐 채희모""], ""category"": [""가발""], ""address"": [""제주 제주시 중앙로 81 1층 예뻐예뻐채희모"", ""제주 제주시 이도1동 1414-4""], ""menus"": [""가발"", ""악세사리""], ""conveniences"": [""남/녀 화장실 구분"", ""간편결제""], ""visitor_keywords"": [""친절해요"", ""품질이 좋아요"", ""종류가 다양해요"", ""가성비가 좋아요"", ""스타일 추천을 잘해줘요"", ""A/S가 세심해요"", ""분위기가 편안해요"", ""독특한 디자인이 많아요"", ""사이즈가 다양해요"", ""매장이 넓어요""]}",https://naver.me/GwfKXPpI,,,,"[{""keyword"": ""친절해요"", ""count"": ""20""}, {""keyword"": ""품질이 좋아요"", ""count"": ""14""}, {""keyword"": ""종류가 다양해요"", ""count"": ""12""}, {""keyword"": ""가성비가 좋아요"", ""count"": ""9""}, {""keyword"": ""스타일 추천을 잘해줘요"", ""count"": ""9""}, {""keyword"": ""A/S가 세심해요"", ""count"": ""8""}, {""keyword"": ""분위기가 편안해요"", ""count"": ""7""}, {""keyword"": ""독특한 디자인이 많아요"", ""count"": ""5""}, {""keyword"": ""사이즈가 다양해요"", ""count"": ""2""}, {""keyword"": ""매장이 넓어요"", ""count"": ""2""}]","[{""title"": ""소개"", ""body"": ""예뻐예뻐 채희모는 제주에서\n정수리, 패션가발, 부분, 전체가발, 항암가발\n상담을 진행하는 맞춤 가발 전문샵입니다.\n\n가발을 처음 고민하시는 분들도\n부담 없이 방문하실 수 있도록 1:1 상담으로 진행합니다.\n\n두상과 모발 상태를 먼저 확인한 뒤,\n정수리 범위와 밀도를 자연스럽게\n보완하는 방향으로 안내합니다.\n\n무조건 제품을 권하지 않고,\n현재 상태에 맞는 방법을 함께 고민합니다.\n\n일상에서 편안하게 착용할 수 있는\n자연스러움을 더 중요하게 생각합니다.\n착용 후 컷트와 드라이, 관리 방법까지 안내해드립니다.\n\n제주에서 가발 상담을 고민 중이시라면\n예뻐예뻐 채희모 편안하게 방문해보세요:)\n\n- 위치 : 중앙로 현대약국 사거리, 제민신협 맞은편 버스정류장에 위치\n- 주차 : 인근 골목 주차 가능\n(주차 어려우실 경우 연락 주세요)\n접기""}, {""title"": ""대표 키워드"", ""body"": ""인모가발맞춤가발항암가발증모가발가발""}, {""title"": ""편의시설 및 서비스"", ""body"": ""예약\n남/녀 화장실 구분\n화장실 휠체어 이용가능""}, {""title"": ""주차"", ""body"": ""주차 불가""}, {""title"": ""결제수단"", ""body"": ""지역화폐 (지류형)\n지역화폐 (카드형)\n지역화폐 (모바일형)\n제로페이\n간편결제""}, {""title"": ""SNS"", ""body"": ""블로그\nhttps://blog.naver.com/chaeheemo2280\n인스타그램\n인스타그램\n알고 계신 정보와 다른 정보가 있나요?\n사진으로 간단하게 제보해 주세요.\n정보 수정 제안하기\n이용약관고객센터리뷰운영정책신고센터\n네이버""}]"
420,420,천원분식,음식점,제주특별자치도 제주시 관덕로8길 22,,33.5112742,126.5231488,010-7251-2157,,https://naver.me/FfeoFYNn,,중앙로,success,1_naver_link,naver_link place_id=16735807,3.9,naver_place,https://map.naver.com/p/entry/place/16735807,https://map.naver.com/p/entry/place/16735807,https://pcmap.place.naver.com/place/16735807/home,16735807,천원분식,종합분식,,,제주 제주시 관덕로8길 22,제주 제주시 삼도이동 144-2,,064-753-3397,,33.5113081,126.5231367,,,,{},,포장,"완도산 김과 신동진쌀로 밥을 지어 김밥을 만들고 있습니다.
2025년 1월 1일부터는 재료비인상으로 인해 천원김밥은 판매하지 않습니다.
방문하실때 참고 부탁드립니다.
늘 따뜻하고 맛있는 음식으로 보답하겠습니다.",,,,,,,계란라면|만두라면|일반김밥|김치김밥|치즈김밥|참치김밥,천원분식|종합분식|제주 제주시 관덕로8길 22|제주 제주시 삼도이동 144-2|064-753-3397|계란라면|만두라면|일반김밥|김치김밥|치즈김밥|참치김밥|포장|가성비가 좋아요|음식이 맛있어요|혼밥하기 좋아요|재료가 신선해요|친절해요|음식이 빨리 나와요|건강한 맛이에요|특별한 메뉴가 있어요|아늑해요|양이 많아요,"[""천원분식"", ""종합분식"", ""제주 제주시 관덕로8길 22"", ""제주 제주시 삼도이동 144-2"", ""064-753-3397"", ""계란라면"", ""만두라면"", ""일반김밥"", ""김치김밥"", ""치즈김밥"", ""참치김밥"", ""포장"", ""가성비가 좋아요"", ""음식이 맛있어요"", ""혼밥하기 좋아요"", ""재료가 신선해요"", ""친절해요"", ""음식이 빨리 나와요"", ""건강한 맛이에요"", ""특별한 메뉴가 있어요"", ""아늑해요"", ""양이 많아요""]","{""name"": [""천원분식""], ""category"": [""종합분식""], ""address"": [""제주 제주시 관덕로8길 22"", ""제주 제주시 삼도이동 144-2""], ""phone"": [""064-753-3397""], ""menus"": [""계란라면"", ""만두라면"", ""일반김밥"", ""김치김밥"", ""치즈김밥"", ""참치김밥""], ""conveniences"": [""포장""], ""visitor_keywords"": [""가성비가 좋아요"", ""음식이 맛있어요"", ""혼밥하기 좋아요"", ""재료가 신선해요"", ""친절해요"", ""음식이 빨리 나와요"", ""건강한 맛이에요"", ""특별한 메뉴가 있어요"", ""아늑해요"", ""양이 많아요""]}",https://naver.me/FfeoFYNn,,,,"[{""keyword"": ""가성비가 좋아요"", ""count"": ""23""}, {""keyword"": ""음식이 맛있어요"", ""count"": ""14""}, {""keyword"": ""혼밥하기 좋아요"", ""count"": ""10""}, {""keyword"": ""재료가 신선해요"", ""count"": ""6""}, {""keyword"": ""친절해요"", ""count"": ""5""}, {""keyword"": ""음식이 빨리 나와요"", ""count"": ""3""}, {""keyword"": ""건강한 맛이에요"", ""count"": ""3""}, {""keyword"": ""특별한 메뉴가 있어요"", ""count"": ""2""}, {""keyword"": ""아늑해요"", ""count"": ""1""}, {""keyword"": ""양이 많아요"", ""count"": ""1""}]","[{""title"": ""소개"", ""body"": ""완도산 김과 신동진쌀로 밥을 지어 김밥을 만들고 있습니다.\n2025년 1월 1일부터는 재료비인상으로 인해 천원김밥은 판매하지 않습니다.\n방문하실때 참고 부탁드립니다.\n늘 따뜻하고 맛있는 음식으로 보답하겠습니다.""}, {""title"": ""편의시설 및 서비스"", ""body"": ""포장""}, {""title"": ""주차"", ""body"": ""주차 불가""}, {""title"": ""결제수단"", ""body"": ""지역화폐 (지류형)\n지역화폐 (카드형)\n지역화폐 (모바일형)\n제로페이\n알고 계신 정보와 다른 정보가 있나요?\n사진으로 간단하게 제보해 주세요.\n정보 수정 제안하기\n이용약관고객센터리뷰운영정책신고센터\n네이버""}]"
421,421,미풍해장국,음식점,제주특별자치도 제주시 중앙로14길 13,,33.511316,126.5228887,010-2690-7522,,https://naver.me/xZVpwGrB,,중앙로,success,1_naver_link,naver_link place_id=10977589,1.3,naver_place,https://map.naver.com/p/entry/place/10977589,https://map.naver.com/p/entry/place/10977589,https://pcmap.place.naver.com/place/10977589/home,10977589,미풍해장국 본점,해장국,,,제주 제주시 중앙로14길 13,제주 제주시 삼도이동 143-2,중앙로 아카데미 극장 맞은편.,064-758-7522,,33.5113277,126.5228861,05:00 - 15:00,영업 종료05:00에 영업 시작,,"{""매일"": {""open"": ""05:00 - 15:00""}}",영업 종료05:00에 영업 시작 | 5시 0분에 영업 시작 | 매일 | 05:00 - 15:00 | 접기,단체 이용 가능,"새벽부터 해장국을 찾는 사람들로 붐비는 곳입니다. 메뉴는 오직 해장국뿐! 고추로 맛을 내고, 배추를 넣고 끓여 얼큰하면서도 시원한 맛이 납니다. 밑반찬으로 나오는 물깍두기도 새콤달콤하면서 시원해 인기입니다. 공기밥은 무제한으로 리필이 가능하다네요.","다양한 리뷰를 종합해 주요 특징을 요약해 드립니다. |  | 미풍해장국 본점은 제주에서 유명한 해장국 전문점으로, 진한 국물과 푸짐한 재료가 인상적입니다. | kim ui jae | +2 | 특히 다진 마늘을 넣어 먹을 때 풍미가 더욱 살아나며, 함께 제공되는 물깍두기와 다진마늘, 쌈장 등의 밑반찬이 조화를 이룹니다. | 땅 | +2 | 현지인과 관광객 모두에게 사랑받는 맛집으로, 주차는 중앙성당 주차장을 이용할 수 있습니다. | 안즌미 | +2",,,,,,수육-소|해장국|수육-대,미풍해장국 본점|해장국|제주 제주시 중앙로14길 13|제주 제주시 삼도이동 143-2|064-758-7522|05:00 - 15:00|수육-소|수육-대|단체 이용 가능|음식이 맛있어요|양이 많아요|혼밥하기 좋아요|특별한 메뉴가 있어요|재료가 신선해요|가성비가 좋아요|친절해요|매장이 넓어요|주차하기 편해요|매장이 청결해요,"[""미풍해장국 본점"", ""해장국"", ""제주 제주시 중앙로14길 13"", ""제주 제주시 삼도이동 143-2"", ""064-758-7522"", ""05:00 - 15:00"", ""수육-소"", ""수육-대"", ""단체 이용 가능"", ""음식이 맛있어요"", ""양이 많아요"", ""혼밥하기 좋아요"", ""특별한 메뉴가 있어요"", ""재료가 신선해요"", ""가성비가 좋아요"", ""친절해요"", ""매장이 넓어요"", ""주차하기 편해요"", ""매장이 청결해요""]","{""name"": [""미풍해장국 본점""], ""category"": [""해장국""], ""address"": [""제주 제주시 중앙로14길 13"", ""제주 제주시 삼도이동 143-2""], ""phone"": [""064-758-7522""], ""hours"": [""05:00 - 15:00""], ""menus"": [""수육-소"", ""해장국"", ""수육-대""], ""conveniences"": [""단체 이용 가능""], ""visitor_keywords"": [""음식이 맛있어요"", ""양이 많아요"", ""혼밥하기 좋아요"", ""특별한 메뉴가 있어요"", ""재료가 신선해요"", ""가성비가 좋아요"", ""친절해요"", ""매장이 넓어요"", ""주차하기 편해요"", ""매장이 청결해요""]}",https://naver.me/xZVpwGrB,,,,"[{""keyword"": ""음식이 맛있어요"", ""count"": ""800""}, {""keyword"": ""양이 많아요"", ""count"": ""236""}, {""keyword"": ""혼밥하기 좋아요"", ""count"": ""188""}, {""keyword"": ""특별한 메뉴가 있어요"", ""count"": ""176""}, {""keyword"": ""재료가 신선해요"", ""count"": ""168""}, {""keyword"": ""가성비가 좋아요"", ""count"": ""162""}, {""keyword"": ""친절해요"", ""count"": ""149""}, {""keyword"": ""매장이 넓어요"", ""count"": ""59""}, {""keyword"": ""주차하기 편해요"", ""count"": ""56""}, {""keyword"": ""매장이 청결해요"", ""count"": ""20""}]","[{""title"": ""소개"", ""body"": ""새벽부터 해장국을 찾는 사람들로 붐비는 곳입니다. 메뉴는 오직 해장국뿐! 고추로 맛을 내고, 배추를 넣고 끓여 얼큰하면서도 시원한 맛이 납니다. 밑반찬으로 나오는 물깍두기도 새콤달콤하면서 시원해 인기입니다. 공기밥은 무제한으로 리필이 가능하다네요.""}, {""title"": ""편의시설 및 서비스"", ""body"": ""단체 이용 가능\n알고 계신 정보와 다른 정보가 있나요?\n사진으로 간단하게 제보해 주세요.\n정보 수정 제안하기\n이용약관고객센터리뷰운영정책신고센터\n네이버""}]"
422,422,미풍정식당,음식점,제주특별자치도 제주시 중앙로14길 11,,33.5113013,126.5230367,010-9840-4061,,https://naver.me/5k7wftdm,,중앙로,success,1_naver_link,naver_link place_id=31222392,4.3,naver_place,https://map.naver.com/p/entry/place/31222392,https://map.naver.com/p/entry/place/31222392,https://pcmap.place.naver.com/place/31222392/home,31222392,미풍정식당,한식,,집밥처럼 정갈한 한 상 차림,제주 제주시 중앙로14길 11 1층,제주 제주시 삼도이동 143-5,제주시 중앙로 중앙성당 앞,0507-1318-4061,,33.5113289,126.5230041,월 09:00 - 21:00,영업 중20:20에 라스트오더,영업 중20:20에 라스트오더 | 20시 20분에 라스트오더 | 20:20 라스트오더,"{""목"": {""open"": ""09:00 - 21:00""}, ""금"": {""open"": ""09:00 - 21:00""}, ""토"": {""open"": ""09:00 - 21:00""}, ""일"": {""open"": ""09:00 - 21:00""}, ""월"": {""open"": ""09:00 - 21:00""}, ""화"": {""open"": ""09:00 - 21:00""}, ""수"": {""open"": ""09:00 - 21:00""}}",영업 중20:20에 라스트오더 | 20시 20분에 라스트오더 | 목 | 09:00 - 21:00 | 15:00 - 17:00 브레이크타임 | 20:20 라스트오더 | 금 | 09:00 - 21:00 | 15:00 - 17:00 브레이크타임 | 20:20 라스트오더 | 토 | 09:00 - 21:00 | 15:00 - 17:00 브레이크타임 | 20:20 라스트오더 | 일 | 09:00 - 21:00 | 15:00 - 17:00 브레이크타임 | 20:20 라스트오더 | 월 | 09:00 - 21:00 | 15:00 - 17:00 브레이크타임 | 20:20 라스트오더 | 화 | 09:00 - 21:00 | 15:00 - 17:00 브레이크타임 | 20:20 라스트오더 | 수 | 09:00 - 21:00 | 15:00 - 17:00 브레이크타임 | 20:20 라스트오더 | 매달 1번째 월요일 정기 휴무 | 접기,단체 이용 가능|무선 인터넷|남/녀 화장실 구분|예약|간편결제,"제주에서 32년을 지켜온 한식당 미풍정.
공항에서 10분 거리, 중앙로 중앙성당 앞에 있어 찾아오기 편리합니다.
옥돔구이정식, 고등어구이정식, 갈치조림, 묵은지고등어조림까지
든든한 정식과 손수 만든 제철 반찬이 어우러져 집밥처럼 따뜻한 한 끼를 드실 수 있습니다.
제주 현지인도 찾는 정식 조림 맛집에서 소중한 식사시간을 즐겨보세요.","사용자 리뷰를 요약하면 다음과 같습니다. |  | 미풍정식당은 집밥 같은 정겨운 한식을 맛볼 수 있는 곳으로, 둘이 방문하면 갈치조림 등 다양한 메뉴를 함께 즐기기 좋습니다. | 촨 | +1 | 국은 시원하고 담백하며, 갓 지은 밥은 찰기가 있어 만족스러운 한 끼를 제공합니다. | Syoonpapa | 반찬도 군내 없이 간이 적당해 누구나 편안하게 식사할 수 있습니다. | 역삼동꾸러기 | +1",,,,,,닭볶음탕 대|닭볶음탕 중|갈치조림 대|갈치조림 중|고등어구이,미풍정식당|한식|제주 제주시 중앙로14길 11 1층|제주 제주시 삼도이동 143-5|0507-1318-4061|월 09:00 - 21:00|닭볶음탕 대|닭볶음탕 중|갈치조림 대|갈치조림 중|고등어구이|집밥처럼 정갈한 한 상 차림|단체 이용 가능|무선 인터넷|남/녀 화장실 구분|간편결제|음식이 맛있어요|친절해요|가성비가 좋아요|재료가 신선해요|양이 많아요|특별한 메뉴가 있어요|혼밥하기 좋아요|매장이 넓어요|단체모임 하기 좋아요|주차하기 편해요,"[""미풍정식당"", ""한식"", ""제주 제주시 중앙로14길 11 1층"", ""제주 제주시 삼도이동 143-5"", ""0507-1318-4061"", ""월 09:00 - 21:00"", ""닭볶음탕 대"", ""닭볶음탕 중"", ""갈치조림 대"", ""갈치조림 중"", ""고등어구이"", ""집밥처럼 정갈한 한 상 차림"", ""단체 이용 가능"", ""무선 인터넷"", ""남/녀 화장실 구분"", ""간편결제"", ""음식이 맛있어요"", ""친절해요"", ""가성비가 좋아요"", ""재료가 신선해요"", ""양이 많아요"", ""특별한 메뉴가 있어요"", ""혼밥하기 좋아요"", ""매장이 넓어요"", ""단체모임 하기 좋아요"", ""주차하기 편해요""]","{""name"": [""미풍정식당""], ""category"": [""한식""], ""address"": [""제주 제주시 중앙로14길 11 1층"", ""제주 제주시 삼도이동 143-5""], ""phone"": [""0507-1318-4061""], ""hours"": [""월 09:00 - 21:00""], ""menus"": [""닭볶음탕 대"", ""닭볶음탕 중"", ""갈치조림 대"", ""갈치조림 중"", ""고등어구이""], ""slogan"": [""집밥처럼 정갈한 한 상 차림""], ""conveniences"": [""단체 이용 가능"", ""무선 인터넷"", ""남/녀 화장실 구분"", ""간편결제""], ""visitor_keywords"": [""음식이 맛있어요"", ""친절해요"", ""가성비가 좋아요"", ""재료가 신선해요"", ""양이 많아요"", ""특별한 메뉴가 있어요"", ""혼밥하기 좋아요"", ""매장이 넓어요"", ""단체모임 하기 좋아요"", ""주차하기 편해요""]}",https://naver.me/5k7wftdm,,,,"[{""keyword"": ""음식이 맛있어요"", ""count"": ""88""}, {""keyword"": ""친절해요"", ""count"": ""41""}, {""keyword"": ""가성비가 좋아요"", ""count"": ""40""}, {""keyword"": ""재료가 신선해요"", ""count"": ""28""}, {""keyword"": ""양이 많아요"", ""count"": ""24""}, {""keyword"": ""특별한 메뉴가 있어요"", ""count"": ""18""}, {""keyword"": ""혼밥하기 좋아요"", ""count"": ""16""}, {""keyword"": ""매장이 넓어요"", ""count"": ""15""}, {""keyword"": ""단체모임 하기 좋아요"", ""count"": ""6""}, {""keyword"": ""주차하기 편해요"", ""count"": ""5""}]","[{""title"": ""소개"", ""body"": ""제주에서 32년을 지켜온 한식당 미풍정.\n공항에서 10분 거리, 중앙로 중앙성당 앞에 있어 찾아오기 편리합니다.\n옥돔구이정식, 고등어구이정식, 갈치조림, 묵은지고등어조림까지\n든든한 정식과 손수 만든 제철 반찬이 어우러져 집밥처럼 따뜻한 한 끼를 드실 수 있습니다.\n제주 현지인도 찾는 정식 조림 맛집에서 소중한 식사시간을 즐겨보세요.""}, {""title"": ""인증 정보"", ""body"": ""식약처 지정 식품안심업소\n\n유효기간: 2025.11.12~2028.11.11\n2025년 11월 12일~2028년 11월 11일""}, {""title"": ""편의시설 및 서비스"", ""body"": ""단체 이용 가능\n무선 인터넷\n남/녀 화장실 구분\n예약""}, {""title"": ""반려동물 동반"", ""body"": ""반려동물 동반 불가""}, {""title"": ""주차"", ""body"": ""주차 불가\n가게 인근 공영 주차장 이용 부탁드립니다.""}, {""title"": ""결제수단"", ""body"": ""지역화폐 (지류형)\n지역화폐 (카드형)\n지역화폐 (모바일형)\n제로페이\n간편결제\n알고 계신 정보와 다른 정보가 있나요?\n사진으로 간단하게 제보해 주세요.\n정보 수정 제안하기\n이용약관고객센터리뷰운영정책신고센터\n네이버""}]"
423,423,중앙안과,기타,제주특별자치도 제주시 중앙로15길 2,,33.51053,126.5242815,010-9113-7680,,https://naver.me/GhSaCrob,,중앙로,success,1_naver_link,naver_link place_id=19519187,3.1,naver_place,https://map.naver.com/p/entry/place/19519187,https://map.naver.com/p/entry/place/19519187,https://pcmap.place.naver.com/place/19519187/home,19519187,제주중앙안과의원,안과,,,제주 제주시 중앙로15길 2,제주 제주시 이도1동 1452-1,,064-757-4123,http://www.jejueye.com,33.5105463,126.5243091,월 09:00 - 18:00,진료 종료09:00에 진료 시작,,"{""목"": {""open"": ""09:00 - 18:00""}, ""금"": {""open"": ""09:00 - 18:00""}, ""토"": {""open"": ""09:00 - 12:00""}, ""일"": {""open"": ""정기휴무 (매주 일요일)""}, ""월"": {""open"": ""09:00 - 18:00""}, ""화"": {""open"": ""09:00 - 18:00""}, ""수"": {""open"": ""09:00 - 18:00""}}",진료 종료09:00에 진료 시작 | 9시 0분에 진료 시작 | 목 | 09:00 - 18:00 | 12:30 - 14:00 휴게시간 | 17:30 접수마감 | 금 | 09:00 - 18:00 | 12:30 - 14:00 휴게시간 | 17:30 접수마감 | 토 | 09:00 - 12:00 | 11:30 접수마감 | 일 | 정기휴무 (매주 일요일) | 월 | 09:00 - 18:00 | 12:30 - 14:00 휴게시간 | 17:30 접수마감 | 화 | 09:00 - 18:00 | 12:30 - 14:00 휴게시간 | 17:30 접수마감 | 수 | 09:00 - 18:00 | 12:30 - 14:00 휴게시간 | 17:30 접수마감 | 09/24-09/26 추석 연휴 휴무 | 접기,,"진료과목별 전문의 정보
진료과목명 및 전문의 인원
진료과목명	전문의 수
안과	1
진료과목
안과
특수진료장비
특수진료장비 및 인원
특수진료장비	장비 수
초음파영상진단기	1
위 진료정보의 저작권은 건강보험심사평가원 에 있으며, 저작권법의 보호를 받습니다.
건강보험심사평가원 병원정보 더보기
알고 계신 정보와 다른 정보가 있나요?
사진으로 간단하게 제보해 주세요.
정보 수정 제안하기
이용약관고객센터리뷰운영정책신고센터
네이버",,,,,,,,제주중앙안과의원|안과|제주 제주시 중앙로15길 2|제주 제주시 이도1동 1452-1|064-757-4123|월 09:00 - 18:00|오늘일기|매일매일|2026년|2월|인공눈물|하메론점안액|알레르기약...,"[""제주중앙안과의원"", ""안과"", ""제주 제주시 중앙로15길 2"", ""제주 제주시 이도1동 1452-1"", ""064-757-4123"", ""월 09:00 - 18:00"", ""오늘일기"", ""매일매일"", ""2026년"", ""2월"", ""인공눈물"", ""하메론점안액"", ""알레르기약...""]","{""name"": [""제주중앙안과의원""], ""category"": [""안과""], ""address"": [""제주 제주시 중앙로15길 2"", ""제주 제주시 이도1동 1452-1""], ""phone"": [""064-757-4123""], ""hours"": [""월 09:00 - 18:00""], ""hashtags"": [""오늘일기"", ""매일매일"", ""2026년"", ""2월"", ""제주중앙안과의원"", ""인공눈물"", ""하메론점안액"", ""알레르기약...""], ""body_hashtags"": [""오늘일기"", ""매일매일"", ""2026년"", ""2월"", ""제주중앙안과의원"", ""인공눈물"", ""하메론점안액"", ""알레르기약...""]}",https://naver.me/GhSaCrob,,,,,"[{""title"": ""진료정보"", ""body"": ""진료과목별 전문의 정보\n진료과목명 및 전문의 인원\n진료과목명\t전문의 수\n안과\t1\n진료과목\n안과\n특수진료장비\n특수진료장비 및 인원\n특수진료장비\t장비 수\n초음파영상진단기\t1\n위 진료정보의 저작권은 건강보험심사평가원 에 있으며, 저작권법의 보호를 받습니다.\n건강보험심사평가원 병원정보 더보기\n알고 계신 정보와 다른 정보가 있나요?\n사진으로 간단하게 제보해 주세요.\n정보 수정 제안하기\n이용약관고객센터리뷰운영정책신고센터\n네이버""}]"
424,424,호반식당,음식점,제주특별자치도 제주시 관덕로8길 26,,33.5109329,126.5230811,010-3090-3323,,https://naver.me/GeUi9xjh,,중앙로,success,1_naver_link,naver_link place_id=20496120,2.5,naver_place,https://map.naver.com/p/entry/place/20496120,https://map.naver.com/p/entry/place/20496120,https://pcmap.place.naver.com/place/20496120/home,20496120,호반식당,한식,,,제주 제주시 관덕로8길 26,제주 제주시 삼도이동 149-4,,064-758-3323,,33.5109191,126.5231018,10:00 - 22:00,영업 중22:00에 영업 종료,,"{""매일"": {""open"": ""10:00 - 22:00""}}",영업 중22:00에 영업 종료 | 22시 0분에 영업 종료 | 매일 | 10:00 - 22:00 | 접기,,,,,,,,,오리주물럭 한마리|오리주물럭 반마리|동태전골 소/1인분|동태전골 중/2인분|동태전골 대/3인분,호반식당|한식|제주 제주시 관덕로8길 26|제주 제주시 삼도이동 149-4|064-758-3323|10:00 - 22:00|오리주물럭 한마리|오리주물럭 반마리|동태전골 소/1인분|동태전골 중/2인분|동태전골 대/3인분|음식이 맛있어요|가성비가 좋아요|재료가 신선해요|친절해요|혼밥하기 좋아요|양이 많아요|매장이 넓어요|특별한 메뉴가 있어요|매장이 청결해요,"[""호반식당"", ""한식"", ""제주 제주시 관덕로8길 26"", ""제주 제주시 삼도이동 149-4"", ""064-758-3323"", ""10:00 - 22:00"", ""오리주물럭 한마리"", ""오리주물럭 반마리"", ""동태전골 소/1인분"", ""동태전골 중/2인분"", ""동태전골 대/3인분"", ""음식이 맛있어요"", ""가성비가 좋아요"", ""재료가 신선해요"", ""친절해요"", ""혼밥하기 좋아요"", ""양이 많아요"", ""매장이 넓어요"", ""특별한 메뉴가 있어요"", ""매장이 청결해요""]","{""name"": [""호반식당""], ""category"": [""한식""], ""address"": [""제주 제주시 관덕로8길 26"", ""제주 제주시 삼도이동 149-4""], ""phone"": [""064-758-3323""], ""hours"": [""10:00 - 22:00""], ""menus"": [""오리주물럭 한마리"", ""오리주물럭 반마리"", ""동태전골 소/1인분"", ""동태전골 중/2인분"", ""동태전골 대/3인분""], ""visitor_keywords"": [""음식이 맛있어요"", ""가성비가 좋아요"", ""재료가 신선해요"", ""친절해요"", ""혼밥하기 좋아요"", ""양이 많아요"", ""매장이 넓어요"", ""특별한 메뉴가 있어요"", ""매장이 청결해요""]}",https://naver.me/GeUi9xjh,,,,"[{""keyword"": ""음식이 맛있어요"", ""count"": ""9""}, {""keyword"": ""가성비가 좋아요"", ""count"": ""6""}, {""keyword"": ""재료가 신선해요"", ""count"": ""5""}, {""keyword"": ""친절해요"", ""count"": ""5""}, {""keyword"": ""혼밥하기 좋아요"", ""count"": ""4""}, {""keyword"": ""양이 많아요"", ""count"": ""4""}, {""keyword"": ""매장이 넓어요"", ""count"": ""1""}, {""keyword"": ""특별한 메뉴가 있어요"", ""count"": ""1""}, {""keyword"": ""매장이 청결해요"", ""count"": ""1""}]","[{""title"": ""결제수단"", ""body"": ""제로페이\n알고 계신 정보와 다른 정보가 있나요?\n사진으로 간단하게 제보해 주세요.\n정보 수정 제안하기\n이용약관고객센터리뷰운영정책신고센터\n네이버""}]"
425,425,마코,쇼핑,제주특별자치도 제주시 중앙로11길 1,,33.5125648,126.5250668,010-9461-0720,,https://naver.me/5YoGYC15,,중앙로,success,1_naver_link,naver_link place_id=1127543634,24.2,naver_place,https://map.naver.com/p/entry/place/1127543634,https://map.naver.com/p/entry/place/1127543634,https://pcmap.place.naver.com/place/1127543634/home,1127543634,마코 구제주점,캐주얼웨어,,,제주 제주시 중앙로11길 1,제주 제주시 이도일동 1362-1,,,,33.512719,126.5252508,영업 중,영업 중,,{},영업 중,,"안내
사진/영상 리뷰만
최신순
리뷰 제공 기준
리뷰 클렌징 시스템 작동중입니다
ka7****
리뷰 1,561사진 175
팔로우
첫방문 골프웨어 활용도 높을듯
품질이 좋아요
가성비가 좋아요
친절해요
반응 남기기
방문일
23.10.7.토
2023년 10월 7일 토요일
1번째 방문
인증 수단
영수증
쇼핑가
리뷰 282사진 18
팔로우
만족합니다

반응 남기기
방문일
24.2.12.월
2024년 2월 12일 월요일
1번째 방문
인증 수단
영수증
아트퍼플
리뷰 1,404사진 5,662팔로워 102
팔로우
품질도 중 가격도 중
보통입니다

반응 남기기
방문일
23.8.8.화
2023년 8월 8일 화요일
1번째 방문
인증 수단
결제내역",,,,,,,,마코 구제주점|캐주얼웨어|제주 제주시 중앙로11길 1|제주 제주시 이도일동 1362-1|영업 중|안내|방문 키워드 통계 그래프 예시입니다.|현재 4명 참여|10명 이상 참여하면|방문 키워드 통계가 공개됩니다!|최신순|ka7****|팔로우|첫방문 골프웨어 활용도 높을듯|품질이 좋아요|가성비가 좋아요|친절해요|반응 남기기|방문일|23.10.7.토|2023년 10월 7일 토요일|1번째 방문|인증 수단|영수증,"[""마코 구제주점"", ""캐주얼웨어"", ""제주 제주시 중앙로11길 1"", ""제주 제주시 이도일동 1362-1"", ""영업 중"", ""안내"", ""방문 키워드 통계 그래프 예시입니다."", ""현재 4명 참여"", ""10명 이상 참여하면"", ""방문 키워드 통계가 공개됩니다!"", ""최신순"", ""ka7****"", ""팔로우"", ""첫방문 골프웨어 활용도 높을듯"", ""품질이 좋아요"", ""가성비가 좋아요"", ""친절해요"", ""반응 남기기"", ""방문일"", ""23.10.7.토"", ""2023년 10월 7일 토요일"", ""1번째 방문"", ""인증 수단"", ""영수증""]","{""name"": [""마코 구제주점""], ""category"": [""캐주얼웨어""], ""address"": [""제주 제주시 중앙로11길 1"", ""제주 제주시 이도일동 1362-1""], ""hours"": [""영업 중""], ""visitor_keywords"": [""안내"", ""방문 키워드 통계 그래프 예시입니다."", ""현재 4명 참여"", ""10명 이상 참여하면"", ""방문 키워드 통계가 공개됩니다!"", ""최신순"", ""ka7****"", ""팔로우"", ""첫방문 골프웨어 활용도 높을듯"", ""품질이 좋아요"", ""가성비가 좋아요"", ""친절해요"", ""반응 남기기"", ""방문일"", ""23.10.7.토"", ""2023년 10월 7일 토요일"", ""1번째 방문"", ""인증 수단"", ""영수증""]}",https://naver.me/5YoGYC15,,,,"[""안내"", ""방문 키워드 통계 그래프 예시입니다."", ""현재 4명 참여"", ""10명 이상 참여하면"", ""방문 키워드 통계가 공개됩니다!"", ""최신순"", ""ka7****"", ""팔로우"", ""첫방문 골프웨어 활용도 높을듯"", ""품질이 좋아요"", ""가성비가 좋아요"", ""친절해요"", ""반응 남기기"", ""방문일"", ""23.10.7.토"", ""2023년 10월 7일 토요일"", ""1번째 방문"", ""인증 수단"", ""영수증""]","[{""title"": ""이런 점이 좋았어요"", ""body"": ""안내\n방문 키워드 통계 그래프 예시입니다.\n현재 4명 참여\n10명 이상 참여하면\n방문 키워드 통계가 공개됩니다!""}, {""title"": ""리뷰3"", ""body"": ""안내\n사진/영상 리뷰만\n최신순\n리뷰 제공 기준\n리뷰 클렌징 시스템 작동중입니다\nka7****\n리뷰 1,561사진 175\n팔로우\n첫방문 골프웨어 활용도 높을듯\n품질이 좋아요\n가성비가 좋아요\n친절해요\n반응 남기기\n방문일\n23.10.7.토\n2023년 10월 7일 토요일\n1번째 방문\n인증 수단\n영수증\n쇼핑가\n리뷰 282사진 18\n팔로우\n만족합니다\n\n반응 남기기\n방문일\n24.2.12.월\n2024년 2월 12일 월요일\n1번째 방문\n인증 수단\n영수증\n아트퍼플\n리뷰 1,404사진 5,662팔로워 102\n팔로우\n품질도 중 가격도 중\n보통입니다\n\n반응 남기기\n방문일\n23.8.8.화\n2023년 8월 8일 화요일\n1번째 방문\n인증 수단\n결제내역""}, {""title"": ""키워드·별점 리뷰3"", ""body"": ""pinkroad\n리뷰 703사진 1\n팔로우\n품질이 좋아요\n반응 남기기\n방문일\n24.7.12.금\n2024년 7월 12일 금요일\n1번째 방문\n인증 수단\n영수증\n프린세스5875\n리뷰 378사진 15팔로워 4\n팔로우\n품질이 좋아요\n친절해요\n매장이 넓어요\n스타일 추천을 잘해줘요\n반응 남기기\n방문일\n24.2.6.화\n2024년 2월 6일 화요일\n1번째 방문\n인증 수단\n결제내역\nsmk****\n리뷰 820사진 4\n팔로우\n품질이 좋아요\n반응 남기기\n방문일\n23.10.14.토\n2023년 10월 14일 토요일\n1번째 방문\n인증 수단\n영수증\n이용약관고객센터리뷰운영정책신고센터\n네이버""}]"
426,426,먼슬리제주,음식점,제주특별자치도 제주시 관덕로 40,,33.5130179,126.5235441,010-8355-2610,,https://naver.me/Ge75XvZP,,중앙로,success,1_naver_link,naver_link place_id=2084473017,1.7,naver_place,https://map.naver.com/p/entry/place/2084473017,https://map.naver.com/p/entry/place/2084473017,https://pcmap.place.naver.com/place/2084473017/home,2084473017,먼슬리제주,바(BAR),,단골이 보장하는 제주 최고의 바,제주 제주시 관덕로 40 1층,제주 제주시 일도1동 1437-1,매장 앞에 공영주차장 있습니다. | 동문시장 인근 7분이내 입니다. | 외부음식 가능하니 동문시장에서 음식 포장해서 놀러오세요!,0507-1325-2610,https://www.instagram.com/monthly_jeju_,33.5130133,126.5235267,월 12:00 - 다음 날 03:00,영업 중다음 날 03:00에 영업 종료,,"{""목"": {""open"": ""12:00 - 다음 날 03:00""}, ""금"": {""open"": ""12:00 - 다음 날 04:00""}, ""토"": {""open"": ""15:00 - 다음 날 04:00""}, ""일"": {""open"": ""15:00 - 다음 날 04:00""}, ""월"": {""open"": ""12:00 - 다음 날 03:00""}, ""화"": {""open"": ""12:00 - 다음 날 03:00""}, ""수"": {""open"": ""12:00 - 다음 날 03:00""}}",영업 중다음 날 03:00에 영업 종료 | 다음 날 3시 0분에 영업 종료 | 목 | 12:00 - 다음 날 03:00 | 금 | 12:00 - 다음 날 04:00 | 토 | 15:00 - 다음 날 04:00 | 일 | 15:00 - 다음 날 04:00 | 월 | 12:00 - 다음 날 03:00 | 화 | 12:00 - 다음 날 03:00 | 수 | 12:00 - 다음 날 03:00 | 접기,단체 이용 가능|포장|예약|간편결제|주차,"제주 원도심 동문시장 앞, 커피가 있고 혼술이 편한 칵테일, 위스키 BAR 먼슬리 제주입니다. 혼자 와도 OK! 친구끼리 와도 OK! 커플이 와도 OK! 단체 환영!

매달 새로운 테마의 시그니처 칵테일과 위스키, 하이볼이 기다립니다.

누구나 신나게 어우러지는 공간. 제주에서의 특별한 시간을 먼슬리제주에서 가장 즐겁게 채워보세요!

낮에는 각성, 밤에는 이완 제주에서의 하루를 여기서 마무리해 보세요.","사용자들의 리뷰를 바탕으로 요약했습니다. |  | 먼슬리제주는 제주에서 혼자서도 편안하게 즐길 수 있는 혼술바입니다. | Gray | +2 | 사장님의 친절한 응대와 감각적인 인테리어가 돋보이며, 제주 토마토 하이볼과 같은 독특한 칵테일 메뉴가 인기입니다. | 혜픽 HYEPICK | +1 | 기본 안주로 제공되는 과자와 초콜릿도 별미이며, 조용한 분위기에서 혼자만의 시간을 보내기에 적합합니다. | 킴살롱 세영 | +2",,,,,,아메리카노|카페라떼|칵테일|외부음식가능|메뉴판 이미지를 참고해주세요,먼슬리제주|바(BAR)|제주 제주시 관덕로 40 1층|제주 제주시 일도1동 1437-1|0507-1325-2610|월 12:00 - 다음 날 03:00|아메리카노|카페라떼|칵테일|외부음식가능|메뉴판 이미지를 참고해주세요|단골이 보장하는 제주 최고의 바|단체 이용 가능|포장|간편결제|주차|인테리어가 멋져요|술이 다양해요|혼술하기 좋아요|음악이 좋아요|대화하기 좋아요|친절해요|음식이 맛있어요|특별한 메뉴가 있어요|기본 안주가 좋아요|음료가 맛있어요,"[""먼슬리제주"", ""바(BAR)"", ""제주 제주시 관덕로 40 1층"", ""제주 제주시 일도1동 1437-1"", ""0507-1325-2610"", ""월 12:00 - 다음 날 03:00"", ""아메리카노"", ""카페라떼"", ""칵테일"", ""외부음식가능"", ""메뉴판 이미지를 참고해주세요"", ""단골이 보장하는 제주 최고의 바"", ""단체 이용 가능"", ""포장"", ""간편결제"", ""주차"", ""인테리어가 멋져요"", ""술이 다양해요"", ""혼술하기 좋아요"", ""음악이 좋아요"", ""대화하기 좋아요"", ""친절해요"", ""음식이 맛있어요"", ""특별한 메뉴가 있어요"", ""기본 안주가 좋아요"", ""음료가 맛있어요""]","{""name"": [""먼슬리제주""], ""category"": [""바(BAR)""], ""address"": [""제주 제주시 관덕로 40 1층"", ""제주 제주시 일도1동 1437-1""], ""phone"": [""0507-1325-2610""], ""hours"": [""월 12:00 - 다음 날 03:00""], ""menus"": [""아메리카노"", ""카페라떼"", ""칵테일"", ""외부음식가능"", ""메뉴판 이미지를 참고해주세요""], ""slogan"": [""단골이 보장하는 제주 최고의 바""], ""conveniences"": [""단체 이용 가능"", ""포장"", ""간편결제"", ""주차""], ""visitor_keywords"": [""인테리어가 멋져요"", ""술이 다양해요"", ""혼술하기 좋아요"", ""음악이 좋아요"", ""대화하기 좋아요"", ""친절해요"", ""음식이 맛있어요"", ""특별한 메뉴가 있어요"", ""기본 안주가 좋아요"", ""음료가 맛있어요""]}",https://naver.me/Ge75XvZP,,,,"[{""keyword"": ""인테리어가 멋져요"", ""count"": ""92""}, {""keyword"": ""술이 다양해요"", ""count"": ""83""}, {""keyword"": ""혼술하기 좋아요"", ""count"": ""79""}, {""keyword"": ""음악이 좋아요"", ""count"": ""73""}, {""keyword"": ""대화하기 좋아요"", ""count"": ""73""}, {""keyword"": ""친절해요"", ""count"": ""65""}, {""keyword"": ""음식이 맛있어요"", ""count"": ""37""}, {""keyword"": ""특별한 메뉴가 있어요"", ""count"": ""26""}, {""keyword"": ""기본 안주가 좋아요"", ""count"": ""19""}, {""keyword"": ""음료가 맛있어요"", ""count"": ""17""}]","[{""title"": ""소개"", ""body"": ""제주 원도심 동문시장 앞, 커피가 있고 혼술이 편한 칵테일, 위스키 BAR 먼슬리 제주입니다. 혼자 와도 OK! 친구끼리 와도 OK! 커플이 와도 OK! 단체 환영!\n\n매달 새로운 테마의 시그니처 칵테일과 위스키, 하이볼이 기다립니다.\n\n누구나 신나게 어우러지는 공간. 제주에서의 특별한 시간을 먼슬리제주에서 가장 즐겁게 채워보세요!\n\n낮에는 각성, 밤에는 이완 제주에서의 하루를 여기서 마무리해 보세요.""}, {""title"": ""편의시설 및 서비스"", ""body"": ""테이크아웃 할인\n단체 이용 가능\n포장\n예약""}, {""title"": ""주류 및 콜키지"", ""body"": ""콜키지 가능\n콜키지 유료""}, {""title"": ""주차"", ""body"": ""주차가능\n유료\n최초 30분 무료\n추가 요금 60분당 1,000원, 최대 10,000원\n테이크아웃 10% 할인 매장 앞에 공영주차장 있습니다. 19:30분부터 무료입니다-!""}, {""title"": ""좌석·공간"", ""body"": ""바테이블\n1인석\n카운터석\n입식\n연인석""}, {""title"": ""결제수단"", ""body"": ""지역화폐 (카드형)\n지역화폐 (지류형)\n지역화폐 (모바일형)\n제로페이\n간편결제""}, {""title"": ""SNS"", ""body"": ""인스타그램\nhttps://www.instagram.com/monthly_jeju_\n알고 계신 정보와 다른 정보가 있나요?\n사진으로 간단하게 제보해 주세요.\n정보 수정 제안하기\n이용약관고객센터리뷰운영정책신고센터\n네이버""}]"
427,427,제주전야,음식점,제주특별자치도 제주시 중앙로12길 10,,33.5121024,126.523636,010-7440-3509,,,,중앙로,success,2_address_match,주소일치(exact_or_contains) query=제주전야,5.1,naver_place,https://map.naver.com/p/entry/place/2021485563,https://map.naver.com/p/entry/place/2021485563,https://pcmap.place.naver.com/place/2021485563/home,2021485563,제주전야,"전,빈대떡",,,제주 제주시 중앙로12길 10 1층,제주 제주시 이도1동 1384-1,제주 중앙성당 맞은편,,,33.5121197,126.5235851,월 16:00 - 23:50,영업 중22:50에 라스트오더,영업 중22:50에 라스트오더 | 22시 50분에 라스트오더 | 22:50 라스트오더,"{""목"": {""open"": ""16:00 - 23:50""}, ""금"": {""open"": ""16:00 - 23:50""}, ""토"": {""open"": ""16:00 - 23:50""}, ""일"": {""open"": ""정기휴무 (매주 일요일)""}, ""월"": {""open"": ""16:00 - 23:50""}, ""화"": {""open"": ""16:00 - 23:50""}, ""수"": {""open"": ""16:00 - 23:50""}}",영업 중22:50에 라스트오더 | 22시 50분에 라스트오더 | 목 | 16:00 - 23:50 | 22:50 라스트오더 | 금 | 16:00 - 23:50 | 22:50 라스트오더 | 토 | 16:00 - 23:50 | 22:50 라스트오더 | 일 | 정기휴무 (매주 일요일) | 월 | 16:00 - 23:50 | 22:50 라스트오더 | 화 | 16:00 - 23:50 | 22:50 라스트오더 | 수 | 16:00 - 23:50 | 22:50 라스트오더 | 09/24-09/26 추석 연휴 휴무 | 접기,,"녹두전, 해물파전, 감자전, 모듬전 등 다양한 전류와 낚지볶음, 제육볶음등 푸짐한 볶음과 무침 등을 전문으로 하는 주전부리 전문점 입니다.
알고 계신 정보와 다른 정보가 있나요?
사진으로 간단하게 제보해 주세요.
정보 수정 제안하기
이용약관고객센터리뷰운영정책신고센터
네이버",,,,,,,해물파전|모듬전|녹두전|감자전|낚지볶음|제육볶음|오징어 튀김|새우튀김|닭튀김|무듬튀김|골뱅이무침|어묵탕,"제주전야|전,빈대떡|제주 제주시 중앙로12길 10 1층|제주 제주시 이도1동 1384-1|월 16:00 - 23:50|해물파전|모듬전|녹두전|감자전|낚지볶음|제육볶음|오징어 튀김|새우튀김|닭튀김|무듬튀김|골뱅이무침|어묵탕","[""제주전야"", ""전,빈대떡"", ""제주 제주시 중앙로12길 10 1층"", ""제주 제주시 이도1동 1384-1"", ""월 16:00 - 23:50"", ""해물파전"", ""모듬전"", ""녹두전"", ""감자전"", ""낚지볶음"", ""제육볶음"", ""오징어 튀김"", ""새우튀김"", ""닭튀김"", ""무듬튀김"", ""골뱅이무침"", ""어묵탕""]","{""name"": [""제주전야""], ""category"": [""전,빈대떡""], ""address"": [""제주 제주시 중앙로12길 10 1층"", ""제주 제주시 이도1동 1384-1""], ""hours"": [""월 16:00 - 23:50""], ""menus"": [""해물파전"", ""모듬전"", ""녹두전"", ""감자전"", ""낚지볶음"", ""제육볶음"", ""오징어 튀김"", ""새우튀김"", ""닭튀김"", ""무듬튀김"", ""골뱅이무침"", ""어묵탕""]}",제주전야,,,,,"[{""title"": ""소개"", ""body"": ""녹두전, 해물파전, 감자전, 모듬전 등 다양한 전류와 낚지볶음, 제육볶음등 푸짐한 볶음과 무침 등을 전문으로 하는 주전부리 전문점 입니다.\n알고 계신 정보와 다른 정보가 있나요?\n사진으로 간단하게 제보해 주세요.\n정보 수정 제안하기\n이용약관고객센터리뷰운영정책신고센터\n네이버""}]"
428,428,동하화덕,음식점,제주특별자치도 제주시 중앙로14길 4-1,,33.5114445,126.5239995,010-6669-8898,,,,중앙로,success,2_address_match,주소일치(exact_or_contains) query=동하화덕,1.7,naver_place,https://map.naver.com/p/entry/place/2017350630,https://map.naver.com/p/entry/place/2017350630,https://pcmap.place.naver.com/place/2017350630/home,2017350630,동하화덕,피자,,클래식한 마르게리타의 깊은 풍미,제주 제주시 중앙로14길 4-1 1층 동하화덕 PIZZA,제주 제주시 이도1동 1400-1,중앙로상점가 주차장 (제주시 관덕로8길 25) | 공영 주차장 주말 무료(평일 유료) 도보 2분 거리,0507-1454-8898,https://www.instagram.com/dongha_hwadeok/,33.5114417,126.5239811,월 16:00 - 22:00,영업 중22:00에 영업 종료,평일 16시~22시 주말 12시~22시 / 상시 동일,"{""목"": {""open"": ""16:00 - 22:00""}, ""금"": {""open"": ""16:00 - 22:00""}, ""토"": {""open"": ""12:00 - 22:00""}, ""일"": {""open"": ""12:00 - 22:00""}, ""월"": {""open"": ""16:00 - 22:00""}, ""화"": {""open"": ""정기휴무 (매주 화요일)""}, ""수"": {""open"": ""정기휴무 (매주 수요일)""}}",영업 중22:00에 영업 종료 | 22시 0분에 영업 종료 | 목 | 16:00 - 22:00 | 금 | 16:00 - 22:00 | 토 | 12:00 - 22:00 | 일 | 12:00 - 22:00 | 월 | 16:00 - 22:00 | 화 | 정기휴무 (매주 화요일) | 수 | 정기휴무 (매주 수요일) | - 평일 16시~22시 주말 12시~22시 / 상시 동일 | 접기,포장|배달|예약|무선 인터넷|단체 이용 가능|대기공간|간편결제|주차,"클래식한 이탈리아 화덕 피자를 만들고자 합니다.
많은 고객님들을 받을 수는 없지만 소수의 예술가들이 모여
정성스럽고 신선한 피자를 만들려고 노력합니다.
각자의 자리에서 각자의 목표를 추구하는 여러분들을 응원합니다!",,,,,,,국산 배 고르곤졸라 화덕피자|생바질 마르게리타 화덕피자|하프 & 하프 화덕피자|경상도 마늘 페퍼로니 화덕피자,동하화덕|피자|제주 제주시 중앙로14길 4-1 1층 동하화덕 PIZZA|제주 제주시 이도1동 1400-1|0507-1454-8898|월 16:00 - 22:00|국산 배 고르곤졸라 화덕피자|생바질 마르게리타 화덕피자|하프 & 하프 화덕피자|경상도 마늘 페퍼로니 화덕피자|클래식한 마르게리타의 깊은 풍미|포장|배달|무선 인터넷|단체 이용 가능|대기공간|간편결제|주차|음식이 맛있어요|재료가 신선해요|친절해요|매장이 청결해요|가성비가 좋아요|인테리어가 멋져요|양이 많아요|특별한 메뉴가 있어요|음악이 좋아요|직접 잘 구워줘요,"[""동하화덕"", ""피자"", ""제주 제주시 중앙로14길 4-1 1층 동하화덕 PIZZA"", ""제주 제주시 이도1동 1400-1"", ""0507-1454-8898"", ""월 16:00 - 22:00"", ""국산 배 고르곤졸라 화덕피자"", ""생바질 마르게리타 화덕피자"", ""하프 & 하프 화덕피자"", ""경상도 마늘 페퍼로니 화덕피자"", ""클래식한 마르게리타의 깊은 풍미"", ""포장"", ""배달"", ""무선 인터넷"", ""단체 이용 가능"", ""대기공간"", ""간편결제"", ""주차"", ""음식이 맛있어요"", ""재료가 신선해요"", ""친절해요"", ""매장이 청결해요"", ""가성비가 좋아요"", ""인테리어가 멋져요"", ""양이 많아요"", ""특별한 메뉴가 있어요"", ""음악이 좋아요"", ""직접 잘 구워줘요""]","{""name"": [""동하화덕""], ""category"": [""피자""], ""address"": [""제주 제주시 중앙로14길 4-1 1층 동하화덕 PIZZA"", ""제주 제주시 이도1동 1400-1""], ""phone"": [""0507-1454-8898""], ""hours"": [""월 16:00 - 22:00""], ""menus"": [""국산 배 고르곤졸라 화덕피자"", ""생바질 마르게리타 화덕피자"", ""하프 & 하프 화덕피자"", ""경상도 마늘 페퍼로니 화덕피자""], ""slogan"": [""클래식한 마르게리타의 깊은 풍미""], ""conveniences"": [""포장"", ""배달"", ""무선 인터넷"", ""단체 이용 가능"", ""대기공간"", ""간편결제"", ""주차""], ""visitor_keywords"": [""음식이 맛있어요"", ""재료가 신선해요"", ""친절해요"", ""매장이 청결해요"", ""가성비가 좋아요"", ""인테리어가 멋져요"", ""양이 많아요"", ""특별한 메뉴가 있어요"", ""음악이 좋아요"", ""직접 잘 구워줘요""]}",동하화덕,,"[""동하화덕\n동영상\n알림항상 새롭고 발전된 피자 도우를 위해\n더욱 맛있는 도우와 신선한 재료를 사용하기 위해 매일 노력하고 있습니다.\n믿고 방문해 주세요\n좋아요\n2026.08.06.\n2026년 8월 6일"", ""동하화덕\n동영상\n알림7/27~8/1 방문 하셨던 분들께\n7/27~8/1 사이에 피자에 불만족 하시분 있으시면 결제 내역서 지참하셔서 방문주세요. 피자 한 판 무료로 드려요.\n반죽 시작 온도가 너무 낮아서 맛이 약간 떨어졌습니다. 현재는 모두 수정했습니다!\n완벽한 피자를 만들려구요. 겉은 바삭하면서 속은 쫀득하고 담백한 피자를 위해 ~\n더보기\n좋아요\n2026.08.01.\n2026년 8월 1일"", ""동하화덕\n동영상\n알림화덕 수리 완료 했습니다!\n오늘 긴급하게 화덕 상판이 깨져서 불편드려 죄송합니다.\n수리 완료 하였습니다. 앞으로 더욱 좋은 피자 제공하도록 하겠습니다.\n좋아요\n2026.07.26.\n2026년 7월 26일""]","방문예약 | 1 | 바로확정 |  | 방문 식사 예약 |  | 1~8명매주 화,수요일 휴무 | 5","[{""keyword"": ""음식이 맛있어요"", ""count"": ""43""}, {""keyword"": ""재료가 신선해요"", ""count"": ""39""}, {""keyword"": ""친절해요"", ""count"": ""21""}, {""keyword"": ""매장이 청결해요"", ""count"": ""19""}, {""keyword"": ""가성비가 좋아요"", ""count"": ""17""}, {""keyword"": ""인테리어가 멋져요"", ""count"": ""10""}, {""keyword"": ""양이 많아요"", ""count"": ""10""}, {""keyword"": ""특별한 메뉴가 있어요"", ""count"": ""8""}, {""keyword"": ""음악이 좋아요"", ""count"": ""4""}, {""keyword"": ""직접 잘 구워줘요"", ""count"": ""3""}]","[{""title"": ""소개"", ""body"": ""클래식한 이탈리아 화덕 피자를 만들고자 합니다.\n많은 고객님들을 받을 수는 없지만 소수의 예술가들이 모여\n정성스럽고 신선한 피자를 만들려고 노력합니다.\n각자의 자리에서 각자의 목표를 추구하는 여러분들을 응원합니다!""}, {""title"": ""편의시설 및 서비스"", ""body"": ""포장\n배달\n예약\n무선 인터넷\n단체 이용 가능\n대기공간""}, {""title"": ""반려동물 동반"", ""body"": ""반려동물 동반 불가""}, {""title"": ""주류 및 콜키지"", ""body"": ""콜키지 불가\n외부 주류 반입은 허용되지 않습니다.""}, {""title"": ""주차"", ""body"": ""주차가능\n유료\n최초 60분 2,000원\n추가 요금 60분당 2,000원, 최대 20,000원\n인근 대체 주차장 안내\n제주중앙로상점가주차장이 장소에서 90m\n제주 제주시 관덕로8길 25\n'중앙로 상점가' 공영 주차장 이용 가능합니다. (주말 무료) 주차장 주소 : 제주특별자치도 제주시 이도일동 1491-4""}, {""title"": ""좌석·공간"", ""body"": ""대관 가능\n입식\n단체석\n최소 1명 ~ 최대 7명\n1인석""}, {""title"": ""결제수단"", ""body"": ""지역화폐 (지류형)\n지역화폐 (카드형)\n지역화폐 (모바일형)\n제로페이\n간편결제""}, {""title"": ""SNS"", ""body"": ""인스타그램\nhttps://www.instagram.com/dongha_hwadeok/\n알고 계신 정보와 다른 정보가 있나요?\n사진으로 간단하게 제보해 주세요.\n정보 수정 제안하기\n이용약관고객센터리뷰운영정책신고센터\n네이버""}]"
429,429,럭키박스,기타,제주특별자치도 제주시 중앙로 83-2,,33.51071,126.5242126,010-4445-0771,,,,중앙로,success,2_address_match,주소일치(exact_or_contains) query=제주시 럭키박스,4.5,naver_place,https://map.naver.com/p/entry/place/2099341610,https://map.naver.com/p/entry/place/2099341610,https://pcmap.place.naver.com/place/2099341610/home,2099341610,럭키박스제주,브런치카페,Y,다이어트도 걱정없는 글루텐프리 도우,제주 제주시 중앙로 83-2 1층,제주 제주시 이도1동 1469-4,제주도 제주시 현대약국 남문사거리 중간 | 중앙로제민신협본점(서) 버스정류소 맞은편,0507-1435-0771,https://www.instagram.com/luckybox.jeju,33.5107257,126.5241677,월 12:00 - 22:00,영업 중21:55에 라스트오더,영업 중21:55에 라스트오더 | 21시 55분에 라스트오더 | 21:55 라스트오더,"{""목"": {""open"": ""12:00 - 22:00""}, ""금"": {""open"": ""12:00 - 22:00""}, ""토"": {""open"": ""12:00 - 22:00""}, ""일"": {""open"": ""12:00 - 22:00""}, ""월"": {""open"": ""12:00 - 22:00""}, ""화"": {""open"": ""정기휴무 (매주 화요일)""}, ""수"": {""open"": ""12:00 - 22:00""}}",영업 중21:55에 라스트오더 | 21시 55분에 라스트오더 | 목 | 12:00 - 22:00 | 21:55 라스트오더 | 금 | 12:00 - 22:00 | 21:55 라스트오더 | 토 | 12:00 - 22:00 | 21:55 라스트오더 | 일 | 12:00 - 22:00 | 21:55 라스트오더 | 월 | 12:00 - 22:00 | 21:55 라스트오더 | 화 | 정기휴무 (매주 화요일) | 수 | 12:00 - 22:00 | 21:55 라스트오더 | 09/24-09/25 휴무 | 접기,포장|무선 인터넷|대기공간|간편결제|반려동물 동반,"제주 로컬 재료를 이용한 밀가루가 들어가지 않은 피자 와 음료
남녀노소 모두가 속이 편한 피자",,주간 기준  | 인기 많은 메뉴 | 1 | 순위 변동 없음 | 아이스 아메리카노 (Ice Americano) | 2 | 순위 상승 | 글루텐프리고사리피자 일단한판(1인분) | 3 | 순위 상승 | 똣똣한 아메리카노( Hot Americano) | 목요일 오후 2시  | 가장 인기에요! | 12시 방문자55.00000000000001% | 12 | 13시 방문자30% | 14시 방문자100% | 14 | 15시 방문자66% | 16시 방문자25% | 16 | 1회 결제 시 평균 1만원 미만대 지불해요.,"[{""rank"": 1, ""trend"": """", ""name"": ""변동 없음 아이스 아메리카노 (Ice Americano)""}, {""rank"": 2, ""trend"": ""상승"", ""name"": ""글루텐프리고사리피자 일단한판(1인분)""}, {""rank"": 3, ""trend"": ""상승"", ""name"": ""똣똣한 아메리카노( Hot Americano)""}]",목요일 오후 2시 가장 인기에요,"[{""hour"": 13, ""pct"": 30}, {""hour"": 14, ""pct"": 100}, {""hour"": 15, ""pct"": 66}, {""hour"": 16, ""pct"": 25}]",1회 결제 시 평균 1만원 미만대 지불해요.,"일단한판|괜히한판|럭키콤보|럭키봉에이드|럭키봉슬러시|럭키드립아이스아메리카노|럭키드립똣똣한아메리카노|인생쥬스 한라봉,천혜향|캔맥주 355ml","럭키박스제주|브런치카페|제주 제주시 중앙로 83-2 1층|제주 제주시 이도1동 1469-4|0507-1435-0771|월 12:00 - 22:00|일단한판|괜히한판|럭키콤보|럭키봉에이드|럭키봉슬러시|럭키드립아이스아메리카노|럭키드립똣똣한아메리카노|인생쥬스 한라봉,천혜향|캔맥주 355ml|변동 없음 아이스 아메리카노 (Ice Americano)|글루텐프리고사리피자 일단한판(1인분)|똣똣한 아메리카노( Hot Americano)|다이어트도 걱정없는 글루텐프리 도우|포장|무선 인터넷|대기공간|간편결제|반려동물 동반|음식이 맛있어요|음료가 맛있어요|재료가 신선해요|인테리어가 멋져요|친절해요|특별한 메뉴가 있어요|사진이 잘 나와요|매장이 청결해요|뷰가 좋아요|커피가 맛있어요","[""럭키박스제주"", ""브런치카페"", ""제주 제주시 중앙로 83-2 1층"", ""제주 제주시 이도1동 1469-4"", ""0507-1435-0771"", ""월 12:00 - 22:00"", ""일단한판"", ""괜히한판"", ""럭키콤보"", ""럭키봉에이드"", ""럭키봉슬러시"", ""럭키드립아이스아메리카노"", ""럭키드립똣똣한아메리카노"", ""인생쥬스 한라봉,천혜향"", ""캔맥주 355ml"", ""변동 없음 아이스 아메리카노 (Ice Americano)"", ""글루텐프리고사리피자 일단한판(1인분)"", ""똣똣한 아메리카노( Hot Americano)"", ""다이어트도 걱정없는 글루텐프리 도우"", ""포장"", ""무선 인터넷"", ""대기공간"", ""간편결제"", ""반려동물 동반"", ""음식이 맛있어요"", ""음료가 맛있어요"", ""재료가 신선해요"", ""인테리어가 멋져요"", ""친절해요"", ""특별한 메뉴가 있어요"", ""사진이 잘 나와요"", ""매장이 청결해요"", ""뷰가 좋아요"", ""커피가 맛있어요""]","{""name"": [""럭키박스제주""], ""category"": [""브런치카페""], ""address"": [""제주 제주시 중앙로 83-2 1층"", ""제주 제주시 이도1동 1469-4""], ""phone"": [""0507-1435-0771""], ""hours"": [""월 12:00 - 22:00""], ""menus"": [""일단한판"", ""괜히한판"", ""럭키콤보"", ""럭키봉에이드"", ""럭키봉슬러시"", ""럭키드립아이스아메리카노"", ""럭키드립똣똣한아메리카노"", ""인생쥬스 한라봉,천혜향"", ""캔맥주 355ml""], ""popular_menus"": [""변동 없음 아이스 아메리카노 (Ice Americano)"", ""글루텐프리고사리피자 일단한판(1인분)"", ""똣똣한 아메리카노( Hot Americano)""], ""slogan"": [""다이어트도 걱정없는 글루텐프리 도우""], ""conveniences"": [""포장"", ""무선 인터넷"", ""대기공간"", ""간편결제"", ""반려동물 동반""], ""visitor_keywords"": [""음식이 맛있어요"", ""음료가 맛있어요"", ""재료가 신선해요"", ""인테리어가 멋져요"", ""친절해요"", ""특별한 메뉴가 있어요"", ""사진이 잘 나와요"", ""매장이 청결해요"", ""뷰가 좋아요"", ""커피가 맛있어요""]}",럭키박스 | 제주시 럭키박스,,"[""럭키박스제주\n공지\n알림추석연휴\n9월 24일 ,25일 휴무\n좋아요\n20시간 전\n20시간 전"", ""럭키박스제주\n공지\n알림짐보관 서비스 시작합니다\n안전하게 짐보관하시고\n두손 두발 편하게 여행하세요\n좋아요\n2026.08.28.\n2026년 8월 28일"", ""럭키박스제주\n임시휴무인테리어 공사로 인하여 하루 더 휴무 합니다\n예쁘게 단장해서 짤리 돌아올께요\n기다려주셔서 감사합니다\n기간\n2026.07.22.\n좋아요\n2026.07.21.\n2026년 7월 21일""]",,"[{""keyword"": ""음식이 맛있어요"", ""count"": ""11""}, {""keyword"": ""음료가 맛있어요"", ""count"": ""8""}, {""keyword"": ""재료가 신선해요"", ""count"": ""8""}, {""keyword"": ""인테리어가 멋져요"", ""count"": ""8""}, {""keyword"": ""친절해요"", ""count"": ""8""}, {""keyword"": ""특별한 메뉴가 있어요"", ""count"": ""8""}, {""keyword"": ""사진이 잘 나와요"", ""count"": ""5""}, {""keyword"": ""매장이 청결해요"", ""count"": ""5""}, {""keyword"": ""뷰가 좋아요"", ""count"": ""4""}, {""keyword"": ""커피가 맛있어요"", ""count"": ""3""}]","[{""title"": ""소개"", ""body"": ""제주 로컬 재료를 이용한 밀가루가 들어가지 않은 피자 와 음료\n남녀노소 모두가 속이 편한 피자""}, {""title"": ""편의시설 및 서비스"", ""body"": ""글루텐프리 메뉴\n포장\n무선 인터넷\n대기공간\n출입구 휠체어 이용가능\n좌석 휠체어 이용가능""}, {""title"": ""반려동물 동반"", ""body"": ""반려동물 동반 가능\n리드줄및 강아지 케이지 필수""}, {""title"": ""주류 및 콜키지"", ""body"": ""콜키지 불가\n외부 주류 반입은 허용되지 않습니다.""}, {""title"": ""주차"", ""body"": ""주차 불가\n인근 대체 주차장 안내\n무료주차장이 장소에서 710m\n제주 제주시 중앙로 159\n제주중앙로상정가주차장:제주시관덕로8길 25 공영주차장:제주시 이도1동 1947-1 동문재래공영주차장:중앙로13길 16-8 호남새마을금고주차장:오현길 69\n내용 더보기""}, {""title"": ""좌석·공간"", ""body"": ""좌식""}, {""title"": ""결제수단"", ""body"": ""지역화폐 (지류형)\n지역화폐 (카드형)\n지역화폐 (모바일형)\n제로페이\n네이버페이\n간편결제""}, {""title"": ""SNS"", ""body"": ""인스타그램\nhttps://www.instagram.com/luckybox.jeju\n알고 계신 정보와 다른 정보가 있나요?\n사진으로 간단하게 제보해 주세요.\n정보 수정 제안하기\n이용약관고객센터리뷰운영정책신고센터\n네이버""}]"
430,430,중심더무브먼트,기타,제주특별자치도 제주시 중앙로14길 5,,33.511236,126.5237273,010-7316-3909,,,,중앙로,success,2_address_match,주소일치(exact_or_contains) query=중심더무브먼트,0.9,naver_place,https://map.naver.com/p/entry/place/2015858613,https://map.naver.com/p/entry/place/2015858613,https://pcmap.place.naver.com/place/2015858613/home,2015858613,중심 더 무브먼트,필라테스,,,제주 제주시 중앙로14길 5 2층,제주 제주시 이도1동 1482-2,중앙로 현대약국 맞은편 큰 건물 2층에 있습니다.,0507-1352-3909,,33.5112397,126.5237188,월 09:30 - 21:30,영업 중21:30에 영업 종료,,"{""목"": {""open"": ""09:30 - 21:30""}, ""금"": {""open"": ""09:30 - 21:30""}, ""토"": {""open"": ""10:00 - 13:00""}, ""일"": {""open"": ""정기휴무 (매주 일요일)""}, ""월"": {""open"": ""09:30 - 21:30""}, ""화"": {""open"": ""09:30 - 21:30""}, ""수"": {""open"": ""09:30 - 21:30""}}",영업 중21:30에 영업 종료 | 21시 30분에 영업 종료 | 목 | 09:30 - 21:30 | 금 | 09:30 - 21:30 | 토 | 10:00 - 13:00 | 일 | 정기휴무 (매주 일요일) | 월 | 09:30 - 21:30 | 화 | 09:30 - 21:30 | 수 | 09:30 - 21:30 | 09/24-09/26 추석 연휴 휴무 | 접기,단체 이용 가능|예약|남/녀 화장실 구분|무선 인터넷|대기공간|주차|반려동물 동반,"[중심 그룹 수업]
4:1 기구 필라테스
스튜디오(바레/스텝/근력운동/스트레칭)

5가지 운동을 한가지 수강권으로!

[전문 강사진과 함께하는 1:1 기구 필라테스]

한체대, 서울여대, 체육전공, 무용전공, 선수출신 강사진 지도!
국제 자격증, 산전 산후 전문 자격 보유 강사 직접 지도!

통증 케어, 자세 교정, 시니어 운동, 산전산후
전문적인 레슨으로 몸을 이해하고 지도합니다.
접기",,,,,,,"✨첫 등록 신규 혜택✨|초보자 그룹 혜택(개인+그룹) 1개월|4:1 기구 필라테스 고정반 1개월|스튜디오(바레/스텝) 체험 1회|4:1 기구 필라테스 체험 1회|개인레슨 5회|듀엣레슨 5회|____________________|오랜 경력의 강사진 직접 지도|체육,무용 전공, 선수 출신 강사진|국제 인증, 산전 산후 운동 전문가|English Session!|▪️4:1 기구 필라테스|▪️스튜디오(바레/스텝/스트렝스)|▪️프라이빗 기구 필라테스|(개인레슨/듀엣 레슨)|통증케어: 거북목/허리디스크/협착증|자세교정: 어린이/청소년 자세교정|산전/산후: TCFWF 국제 인증|시니어 운동: 보행개선/낙상예방","중심 더 무브먼트|필라테스|제주 제주시 중앙로14길 5 2층|제주 제주시 이도1동 1482-2|0507-1352-3909|월 09:30 - 21:30|✨첫 등록 신규 혜택✨|초보자 그룹 혜택(개인+그룹) 1개월|4:1 기구 필라테스 고정반 1개월|스튜디오(바레/스텝) 체험 1회|4:1 기구 필라테스 체험 1회|개인레슨 5회|듀엣레슨 5회|____________________|오랜 경력의 강사진 직접 지도|체육,무용 전공, 선수 출신 강사진|국제 인증, 산전 산후 운동 전문가|English Session!|▪️4:1 기구 필라테스|▪️스튜디오(바레/스텝/스트렝스)|▪️프라이빗 기구 필라테스|(개인레슨/듀엣 레슨)|통증케어: 거북목/허리디스크/협착증|자세교정: 어린이/청소년 자세교정|산전/산후: TCFWF 국제 인증|시니어 운동: 보행개선/낙상예방|단체 이용 가능|남/녀 화장실 구분|무선 인터넷|대기공간|주차|반려동물 동반","[""중심 더 무브먼트"", ""필라테스"", ""제주 제주시 중앙로14길 5 2층"", ""제주 제주시 이도1동 1482-2"", ""0507-1352-3909"", ""월 09:30 - 21:30"", ""✨첫 등록 신규 혜택✨"", ""초보자 그룹 혜택(개인+그룹) 1개월"", ""4:1 기구 필라테스 고정반 1개월"", ""스튜디오(바레/스텝) 체험 1회"", ""4:1 기구 필라테스 체험 1회"", ""개인레슨 5회"", ""듀엣레슨 5회"", ""____________________"", ""오랜 경력의 강사진 직접 지도"", ""체육,무용 전공, 선수 출신 강사진"", ""국제 인증, 산전 산후 운동 전문가"", ""English Session!"", ""▪️4:1 기구 필라테스"", ""▪️스튜디오(바레/스텝/스트렝스)"", ""▪️프라이빗 기구 필라테스"", ""(개인레슨/듀엣 레슨)"", ""통증케어: 거북목/허리디스크/협착증"", ""자세교정: 어린이/청소년 자세교정"", ""산전/산후: TCFWF 국제 인증"", ""시니어 운동: 보행개선/낙상예방"", ""단체 이용 가능"", ""남/녀 화장실 구분"", ""무선 인터넷"", ""대기공간"", ""주차"", ""반려동물 동반""]","{""name"": [""중심 더 무브먼트""], ""category"": [""필라테스""], ""address"": [""제주 제주시 중앙로14길 5 2층"", ""제주 제주시 이도1동 1482-2""], ""phone"": [""0507-1352-3909""], ""hours"": [""월 09:30 - 21:30""], ""menus"": [""✨첫 등록 신규 혜택✨"", ""초보자 그룹 혜택(개인+그룹) 1개월"", ""4:1 기구 필라테스 고정반 1개월"", ""스튜디오(바레/스텝) 체험 1회"", ""4:1 기구 필라테스 체험 1회"", ""개인레슨 5회"", ""듀엣레슨 5회"", ""____________________"", ""오랜 경력의 강사진 직접 지도"", ""체육,무용 전공, 선수 출신 강사진"", ""국제 인증, 산전 산후 운동 전문가"", ""English Session!"", ""▪️4:1 기구 필라테스"", ""▪️스튜디오(바레/스텝/스트렝스)"", ""▪️프라이빗 기구 필라테스"", ""(개인레슨/듀엣 레슨)"", ""통증케어: 거북목/허리디스크/협착증"", ""자세교정: 어린이/청소년 자세교정"", ""산전/산후: TCFWF 국제 인증"", ""시니어 운동: 보행개선/낙상예방""], ""conveniences"": [""단체 이용 가능"", ""남/녀 화장실 구분"", ""무선 인터넷"", ""대기공간"", ""주차"", ""반려동물 동반""]}",중심더무브먼트,,"[""중심 더 무브먼트\n공지\n알림기구 필라테스 신규 모집!\n나에게 맞는 수강권이 궁금하다면 상담을 신청해 주세요!\n회원님께 맞는 수강권을 추천해드립니다!\n좋아요\n2026.09.02.\n2026년 9월 2일"", ""중심 더 무브먼트\n공지\n알림스텝박스(다이어트반) 화목 고정반 회원 모집!🔥\n🔥 땀 제대로 나는 스텝 유산소 회원 모집!\n음악에 맞춰 스텝박스를 오르내리며\n유산소 운동과 하체 근력,번, 코어 운동까지 한 번에 진행하는 클래스예요.\n지루하게 반복하는 유산소가 싫었던 분,\n신나게 땀 흘리며 다이어트하고 싶은 분께 추천해요!\n✓ 체지방 감소와 다이어트가 목표인 분\n✓ 땀나는 유산소 운동을 찾는 분\n✓ 기초체력과 하체 근력을 함께 키우고 싶은 분\n✓ 혼자 하는 운동이 재미없었던 분\n스텝이 처음이어도 참여할 수 있도록 동작을 차근차근 진행하며,어요 :)\n📍 중심: 더 무브먼트\n🗓 매주 화·목 18:30\n💳 1개월 150,000원\n함께 즐겁게 땀 흘리실 회원님을 모집합니다!\n채팅으로 편하게 문의해 주세요 :)\n더보기\n좋아요\n5시간 전\n5시간 전"", ""중심 더 무브먼트\n공지\n알림아기와 함께하는 댄스 피트니스! MAMA GROOVE!\n참여 신청 : 010.6764.0515로 '마마그루브 신청' 이라고 보내주시면 신청서 링크를 보내드립니다!\n좋아요\n2026.09.02.\n2026년 9월 2일""]",,,"[{""title"": ""소개"", ""body"": ""[중심 그룹 수업]\n4:1 기구 필라테스\n스튜디오(바레/스텝/근력운동/스트레칭)\n\n5가지 운동을 한가지 수강권으로!\n\n[전문 강사진과 함께하는 1:1 기구 필라테스]\n\n한체대, 서울여대, 체육전공, 무용전공, 선수출신 강사진 지도!\n국제 자격증, 산전 산후 전문 자격 보유 강사 직접 지도!\n\n통증 케어, 자세 교정, 시니어 운동, 산전산후\n전문적인 레슨으로 몸을 이해하고 지도합니다.\n접기""}, {""title"": ""대표 키워드"", ""body"": ""필라테스제주필라테스제주바레바레운동""}, {""title"": ""편의시설 및 서비스"", ""body"": ""단체 이용 가능\n예약\n남/녀 화장실 구분\n무선 인터넷\n대기공간""}, {""title"": ""반려동물 동반"", ""body"": ""반려동물 동반 가능""}, {""title"": ""주차"", ""body"": ""주차가능\n무료\n인근 대체 주차장 안내\n제주중앙로상점가주차장이 장소에서 50m\n제주 제주시 관덕로8길 25\n센터 뒷편 공영주차장을 이용해 주세요.""}, {""title"": ""결제수단"", ""body"": ""지역화폐 (카드형)\n지역화폐 (모바일형)\n제로페이\n알고 계신 정보와 다른 정보가 있나요?\n사진으로 간단하게 제보해 주세요.\n정보 수정 제안하기\n이용약관고객센터리뷰운영정책신고센터\n네이버""}]"
431,431,GS25제주문화점,기타,제주특별자치도 제주시 중앙로 62,,33.5126625,126.5244584,010-6660-7969,,https://naver.me/5t7rVlvp,,중앙로,success,1_naver_link,naver_link place_id=1121718019,1.0,naver_place,https://map.naver.com/p/entry/place/1121718019,https://map.naver.com/p/entry/place/1121718019,https://pcmap.place.naver.com/place/1121718019/home,1121718019,GS25 제주문화점,편의점,,,제주 제주시 중앙로 62 (일도일동 1451-1),제주 제주시 일도일동 1451-1 1451-1,,,,33.5126635,126.5244694,,,,{},정보 수정,,"우리동네 GS25에서 도시락,제철과일,음료 등 최대 60%까지 할인된 가격에 판매합니다.

Lifestyle platform, GS25

※점포별 제공 서비스는 GS25 홈페이지에서 확인 가능합니다※

http://gs25.gsretail.com/",,,,,,,,GS25 제주문화점|편의점|제주 제주시 중앙로 62 (일도일동 1451-1)|제주 제주시 일도일동 1451-1 1451-1|상품이 다양해요|친절해요|할인/적립을 잘 챙겨줘요|행사 상품이 다양해요|트렌디한 상품이 많아요|매장이 청결해요|즉석조리 식품이 맛있어요|즉석커피가 맛있어요|주차하기 편해요|취식 공간이 잘 되어있어요,"[""GS25 제주문화점"", ""편의점"", ""제주 제주시 중앙로 62 (일도일동 1451-1)"", ""제주 제주시 일도일동 1451-1 1451-1"", ""상품이 다양해요"", ""친절해요"", ""할인/적립을 잘 챙겨줘요"", ""행사 상품이 다양해요"", ""트렌디한 상품이 많아요"", ""매장이 청결해요"", ""즉석조리 식품이 맛있어요"", ""즉석커피가 맛있어요"", ""주차하기 편해요"", ""취식 공간이 잘 되어있어요""]","{""name"": [""GS25 제주문화점""], ""category"": [""편의점""], ""address"": [""제주 제주시 중앙로 62 (일도일동 1451-1)"", ""제주 제주시 일도일동 1451-1 1451-1""], ""visitor_keywords"": [""상품이 다양해요"", ""친절해요"", ""할인/적립을 잘 챙겨줘요"", ""행사 상품이 다양해요"", ""트렌디한 상품이 많아요"", ""매장이 청결해요"", ""즉석조리 식품이 맛있어요"", ""즉석커피가 맛있어요"", ""주차하기 편해요"", ""취식 공간이 잘 되어있어요""]}",https://naver.me/5t7rVlvp,,,,"[{""keyword"": ""상품이 다양해요"", ""count"": ""112""}, {""keyword"": ""친절해요"", ""count"": ""96""}, {""keyword"": ""할인/적립을 잘 챙겨줘요"", ""count"": ""34""}, {""keyword"": ""행사 상품이 다양해요"", ""count"": ""34""}, {""keyword"": ""트렌디한 상품이 많아요"", ""count"": ""29""}, {""keyword"": ""매장이 청결해요"", ""count"": ""27""}, {""keyword"": ""즉석조리 식품이 맛있어요"", ""count"": ""23""}, {""keyword"": ""즉석커피가 맛있어요"", ""count"": ""10""}, {""keyword"": ""주차하기 편해요"", ""count"": ""8""}, {""keyword"": ""취식 공간이 잘 되어있어요"", ""count"": ""5""}]","[{""title"": ""소개"", ""body"": ""우리동네 GS25에서 도시락,제철과일,음료 등 최대 60%까지 할인된 가격에 판매합니다.\n\nLifestyle platform, GS25\n\n※점포별 제공 서비스는 GS25 홈페이지에서 확인 가능합니다※\n\nhttp://gs25.gsretail.com/""}, {""title"": ""결제수단"", ""body"": ""제로페이\n네이버페이\n알고 계신 정보와 다른 정보가 있나요?\n사진으로 간단하게 제보해 주세요.\n정보 수정 제안하기\n이용약관고객센터리뷰운영정책신고센터\n네이버""}]"
432,432,김민교악세사리,쇼핑,제주특별자치도 제주시 중앙로 75,,33.5114915,126.5245771,010-4002-6676,,https://naver.me/5sGX4H0D,,중앙로,success,1_naver_link,naver_link place_id=1447050570,2.6,naver_place,https://map.naver.com/p/entry/place/1447050570,https://map.naver.com/p/entry/place/1447050570,https://pcmap.place.naver.com/place/1447050570/home,1447050570,김민교악세사리,패션잡화,,,제주 제주시 이도일동 중앙로 75,제주 제주시 이도일동 1411-1,,,,33.5114966,126.5245493,,,,{},,,"안내
11회11명 참여
""친절해요""
이 키워드를 선택한 인원
7
""종류가 다양해요""
이 키워드를 선택한 인원
4
""품질이 좋아요""
이 키워드를 선택한 인원
3
""독특한 디자인이 많아요""
이 키워드를 선택한 인원
2
""가성비가 좋아요""
이 키워드를 선택한 인원
2
더보기",,,,,,,,김민교악세사리|패션잡화|제주 제주시 이도일동 중앙로 75|제주 제주시 이도일동 1411-1|친절해요|종류가 다양해요|품질이 좋아요|독특한 디자인이 많아요|가성비가 좋아요|A/S가 세심해요|매장이 넓어요,"[""김민교악세사리"", ""패션잡화"", ""제주 제주시 이도일동 중앙로 75"", ""제주 제주시 이도일동 1411-1"", ""친절해요"", ""종류가 다양해요"", ""품질이 좋아요"", ""독특한 디자인이 많아요"", ""가성비가 좋아요"", ""A/S가 세심해요"", ""매장이 넓어요""]","{""name"": [""김민교악세사리""], ""category"": [""패션잡화""], ""address"": [""제주 제주시 이도일동 중앙로 75"", ""제주 제주시 이도일동 1411-1""], ""visitor_keywords"": [""친절해요"", ""종류가 다양해요"", ""품질이 좋아요"", ""독특한 디자인이 많아요"", ""가성비가 좋아요"", ""A/S가 세심해요"", ""매장이 넓어요""]}",https://naver.me/5sGX4H0D,,,,"[{""keyword"": ""친절해요"", ""count"": ""7""}, {""keyword"": ""종류가 다양해요"", ""count"": ""4""}, {""keyword"": ""품질이 좋아요"", ""count"": ""3""}, {""keyword"": ""독특한 디자인이 많아요"", ""count"": ""2""}, {""keyword"": ""가성비가 좋아요"", ""count"": ""2""}, {""keyword"": ""A/S가 세심해요"", ""count"": ""1""}, {""keyword"": ""매장이 넓어요"", ""count"": ""1""}]","[{""title"": ""이런 점이 좋았어요"", ""body"": ""안내\n11회11명 참여\n\""친절해요\""\n이 키워드를 선택한 인원\n7\n\""종류가 다양해요\""\n이 키워드를 선택한 인원\n4\n\""품질이 좋아요\""\n이 키워드를 선택한 인원\n3\n\""독특한 디자인이 많아요\""\n이 키워드를 선택한 인원\n2\n\""가성비가 좋아요\""\n이 키워드를 선택한 인원\n2\n더보기""}, {""title"": ""사진·영상 리뷰"", ""body"": """"}, {""title"": ""리뷰14"", ""body"": ""안내\n사진/영상 리뷰만\n최신순\n리뷰 제공 기준\n리뷰 클렌징 시스템 작동중입니다\n블루5131\n리뷰 1,417사진 981팔로워 33\n팔로우\n동문시장 쇼핑 하다\n맘에 드는 모자 샀어요\n사장님 친절 하시고...\n종류가 다양해요\n친절해요\n반응 남기기\n방문일\n24.3.12.화\n2024년 3월 12일 화요일\n1번째 방문\n인증 수단\n영수증\nsgm****\n리뷰 673사진 2\n팔로우\n굿\n친절해요\n반응 남기기\n방문일\n23.6.2.금\n2023년 6월 2일 금요일\n1번째 방문\n인증 수단\n영수증\n불협화음\n리뷰 814사진 1팔로워 3\n팔로우\n가성비 좋아요~~\n가성비가 좋아요\n반응 남기기\n방문일\n23.4.19.수\n2023년 4월 19일 수요일\n1번째 방문\n인증 수단\n영수증\nabooutyun\n리뷰 865사진 418팔로워 3\n팔로우\n좋아요^^\n친절해요\n반응 남기기\n방문일\n23.4.7.금\n2023년 4월 7일 금요일\n1번째 방문\n인증 수단\n결제내역\n재혁맘71\n리뷰 696사진 174\n팔로우\n친절해서 좋아요\n친절해요\n반응 남기기\n방문일\n23.4.7.금\n2023년 4월 7일 금요일\n1번째 방문\n인증 수단\n영수증\n넌나의햇살\n리뷰 353\n팔로우\n굿~\n종류가 다양해요\n반응 남기기\n방문일\n23.2.15.수\n2023년 2월 15일 수요일\n1번째 방문\n인증 수단\n영수증\ntmzkcltm\n리뷰 307사진 1\n팔로우\n친절해요\n반응 남기기\n방문일\n22.9.1.목\n2022년 9월 1일 목요일\n1번째 방문\n인증 수단\n영수증\nusu****\n리뷰 347사진 1\n팔로우\n좋아요\n반응 남기기\n방문일\n22.9.1.목\n2022년 9월 1일 목요일\n1번째 방문\n인증 수단\n영수증\n중독37\n리뷰 70사진 142\n팔로우\n씨메르 시그니처 라면이 맛있어요\n종류가 다양해요\n독특한 디자인이 많아요\n품질이 좋아요\n친절해요\n매장이 넓어요\n반응 남기기\n방문일\n22.8.7.일\n2022년 8월 7일 일요일\n1번째 방문\n인증 수단\n영수증\nseodbk\n리뷰 420사진 5\n팔로우\n굿\n반응 남기기\n방문일\n22.8.2.화\n2022년 8월 2일 화요일\n1번째 방문\n인증 수단\n영수증\n펼쳐서 더보기""}, {""title"": ""키워드·별점 리뷰9"", ""body"": ""라온87\n리뷰 1,502사진 27\n팔로우\n품질이 좋아요\n반응 남기기\n방문일\n23.11.28.화\n2023년 11월 28일 화요일\n1번째 방문\n인증 수단\n영수증\nsi8527\n리뷰 713사진 53팔로워 1\n팔로우\n품질이 좋아요\n가성비가 좋아요\n종류가 다양해요\n독특한 디자인이 많아요\n친절해요\n반응 남기기\n1\n명\n방문일\n23.6.16.금\n2023년 6월 16일 금요일\n1번째 방문\n인증 수단\n영수증\n러부링\n리뷰 773사진 17\n팔로우\n친절해요\n반응 남기기\n방문일\n23.2.19.일\n2023년 2월 19일 일요일\n1번째 방문\n인증 수단\n영수증\nsusu38\n리뷰 751사진 3\n팔로우\nA/S가 세심해요\n반응 남기기\n방문일\n22.11.13.일\n2022년 11월 13일 일요일\n1번째 방문\n인증 수단\n영수증\njwm****\n리뷰 215\n팔로우\n별점\n5\n점\n반응 남기기\n방문일\n21.8.23.월\n2021년 8월 23일 월요일\n1번째 방문\n인증 수단\n영수증\ngoq****\n리뷰 839\n팔로우\n별점\n5\n점\n반응 남기기\n방문일\n21.8.8.일\n2021년 8월 8일 일요일\n1번째 방문\n인증 수단\n영수증\n배불124\n리뷰 1,788사진 802팔로워 36\n팔로우\n별점\n4\n점\n반응 남기기\n방문일\n21.7.30.금\n2021년 7월 30일 금요일\n2번째 방문\n인증 수단\n영수증\ncmr2020\n리뷰 202사진 5\n팔로우\n별점\n4\n점\n반응 남기기\n방문일\n21.7.14.수\n2021년 7월 14일 수요일\n1번째 방문\n인증 수단\n영수증\n진이526\n리뷰 150사진 7\n팔로우\n별점\n4\n점\n반응 남기기\n방문일\n21.7.14.수\n2021년 7월 14일 수요일\n1번째 방문\n인증 수단\n영수증\n이용약관고객센터리뷰운영정책신고센터\n네이버""}]"
433,433,레드페이스제주중앙점,쇼핑,제주특별자치도 제주시 중앙로 72,,33.5117917,126.5243464,010-3692-6004,,https://naver.me/5YSLvYwc,,중앙로,success,1_naver_link,naver_link place_id=1722417279,3.5,naver_place,https://map.naver.com/p/entry/place/1722417279,https://map.naver.com/p/entry/place/1722417279,https://pcmap.place.naver.com/place/1722417279/home,1722417279,레드페이스 제주중앙점,"의류,패션",,,제주 제주시 중앙로 72,제주 제주시 이도일동 1404-2,,0507-1442-6776,,33.5117828,126.5243822,10:00 - 20:00,운영 중20:00에 운영 종료,,"{""매일"": {""open"": ""10:00 - 20:00""}}",운영 중20:00에 운영 종료 | 20시 0분에 운영 종료 | 매일 | 10:00 - 20:00 | 접기,,"아웃도어의류용품신빌
알고 계신 정보와 다른 정보가 있나요?
사진으로 간단하게 제보해 주세요.
정보 수정 제안하기
이용약관고객센터리뷰운영정책신고센터
네이버",,,,,,,,"레드페이스 제주중앙점|의류,패션|제주 제주시 중앙로 72|제주 제주시 이도일동 1404-2|0507-1442-6776|10:00 - 20:00|레드페이스|레드페이스제주중앙점|옆커폰제주점","[""레드페이스 제주중앙점"", ""의류,패션"", ""제주 제주시 중앙로 72"", ""제주 제주시 이도일동 1404-2"", ""0507-1442-6776"", ""10:00 - 20:00"", ""레드페이스"", ""레드페이스제주중앙점"", ""옆커폰제주점""]","{""name"": [""레드페이스 제주중앙점""], ""category"": [""의류,패션""], ""address"": [""제주 제주시 중앙로 72"", ""제주 제주시 이도일동 1404-2""], ""phone"": [""0507-1442-6776""], ""hours"": [""10:00 - 20:00""], ""hashtags"": [""레드페이스"", ""레드페이스제주중앙점"", ""옆커폰제주점""], ""body_hashtags"": [""레드페이스"", ""레드페이스제주중앙점"", ""옆커폰제주점""]}",https://naver.me/5YSLvYwc,,,,,"[{""title"": ""대표 키워드"", ""body"": ""아웃도어의류용품신빌\n알고 계신 정보와 다른 정보가 있나요?\n사진으로 간단하게 제보해 주세요.\n정보 수정 제안하기\n이용약관고객센터리뷰운영정책신고센터\n네이버""}]"
434,434,목화이불,쇼핑,제주특별자치도 제주시 중앙로 71,,33.5117814,126.5246853,010-2386-3242,,https://naver.me/xenAnbpd,,중앙로,success,1_naver_link,naver_link place_id=1733339731,3.7,naver_place,https://map.naver.com/p/entry/place/1733339731,https://map.naver.com/p/entry/place/1733339731,https://pcmap.place.naver.com/place/1733339731/home,1733339731,목화이불 중앙로점,"이불,담요",,,제주 제주시 중앙로 71 101호,제주 제주시 이도일동 1407-2,,064-900-9391,,33.5117522,126.5246671,,,,{},,,"안녕하세요 목화이불 중앙로점 입니다
광목이불 사계절 신상품 입고, 호텔,펜션,모텔,요양윈등 다양한 이불및 침구류를 취급하고 있습니다
다양한 상품과 사계절 신상품이 정기적으로 입고되고 있습니다
구경오세요",,,,,,,,"목화이불 중앙로점|이불,담요|제주 제주시 중앙로 71 101호|제주 제주시 이도일동 1407-2|064-900-9391|안내|방문 키워드 통계 그래프 예시입니다.|현재 9명 참여|10명 이상 참여하면|방문 키워드 통계가 공개됩니다!|최신순|하루히91|팔로우|친절하시고 베개커버 구입했는데|질좋고 저렴해요|가성비가 좋아요|친절해요|반응 남기기|방문일|25.11.16.일|2025년 11월 16일 일요일|1번째 방문|인증 수단|영수증","[""목화이불 중앙로점"", ""이불,담요"", ""제주 제주시 중앙로 71 101호"", ""제주 제주시 이도일동 1407-2"", ""064-900-9391"", ""안내"", ""방문 키워드 통계 그래프 예시입니다."", ""현재 9명 참여"", ""10명 이상 참여하면"", ""방문 키워드 통계가 공개됩니다!"", ""최신순"", ""하루히91"", ""팔로우"", ""친절하시고 베개커버 구입했는데"", ""질좋고 저렴해요"", ""가성비가 좋아요"", ""친절해요"", ""반응 남기기"", ""방문일"", ""25.11.16.일"", ""2025년 11월 16일 일요일"", ""1번째 방문"", ""인증 수단"", ""영수증""]","{""name"": [""목화이불 중앙로점""], ""category"": [""이불,담요""], ""address"": [""제주 제주시 중앙로 71 101호"", ""제주 제주시 이도일동 1407-2""], ""phone"": [""064-900-9391""], ""visitor_keywords"": [""안내"", ""방문 키워드 통계 그래프 예시입니다."", ""현재 9명 참여"", ""10명 이상 참여하면"", ""방문 키워드 통계가 공개됩니다!"", ""최신순"", ""하루히91"", ""팔로우"", ""친절하시고 베개커버 구입했는데"", ""질좋고 저렴해요"", ""가성비가 좋아요"", ""친절해요"", ""반응 남기기"", ""방문일"", ""25.11.16.일"", ""2025년 11월 16일 일요일"", ""1번째 방문"", ""인증 수단"", ""영수증""]}",https://naver.me/xenAnbpd,,"[""목화이불 중앙로점\n알림지원금 사용가능 매장\n지원금 사용가능 합니다\n좋아요\n2025.07.27.\n2025년 7월 27일"", ""목화이불 중앙로점\n다음\n알림비앙카 극세사\n안녕하세요 목화이불 중앙로점 입니다\n겨울 극세사 신상품 입고 되었습니다\n구경오세요~^^\n좋아요\n2024.01.10.\n2024년 1월 10일"", ""목화이불 중앙로점\n알림카라 극세사 겨울이불\n안녕하세요 목화이불 중앙로점 입니다\n겨울 극세사 신상품 입고 되었습니다\n무늬, 색상 너무 고급스럽고 이쁘게 나왔어요~^^\n좋아요\n2024.01.10.\n2024년 1월 10일""]",,"[""안내"", ""방문 키워드 통계 그래프 예시입니다."", ""현재 9명 참여"", ""10명 이상 참여하면"", ""방문 키워드 통계가 공개됩니다!"", ""최신순"", ""하루히91"", ""팔로우"", ""친절하시고 베개커버 구입했는데"", ""질좋고 저렴해요"", ""가성비가 좋아요"", ""친절해요"", ""반응 남기기"", ""방문일"", ""25.11.16.일"", ""2025년 11월 16일 일요일"", ""1번째 방문"", ""인증 수단"", ""영수증""]","[{""title"": ""소개"", ""body"": ""안녕하세요 목화이불 중앙로점 입니다\n광목이불 사계절 신상품 입고, 호텔,펜션,모텔,요양윈등 다양한 이불및 침구류를 취급하고 있습니다\n다양한 상품과 사계절 신상품이 정기적으로 입고되고 있습니다\n구경오세요""}, {""title"": ""대표 키워드"", ""body"": ""이불광목답례품펜션이불제주도이불""}, {""title"": ""결제수단"", ""body"": ""지역화폐 (지류형)\n지역화폐 (카드형)\n지역화폐 (모바일형)\n제로페이""}, {""title"": ""SNS"", ""body"": ""블로그\nhttps://blog.naver.com/kkw125111\n알고 계신 정보와 다른 정보가 있나요?\n사진으로 간단하게 제보해 주세요.\n정보 수정 제안하기\n이용약관고객센터리뷰운영정책신고센터\n네이버""}]"
435,435,쌤소나이트,쇼핑,제주특별자치도 제주시 중앙로 67,,33.5121435,126.5247429,010-4949-8531,,https://naver.me/GmtK0VCm,,중앙로,success,1_naver_link,naver_link place_id=979752531,1.6,naver_place,https://map.naver.com/p/entry/place/979752531,https://map.naver.com/p/entry/place/979752531,https://pcmap.place.naver.com/place/979752531/home,979752531,쌤소나이트 제주칠성로점,"가방,핸드백",,,제주 제주시 중앙로 67,제주 제주시 이도1동 1367-3,중앙로 현대약국에서 바닷가 방향으로 15m정도 내려 오시면 됩니다.,0507-1305-4083,,33.5121398,126.5247592,09:00 - 21:00,영업 중21:00에 영업 종료,,"{""매일"": {""open"": ""09:00 - 21:00""}}",영업 중21:00에 영업 종료 | 21시 0분에 영업 종료 | 매일 | 09:00 - 21:00 | 접기,배달|예약|포장|반려동물 동반|간편결제,"안녕하세요. 쌤소나이트 제주 칠성로점입니다.
저희 매장은 쌤소나이트, 하트만, 쌤소나이트 레드, 아메리칸 투어리스터
4개 브랜드를 한 곳에서 만나보실 수 있습니다!
66,000원부터 100만원대까지 다양한 가격대로 준비되어 있어
여행 스타일과 예산에 맞춰 선택하실 수 있습니다.
결제 혜택
탐나는전, 온누리상품권 (모든상품권)사용 가능 (10% 적립)
제주 전 지역 2시간내 무료 배달
친절한 응대로 맞이하겠습니다. 방문해주세요",,,,,,,Samsonite BLACKLABEL|Samsonite|Samsonite RED|AMERICAN_TOURISTER,"쌤소나이트 제주칠성로점|가방,핸드백|제주 제주시 중앙로 67|제주 제주시 이도1동 1367-3|0507-1305-4083|09:00 - 21:00|Samsonite BLACKLABEL|Samsonite|Samsonite RED|AMERICAN_TOURISTER|배달|포장|반려동물 동반|간편결제|품질이 좋아요|친절해요|종류가 다양해요|가성비가 좋아요|독특한 디자인이 많아요|스타일 추천을 잘해줘요|분위기가 편안해요|매장이 넓어요|A/S가 세심해요|시설이 깔끔해요","[""쌤소나이트 제주칠성로점"", ""가방,핸드백"", ""제주 제주시 중앙로 67"", ""제주 제주시 이도1동 1367-3"", ""0507-1305-4083"", ""09:00 - 21:00"", ""Samsonite BLACKLABEL"", ""Samsonite"", ""Samsonite RED"", ""AMERICAN_TOURISTER"", ""배달"", ""포장"", ""반려동물 동반"", ""간편결제"", ""품질이 좋아요"", ""친절해요"", ""종류가 다양해요"", ""가성비가 좋아요"", ""독특한 디자인이 많아요"", ""스타일 추천을 잘해줘요"", ""분위기가 편안해요"", ""매장이 넓어요"", ""A/S가 세심해요"", ""시설이 깔끔해요""]","{""name"": [""쌤소나이트 제주칠성로점""], ""category"": [""가방,핸드백""], ""address"": [""제주 제주시 중앙로 67"", ""제주 제주시 이도1동 1367-3""], ""phone"": [""0507-1305-4083""], ""hours"": [""09:00 - 21:00""], ""menus"": [""Samsonite BLACKLABEL"", ""Samsonite"", ""Samsonite RED"", ""AMERICAN_TOURISTER""], ""conveniences"": [""배달"", ""포장"", ""반려동물 동반"", ""간편결제""], ""visitor_keywords"": [""품질이 좋아요"", ""친절해요"", ""종류가 다양해요"", ""가성비가 좋아요"", ""독특한 디자인이 많아요"", ""스타일 추천을 잘해줘요"", ""분위기가 편안해요"", ""매장이 넓어요"", ""A/S가 세심해요"", ""시설이 깔끔해요""]}",https://naver.me/GmtK0VCm,,"[""쌤소나이트 제주칠성로점\n공지\n알림(디지털 온누리 탐나는전 사용가능 매장)\n온누리 가맹점, 탐나는 전 가맹점, 신세계 상품권 지류 사용 가능 매장입니다\n기간\n2026.08.25. ~ 2026.09.30.\n좋아요\n2026.04.25.\n2026년 4월 25일"", ""쌤소나이트 제주칠성로점\n공지\n알림쌤소나이트 제주 10주년 기념 프로모션\n전품목 할인 이벤트\n탐나는전· 디지털 및 온누리상품권 사용 및\n10% 적립 가능합니다.\n📞 064-752-4083\n더보기\n기간\n2026.08.25. ~ 2026.09.30.\n좋아요\n2026.04.04.\n2026년 4월 4일"", ""쌤소나이트 제주칠성로점\n알림탐나는 전,온누리 10%적립 신세계 상품권 사용가능 매장(2시간 배송)\n탐나는 전 10% + 매장 내 할인 상품 = 최소 20~50%까지 적용됩니다! 온누리도 가능 합니다. 신세계 상품권도 받습니다. (제주 전지역 2시간 이내 배송 매장)\n좋아요\n2026.03.14.\n2026년 3월 14일""]",,"[{""keyword"": ""품질이 좋아요"", ""count"": ""20""}, {""keyword"": ""친절해요"", ""count"": ""18""}, {""keyword"": ""종류가 다양해요"", ""count"": ""14""}, {""keyword"": ""가성비가 좋아요"", ""count"": ""10""}, {""keyword"": ""독특한 디자인이 많아요"", ""count"": ""9""}, {""keyword"": ""스타일 추천을 잘해줘요"", ""count"": ""7""}, {""keyword"": ""분위기가 편안해요"", ""count"": ""6""}, {""keyword"": ""매장이 넓어요"", ""count"": ""6""}, {""keyword"": ""A/S가 세심해요"", ""count"": ""4""}, {""keyword"": ""시설이 깔끔해요"", ""count"": ""1""}]","[{""title"": ""소개"", ""body"": ""안녕하세요. 쌤소나이트 제주 칠성로점입니다.\n저희 매장은 쌤소나이트, 하트만, 쌤소나이트 레드, 아메리칸 투어리스터\n4개 브랜드를 한 곳에서 만나보실 수 있습니다!\n66,000원부터 100만원대까지 다양한 가격대로 준비되어 있어\n여행 스타일과 예산에 맞춰 선택하실 수 있습니다.\n결제 혜택\n탐나는전, 온누리상품권 (모든상품권)사용 가능 (10% 적립)\n제주 전 지역 2시간내 무료 배달\n친절한 응대로 맞이하겠습니다. 방문해주세요""}, {""title"": ""대표 키워드"", ""body"": ""쌤소나이트여행가방탐나는전온누리가맹점아메리칸투어리스터""}, {""title"": ""편의시설 및 서비스"", ""body"": ""배달\n예약\n포장""}, {""title"": ""반려동물 동반"", ""body"": ""반려동물 동반 가능""}, {""title"": ""결제수단"", ""body"": ""지역화폐 (카드형)\n지역화폐 (지류형)\n지역화폐 (모바일형)\n제로페이\n간편결제""}, {""title"": ""SNS"", ""body"": ""블로그\nhttps://blog.naver.com/samsonite_jeju\n알고 계신 정보와 다른 정보가 있나요?\n사진으로 간단하게 제보해 주세요.\n정보 수정 제안하기\n이용약관고객센터리뷰운영정책신고센터\n네이버""}]"
436,436,제주여행자센터,기타,제주 제주시 중앙로 43 1층,,33.5143324,126.5248371,,,https://naver.me/Fbqwjezy,,중앙로,success,1_naver_link,naver_link place_id=2031464673,1.3,naver_place,https://map.naver.com/p/entry/place/2031464673,https://map.naver.com/p/entry/place/2031464673,https://pcmap.place.naver.com/place/2031464673/home,2031464673,제주여행자센터,관광안내소,,,제주 제주시 중앙로 43 1층,제주 제주시 일도1동 1291,,064-755-3355,,33.5143285,126.5248239,10:00 - 20:00,운영 중20:00에 운영 종료,,"{""매일"": {""open"": ""10:00 - 20:00""}}",운영 중20:00에 운영 종료 | 20시 0분에 운영 종료 | 매일 | 10:00 - 20:00 | 접기,무선 인터넷|남/녀 화장실 구분|대기공간|단체 이용 가능|간편결제,"'제주여행자센터'는 제주 원도심 중심에 위치하여 국내외 관광객들의 관광편의(무인셀프카페, 캐리어보관함, 무인환급기, 무인환전기)를 제공하고, 안내데스크를 마련하여 상권별 특성에 맞춰 자율상권 지역 안내와 관광정보를 제공합니다. 또한, 제주의 특성을 살린 상품업체들이 입점하여 관광객들의 소비편의를 제공합니다.",,,,,,,,제주여행자센터|관광안내소|제주 제주시 중앙로 43 1층|제주 제주시 일도1동 1291|064-755-3355|10:00 - 20:00|무선 인터넷|남/녀 화장실 구분|대기공간|단체 이용 가능|간편결제|제주여행|제주한달살기|제주목관아|용두암|제주동문시장|제주가볼만한곳,"[""제주여행자센터"", ""관광안내소"", ""제주 제주시 중앙로 43 1층"", ""제주 제주시 일도1동 1291"", ""064-755-3355"", ""10:00 - 20:00"", ""무선 인터넷"", ""남/녀 화장실 구분"", ""대기공간"", ""단체 이용 가능"", ""간편결제"", ""제주여행"", ""제주한달살기"", ""제주목관아"", ""용두암"", ""제주동문시장"", ""제주가볼만한곳""]","{""name"": [""제주여행자센터""], ""category"": [""관광안내소""], ""address"": [""제주 제주시 중앙로 43 1층"", ""제주 제주시 일도1동 1291""], ""phone"": [""064-755-3355""], ""hours"": [""10:00 - 20:00""], ""conveniences"": [""무선 인터넷"", ""남/녀 화장실 구분"", ""대기공간"", ""단체 이용 가능"", ""간편결제""], ""hashtags"": [""제주여행"", ""제주한달살기"", ""제주여행자센터"", ""제주목관아"", ""용두암"", ""제주동문시장"", ""제주가볼만한곳""], ""body_hashtags"": [""제주여행"", ""제주한달살기"", ""제주여행자센터"", ""제주목관아"", ""용두암"", ""제주동문시장"", ""제주가볼만한곳""]}",https://naver.me/Fbqwjezy,,"[""제주여행자센터\n알림NOTTY CURLY 한라에디션 런칭 기념 특별 혜택!!\n피부가 예민한 프리다이버 아내를 위해 만든 진정 브랜드 NOTTY CURLY!!\n한라에디션 런칭 기념 특별 혜택!!\n'제주여행자센터'를 찾아주시는 분들은\n한라에디션 듀오 상품(한라 라바 마스크 & 한라 징크 부스터)과\n카밍 크림 & 카밍 밤 까지 특별한 가격으로 만나보실 수 있습니다.\n더보기\n1명\n2026.01.08.\n2026년 1월 8일"", ""제주여행자센터\nEVENT스톤제주 1만원 이상 구매시 30g 치약 증정\n제주도에서만 구매가능한 스톤제주 제품을 1만원 이상 구입시 제주 볼카닉 치약 30g을 증정합니다.\n다양한 스톤제주의 상품을 '제주여행자센터'에서 만나보세요~^^\n기간\n2025.12.22. ~ 2026.01.15.\n좋아요\n2025.12.22.\n2025년 12월 22일"", ""제주여행자센터\n다음\nSALEBREEJEI Oil 10% 할인!\n99%의 식물성오일들과 1%의 토코페롤만으로 만들어진 자연과 가장 가까운 프리미엄 아로마케어!! 브리제이 오일 4종을 10% 할인하고 있습니다. 한정수량으로 진행되오니 방문하셔서 테스트해보세요~^^\n기간\n2026.02.28.\n1명\n2025.11.28.\n2025년 11월 28일""]",,,"[{""title"": ""소개"", ""body"": ""'제주여행자센터'는 제주 원도심 중심에 위치하여 국내외 관광객들의 관광편의(무인셀프카페, 캐리어보관함, 무인환급기, 무인환전기)를 제공하고, 안내데스크를 마련하여 상권별 특성에 맞춰 자율상권 지역 안내와 관광정보를 제공합니다. 또한, 제주의 특성을 살린 상품업체들이 입점하여 관광객들의 소비편의를 제공합니다.""}, {""title"": ""대표 키워드"", ""body"": ""여행자센터캐리어보관함제주특산품무인환전기무인환급기""}, {""title"": ""편의시설 및 서비스"", ""body"": ""무선 인터넷\n남/녀 화장실 구분\n대기공간\n단체 이용 가능""}, {""title"": ""반려동물 동반"", ""body"": ""반려동물 동반 불가""}, {""title"": ""주차"", ""body"": ""주차 불가\n인근 대체 주차장 안내\n제주칠성로상점가공중화장실이 장소에서 150m\n제주 제주시 일도1동 1476-1\n1. 제주시 일도1동 1476-1 칠성상가 제1 공영 주차장 2. 제주시 일도1동 칠성상가 제2 공여 주차장""}, {""title"": ""결제수단"", ""body"": ""지역화폐 (모바일형)\n지역화폐 (카드형)\n지역화폐 (지류형)\n제로페이\n간편결제""}, {""title"": ""SNS"", ""body"": ""인스타그램\nhttps://www.instagram.com/jejudtr0313/\n블로그\n블로그\n알고 계신 정보와 다른 정보가 있나요?\n사진으로 간단하게 제보해 주세요.\n정보 수정 제안하기\n이용약관고객센터리뷰운영정책신고센터\n네이버""}]"
437,437,와이드앵글,쇼핑,제주특별자치도 제주시 중앙로 50,,33.5139029,126.5245203,,,nmap://place?lat=33.5138859&lng=126.5244935&name=%EC%99%80%EC%9D%B4%EB%93%9C%EC%95%B5%EA%B8%80&appname=stan.ai.kr,,칠성로,success,2_address_match,주소일치(exact_or_contains) query=와이드앵글,1.6,naver_place,https://map.naver.com/p/entry/place/2049821997,https://map.naver.com/p/entry/place/2049821997,https://pcmap.place.naver.com/place/2049821997/home,2049821997,와이드앵글 제주칠성점,골프웨어,,,"제주 제주시 중앙로 50 1, 2층",제주 제주시 일도1동 1376,"중앙로에서 직진, 동문시장에서 우회전하신 뒤 탑동 방향으로 직진하시면 칠성로 아케이드 상가랑 이어지는 신호등 바로 앞에 위치해 있습니다.",0507-1473-3377,,33.5138939,126.5245073,10:30 - 20:00,영업 중20:00에 영업 종료,,"{""매일"": {""open"": ""10:30 - 20:00""}}",영업 중20:00에 영업 종료 | 20시 0분에 영업 종료 | 매일 | 10:30 - 20:00 | 접기,단체 이용 가능|간편결제|주차|반려동물 동반,"와이드앵글 제주칠성점입니다. 남녀 골프웨어, 골프용품 보유 중이며, 상품 구매 시 주차 1시간 지원해드립니다. 많은 방문 부탁드립니다.",,,,,,,,"와이드앵글 제주칠성점|골프웨어|제주 제주시 중앙로 50 1, 2층|제주 제주시 일도1동 1376|0507-1473-3377|10:30 - 20:00|단체 이용 가능|간편결제|주차|반려동물 동반","[""와이드앵글 제주칠성점"", ""골프웨어"", ""제주 제주시 중앙로 50 1, 2층"", ""제주 제주시 일도1동 1376"", ""0507-1473-3377"", ""10:30 - 20:00"", ""단체 이용 가능"", ""간편결제"", ""주차"", ""반려동물 동반""]","{""name"": [""와이드앵글 제주칠성점""], ""category"": [""골프웨어""], ""address"": [""제주 제주시 중앙로 50 1, 2층"", ""제주 제주시 일도1동 1376""], ""phone"": [""0507-1473-3377""], ""hours"": [""10:30 - 20:00""], ""conveniences"": [""단체 이용 가능"", ""간편결제"", ""주차"", ""반려동물 동반""]}",와이드앵글,,,,,"[{""title"": ""소개"", ""body"": ""와이드앵글 제주칠성점입니다. 남녀 골프웨어, 골프용품 보유 중이며, 상품 구매 시 주차 1시간 지원해드립니다. 많은 방문 부탁드립니다.""}, {""title"": ""대표 키워드"", ""body"": ""골프의류골프골프용품스포츠웨어골프슈즈""}, {""title"": ""편의시설 및 서비스"", ""body"": ""단체 이용 가능""}, {""title"": ""반려동물 동반"", ""body"": ""반려동물 동반 가능\n리드줄 필수""}, {""title"": ""주차"", ""body"": ""주차가능\n무료""}, {""title"": ""결제수단"", ""body"": ""지역화폐 (지류형)\n지역화폐 (카드형)\n지역화폐 (모바일형)\n제로페이\n간편결제\n알고 계신 정보와 다른 정보가 있나요?\n사진으로 간단하게 제보해 주세요.\n정보 수정 제안하기\n이용약관고객센터리뷰운영정책신고센터\n네이버""}]"
438,438,더픽 칠성점,쇼핑,제주특별자치도 제주시 칠성로길 32,,33.5143446,126.5261485,,,nmap://place?lat=33.5143446&lng=126.5261485&name=%EB%8D%94%ED%94%BD&appname=stan.ai.kr,512-08-97436,칠성로,fail,5_fail,매칭 실패,,,,,,,,,,,,,,,,,,,,,{},,,,,,,,,,,,[],{},더픽 칠성점 | 제주시 더픽 칠성점 | 더픽 칠성점 쇼핑 | 제주시 더픽 칠성점 쇼핑,,,,,
439,439,착한구두 제주 칠성점,쇼핑,제주 제주시 중앙로 41 1층 착한구두 제주 칠성점,,33.5144851,126.5248502,,,https://naver.me/xQiFiJS3,,칠성로,success,1_naver_link,naver_link place_id=1938401353,0.0,naver_place,https://map.naver.com/p/entry/place/1938401353,https://map.naver.com/p/entry/place/1938401353,https://pcmap.place.naver.com/place/1938401353/home,1938401353,착한구두 제주 칠성점,신발,,,제주 제주시 중앙로 41 1층 착한구두 제주 칠성점,제주 제주시 일도1동 1280-15,,,,33.5144851,126.5248502,영업 중,영업 중,,{},영업 중,,착한구두 시청에서 칠성으로 오프라인 스토어를 재 오픈했습니다. 제주 칠성점에서도 착한구두를 직접 경험해보세요.,,,,,,,,착한구두 제주 칠성점|신발|제주 제주시 중앙로 41 1층 착한구두 제주 칠성점|제주 제주시 일도1동 1280-15|영업 중|가성비가 좋아요|친절해요|종류가 다양해요|매장이 넓어요|품질이 좋아요|분위기가 편안해요|독특한 디자인이 많아요|스타일 추천을 잘해줘요|시설이 깔끔해요|트렌디해요,"[""착한구두 제주 칠성점"", ""신발"", ""제주 제주시 중앙로 41 1층 착한구두 제주 칠성점"", ""제주 제주시 일도1동 1280-15"", ""영업 중"", ""가성비가 좋아요"", ""친절해요"", ""종류가 다양해요"", ""매장이 넓어요"", ""품질이 좋아요"", ""분위기가 편안해요"", ""독특한 디자인이 많아요"", ""스타일 추천을 잘해줘요"", ""시설이 깔끔해요"", ""트렌디해요""]","{""name"": [""착한구두 제주 칠성점""], ""category"": [""신발""], ""address"": [""제주 제주시 중앙로 41 1층 착한구두 제주 칠성점"", ""제주 제주시 일도1동 1280-15""], ""hours"": [""영업 중""], ""visitor_keywords"": [""가성비가 좋아요"", ""친절해요"", ""종류가 다양해요"", ""매장이 넓어요"", ""품질이 좋아요"", ""분위기가 편안해요"", ""독특한 디자인이 많아요"", ""스타일 추천을 잘해줘요"", ""시설이 깔끔해요"", ""트렌디해요""]}",https://naver.me/xQiFiJS3,,,,"[{""keyword"": ""가성비가 좋아요"", ""count"": ""95""}, {""keyword"": ""친절해요"", ""count"": ""71""}, {""keyword"": ""종류가 다양해요"", ""count"": ""55""}, {""keyword"": ""매장이 넓어요"", ""count"": ""54""}, {""keyword"": ""품질이 좋아요"", ""count"": ""41""}, {""keyword"": ""분위기가 편안해요"", ""count"": ""33""}, {""keyword"": ""독특한 디자인이 많아요"", ""count"": ""13""}, {""keyword"": ""스타일 추천을 잘해줘요"", ""count"": ""13""}, {""keyword"": ""시설이 깔끔해요"", ""count"": ""8""}, {""keyword"": ""트렌디해요"", ""count"": ""4""}]","[{""title"": ""소개"", ""body"": ""착한구두 시청에서 칠성으로 오프라인 스토어를 재 오픈했습니다. 제주 칠성점에서도 착한구두를 직접 경험해보세요.""}, {""title"": ""대표 키워드"", ""body"": ""착한구두착한구두제주착한구두오프라인구두착한구두매장""}, {""title"": ""주차"", ""body"": ""주차 불가""}, {""title"": ""SNS"", ""body"": ""홈페이지\nhttps://chaakan.co.kr/\n인스타그램\n인스타그램\n알고 계신 정보와 다른 정보가 있나요?\n사진으로 간단하게 제보해 주세요.\n정보 수정 제안하기\n이용약관고객센터리뷰운영정책신고센터\n네이버""}]"
440,440,슈마커플러스 제주칠성점,쇼핑,제주 제주시 관덕로11길 32,,33.5158173,126.5257621,,,https://naver.me/FvT46U2w,,칠성로,success,1_naver_link,naver_link place_id=2003719934,1.1,naver_place,https://map.naver.com/p/entry/place/2003719934,https://map.naver.com/p/entry/place/2003719934,https://pcmap.place.naver.com/place/2003719934/home,2003719934,슈마커플러스 제주칠성점,신발,,,제주 제주시 관덕로11길 32 1층 슈마커플러스,제주 제주시 건입동 1401-7,,064-756-7734,https://www.shoemarker.co.kr/,33.5158267,126.5257638,10:30 - 21:00,영업 중21:00에 영업 종료,,"{""매일"": {""open"": ""10:30 - 21:00""}}",영업 중21:00에 영업 종료 | 21시 0분에 영업 종료 | 매일 | 10:30 - 21:00 | 접기,,"홈페이지
https://www.shoemarker.co.kr/
알고 계신 정보와 다른 정보가 있나요?
사진으로 간단하게 제보해 주세요.
정보 수정 제안하기
이용약관고객센터리뷰운영정책신고센터
네이버",,,,,,,,슈마커플러스 제주칠성점|신발|제주 제주시 관덕로11길 32 1층 슈마커플러스|제주 제주시 건입동 1401-7|064-756-7734|10:30 - 21:00,"[""슈마커플러스 제주칠성점"", ""신발"", ""제주 제주시 관덕로11길 32 1층 슈마커플러스"", ""제주 제주시 건입동 1401-7"", ""064-756-7734"", ""10:30 - 21:00""]","{""name"": [""슈마커플러스 제주칠성점""], ""category"": [""신발""], ""address"": [""제주 제주시 관덕로11길 32 1층 슈마커플러스"", ""제주 제주시 건입동 1401-7""], ""phone"": [""064-756-7734""], ""hours"": [""10:30 - 21:00""]}",https://naver.me/FvT46U2w,,,,,"[{""title"": ""대표 키워드"", ""body"": ""신발나이키뉴발란스아디다스멀티샵""}, {""title"": ""주차"", ""body"": ""주차 불가""}, {""title"": ""SNS"", ""body"": ""홈페이지\nhttps://www.shoemarker.co.kr/\n알고 계신 정보와 다른 정보가 있나요?\n사진으로 간단하게 제보해 주세요.\n정보 수정 제안하기\n이용약관고객센터리뷰운영정책신고센터\n네이버""}]"
441,441,칼하트WIP 제주점,쇼핑,제주 제주시 중앙로7길 11-1,,33.5149808,126.5260064,,,https://naver.me/FQuMrQE7,,칠성로,success,1_naver_link,naver_link place_id=1580490330,7.2,naver_place,https://map.naver.com/p/entry/place/1580490330,https://map.naver.com/p/entry/place/1580490330,https://pcmap.place.naver.com/place/1580490330/home,1580490330,칼하트WIP 제주점,캐주얼웨어,,,제주 제주시 중앙로7길 11-1,제주 제주시 일도일동 1300-26,,064-702-5545,,33.5149164,126.5260077,영업 중,영업 중,,{},영업 중,간편결제,리뷰 815사진 317팔로워 7,,,,,,,,칼하트WIP 제주점|캐주얼웨어|제주 제주시 중앙로7길 11-1|제주 제주시 일도일동 1300-26|064-702-5545|영업 중|간편결제|친절해요|매장이 넓어요|품질이 좋아요|종류가 다양해요|독특한 디자인이 많아요|분위기가 편안해요|스타일 추천을 잘해줘요|시설이 깔끔해요|가성비가 좋아요|트렌디해요,"[""칼하트WIP 제주점"", ""캐주얼웨어"", ""제주 제주시 중앙로7길 11-1"", ""제주 제주시 일도일동 1300-26"", ""064-702-5545"", ""영업 중"", ""간편결제"", ""친절해요"", ""매장이 넓어요"", ""품질이 좋아요"", ""종류가 다양해요"", ""독특한 디자인이 많아요"", ""분위기가 편안해요"", ""스타일 추천을 잘해줘요"", ""시설이 깔끔해요"", ""가성비가 좋아요"", ""트렌디해요""]","{""name"": [""칼하트WIP 제주점""], ""category"": [""캐주얼웨어""], ""address"": [""제주 제주시 중앙로7길 11-1"", ""제주 제주시 일도일동 1300-26""], ""phone"": [""064-702-5545""], ""hours"": [""영업 중""], ""conveniences"": [""간편결제""], ""visitor_keywords"": [""친절해요"", ""매장이 넓어요"", ""품질이 좋아요"", ""종류가 다양해요"", ""독특한 디자인이 많아요"", ""분위기가 편안해요"", ""스타일 추천을 잘해줘요"", ""시설이 깔끔해요"", ""가성비가 좋아요"", ""트렌디해요""]}",https://naver.me/FQuMrQE7,,,,"[{""keyword"": ""친절해요"", ""count"": ""42""}, {""keyword"": ""매장이 넓어요"", ""count"": ""31""}, {""keyword"": ""품질이 좋아요"", ""count"": ""28""}, {""keyword"": ""종류가 다양해요"", ""count"": ""20""}, {""keyword"": ""독특한 디자인이 많아요"", ""count"": ""13""}, {""keyword"": ""분위기가 편안해요"", ""count"": ""13""}, {""keyword"": ""스타일 추천을 잘해줘요"", ""count"": ""12""}, {""keyword"": ""시설이 깔끔해요"", ""count"": ""7""}, {""keyword"": ""가성비가 좋아요"", ""count"": ""5""}, {""keyword"": ""트렌디해요"", ""count"": ""5""}]","[{""title"": ""소개"", ""body"": ""1994년 Edwin Faeh가 설립한 Carhartt Work In Progress (칼하트 WIP)는 미국의 오리지널 워크웨어 브랜드 Carhartt를 기반으로 하고 있으며 설립이후 매 시즌 Carhartt WIP 컬렉션을 선보이고 있습니다. 기반이 튼튼한 아메리칸 스타일의 의류와 Carhartt가 꾸준히 포용해왔던 서브컬쳐를 결합함으로써 칼하트 WIP는 기존의 클래식함을 유지함과 동시에 그들만의 새로움을 컬렉션을 통해 보여주고 있습니다. 1980년대 후반 이래로 전 세계적으로 기존 주류 문화에 저항하는 반문화 세력은 Carhartt 워크웨어가 주는 강인한 이미지를 수용하여 자신들만의 것으로 만들었습니다. 한편, 네트워크의 성장과 튼튼한 기초를 바탕으로 한 Carhartt WIP는 1997년 런던에 첫 매장을 오픈하였으며 의류 산업 외의 문화 영역과 교류하기 시작했습니다. 음악 분야뿐만 아니라 칼하트 WIP 스케이트 팀을 구성하였으며 다방면의 아티스트를 지원함과 동시에 여러 출판물을 출시했습니다. 2010년 이후부터는 A.P.C, Converse, Fragment Design, Junya Watanabe, Nike, Vetements과 같은 브랜드와의 콜라보레이션과 Fela Kuti, Underground Resistance, Vestax와 같이 유명한 아티스트와의 콜라보레이션 또한 진행하였습니다.""}, {""title"": ""대표 키워드"", ""body"": ""칼하트WIPcarharttwip""}, {""title"": ""주차"", ""body"": ""주차 불가""}, {""title"": ""결제수단"", ""body"": ""지역화폐 (지류형)\n지역화폐 (카드형)\n지역화폐 (모바일형)\n제로페이\n간편결제""}, {""title"": ""SNS"", ""body"": ""홈페이지\nhttps://www.carhartt-wip.co.kr/front/main.do\n알고 계신 정보와 다른 정보가 있나요?\n사진으로 간단하게 제보해 주세요.\n정보 수정 제안하기\n이용약관고객센터리뷰운영정책신고센터\n네이버""}]"
442,442,한복입은바리스타,"카페, 디저트",제주 제주시 칠성로길 5 1층,,33.5135844,126.5235589,,,https://naver.me/FHO7cSvl,,칠성로,success,1_naver_link,naver_link place_id=2091663387,1.8,naver_place,https://map.naver.com/p/entry/place/2091663387,https://map.naver.com/p/entry/place/2091663387,https://pcmap.place.naver.com/place/2091663387/home,2091663387,한복입은바리스타,커피번,,,제주 제주시 칠성로길 5 1층,제주 제주시 일도일동 1405-8,"제주시 중앙로지하상가 9번 출구, | 도시재생센터 옆 건물 | 무료주차장. 제주시 관덕로 7길 13 주차 후 오시면 됩니다(오후 6시까지)",,,33.513578,126.5235411,10:00 - 20:00,영업 중20:00에 영업 종료,,"{""매일"": {""open"": ""10:00 - 20:00""}}",영업 중20:00에 영업 종료 | 20시 0분에 영업 종료 | 매일 | 10:00 - 20:00 | 접기,단체 이용 가능|포장|예약|무선 인터넷|남/녀 화장실 구분|유아의자|대기공간|주차,"우리옷 한복을 주제로 이야기를 시작하는 한복입은바리스타
제주를 찾은 관광객들에게 휴식할수 있는 공간을 제공하며 캐리어등 여행가방, 잠시 보관 할수 있는 공간을 제공하는 라운지 입니다",,,,,,,한라봉차 HOT / ICE|카페라떼 HOT / ICE|미숫가루 HOT / ICE|청귤차 HOT / ICE|핫쵸코 HOT / ICE|궁중한차 HOT / ICE|자몽차 HOT / ICE|아메리카노 HOT / ICE,한복입은바리스타|커피번|제주 제주시 칠성로길 5 1층|제주 제주시 일도일동 1405-8|10:00 - 20:00|한라봉차 HOT / ICE|카페라떼 HOT / ICE|미숫가루 HOT / ICE|청귤차 HOT / ICE|핫쵸코 HOT / ICE|궁중한차 HOT / ICE|자몽차 HOT / ICE|아메리카노 HOT / ICE|단체 이용 가능|포장|무선 인터넷|남/녀 화장실 구분|유아의자|대기공간|주차,"[""한복입은바리스타"", ""커피번"", ""제주 제주시 칠성로길 5 1층"", ""제주 제주시 일도일동 1405-8"", ""10:00 - 20:00"", ""한라봉차 HOT / ICE"", ""카페라떼 HOT / ICE"", ""미숫가루 HOT / ICE"", ""청귤차 HOT / ICE"", ""핫쵸코 HOT / ICE"", ""궁중한차 HOT / ICE"", ""자몽차 HOT / ICE"", ""아메리카노 HOT / ICE"", ""단체 이용 가능"", ""포장"", ""무선 인터넷"", ""남/녀 화장실 구분"", ""유아의자"", ""대기공간"", ""주차""]","{""name"": [""한복입은바리스타""], ""category"": [""커피번""], ""address"": [""제주 제주시 칠성로길 5 1층"", ""제주 제주시 일도일동 1405-8""], ""hours"": [""10:00 - 20:00""], ""menus"": [""한라봉차 HOT / ICE"", ""카페라떼 HOT / ICE"", ""미숫가루 HOT / ICE"", ""청귤차 HOT / ICE"", ""핫쵸코 HOT / ICE"", ""궁중한차 HOT / ICE"", ""자몽차 HOT / ICE"", ""아메리카노 HOT / ICE""], ""conveniences"": [""단체 이용 가능"", ""포장"", ""무선 인터넷"", ""남/녀 화장실 구분"", ""유아의자"", ""대기공간"", ""주차""]}",https://naver.me/FHO7cSvl,,,,,"[{""title"": ""소개"", ""body"": ""우리옷 한복을 주제로 이야기를 시작하는 한복입은바리스타\n제주를 찾은 관광객들에게 휴식할수 있는 공간을 제공하며 캐리어등 여행가방, 잠시 보관 할수 있는 공간을 제공하는 라운지 입니다""}, {""title"": ""편의시설 및 서비스"", ""body"": ""단체 이용 가능\n포장\n예약\n무선 인터넷\n남/녀 화장실 구분\n유아의자\n대기공간\n출입구 휠체어 이용가능\n좌석 휠체어 이용가능""}, {""title"": ""주차"", ""body"": ""주차가능\n무료\n무료주차장 : 제주시 관덕로 7길 13 주차 후 오세요(18시까지)\n알고 계신 정보와 다른 정보가 있나요?\n사진으로 간단하게 제보해 주세요.\n정보 수정 제안하기\n이용약관고객센터리뷰운영정책신고센터\n네이버""}]"
443,443,이수,쇼핑,제주특별자치도 제주시 칠성로길 8,,33.513545,126.5238978,,,nmap://place?lat=33.513545&lng=126.5238978&name=%EC%9D%B4%EC%88%98&appname=stan.ai.kr,,칠성로,fail,5_fail,매칭 실패,2608.8,naver_place,https://map.naver.com/p/entry/place/17091105,https://map.naver.com/p/entry/place/17091105,https://pcmap.place.naver.com/place/17091105/home,17091105,일도수선화아파트,아파트,,,제주 제주시 연삼로 560-1,제주 제주시 일도이동 113-1,,,,33.5028605,126.548949,,,,{},,,,,,,,,,,일도수선화아파트|아파트|제주 제주시 연삼로 560-1|제주 제주시 일도이동 113-1|제주열쇠|제주차키|제주차키분실|제주자동차키|제주자동차키분실|제주리모컨키|제주폴딩키|제주폴딩키분실|제주폴딩키제작|두꺼비집|우리전기조명|서귀포전기|일도수선화|주택용차단기|분전함|주택용분전함|서귀포전기조명|제주전기|제주전기조명|우리전기조명이,"[""일도수선화아파트"", ""아파트"", ""제주 제주시 연삼로 560-1"", ""제주 제주시 일도이동 113-1"", ""제주열쇠"", ""제주차키"", ""제주차키분실"", ""제주자동차키"", ""제주자동차키분실"", ""제주리모컨키"", ""제주폴딩키"", ""제주폴딩키분실"", ""제주폴딩키제작"", ""두꺼비집"", ""우리전기조명"", ""서귀포전기"", ""일도수선화"", ""주택용차단기"", ""분전함"", ""주택용분전함"", ""서귀포전기조명"", ""제주전기"", ""제주전기조명"", ""우리전기조명이""]","{""name"": [""일도수선화아파트""], ""category"": [""아파트""], ""address"": [""제주 제주시 연삼로 560-1"", ""제주 제주시 일도이동 113-1""], ""hashtags"": [""제주열쇠"", ""제주차키"", ""제주차키분실"", ""제주자동차키"", ""제주자동차키분실"", ""제주리모컨키"", ""제주폴딩키"", ""제주폴딩키분실"", ""제주폴딩키제작"", ""두꺼비집"", ""우리전기조명"", ""서귀포전기"", ""일도수선화"", ""주택용차단기"", ""분전함"", ""주택용분전함"", ""서귀포전기조명"", ""제주전기"", ""제주전기조명"", ""우리전기조명이""], ""body_hashtags"": [""제주열쇠"", ""제주차키"", ""제주차키분실"", ""제주자동차키"", ""제주자동차키분실"", ""제주리모컨키"", ""제주폴딩키"", ""제주폴딩키분실"", ""제주폴딩키제작"", ""두꺼비집"", ""우리전기조명"", ""서귀포전기"", ""일도수선화"", ""주택용차단기"", ""분전함"", ""주택용분전함"", ""서귀포전기조명"", ""제주전기"", ""제주전기조명"", ""우리전기조명이""]}",이수 | 제주시 이수 | 이수 쇼핑,,,,,
444,444,칸테일러,쇼핑,제주 제주시 관덕로15길 14,,33.5145288,126.526796,,,https://naver.me/xIer4n0L,,칠성로,success,1_naver_link,naver_link place_id=1405659595,3.6,naver_place,https://map.naver.com/p/entry/place/1405659595,https://map.naver.com/p/entry/place/1405659595,https://pcmap.place.naver.com/place/1405659595/home,1405659595,칸테일러,남성정장,,,제주 제주시 관덕로15길 14 2층,제주 제주시 일도1동 1311,제일프라자 건물 맞은편에 위치해 있습니다,0507-1436-1441,,33.5145596,126.5268068,월 12:00 - 20:30,영업 중20:30에 영업 종료,,"{""목"": {""open"": ""12:00 - 20:30""}, ""금"": {""open"": ""12:00 - 20:30""}, ""토"": {""open"": ""12:00 - 20:30""}, ""일"": {""open"": ""12:00 - 20:30""}, ""월"": {""open"": ""12:00 - 20:30""}, ""화"": {""open"": ""12:00 - 20:30""}, ""수"": {""open"": ""12:00 - 20:30""}}",영업 중20:30에 영업 종료 | 20시 30분에 영업 종료 | 목 | 12:00 - 20:30 | 금 | 12:00 - 20:30 | 토 | 12:00 - 20:30 | 일 | 12:00 - 20:30 | 월 | 12:00 - 20:30 | 화 | 12:00 - 20:30 | 수 | 12:00 - 20:30 | 09/25 추석 휴무 | 접기,예약|배달|반려동물 동반|대기공간,"KAN TAILOR는 고객님들의 체형커버부터 스타일링까지 모두 함께합니다.

예식용 정장부터 혼주 정장 까지

여러분에게 착한 가격으로 안내해드리겠습니다

민생회복, 온누리카드 사용가능 매장",,,,,,,기성복정장(기본)|기성복정장(스페셜)|맞춤수제화|정장대여,칸테일러|남성정장|제주 제주시 관덕로15길 14 2층|제주 제주시 일도1동 1311|0507-1436-1441|월 12:00 - 20:30|기성복정장(기본)|기성복정장(스페셜)|맞춤수제화|정장대여|배달|반려동물 동반|대기공간|친절해요|품질이 좋아요|가성비가 좋아요|스타일 추천을 잘해줘요|종류가 다양해요|분위기가 편안해요|맞춤 제작을 잘해요|트렌디해요|고급스러워요|사이즈가 다양해요,"[""칸테일러"", ""남성정장"", ""제주 제주시 관덕로15길 14 2층"", ""제주 제주시 일도1동 1311"", ""0507-1436-1441"", ""월 12:00 - 20:30"", ""기성복정장(기본)"", ""기성복정장(스페셜)"", ""맞춤수제화"", ""정장대여"", ""배달"", ""반려동물 동반"", ""대기공간"", ""친절해요"", ""품질이 좋아요"", ""가성비가 좋아요"", ""스타일 추천을 잘해줘요"", ""종류가 다양해요"", ""분위기가 편안해요"", ""맞춤 제작을 잘해요"", ""트렌디해요"", ""고급스러워요"", ""사이즈가 다양해요""]","{""name"": [""칸테일러""], ""category"": [""남성정장""], ""address"": [""제주 제주시 관덕로15길 14 2층"", ""제주 제주시 일도1동 1311""], ""phone"": [""0507-1436-1441""], ""hours"": [""월 12:00 - 20:30""], ""menus"": [""기성복정장(기본)"", ""기성복정장(스페셜)"", ""맞춤수제화"", ""정장대여""], ""conveniences"": [""배달"", ""반려동물 동반"", ""대기공간""], ""visitor_keywords"": [""친절해요"", ""품질이 좋아요"", ""가성비가 좋아요"", ""스타일 추천을 잘해줘요"", ""종류가 다양해요"", ""분위기가 편안해요"", ""맞춤 제작을 잘해요"", ""트렌디해요"", ""고급스러워요"", ""사이즈가 다양해요""]}",https://naver.me/xIer4n0L,,"[""칸테일러\n알림탐나는전 사용가능합니다!\n저희 매장은 탐나는전 사용 가능 매장입니다\n가성비좋은 상품 더 저렴하게 구매하세요!!\n면접용 정장 이벤트 할인 행사중!\n더보기\n좋아요\n2025.07.24.\n2025년 7월 24일""]",,"[{""keyword"": ""친절해요"", ""count"": ""127""}, {""keyword"": ""품질이 좋아요"", ""count"": ""109""}, {""keyword"": ""가성비가 좋아요"", ""count"": ""98""}, {""keyword"": ""스타일 추천을 잘해줘요"", ""count"": ""72""}, {""keyword"": ""종류가 다양해요"", ""count"": ""68""}, {""keyword"": ""분위기가 편안해요"", ""count"": ""52""}, {""keyword"": ""맞춤 제작을 잘해요"", ""count"": ""45""}, {""keyword"": ""트렌디해요"", ""count"": ""30""}, {""keyword"": ""고급스러워요"", ""count"": ""15""}, {""keyword"": ""사이즈가 다양해요"", ""count"": ""12""}]","[{""title"": ""소개"", ""body"": ""KAN TAILOR는 고객님들의 체형커버부터 스타일링까지 모두 함께합니다.\n\n예식용 정장부터 혼주 정장 까지\n\n여러분에게 착한 가격으로 안내해드리겠습니다\n\n민생회복, 온누리카드 사용가능 매장""}, {""title"": ""대표 키워드"", ""body"": ""제주예복제주정장대여제주맞춤정장제주도맞춤정장혼주정장""}, {""title"": ""편의시설 및 서비스"", ""body"": ""예약\n배달\n대기공간""}, {""title"": ""반려동물 동반"", ""body"": ""반려동물 동반 가능""}, {""title"": ""주차"", ""body"": ""주차 불가""}, {""title"": ""결제수단"", ""body"": ""지역화폐 (카드형)\n지역화폐 (지류형)\n지역화폐 (모바일형)""}, {""title"": ""SNS"", ""body"": ""예약\nhttp://pf.kakao.com/_xfXxcHn/chat\n인스타그램\n인스타그램\n홈페이지\n홈페이지\n알고 계신 정보와 다른 정보가 있나요?\n사진으로 간단하게 제보해 주세요.\n정보 수정 제안하기\n이용약관고객센터리뷰운영정책신고센터\n네이버""}]"
445,445,쉴레,쇼핑,제주특별자치도 제주시 칠성로길 42-1,,33.514239,126.5272733,,,nmap://place?lat=33.514239&lng=126.5272733&name=%EC%89%B4%EB%A0%88&appname=stan.ai.kr,596-16-01893,칠성로,fail,5_fail,매칭 실패,,,,,,,,,,,,,,,,,,,,,{},,,,,,,,,,,,[],{},쉴레 | 제주시 쉴레 | 쉴레 쇼핑 | 제주시 쉴레 쇼핑,,,,,
446,446,디엔(DN) Foreign Mart,쇼핑,제주특별자치도 제주시 중앙로7길 9,,33.5150208,126.5257022,,,nmap://place?lat=33.5150207960801&lng=126.525702228467&name=%EB%94%94%EC%97%94(DN)%20Foreign%20Mart&appname=stan.ai.kr,710-02-03433,칠성로,fail,5_fail,매칭 실패,,,,,,,,,,,,,,,,,,,,,{},,,,,,,,,,,,[],{},디엔(DN) Foreign Mart | 제주시 디엔(DN) Foreign Mart | 디엔(DN) Foreign Mart 쇼핑 | 제주시 디엔(DN) Foreign Mart 쇼핑,,,,,
447,447,설레라인도네시아,음식점,제주특별자치도 제주시 칠성로길 21,,33.5143379,126.5251028,,,https://naver.me/xbjsiU8E,529-24-02072,칠성로,success,1_naver_link,naver_link place_id=2025375100,0.7,naver_place,https://map.naver.com/p/entry/place/2025375100,https://map.naver.com/p/entry/place/2025375100,https://pcmap.place.naver.com/place/2025375100/home,2025375100,설레라인도네시아,아시아음식,,,제주 제주시 칠성로길 21 2층,제주 제주시 일도일동 1294-4,,0507-1445-6686,,33.5143414,126.5250969,월 정기휴무 (매주 월요일),영업 중20:30에 라스트오더,영업 중20:30에 라스트오더 | 20시 30분에 라스트오더 | 20:30 라스트오더,"{""목"": {""open"": ""12:00 - 21:00""}, ""금"": {""open"": ""12:00 - 21:00""}, ""토"": {""open"": ""12:00 - 21:00""}, ""일"": {""open"": ""12:00 - 21:00""}, ""월"": {""open"": ""정기휴무 (매주 월요일)""}, ""화"": {""open"": ""12:00 - 21:00""}, ""수"": {""open"": ""12:00 - 21:00""}}",영업 중20:30에 라스트오더 | 20시 30분에 라스트오더 | 목 | 12:00 - 21:00 | 20:30 라스트오더 | 금 | 12:00 - 21:00 | 20:30 라스트오더 | 토 | 12:00 - 21:00 | 20:30 라스트오더 | 일 | 12:00 - 21:00 | 20:30 라스트오더 | 월 | 정기휴무 (매주 월요일) | 화 | 12:00 - 21:00 | 20:30 라스트오더 | 수 | 12:00 - 21:00 | 20:30 라스트오더 | 접기,단체 이용 가능|포장|무선 인터넷|간편결제,"는 아님 주의 인도네시아 음식은 사실 한국에서 경험 자체가 어려운 편인데 제주에 이런 곳이 있어서 신기했다. 사실상 외국인들을 위한 식당이라고 해도 과언이 아닐 정도로 주문 부터 영어로 해야 했다. 직원 분한테 뭐 물어보려고 해도 영어로 해야 했음! 그래도 이미지와 영어 문구가 있어서 이래저래 주문을 해보았다 신기해서 디저트 류도 주문을 해보았는데 인도네시아는 이런 스타일 디저트가 있구나 하면서! 맛있다기 보다는 인도네시아 여행 갔다온 기분을 느낌 요건 치킨 누들에 미트볼이 있는 면요리였는데 국물이 개운하니 맛있었다 한국식 라면이 더 맛있긴 함! 사실 뭘 시켜야 할지 모르겠어서 그냥저냥 맛나 보이는 걸로 주문했는데 전체적으로는 체험적이고 도전적인 느낌으로 식사를 마무리했다고 결론을 지을 수 밖에 없을듯 하다 나는 워낙 새로운 도전을 즐기는 편이라 그럭저럭 나쁘진 않았는데 아내 한테 한 소리 듣긴 함 ㅠ
6.22.월
2026년 6월 22일 월요일
이미지 수
16
휴이
휴이의 요리와 외식
제주 인도네시아 음식점 셀레라인도네시아 한줄평가
셀레라인도네시아 셀레라인도네시아 위치: 제주시 칠성로길 21 2층 주차자리: 없음.",,,,,,,Selera indonesia,설레라인도네시아|아시아음식|제주 제주시 칠성로길 21 2층|제주 제주시 일도일동 1294-4|0507-1445-6686|월 정기휴무 (매주 월요일)|Selera indonesia|단체 이용 가능|포장|무선 인터넷|간편결제|셀레라인도네시아|인도네시아음식점|식당리뷰|솔직리뷰|내돈내산|내돈내산리뷰|한줄평가|음식평론|휴이의리뷰,"[""설레라인도네시아"", ""아시아음식"", ""제주 제주시 칠성로길 21 2층"", ""제주 제주시 일도일동 1294-4"", ""0507-1445-6686"", ""월 정기휴무 (매주 월요일)"", ""Selera indonesia"", ""단체 이용 가능"", ""포장"", ""무선 인터넷"", ""간편결제"", ""셀레라인도네시아"", ""인도네시아음식점"", ""식당리뷰"", ""솔직리뷰"", ""내돈내산"", ""내돈내산리뷰"", ""한줄평가"", ""음식평론"", ""휴이의리뷰""]","{""name"": [""설레라인도네시아""], ""category"": [""아시아음식""], ""address"": [""제주 제주시 칠성로길 21 2층"", ""제주 제주시 일도일동 1294-4""], ""phone"": [""0507-1445-6686""], ""hours"": [""월 정기휴무 (매주 월요일)""], ""menus"": [""Selera indonesia""], ""conveniences"": [""단체 이용 가능"", ""포장"", ""무선 인터넷"", ""간편결제""], ""hashtags"": [""셀레라인도네시아"", ""인도네시아음식점"", ""식당리뷰"", ""솔직리뷰"", ""내돈내산"", ""내돈내산리뷰"", ""한줄평가"", ""음식평론"", ""휴이의리뷰""], ""body_hashtags"": [""셀레라인도네시아"", ""인도네시아음식점"", ""식당리뷰"", ""솔직리뷰"", ""내돈내산"", ""내돈내산리뷰"", ""한줄평가"", ""음식평론"", ""휴이의리뷰""]}",https://naver.me/xbjsiU8E,,,,,"[{""title"": ""소개"", ""body"": ""Rumah makan indonesia dengan menu khas cita rasa masakan rumahan""}, {""title"": ""편의시설 및 서비스"", ""body"": ""단체 이용 가능\n포장\n무선 인터넷""}, {""title"": ""주차"", ""body"": ""주차 불가""}, {""title"": ""좌석·공간"", ""body"": ""입식""}, {""title"": ""결제수단"", ""body"": ""간편결제\n알고 계신 정보와 다른 정보가 있나요?\n사진으로 간단하게 제보해 주세요.\n정보 수정 제안하기\n이용약관고객센터리뷰운영정책신고센터\n네이버""}]"
448,448,제주상회아이스크림,쇼핑,제주특별자치도 제주시 칠성로길 30,,33.5143498,126.5259441,,,nmap://place?lat=33.5143498&lng=126.5259441&name=%EC%A0%9C%EC%A3%BC%EC%83%81%ED%9A%8C%EC%95%84%EC%9D%B4%EC%8A%A4%ED%81%AC%EB%A6%BC&appname=stan.ai.kr,,칠성로,fail,5_fail,매칭 실패,324121.8,naver_place,https://map.naver.com/p/entry/place/16031974,https://map.naver.com/p/entry/place/16031974,https://pcmap.place.naver.com/place/16031974/home,16031974,제주상회,과일,,,대구 북구 칠성시장로 29,대구 북구 칠성동1가 163-1,,053-431-4278,,35.8764512,128.6036625,,,,{},,,,,,,,,,,"제주상회|과일|대구 북구 칠성시장로 29|대구 북구 칠성동1가 163-1|053-431-4278|안내|20회18명 참여|""친절해요""|이 키워드를 선택한 인원|""상품이 다양해요""|""신선해요""|""과일이 맛있어요""|""제철 과일이 빨리 나와요""|4.5423개 평점(21명 참여)|최신순|kon****|팔로우|칠성시장 제주상회~제철과일 신선하고 좋아요|신선해요","[""제주상회"", ""과일"", ""대구 북구 칠성시장로 29"", ""대구 북구 칠성동1가 163-1"", ""053-431-4278"", ""안내"", ""20회18명 참여"", ""\""친절해요\"""", ""이 키워드를 선택한 인원"", ""\""상품이 다양해요\"""", ""\""신선해요\"""", ""\""과일이 맛있어요\"""", ""\""제철 과일이 빨리 나와요\"""", ""4.5423개 평점(21명 참여)"", ""최신순"", ""kon****"", ""팔로우"", ""칠성시장 제주상회~제철과일 신선하고 좋아요"", ""신선해요""]","{""name"": [""제주상회""], ""category"": [""과일""], ""address"": [""대구 북구 칠성시장로 29"", ""대구 북구 칠성동1가 163-1""], ""phone"": [""053-431-4278""], ""visitor_keywords"": [""안내"", ""20회18명 참여"", ""\""친절해요\"""", ""이 키워드를 선택한 인원"", ""\""상품이 다양해요\"""", ""\""신선해요\"""", ""\""과일이 맛있어요\"""", ""\""제철 과일이 빨리 나와요\"""", ""4.5423개 평점(21명 참여)"", ""최신순"", ""kon****"", ""팔로우"", ""칠성시장 제주상회~제철과일 신선하고 좋아요"", ""신선해요""]}",제주상회아이스크림 | 제주시 제주상회아이스크림 | 제주상회아이스크림 쇼핑 | 제주시 제주상회아이스크림 쇼핑,,,,"[""안내"", ""20회18명 참여"", ""\""친절해요\"""", ""이 키워드를 선택한 인원"", ""\""상품이 다양해요\"""", ""\""신선해요\"""", ""\""과일이 맛있어요\"""", ""\""제철 과일이 빨리 나와요\"""", ""4.5423개 평점(21명 참여)"", ""최신순"", ""kon****"", ""팔로우"", ""칠성시장 제주상회~제철과일 신선하고 좋아요"", ""신선해요""]",
449,449,GS25 제주칠성점,기타,제주 제주시 관덕로15길 22,,33.5152195,126.5268839,,,https://naver.me/5PVXvC9s,,칠성로,success,1_naver_link,naver_link place_id=1052599665,2.0,naver_place,https://map.naver.com/p/entry/place/1052599665,https://map.naver.com/p/entry/place/1052599665,https://pcmap.place.naver.com/place/1052599665/home,1052599665,GS25 제주칠성점,편의점,,,제주 제주시 관덕로15길 22 1층,제주 제주시 일도일동 1276-26,,080-999-5425,,33.5152067,126.526869,00:00 - 24:00,24시간 영업연중무휴,,"{""매일"": {""open"": ""00:00 - 24:00""}}",24시간 영업연중무휴 | 연중무휴 | 매일 | 00:00 - 24:00 | 접기,,"우리동네 GS25에서 도시락,제철과일,음료 등 최대 60%까지 할인된 가격에 판매합니다.

Lifestyle platform, GS25

※점포별 제공 서비스는 GS25 홈페이지에서 확인 가능합니다※

http://gs25.gsretail.com/",,,,,,,,GS25 제주칠성점|편의점|제주 제주시 관덕로15길 22 1층|제주 제주시 일도일동 1276-26|080-999-5425|00:00 - 24:00|친절해요|상품이 다양해요|트렌디한 상품이 많아요|할인/적립을 잘 챙겨줘요|매장이 청결해요|행사 상품이 다양해요|즉석조리 식품이 맛있어요|취식 공간이 잘 되어있어요|매장이 넓어요|즉석커피가 맛있어요,"[""GS25 제주칠성점"", ""편의점"", ""제주 제주시 관덕로15길 22 1층"", ""제주 제주시 일도일동 1276-26"", ""080-999-5425"", ""00:00 - 24:00"", ""친절해요"", ""상품이 다양해요"", ""트렌디한 상품이 많아요"", ""할인/적립을 잘 챙겨줘요"", ""매장이 청결해요"", ""행사 상품이 다양해요"", ""즉석조리 식품이 맛있어요"", ""취식 공간이 잘 되어있어요"", ""매장이 넓어요"", ""즉석커피가 맛있어요""]","{""name"": [""GS25 제주칠성점""], ""category"": [""편의점""], ""address"": [""제주 제주시 관덕로15길 22 1층"", ""제주 제주시 일도일동 1276-26""], ""phone"": [""080-999-5425""], ""hours"": [""00:00 - 24:00""], ""visitor_keywords"": [""친절해요"", ""상품이 다양해요"", ""트렌디한 상품이 많아요"", ""할인/적립을 잘 챙겨줘요"", ""매장이 청결해요"", ""행사 상품이 다양해요"", ""즉석조리 식품이 맛있어요"", ""취식 공간이 잘 되어있어요"", ""매장이 넓어요"", ""즉석커피가 맛있어요""]}",https://naver.me/5PVXvC9s,,,,"[{""keyword"": ""친절해요"", ""count"": ""63""}, {""keyword"": ""상품이 다양해요"", ""count"": ""61""}, {""keyword"": ""트렌디한 상품이 많아요"", ""count"": ""15""}, {""keyword"": ""할인/적립을 잘 챙겨줘요"", ""count"": ""14""}, {""keyword"": ""매장이 청결해요"", ""count"": ""12""}, {""keyword"": ""행사 상품이 다양해요"", ""count"": ""11""}, {""keyword"": ""즉석조리 식품이 맛있어요"", ""count"": ""9""}, {""keyword"": ""취식 공간이 잘 되어있어요"", ""count"": ""7""}, {""keyword"": ""매장이 넓어요"", ""count"": ""4""}, {""keyword"": ""즉석커피가 맛있어요"", ""count"": ""2""}]","[{""title"": ""소개"", ""body"": ""우리동네 GS25에서 도시락,제철과일,음료 등 최대 60%까지 할인된 가격에 판매합니다.\n\nLifestyle platform, GS25\n\n※점포별 제공 서비스는 GS25 홈페이지에서 확인 가능합니다※\n\nhttp://gs25.gsretail.com/""}, {""title"": ""결제수단"", ""body"": ""지역화폐 (카드형)\n지역화폐 (지류형)\n제로페이\n알고 계신 정보와 다른 정보가 있나요?\n사진으로 간단하게 제보해 주세요.\n정보 수정 제안하기\n이용약관고객센터리뷰운영정책신고센터\n네이버""}]"
450,450,허브에스테틱,기타,제주특별자치도 제주시 관덕로15길 9,,33.514004,126.5266383,,,nmap://place?lat=33.514004046783&lng=126.526638258614&name=%ED%97%88%EB%B8%8C%EC%97%90%EC%8A%A4%ED%85%8C%ED%8B%B1&appname=stan.ai.kr,,칠성로,success,2_address_match,주소일치(exact_or_contains) query=허브에스테틱,2.8,naver_place,https://map.naver.com/p/entry/place/4150088956,https://map.naver.com/p/entry/place/4150088956,https://pcmap.place.naver.com/place/4150088956/home,4150088956,허브에스테틱,"피부,체형관리",,,제주 제주시 관덕로15길 9,제주 제주시 일도일동 1333-2,,,,33.5139904,126.5266127,,,,{},정보 수정,,,,,,,,,,"허브에스테틱|피부,체형관리|제주 제주시 관덕로15길 9|제주 제주시 일도일동 1333-2","[""허브에스테틱"", ""피부,체형관리"", ""제주 제주시 관덕로15길 9"", ""제주 제주시 일도일동 1333-2""]","{""name"": [""허브에스테틱""], ""category"": [""피부,체형관리""], ""address"": [""제주 제주시 관덕로15길 9"", ""제주 제주시 일도일동 1333-2""]}",허브에스테틱,,,,,
451,451,목포세발낙지,음식점,제주 제주시 중앙로1길 6,,33.5162651,126.5253624,,,https://naver.me/F74KG5hD,,칠성로,success,1_naver_link,naver_link place_id=16739442,0.0,naver_place,https://map.naver.com/p/entry/place/16739442,https://map.naver.com/p/entry/place/16739442,https://pcmap.place.naver.com/place/16739442/home,16739442,목포세발낙지,낙지요리,,,제주 제주시 중앙로1길 6,제주 제주시 건입동 1414,,064-752-2085,,33.5162651,126.5253624,,,,{},정보 수정,,"할께요. 간판 색이 바랠정도로 입구부터 찐 맛집인 목포 세발낙지집에 들어서면 많은 사진들과 싸인을 볼수 있는데 앞서 말씀드린 연예인들분들과 유명인들이 이미 많이 찾으신 찐 맛집이에요. 이곳의 메인 요리는 힘좋고 신선한 세발낙지와탕탕이 연포탕 산낙지볶음 낙지전골등 낙지를 가지고 만들수 있는 다양한 술안주들과 돌멍게 전복구이 그리고 식사류로는 청국장 매생이국 김치찌개등이 있어요. 처음엔 손님으로 방문했는데 어머니 같이 친절하시고 유쾌하신 사장님과 금방 친해지고나서는 전복구이와 돌멍게 까서 입에 넣어주시고 굉장히 따뜻한 환대를 받고 돌아왔답니다. 제주의 오래된 노포맛집 그리고 신선하고 힘이센 세발낙지를 드시고 싶으실땐 탑동의 목포세발낙지를 방문해보세요. 제주 제주시 중앙로 21-1 #제주탑동맛집#제주노포#제주공항근처맛집#제주낙지요리#제주세발낙지#제주목포세발낙지#목포세발낙지#제주전복구이#제주산낙지#제주탕탕이#고두심배우님이즐겨찾는노포맛집
23.5.22.월
2023년 5월 22일 월요일
이미지 수
7
로딩중
알고 계신",,,,,,,전복회|전복구이|세발낙지|산낙지|탕탕이|연포탕,목포세발낙지|낙지요리|제주 제주시 중앙로1길 6|제주 제주시 건입동 1414|064-752-2085|전복회|전복구이|세발낙지|산낙지|탕탕이|연포탕|음식이 맛있어요|재료가 신선해요|특별한 메뉴가 있어요|친절해요|양이 많아요|음식이 빨리 나와요|혼술하기 좋아요|가성비가 좋아요|비싼 만큼 가치있어요|협찬|제주탑동맛집|제주노포|제주공항근처맛집|제주낙지요리|제주세발낙지|제주목포세발낙지|제주전복구이|제주산낙지|제주탕탕이|고두심배우님이즐겨찾는노포맛집,"[""목포세발낙지"", ""낙지요리"", ""제주 제주시 중앙로1길 6"", ""제주 제주시 건입동 1414"", ""064-752-2085"", ""전복회"", ""전복구이"", ""세발낙지"", ""산낙지"", ""탕탕이"", ""연포탕"", ""음식이 맛있어요"", ""재료가 신선해요"", ""특별한 메뉴가 있어요"", ""친절해요"", ""양이 많아요"", ""음식이 빨리 나와요"", ""혼술하기 좋아요"", ""가성비가 좋아요"", ""비싼 만큼 가치있어요"", ""협찬"", ""제주탑동맛집"", ""제주노포"", ""제주공항근처맛집"", ""제주낙지요리"", ""제주세발낙지"", ""제주목포세발낙지"", ""제주전복구이"", ""제주산낙지"", ""제주탕탕이"", ""고두심배우님이즐겨찾는노포맛집""]","{""name"": [""목포세발낙지""], ""category"": [""낙지요리""], ""address"": [""제주 제주시 중앙로1길 6"", ""제주 제주시 건입동 1414""], ""phone"": [""064-752-2085""], ""menus"": [""전복회"", ""전복구이"", ""세발낙지"", ""산낙지"", ""탕탕이"", ""연포탕""], ""visitor_keywords"": [""음식이 맛있어요"", ""재료가 신선해요"", ""특별한 메뉴가 있어요"", ""친절해요"", ""양이 많아요"", ""음식이 빨리 나와요"", ""혼술하기 좋아요"", ""가성비가 좋아요"", ""비싼 만큼 가치있어요""], ""hashtags"": [""협찬"", ""제주탑동맛집"", ""제주노포"", ""제주공항근처맛집"", ""제주낙지요리"", ""제주세발낙지"", ""제주목포세발낙지"", ""목포세발낙지"", ""제주전복구이"", ""제주산낙지"", ""제주탕탕이"", ""고두심배우님이즐겨찾는노포맛집""], ""body_hashtags"": [""협찬"", ""제주탑동맛집"", ""제주노포"", ""제주공항근처맛집"", ""제주낙지요리"", ""제주세발낙지"", ""제주목포세발낙지"", ""목포세발낙지"", ""제주전복구이"", ""제주산낙지"", ""제주탕탕이"", ""고두심배우님이즐겨찾는노포맛집""]}",https://naver.me/F74KG5hD,,,,"[{""keyword"": ""음식이 맛있어요"", ""count"": ""13""}, {""keyword"": ""재료가 신선해요"", ""count"": ""13""}, {""keyword"": ""특별한 메뉴가 있어요"", ""count"": ""5""}, {""keyword"": ""친절해요"", ""count"": ""3""}, {""keyword"": ""양이 많아요"", ""count"": ""3""}, {""keyword"": ""음식이 빨리 나와요"", ""count"": ""2""}, {""keyword"": ""혼술하기 좋아요"", ""count"": ""1""}, {""keyword"": ""가성비가 좋아요"", ""count"": ""1""}, {""keyword"": ""비싼 만큼 가치있어요"", ""count"": ""1""}]","[{""title"": ""메뉴6"", ""body"": ""메뉴판 이미지로 보기\n전복회\n30,000원\n전복구이\n35,000원\n세발낙지\n12,000원\n산낙지\n50,000원\n이용약관고객센터리뷰운영정책신고센터\n네이버""}]"
452,452,핏플(FITPLE),,제주특별자치도 제주시 관덕로 11길 34,,33.5159497,126.5257996,,,,,분류중,fail,5_fail,매칭 실패,6362.4,naver_place,https://map.naver.com/p/entry/place/1029396750,https://map.naver.com/p/entry/place/1029396750,https://pcmap.place.naver.com/place/1029396750/home,1029396750,핏플,가공식품,,,제주 제주시 한라대학로 38 1118호,제주 제주시 노형동 1534,온라인 쇼핑몰업체입니다:) | 저희 공식,0507-1417-1612,,33.4771279,126.4753953,월 10:30 - 17:30,영업 종료10:30에 영업 시작,,"{""목"": {""open"": ""10:30 - 17:30""}, ""금"": {""open"": ""10:30 - 17:30""}, ""토"": {""open"": ""정기휴무 (매주 토요일)""}, ""일"": {""open"": ""정기휴무 (매주 일요일)""}, ""월"": {""open"": ""10:30 - 17:30""}, ""화"": {""open"": ""10:30 - 17:30""}, ""수"": {""open"": ""10:30 - 17:30""}}",영업 종료10:30에 영업 시작 | 10시 30분에 영업 시작 | 목 | 10:30 - 17:30 | 12:30 - 13:30 휴게시간 | 금 | 10:30 - 17:30 | 12:30 - 13:30 휴게시간 | 토 | 정기휴무 (매주 토요일) | 일 | 정기휴무 (매주 일요일) | 월 | 10:30 - 17:30 | 12:30 - 13:30 휴게시간 | 화 | 10:30 - 17:30 | 12:30 - 13:30 휴게시간 | 수 | 10:30 - 17:30 | 12:30 - 13:30 휴게시간 | 09/24-09/26 추석 연휴 휴무 | 접기,,,,,,,,,,핏플|가공식품|제주 제주시 한라대학로 38 1118호|제주 제주시 노형동 1534|0507-1417-1612|월 10:30 - 17:30,"[""핏플"", ""가공식품"", ""제주 제주시 한라대학로 38 1118호"", ""제주 제주시 노형동 1534"", ""0507-1417-1612"", ""월 10:30 - 17:30""]","{""name"": [""핏플""], ""category"": [""가공식품""], ""address"": [""제주 제주시 한라대학로 38 1118호"", ""제주 제주시 노형동 1534""], ""phone"": [""0507-1417-1612""], ""hours"": [""월 10:30 - 17:30""]}",핏플(FITPLE) | 제주시 핏플(FITPLE),,,,,
453,453,아일랜드토모라(ISLANDTOMORA),,제주특별자치도 제주시 관덕로 11길 34,,33.5159497,126.5257996,,,,,분류중,fail,5_fail,매칭 실패,,,,,,,,,,,,,,,,,,,,,{},,,,,,,,,,,,[],{},아일랜드토모라(ISLANDTOMORA) | 제주시 아일랜드토모라(ISLANDTOMORA),,,,,
454,454,미더(MITHE),,제주특별자치도 제주시 관덕로 11길 34,,33.5159497,126.5257996,,,,,분류중,fail,5_fail,매칭 실패,,,,,,,,,,,,,,,,,,,,,{},,,,,,,,,,,,[],{},미더(MITHE) | 제주시 미더(MITHE),,,,,
455,455,커스티(CURSTI),,제주특별자치도 제주시 관덕로 11길 34,,33.5159497,126.5257996,,,,,분류중,fail,5_fail,매칭 실패,,,,,,,,,,,,,,,,,,,,,{},,,,,,,,,,,,[],{},커스티(CURSTI) | 제주시 커스티(CURSTI),,,,,
457,457,마이콩(MyKong),,제주특별자치도 제주시 관덕로 11길 34,,33.5159497,126.5257996,,,,,분류중,fail,5_fail,매칭 실패,487.8,naver_place,https://map.naver.com/p/entry/place/2015674427,https://map.naver.com/p/entry/place/2015674427,https://pcmap.place.naver.com/place/2015674427/home,2015674427,마이콩,"카페,디저트",,쫄깃한 찹쌀볼이 살린 콩국의 완성,제주 제주시 동문로4길 9 동문시장 청년몰 지하1층 B1호,제주 제주시 일도1동 1103,"1. 제주 동문시장 공영주차장(제주시 일도일동 1104) 주차타워 지하1층 | 으로 내려오시거나, | 2. 동문시장 안 '사랑분식' 맞은편 청년몰 가는 길로 내려오시면 됩니다.",0507-1322-5738,http://pf.kakao.com/_xhpHdX,33.5120583,126.5282277,월 10:00 - 16:30,오늘 휴무09/10 휴무,,"{""목"": {""open"": ""휴무""}, ""금"": {""open"": ""10:00 - 16:30""}, ""일"": {""open"": ""10:00 - 16:30""}, ""월"": {""open"": ""10:00 - 16:30""}, ""화"": {""open"": ""정기휴무 (매주 화요일)""}, ""수"": {""open"": ""10:00 - 16:30""}}",오늘 휴무09/10 휴무 | 09/10 휴무 | 목(9/10) | 휴무 | 금 | 10:00 - 16:30 | 토(9/12) | 휴무 | 일 | 10:00 - 16:30 | 월 | 10:00 - 16:30 | 화 | 정기휴무 (매주 화요일) | 수 | 10:00 - 16:30 | 접기,포장|남/녀 화장실 구분|대기공간|단체 이용 가능|무선 인터넷|예약|배달|유아의자|간편결제|주차,,,,,,,,마이콩국|쑥콩국|마이콩컵|콩슬러시|제주콩라떼|녹콩라떼|밤콩라떼|팥콩라떼|땅콩라떼|얼콩라떼,"마이콩|카페,디저트|제주 제주시 동문로4길 9 동문시장 청년몰 지하1층 B1호|제주 제주시 일도1동 1103|0507-1322-5738|월 10:00 - 16:30|마이콩국|쑥콩국|마이콩컵|콩슬러시|제주콩라떼|녹콩라떼|밤콩라떼|팥콩라떼|땅콩라떼|얼콩라떼|쫄깃한 찹쌀볼이 살린 콩국의 완성|포장|남/녀 화장실 구분|대기공간|단체 이용 가능|무선 인터넷|배달|유아의자|간편결제|주차","[""마이콩"", ""카페,디저트"", ""제주 제주시 동문로4길 9 동문시장 청년몰 지하1층 B1호"", ""제주 제주시 일도1동 1103"", ""0507-1322-5738"", ""월 10:00 - 16:30"", ""마이콩국"", ""쑥콩국"", ""마이콩컵"", ""콩슬러시"", ""제주콩라떼"", ""녹콩라떼"", ""밤콩라떼"", ""팥콩라떼"", ""땅콩라떼"", ""얼콩라떼"", ""쫄깃한 찹쌀볼이 살린 콩국의 완성"", ""포장"", ""남/녀 화장실 구분"", ""대기공간"", ""단체 이용 가능"", ""무선 인터넷"", ""배달"", ""유아의자"", ""간편결제"", ""주차""]","{""name"": [""마이콩""], ""category"": [""카페,디저트""], ""address"": [""제주 제주시 동문로4길 9 동문시장 청년몰 지하1층 B1호"", ""제주 제주시 일도1동 1103""], ""phone"": [""0507-1322-5738""], ""hours"": [""월 10:00 - 16:30""], ""menus"": [""마이콩국"", ""쑥콩국"", ""마이콩컵"", ""콩슬러시"", ""제주콩라떼"", ""녹콩라떼"", ""밤콩라떼"", ""팥콩라떼"", ""땅콩라떼"", ""얼콩라떼""], ""slogan"": [""쫄깃한 찹쌀볼이 살린 콩국의 완성""], ""conveniences"": [""포장"", ""남/녀 화장실 구분"", ""대기공간"", ""단체 이용 가능"", ""무선 인터넷"", ""배달"", ""유아의자"", ""간편결제"", ""주차""]}",마이콩(MyKong) | 제주시 마이콩(MyKong),,,,,
459,459,하이벨라(HIVELLA),,제주특별자치도 제주시 관덕로 11길 34,,33.5159497,126.5257996,,,,,분류중,fail,5_fail,매칭 실패,,,,,,,,,,,,,,,,,,,,,{},,,,,,,,,,,,[],{},하이벨라(HIVELLA) | 제주시 하이벨라(HIVELLA),,,,,
460,460,헤미지(Hemiji),,제주특별자치도 제주시 관덕로 11길 34,,33.5159497,126.5257996,,,,,분류중,fail,5_fail,매칭 실패,,,,,,,,,,,,,,,,,,,,,{},,,,,,,,,,,,[],{},헤미지(Hemiji) | 제주시 헤미지(Hemiji),,,,,
462,462,바라#,쇼핑,제주 제주시 칠성로길 37 1층,,33.5144251,126.5268831,,,https://naver.me/FdqixFti,491-10-03065,칠성로,success,1_naver_link,naver_link place_id=2094904798,0.0,naver_place,https://map.naver.com/p/entry/place/2094904798,https://map.naver.com/p/entry/place/2094904798,https://pcmap.place.naver.com/place/2094904798/home,2094904798,바라,수입의류,,,제주 제주시 칠성로길 37 1층,제주 제주시 일도1동 1317,엘칸토 구두매장 인근,0507-1454-7776,,33.5144251,126.5268831,11:00 - 20:00,영업 중20:00에 영업 종료,,"{""매일"": {""open"": ""11:00 - 20:00""}}",영업 중20:00에 영업 종료 | 20시 0분에 영업 종료 | 매일 | 11:00 - 20:00 | 접기,무선 인터넷|간편결제|반려동물 동반,제주도 칠성로상점가에 위치한 의상디자이너가 직접 리폼한 옷들과 멋진 빈티지의류를 만날 수 있는 바라샵 입니다.,,,,,,,,바라|수입의류|제주 제주시 칠성로길 37 1층|제주 제주시 일도1동 1317|0507-1454-7776|11:00 - 20:00|무선 인터넷|간편결제|반려동물 동반,"[""바라"", ""수입의류"", ""제주 제주시 칠성로길 37 1층"", ""제주 제주시 일도1동 1317"", ""0507-1454-7776"", ""11:00 - 20:00"", ""무선 인터넷"", ""간편결제"", ""반려동물 동반""]","{""name"": [""바라""], ""category"": [""수입의류""], ""address"": [""제주 제주시 칠성로길 37 1층"", ""제주 제주시 일도1동 1317""], ""phone"": [""0507-1454-7776""], ""hours"": [""11:00 - 20:00""], ""conveniences"": [""무선 인터넷"", ""간편결제"", ""반려동물 동반""]}",https://naver.me/FdqixFti,,,,,"[{""title"": ""소개"", ""body"": ""제주도 칠성로상점가에 위치한 의상디자이너가 직접 리폼한 옷들과 멋진 빈티지의류를 만날 수 있는 바라샵 입니다.""}, {""title"": ""대표 키워드"", ""body"": ""빈티지의류산지천제주도칠성로잡화""}, {""title"": ""편의시설 및 서비스"", ""body"": ""무선 인터넷""}, {""title"": ""반려동물 동반"", ""body"": ""반려동물 동반 가능""}, {""title"": ""주차"", ""body"": ""주차 불가\n인근 대체 주차장 안내\n북수구공영주차장이 장소에서 110m\n제주 제주시 일도1동 1230-5""}, {""title"": ""결제수단"", ""body"": ""지역화폐 (지류형)\n지역화폐 (모바일형)\n지역화폐 (카드형)\n제로페이\n간편결제\n알고 계신 정보와 다른 정보가 있나요?\n사진으로 간단하게 제보해 주세요.\n정보 수정 제안하기\n이용약관고객센터리뷰운영정책신고센터\n네이버""}]"
463,463,한라봉캐리커처앤디저트,"카페, 디저트",제주 제주시 중앙로 47 1층,,33.5140007,126.524846,,,https://naver.me/FLEqTyoo,443-23-02029,중앙로,success,1_naver_link,naver_link place_id=2050483303,7.6,naver_place,https://map.naver.com/p/entry/place/2050483303,https://map.naver.com/p/entry/place/2050483303,https://pcmap.place.naver.com/place/2050483303/home,2050483303,한라봉캐리커처앤디저트,브런치카페,,수박주스와 모찌의 상쾌한 조합 추천,제주 제주시 중앙로 47 1층,제주 제주시 일도1동 1370,제주시중앙로로터리에서 탑동광장방향50미터 | 행단보도 오른쪽 칠성로 상점가입구 | <주차> | 칠성상가 제2 공영 주차장에 주차하시고 골목나와서 신호등만 건너시면 편합니다^^,0507-1386-8788,,33.514058,126.5248006,월 11:00 - 20:30,영업 중20:10에 라스트오더,영업 중20:10에 라스트오더 | 20시 10분에 라스트오더 | 20:10 라스트오더 | 20:40 라스트오더,"{""목"": {""open"": ""11:00 - 20:30""}, ""금"": {""open"": ""11:00 - 20:30""}, ""토"": {""open"": ""11:00 - 21:00""}, ""일"": {""open"": ""11:00 - 21:00""}, ""월"": {""open"": ""11:00 - 20:30""}, ""화"": {""open"": ""정기휴무 (매주 화요일)""}, ""수"": {""open"": ""11:00 - 20:30""}}",영업 중20:10에 라스트오더 | 20시 10분에 라스트오더 | 목 | 11:00 - 20:30 | 20:10 라스트오더 | 금 | 11:00 - 20:30 | 20:10 라스트오더 | 토 | 11:00 - 21:00 | 20:40 라스트오더 | 일 | 11:00 - 21:00 | 20:40 라스트오더 | 월 | 11:00 - 20:30 | 20:10 라스트오더 | 화 | 정기휴무 (매주 화요일) | 수 | 11:00 - 20:30 | 20:10 라스트오더 | 접기,포장,"생과일 쥬스와 수제모찌, 파니니를 직접 만들고 있습니다.

귤모찌의 경우, 시즌에 따라 한라봉,하우스감귤,천혜향,레드향 등으로 대체될 수 있습니다!!

공장생산 NO !
수제생산 YES !

생과일주스(수박, 키위, 귤)도 주문즉시 만들어집니다 ^^","리뷰를 기반으로 주요 특징을 정리하면 다음과 같습니다. |  | 한라봉캐리커처앤디저트는 제주 특산 과일을 활용한 메뉴가 돋보이는 카페입니다. | 이남행 | +1 | 생과일모찌 세트는 키위, 한라봉, 샤인머스캣 등 다양한 과일이 조화롭게 어우러져 상큼함을 선사합니다. | ejyi0727 | 수박주스는 시원하고 달달한 맛으로 더위에 지친 방문객들에게 인기가 많습니다. | jhm**** | +2 | 치킨 파니니는 든든한 한 끼로도 손색없으며, 캐리커처 구경하는 재미도 있습니다. | 투윈맘46 | +2",,,,,,"캐리커처|생과일모찌 세트 (6개)|햄치즈 파니니|수박쥬스|☆즉석☆생과일 한라봉 과일쥬스|수제 하우스귤 과일모찌|치킨치즈파니니|즉석 생토마토 쥬스|키위쥬스|수제키위,한라봉 하우스 과일모찌|수제한라봉하우스 귤 과일모찌|수제키위 과일모찌|국물떡볶이|호박죽|단팥죽|컵수박","한라봉캐리커처앤디저트|브런치카페|제주 제주시 중앙로 47 1층|제주 제주시 일도1동 1370|0507-1386-8788|월 11:00 - 20:30|캐리커처|생과일모찌 세트 (6개)|햄치즈 파니니|수박쥬스|☆즉석☆생과일 한라봉 과일쥬스|수제 하우스귤 과일모찌|치킨치즈파니니|즉석 생토마토 쥬스|키위쥬스|수제키위,한라봉 하우스 과일모찌|수제한라봉하우스 귤 과일모찌|수제키위 과일모찌|국물떡볶이|호박죽|단팥죽|컵수박|수박주스와 모찌의 상쾌한 조합 추천|포장|가성비가 좋아요|친절해요|재료가 신선해요|매장이 청결해요|양이 많아요|음식이 맛있어요|디저트가 맛있어요|음료가 맛있어요|특별한 메뉴가 있어요|주문제작을 잘해줘요","[""한라봉캐리커처앤디저트"", ""브런치카페"", ""제주 제주시 중앙로 47 1층"", ""제주 제주시 일도1동 1370"", ""0507-1386-8788"", ""월 11:00 - 20:30"", ""캐리커처"", ""생과일모찌 세트 (6개)"", ""햄치즈 파니니"", ""수박쥬스"", ""☆즉석☆생과일 한라봉 과일쥬스"", ""수제 하우스귤 과일모찌"", ""치킨치즈파니니"", ""즉석 생토마토 쥬스"", ""키위쥬스"", ""수제키위,한라봉 하우스 과일모찌"", ""수제한라봉하우스 귤 과일모찌"", ""수제키위 과일모찌"", ""국물떡볶이"", ""호박죽"", ""단팥죽"", ""컵수박"", ""수박주스와 모찌의 상쾌한 조합 추천"", ""포장"", ""가성비가 좋아요"", ""친절해요"", ""재료가 신선해요"", ""매장이 청결해요"", ""양이 많아요"", ""음식이 맛있어요"", ""디저트가 맛있어요"", ""음료가 맛있어요"", ""특별한 메뉴가 있어요"", ""주문제작을 잘해줘요""]","{""name"": [""한라봉캐리커처앤디저트""], ""category"": [""브런치카페""], ""address"": [""제주 제주시 중앙로 47 1층"", ""제주 제주시 일도1동 1370""], ""phone"": [""0507-1386-8788""], ""hours"": [""월 11:00 - 20:30""], ""menus"": [""캐리커처"", ""생과일모찌 세트 (6개)"", ""햄치즈 파니니"", ""수박쥬스"", ""☆즉석☆생과일 한라봉 과일쥬스"", ""수제 하우스귤 과일모찌"", ""치킨치즈파니니"", ""즉석 생토마토 쥬스"", ""키위쥬스"", ""수제키위,한라봉 하우스 과일모찌"", ""수제한라봉하우스 귤 과일모찌"", ""수제키위 과일모찌"", ""국물떡볶이"", ""호박죽"", ""단팥죽"", ""컵수박""], ""slogan"": [""수박주스와 모찌의 상쾌한 조합 추천""], ""conveniences"": [""포장""], ""visitor_keywords"": [""가성비가 좋아요"", ""친절해요"", ""재료가 신선해요"", ""매장이 청결해요"", ""양이 많아요"", ""음식이 맛있어요"", ""디저트가 맛있어요"", ""음료가 맛있어요"", ""특별한 메뉴가 있어요"", ""주문제작을 잘해줘요""]}",https://naver.me/FLEqTyoo,,"[""한라봉캐리커처앤디저트\n알림수제 하우스귤 모찌 제주하우스귤100%즉석착즙 한라산 중산간 산수박\n수제하우스귤 과일모찌 하우스귤100%즉석착즙쥬스 한라산 중산간 생수박쥬스 컵수박\n에어컨디션 시원하게 가동중 입니다\n케리커처 그림그리는 것도 구경하시면서 쉬어\n가세요~\n더보기\n좋아요\n2026.07.20.\n2026년 7월 20일"", ""한라봉캐리커처앤디저트\n알림수제 하우스귤 착즙 쥬스수제한라봉하우스귤과일모찌 제주신엄수박쥬스컵수박\n실내에어컨디션 양호 부담없이 잠간누구나\n쉬어 가기좋아요~ 부담없이 캅수박3000원에\n한라산 중산간 무공해 수박 으로 무더운 여름\n건강 하시기를 기원 합니다\n더보기\n1명\n2026.07.16.\n2026년 7월 16일""]",,"[{""keyword"": ""가성비가 좋아요"", ""count"": ""30""}, {""keyword"": ""친절해요"", ""count"": ""28""}, {""keyword"": ""재료가 신선해요"", ""count"": ""27""}, {""keyword"": ""매장이 청결해요"", ""count"": ""27""}, {""keyword"": ""양이 많아요"", ""count"": ""22""}, {""keyword"": ""음식이 맛있어요"", ""count"": ""21""}, {""keyword"": ""디저트가 맛있어요"", ""count"": ""15""}, {""keyword"": ""음료가 맛있어요"", ""count"": ""15""}, {""keyword"": ""특별한 메뉴가 있어요"", ""count"": ""6""}, {""keyword"": ""주문제작을 잘해줘요"", ""count"": ""2""}]","[{""title"": ""소개"", ""body"": ""생과일 쥬스와 수제모찌, 파니니를 직접 만들고 있습니다.\n\n귤모찌의 경우, 시즌에 따라 한라봉,하우스감귤,천혜향,레드향 등으로 대체될 수 있습니다!!\n\n공장생산 NO !\n수제생산 YES !\n\n생과일주스(수박, 키위, 귤)도 주문즉시 만들어집니다 ^^""}, {""title"": ""편의시설 및 서비스"", ""body"": ""포장""}, {""title"": ""반려동물 동반"", ""body"": ""반려동물 동반 불가""}, {""title"": ""주차"", ""body"": ""주차 불가\n인근 대체 주차장 안내\n제주 칠성로주차장이 장소에서 240m\n제주 제주시 일도1동 1219-3\n알고 계신 정보와 다른 정보가 있나요?\n사진으로 간단하게 제보해 주세요.\n정보 수정 제안하기\n이용약관고객센터리뷰운영정책신고센터\n네이버""}]"
464,464,카페오브제이,"카페, 디저트",제주 제주시 중앙로14길 5 1층,,33.511236,126.5237273,,,https://naver.me/FhuGOnXb,,중앙로,success,1_naver_link,naver_link place_id=2086814721,6.3,naver_place,https://map.naver.com/p/entry/place/2086814721,https://map.naver.com/p/entry/place/2086814721,https://pcmap.place.naver.com/place/2086814721/home,2086814721,카페오브제이,카페,,상큼한 수제 레몬차의 향긋함,제주 제주시 중앙로14길 5 1층,제주 제주시 이도1동 1482-2,,0507-1312-5504,https://www.instagram.com/jeju_cafe_aube.j?igsh=MTNxcW05MzE1Y3p6ZA%3D%3D&utm_source=qr,33.5112923,126.5237194,11:00 - 21:00,영업 중21:00에 영업 종료,,"{""매일"": {""open"": ""11:00 - 21:00""}}",영업 중21:00에 영업 종료 | 21시 0분에 영업 종료 | 매일 | 11:00 - 21:00 | 접기,단체 이용 가능|포장|배달|방문접수/출장|예약|무선 인터넷|남/녀 화장실 구분|간편결제,"open: 11 am
closed: 10pm","사용자 리뷰를 바탕으로 주요 특징을 요약했습니다. |  | 카페오브제이는 수제청 음료와 과일팥빙수가 특색 있는 카페입니다. | 초록노랑연두 | 자몽에이드와 청귤에이드에는 과육이 풍부하고 시지 않아 인기가 많으며, 잠봉샌드위치와 올리브치아바타 등 베이커리 메뉴도 맛있습니다. | 쏭유28 | +1 | 커피가 진하고 매장 분위기가 편안해 노트북 작업이나 휴식하기 좋습니다. | gal**** | +2 | 사장님과 직원들이 친절해 방문객들의 만족도가 높습니다. | red**** | +2",,,,,,베이커리|과일팥빙수3~4인분|수제레몬차|수제생강차|수박주스|하귤에이드|자몽에이드|레몬에이드|수제생강라떼|딸기라떼|제주성읍말차라떼|흑임자크림라떼|시나몬라떼,카페오브제이|카페|제주 제주시 중앙로14길 5 1층|제주 제주시 이도1동 1482-2|0507-1312-5504|11:00 - 21:00|베이커리|과일팥빙수3~4인분|수제레몬차|수제생강차|수박주스|하귤에이드|자몽에이드|레몬에이드|수제생강라떼|딸기라떼|제주성읍말차라떼|흑임자크림라떼|시나몬라떼|상큼한 수제 레몬차의 향긋함|단체 이용 가능|포장|배달|방문접수/출장|무선 인터넷|남/녀 화장실 구분|간편결제|커피가 맛있어요|디저트가 맛있어요|친절해요|대화하기 좋아요|매장이 청결해요|음료가 맛있어요|빵이 맛있어요|매장이 넓어요|인테리어가 멋져요|좌석이 편해요,"[""카페오브제이"", ""카페"", ""제주 제주시 중앙로14길 5 1층"", ""제주 제주시 이도1동 1482-2"", ""0507-1312-5504"", ""11:00 - 21:00"", ""베이커리"", ""과일팥빙수3~4인분"", ""수제레몬차"", ""수제생강차"", ""수박주스"", ""하귤에이드"", ""자몽에이드"", ""레몬에이드"", ""수제생강라떼"", ""딸기라떼"", ""제주성읍말차라떼"", ""흑임자크림라떼"", ""시나몬라떼"", ""상큼한 수제 레몬차의 향긋함"", ""단체 이용 가능"", ""포장"", ""배달"", ""방문접수/출장"", ""무선 인터넷"", ""남/녀 화장실 구분"", ""간편결제"", ""커피가 맛있어요"", ""디저트가 맛있어요"", ""친절해요"", ""대화하기 좋아요"", ""매장이 청결해요"", ""음료가 맛있어요"", ""빵이 맛있어요"", ""매장이 넓어요"", ""인테리어가 멋져요"", ""좌석이 편해요""]","{""name"": [""카페오브제이""], ""category"": [""카페""], ""address"": [""제주 제주시 중앙로14길 5 1층"", ""제주 제주시 이도1동 1482-2""], ""phone"": [""0507-1312-5504""], ""hours"": [""11:00 - 21:00""], ""menus"": [""베이커리"", ""과일팥빙수3~4인분"", ""수제레몬차"", ""수제생강차"", ""수박주스"", ""하귤에이드"", ""자몽에이드"", ""레몬에이드"", ""수제생강라떼"", ""딸기라떼"", ""제주성읍말차라떼"", ""흑임자크림라떼"", ""시나몬라떼""], ""slogan"": [""상큼한 수제 레몬차의 향긋함""], ""conveniences"": [""단체 이용 가능"", ""포장"", ""배달"", ""방문접수/출장"", ""무선 인터넷"", ""남/녀 화장실 구분"", ""간편결제""], ""visitor_keywords"": [""커피가 맛있어요"", ""디저트가 맛있어요"", ""친절해요"", ""대화하기 좋아요"", ""매장이 청결해요"", ""음료가 맛있어요"", ""빵이 맛있어요"", ""매장이 넓어요"", ""인테리어가 멋져요"", ""좌석이 편해요""]}",https://naver.me/FhuGOnXb,,"[""카페오브제이\n공지\n동영상\n알림카페오브제이\n카페오브제이 음악을 만들어보았습니다.\n좋아요\n3일 전\n3일 전""]",,"[{""keyword"": ""커피가 맛있어요"", ""count"": ""60""}, {""keyword"": ""디저트가 맛있어요"", ""count"": ""52""}, {""keyword"": ""친절해요"", ""count"": ""51""}, {""keyword"": ""대화하기 좋아요"", ""count"": ""44""}, {""keyword"": ""매장이 청결해요"", ""count"": ""39""}, {""keyword"": ""음료가 맛있어요"", ""count"": ""28""}, {""keyword"": ""빵이 맛있어요"", ""count"": ""12""}, {""keyword"": ""매장이 넓어요"", ""count"": ""12""}, {""keyword"": ""인테리어가 멋져요"", ""count"": ""10""}, {""keyword"": ""좌석이 편해요"", ""count"": ""8""}]","[{""title"": ""소개"", ""body"": ""open: 11 am\nclosed: 10pm""}, {""title"": ""편의시설 및 서비스"", ""body"": ""단체 이용 가능\n포장\n배달\n방문접수/출장\n예약\n무선 인터넷\n남/녀 화장실 구분""}, {""title"": ""반려동물 동반"", ""body"": ""반려동물 동반 불가""}, {""title"": ""주류 및 콜키지"", ""body"": ""콜키지 불가\n외부 주류 반입은 허용되지 않습니다.""}, {""title"": ""주차"", ""body"": ""주차 불가\n근처 중앙로상점가 공용주차장""}, {""title"": ""좌석·공간"", ""body"": ""룸\n45명 이하""}, {""title"": ""결제수단"", ""body"": ""지역화폐 (지류형)\n지역화폐 (카드형)\n지역화폐 (모바일형)\n제로페이\n간편결제""}, {""title"": ""SNS"", ""body"": ""인스타그램\nhttps://www.instagram.com/jeju_cafe_aube.j?igsh=MTNxcW05MzE1Y3p6ZA%3D%3D&utm_source=qr\n알고 계신 정보와 다른 정보가 있나요?\n사진으로 간단하게 제보해 주세요.\n정보 수정 제안하기\n이용약관고객센터리뷰운영정책신고센터\n네이버""}]"
